ISO-10303-21;
HEADER;
FILE_DESCRIPTION (( 'STEP AP203' ),
    '1' );
FILE_NAME ('ZR185.180.65.STEP',
    '2023-11-09T10:17:25',
    ( '' ),
    ( '' ),
    'SwSTEP 2.0',
    'SolidWorks 2015',
    '' );
FILE_SCHEMA (( 'CONFIG_CONTROL_DESIGN' ));
ENDSEC;

DATA;
#1 = DIRECTION ( 'NONE',  ( 1.000000000000000000, 0.0000000000000000000, 0.0000000000000000000 ) ) ;
#2 = DIRECTION ( 'NONE',  ( -6.454785026890447800E-015, -1.000000000000000000, 0.0000000000000000000 ) ) ;
#3 = VERTEX_POINT ( 'NONE', #1486 ) ;
#5 = EDGE_LOOP ( 'NONE', ( #225, #10887, #10126, #7170 ) ) ;
#4 =( REPRESENTATION_RELATIONSHIP ('NONE','NONE', #9710, #5900 ) REPRESENTATION_RELATIONSHIP_WITH_TRANSFORMATION ( #1942 )SHAPE_REPRESENTATION_RELATIONSHIP( ) );
#6 = CARTESIAN_POINT ( 'NONE',  ( 3.750000000000000000, 0.0000000000000000000, 72.00000000000001400 ) ) ;
#7 = VERTEX_POINT ( 'NONE', #7574 ) ;
#8 = DIRECTION ( 'NONE',  ( 1.047444401652940200E-014, 0.0000000000000000000, 1.000000000000000000 ) ) ;
#9 = CARTESIAN_POINT ( 'NONE',  ( -0.5000000000005093700, -2.687306062678935300, 3.025874995459997900 ) ) ;
#10 = VERTEX_POINT ( 'NONE', #7526 ) ;
#11 = CARTESIAN_POINT ( 'NONE',  ( -0.9553798049340300700, 3.555000258646199700, 0.5000000000000000000 ) ) ;
#12 = CARTESIAN_POINT ( 'NONE',  ( -2.449489742783179200, 0.0000000000000000000, 0.5000000000000000000 ) ) ;
#13 = CARTESIAN_POINT ( 'NONE',  ( 0.0000000000000000000, 0.0000000000000000000, 1.000000000000000000 ) ) ;
#14 = PERSON ( 'NAUO-PER5', 'UNSPECIFIED', 'UNSPECIFIED', ('UNSPECIFIED'), ('UNSPECIFIED'), ('UNSPECIFIED') ) ;
#15 = DIRECTION ( 'NONE',  ( 0.0000000000000000000, 0.0000000000000000000, -1.000000000000000000 ) ) ;
#16 = ORIENTED_EDGE ( 'NONE', *, *, #3889, .T. ) ;
#17 = VERTEX_POINT ( 'NONE', #8447 ) ;
#18 = LINE ( 'NONE', #9666, #8727 ) ;
#19 = VERTEX_POINT ( 'NONE', #3235 ) ;
#20 =( GEOMETRIC_REPRESENTATION_CONTEXT ( 3 ) GLOBAL_UNCERTAINTY_ASSIGNED_CONTEXT ( ( #3060 ) ) GLOBAL_UNIT_ASSIGNED_CONTEXT ( ( #1481, #3310, #9402 ) ) REPRESENTATION_CONTEXT ( 'NONE', 'WORKASPACE' ) );
#21 = CARTESIAN_POINT ( 'NONE',  ( -3.189320328686196900, 1.838209251331133400, 1.499999999999996900 ) ) ;
#22 = AXIS2_PLACEMENT_3D ( 'NONE', #8771, #3551, #9668 ) ;
#23 = VERTEX_POINT ( 'NONE', #9332 ) ;
#24 = AXIS2_PLACEMENT_3D ( 'NONE', #4608, #10709, #5479 ) ;
#25 = ORIENTED_EDGE ( 'NONE', *, *, #198, .F. ) ;
#26 = DIRECTION ( 'NONE',  ( 0.0000000000000000000, 1.000000000000000000, 0.0000000000000000000 ) ) ;
#27 = DIRECTION ( 'NONE',  ( 0.0000000000000000000, 1.000000000000000000, 0.0000000000000000000 ) ) ;
#28 = CARTESIAN_POINT ( 'NONE',  ( 2.449999999999999700, -19.07500000000000300, 248.0000000000000000 ) ) ;
#29 = CARTESIAN_POINT ( 'NONE',  ( 6.250000000000000000, 12.50000000000000000, 248.0000000000000000 ) ) ;
#30 = DIRECTION ( 'NONE',  ( -0.0000000000000000000, -0.0000000000000000000, 1.000000000000000000 ) ) ;
#31 = EDGE_CURVE ( 'NONE', #11073, #2415, #494, .T. ) ;
#32 = VERTEX_POINT ( 'NONE', #8414 ) ;
#33 = EDGE_CURVE ( 'NONE', #7561, #1792, #9490, .T. ) ;
#34 = CARTESIAN_POINT ( 'NONE',  ( 2.942896425152004000, -3.243396590459964200, 0.4999999999999953400 ) ) ;
#35 = VECTOR ( 'NONE', #9793, 1000.000000000000000 ) ;
#36 = ORIENTED_EDGE ( 'NONE', *, *, #11061, .F. ) ;
#37 = VECTOR ( 'NONE', #10860, 1000.000000000000000 ) ;
#38 = COORDINATED_UNIVERSAL_TIME_OFFSET ( 1, 0, .AHEAD. ) ;
#39 = PRODUCT_DEFINITION ( 'UNKNOWN', '', #2955, #2645 ) ;
#40 = VERTEX_POINT ( 'NONE', #1528 ) ;
#41 = EDGE_CURVE ( 'NONE', #11110, #5297, #5107, .T. ) ;
#42 = CIRCLE ( 'NONE', #7129, 0.4000000000000001900 ) ;
#43 = CARTESIAN_POINT ( 'NONE',  ( 86.50000000000001400, 29.00000000000000000, 367.9104972384030200 ) ) ;
#44 = CARTESIAN_POINT ( 'NONE',  ( 83.39999999999548700, -20.25000000000000000, -0.0009999999999999161000 ) ) ;
#45 = VECTOR ( 'NONE', #8089, 1000.000000000000000 ) ;
#46 = ITEM_DEFINED_TRANSFORMATION ( 'NONE', 'NONE', #9939,  #7819 ) ;
#47 = CARTESIAN_POINT ( 'NONE',  ( 83.79999999999999700, 25.37499999999935000, 16.99999999999969800 ) ) ;
#48 = CARTESIAN_POINT ( 'NONE',  ( 6.250000000000000000, -17.22500000000000100, 71.99899999999999500 ) ) ;
#49 = CARTESIAN_POINT ( 'NONE',  ( -0.9553798049339880000, -3.555000258646219700, 0.5000000000000000000 ) ) ;
#50 = CARTESIAN_POINT ( 'NONE',  ( -81.14999999999548700, -20.25000000000000000, 0.0000000000000000000 ) ) ;
#51 = ORIENTED_EDGE ( 'NONE', *, *, #8148, .F. ) ;
#52 = CIRCLE ( 'NONE', #6301, 2.149999999999999000 ) ;
#53 = VECTOR ( 'NONE', #4030, 1000.000000000000000 ) ;
#54 = CARTESIAN_POINT ( 'NONE',  ( 2.449999999999999700, -17.22499999999999800, 72.00000000000001400 ) ) ;
#55 = LINE ( 'NONE', #6733, #6164 ) ;
#56 = PERSON_AND_ORGANIZATION ( #4373, #2363 ) ;
#57 = EDGE_CURVE ( 'NONE', #8439, #1253, #4834, .T. ) ;
#58 = EDGE_CURVE ( 'NONE', #2175, #5326, #9767, .T. ) ;
#59 = ORIENTED_EDGE ( 'NONE', *, *, #9897, .F. ) ;
#60 = CARTESIAN_POINT ( 'NONE',  ( 5.850000000000001400, 16.82499999999999900, 248.0000000000000000 ) ) ;
#62 = CARTESIAN_POINT ( 'NONE',  ( 5.850000000000001400, 9.525000000000000400, 72.00000000000001400 ) ) ;
#61 = AXIS2_PLACEMENT_3D ( 'NONE', #10233, #3309, #9400 ) ;
#63 = VECTOR ( 'NONE', #2852, 1000.000000000000000 ) ;
#64 = CARTESIAN_POINT ( 'NONE',  ( 0.4777838827334484100, -3.649999999999999900, 0.5000000000000000000 ) ) ;
#65 = LINE ( 'NONE', #3014, #1837 ) ;
#66 = VERTEX_POINT ( 'NONE', #996 ) ;
#67 = CARTESIAN_POINT ( 'NONE',  ( 90.00000000000001400, 29.00000000000000000, 367.9104972384030200 ) ) ;
#68 = CYLINDRICAL_SURFACE ( 'NONE', #5578, 2.250000000000001800 ) ;
#69 = ORIENTED_EDGE ( 'NONE', *, *, #7454, .F. ) ;
#70 = DATE_AND_TIME ( #2381, #4674 ) ;
#71 = ORIENTED_EDGE ( 'NONE', *, *, #6391, .F. ) ;
#72 = FACE_OUTER_BOUND ( 'NONE', #10180, .T. ) ;
#73 = DIRECTION ( 'NONE',  ( 0.0000000000000000000, 0.0000000000000000000, 1.000000000000000000 ) ) ;
#74 = CYLINDRICAL_SURFACE ( 'NONE', #4513, 1.000000000000000000 ) ;
#75 = EDGE_LOOP ( 'NONE', ( #457, #6496, #6256, #7910 ) ) ;
#76 = ORIENTED_EDGE ( 'NONE', *, *, #10870, .F. ) ;
#77 = CARTESIAN_POINT ( 'NONE',  ( 5.850000000000001400, 2.225000000000000100, 248.0000000000000000 ) ) ;
#78 = VECTOR ( 'NONE', #10562, 1000.000000000000000 ) ;
#79 = AXIS2_PLACEMENT_3D ( 'NONE', #6238, #1045, #10552 ) ;
#80 = VECTOR ( 'NONE', #2453, 1000.000000000000000 ) ;
#81 = CARTESIAN_POINT ( 'NONE',  ( -2.243095527908439000, 2.918783974753357000, 0.5000000000000001100 ) ) ;
#82 = PERSON_AND_ORGANIZATION_ROLE ( 'classification_officer' ) ;
#83 = LINE ( 'NONE', #6157, #9076 ) ;
#84 = ORIENTED_EDGE ( 'NONE', *, *, #2683, .T. ) ;
#85 = CARTESIAN_POINT ( 'NONE',  ( 0.8000000000000000400, -5.049999999999999800, 72.00000000000001400 ) ) ;
#86 = APPLICATION_CONTEXT ( 'configuration controlled 3d designs of mechanical parts and assemblies' ) ;
#87 = ORIENTED_EDGE ( 'NONE', *, *, #10737, .F. ) ;
#88 = CARTESIAN_POINT ( 'NONE',  ( 2.597308632815514600, -3.827395536133989800, -0.5000000000000000000 ) ) ;
#89 = AXIS2_PLACEMENT_3D ( 'NONE', #7626, #2422, #8506 ) ;
#90 = PERSON ( 'NAUO-PER18', 'UNSPECIFIED', 'UNSPECIFIED', ('UNSPECIFIED'), ('UNSPECIFIED'), ('UNSPECIFIED') ) ;
#91 = ORIENTED_EDGE ( 'NONE', *, *, #8120, .F. ) ;
#92 = CARTESIAN_POINT ( 'NONE',  ( 73.50000000000000000, 2.168404344971008900E-016, 17.00000000000000000 ) ) ;
#93 = DIRECTION ( 'NONE',  ( 0.0000000000000000000, 0.0000000000000000000, -1.000000000000000000 ) ) ;
#94 = ORIENTED_EDGE ( 'NONE', *, *, #6075, .F. ) ;
#95 = ORIENTED_EDGE ( 'NONE', *, *, #9346, .T. ) ;
#96 = APPROVAL_DATE_TIME ( #2410, #622 ) ;
#97 = DIRECTION ( 'NONE',  ( -9.436237713849909700E-020, 1.347634408217973000E-019, 1.000000000000000000 ) ) ;
#98 = DIRECTION ( 'NONE',  ( 0.0000000000000000000, 0.0000000000000000000, 1.000000000000000000 ) ) ;
#99 = CARTESIAN_POINT ( 'NONE',  ( 1.301042606982604500E-015, 5.049999999999999800, 72.00000000000001400 ) ) ;
#100 = CARTESIAN_POINT ( 'NONE',  ( 1.250000000000000000, 2.677674074204618600E-014, -7.500000000000000000 ) ) ;
#101 = FACE_OUTER_BOUND ( 'NONE', #2738, .T. ) ;
#102 = VERTEX_POINT ( 'NONE', #4441 ) ;
#103 = SECURITY_CLASSIFICATION ( '', '', #7235 ) ;
#104 = CARTESIAN_POINT ( 'NONE',  ( 0.8000000000000000400, 8.800000000000000700, -1.510173831053895000 ) ) ;
#105 = DATE_AND_TIME ( #2420, #4719 ) ;
#106 = APPROVAL ( #3464, 'UNKNOWN' ) ;
#107 = EDGE_LOOP ( 'NONE', ( #6251, #3179, #229, #10142 ) ) ;
#108 = VECTOR ( 'NONE', #6122, 1000.000000000000000 ) ;
#109 = PLANE ( 'NONE',  #1346 ) ;
#110 = VERTEX_POINT ( 'NONE', #6195 ) ;
#111 = LINE ( 'NONE', #7186, #385 ) ;
#112 = VERTEX_POINT ( 'NONE', #1882 ) ;
#113 = ORIENTED_EDGE ( 'NONE', *, *, #1755, .F. ) ;
#114 = CALENDAR_DATE ( 2023, 9, 11 ) ;
#115 = DIRECTION ( 'NONE',  ( 0.0000000000000000000, 0.0000000000000000000, 1.000000000000000000 ) ) ;
#116 = ORIENTED_EDGE ( 'NONE', *, *, #386, .F. ) ;
#117 = APPLICATION_PROTOCOL_DEFINITION ( 'international standard', 'config_control_design', 1994, #5308 ) ;
#118 = DIRECTION ( 'NONE',  ( -0.0000000000000000000, -0.0000000000000000000, -1.000000000000000000 ) ) ;
#119 = CARTESIAN_POINT ( 'NONE',  ( -2.469696603668793500, -3.999999999999999100, -0.3880704650277174200 ) ) ;
#120 = EDGE_CURVE ( 'NONE', #4354, #2339, #4557, .T. ) ;
#121 = EDGE_CURVE ( 'NONE', #3755, #5913, #2268, .T. ) ;
#122 = CARTESIAN_POINT ( 'NONE',  ( 5.850000000000001400, 15.62500000000000000, 72.00000000000001400 ) ) ;
#123 = SHAPE_DEFINITION_REPRESENTATION ( #1627, #2133 ) ;
#124 = DIRECTION ( 'NONE',  ( -0.0000000000000000000, -1.000000000000000000, -0.0000000000000000000 ) ) ;
#125 = DIRECTION ( 'NONE',  ( 1.000000000000000000, 0.0000000000000000000, 0.0000000000000000000 ) ) ;
#126 = CARTESIAN_POINT ( 'NONE',  ( 3.750000000000000000, 10.12500000000000000, 72.00000000000001400 ) ) ;
#127 = ORIENTED_EDGE ( 'NONE', *, *, #9729, .F. ) ;
#128 = ADVANCED_FACE ( 'NONE', ( #11257, #8941, #219, #6607 ), #4475, .F. ) ;
#129 = AXIS2_PLACEMENT_3D ( 'NONE', #8704, #3485, #9591 ) ;
#130 = DIRECTION ( 'NONE',  ( 1.000000000000000000, 6.071532165918830700E-016, 0.0000000000000000000 ) ) ;
#131 = EDGE_CURVE ( 'NONE', #2265, #6096, #8669, .T. ) ;
#132 = ORIENTED_EDGE ( 'NONE', *, *, #6350, .F. ) ;
#133 = DIRECTION ( 'NONE',  ( 0.0000000000000000000, 0.0000000000000000000, -1.000000000000000000 ) ) ;
#134 = AXIS2_PLACEMENT_3D ( 'NONE', #2062, #6429, #1235 ) ;
#135 = DIRECTION ( 'NONE',  ( 0.0000000000000000000, 0.0000000000000000000, -1.000000000000000000 ) ) ;
#136 = VERTEX_POINT ( 'NONE', #9766 ) ;
#137 = EDGE_LOOP ( 'NONE', ( #4990, #2273, #10561, #7681 ) ) ;
#138 = ORIENTED_EDGE ( 'NONE', *, *, #7562, .T. ) ;
#139 = FACE_OUTER_BOUND ( 'NONE', #6435, .T. ) ;
#140 = ORIENTED_EDGE ( 'NONE', *, *, #2509, .T. ) ;
#141 = ORIENTED_EDGE ( 'NONE', *, *, #10472, .T. ) ;
#142 = ORIENTED_EDGE ( 'NONE', *, *, #9487, .T. ) ;
#143 = DIRECTION ( 'NONE',  ( -1.000000000000000000, 7.610399765575671300E-015, 0.0000000000000000000 ) ) ;
#144 = AXIS2_PLACEMENT_3D ( 'NONE', #1198, #7270, #2060 ) ;
#145 = CARTESIAN_POINT ( 'NONE',  ( 5.850000000000001400, 16.82499999999999900, 248.0000000000000000 ) ) ;
#146 = PRODUCT_DEFINITION_SHAPE ( 'NONE', 'NONE',  #5552 ) ;
#147 = APPROVAL_ROLE ( '' ) ;
#148 = DIRECTION ( 'NONE',  ( 1.000000000000000000, 0.0000000000000000000, -0.0000000000000000000 ) ) ;
#149 = CARTESIAN_POINT ( 'NONE',  ( -1.949306091326374200, -2.493718516972144500, -2.983498891077204500 ) ) ;
#150 = DIRECTION ( 'NONE',  ( 0.0000000000000000000, 1.000000000000000000, 0.0000000000000000000 ) ) ;
#151 = LINE ( 'NONE', #2312, #2201 ) ;
#152 = DIRECTION ( 'NONE',  ( -0.0000000000000000000, -0.0000000000000000000, -1.000000000000000000 ) ) ;
#153 = ORIENTED_EDGE ( 'NONE', *, *, #3471, .T. ) ;
#154 = EDGE_LOOP ( 'NONE', ( #6660, #8227, #5250, #10548 ) ) ;
#155 = VERTEX_POINT ( 'NONE', #4512 ) ;
#156 = CIRCLE ( 'NONE', #3850, 2.149999999999999000 ) ;
#157 = CARTESIAN_POINT ( 'NONE',  ( 3.449999999999999700, 0.0000000000000000000, 1.000000000000000000 ) ) ;
#158 = EDGE_CURVE ( 'NONE', #10088, #2954, #4000, .T. ) ;
#159 = EDGE_CURVE ( 'NONE', #6218, #3005, #6331, .T. ) ;
#160 = PLANE ( 'NONE',  #665 ) ;
#161 = CC_DESIGN_PERSON_AND_ORGANIZATION_ASSIGNMENT ( #6236, #7066, ( #9732 ) ) ;
#162 = CARTESIAN_POINT ( 'NONE',  ( -0.9553798049339777800, -3.555000258646241900, 1.499999999999996900 ) ) ;
#163 = AXIS2_PLACEMENT_3D ( 'NONE', #947, #7906, #6149 ) ;
#164 = DIRECTION ( 'NONE',  ( -1.000000000000000000, -7.610399765575671300E-015, -0.0000000000000000000 ) ) ;
#165 = CIRCLE ( 'NONE', #2141, 0.2000000000000000900 ) ;
#166 = CIRCLE ( 'NONE', #5153, 3.500000000000003100 ) ;
#167 = CARTESIAN_POINT ( 'NONE',  ( 3.950000000000000200, 4.474999999999999600, 71.99899999999999500 ) ) ;
#168 = ORIENTED_EDGE ( 'NONE', *, *, #2089, .F. ) ;
#169 = DIRECTION ( 'NONE',  ( 1.000000000000000000, 0.0000000000000000000, 0.0000000000000000000 ) ) ;
#170 = EDGE_CURVE ( 'NONE', #7561, #7690, #4294, .T. ) ;
#171 = LINE ( 'NONE', #7496, #4504 ) ;
#172 = COORDINATED_UNIVERSAL_TIME_OFFSET ( 1, 0, .AHEAD. ) ;
#173 = EDGE_CURVE ( 'NONE', #879, #4705, #5207, .T. ) ;
#174 = DIRECTION ( 'NONE',  ( -0.0000000000000000000, -0.0000000000000000000, -1.000000000000000000 ) ) ;
#175 = ORIENTED_EDGE ( 'NONE', *, *, #1819, .F. ) ;
#176 = DIRECTION ( 'NONE',  ( 0.0000000000000000000, 0.0000000000000000000, 1.000000000000000000 ) ) ;
#177 = FACE_OUTER_BOUND ( 'NONE', #1884, .T. ) ;
#178 = LINE ( 'NONE', #10650, #4792 ) ;
#179 = DIRECTION ( 'NONE',  ( 0.0000000000000000000, 0.0000000000000000000, 1.000000000000000000 ) ) ;
#180 = CARTESIAN_POINT ( 'NONE',  ( 86.42000000000000200, -5.850000000000001400, 0.0000000000000000000 ) ) ;
#181 = CIRCLE ( 'NONE', #9733, 0.4000000000000001900 ) ;
#182 = CC_DESIGN_PERSON_AND_ORGANIZATION_ASSIGNMENT ( #7540, #1453, ( #8562 ) ) ;
#183 = LOCAL_TIME ( 11, 17, 25.00000000000000000, #2499 ) ;
#184 = EDGE_CURVE ( 'NONE', #3483, #3891, #8379, .T. ) ;
#185 = ORIENTED_EDGE ( 'NONE', *, *, #2973, .T. ) ;
#186 = LINE ( 'NONE', #11279, #2233 ) ;
#187 = VERTEX_POINT ( 'NONE', #10338 ) ;
#188 = ADVANCED_FACE ( 'NONE', ( #1443 ), #5776, .T. ) ;
#189 = LINE ( 'NONE', #6877, #6860 ) ;
#190 = VECTOR ( 'NONE', #10708, 1000.000000000000000 ) ;
#191 = CARTESIAN_POINT ( 'NONE',  ( 0.0000000000000000000, 9.275000000000000400, 72.00000000000001400 ) ) ;
#192 = DIRECTION ( 'NONE',  ( 0.0000000000000000000, 1.000000000000000000, -0.0000000000000000000 ) ) ;
#193 = CARTESIAN_POINT ( 'NONE',  ( -4.000000000000000000, 0.0000000000000000000, -0.5000000000000000000 ) ) ;
#194 = VERTEX_POINT ( 'NONE', #5992 ) ;
#195 = VECTOR ( 'NONE', #10271, 1000.000000000000000 ) ;
#196 = LINE ( 'NONE', #11254, #9195 ) ;
#197 = ORIENTED_EDGE ( 'NONE', *, *, #7403, .T. ) ;
#198 = EDGE_CURVE ( 'NONE', #10858, #6973, #10695, .T. ) ;
#199 = CIRCLE ( 'NONE', #942, 5.953361263601726300 ) ;
#200 = DIRECTION ( 'NONE',  ( -1.000000000000000000, -6.071532165918830700E-016, -0.0000000000000000000 ) ) ;
#201 = CARTESIAN_POINT ( 'NONE',  ( 3.555000258646204600, 0.9553798049340159700, 0.5000000000000000000 ) ) ;
#202 = APPROVAL_PERSON_ORGANIZATION ( #2527, #2733, #5720 ) ;
#203 = PERSON_AND_ORGANIZATION_ROLE ( 'design_owner' ) ;
#204 = DIRECTION ( 'NONE',  ( 0.0000000000000000000, 0.0000000000000000000, -1.000000000000000000 ) ) ;
#205 = AXIS2_PLACEMENT_3D ( 'NONE', #8130, #2040, #10710 ) ;
#206 = CARTESIAN_POINT ( 'NONE',  ( 5.850000000000001400, 11.97500000000000000, 72.00000000000001400 ) ) ;
#207 = DIRECTION ( 'NONE',  ( 0.0000000000000000000, 0.0000000000000000000, 1.000000000000000000 ) ) ;
#208 = DIRECTION ( 'NONE',  ( 0.0000000000000000000, -1.000000000000000000, -0.0000000000000000000 ) ) ;
#209 = VERTEX_POINT ( 'NONE', #7760 ) ;
#210 = LINE ( 'NONE', #2800, #4543 ) ;
#211 = CARTESIAN_POINT ( 'NONE',  ( 0.7304795034938143000, 0.1963109229443150700, -8.000000000000000000 ) ) ;
#212 = FACE_BOUND ( 'NONE', #4698, .T. ) ;
#213 = FACE_OUTER_BOUND ( 'NONE', #8529, .T. ) ;
#214 = VERTEX_POINT ( 'NONE', #8633 ) ;
#215 = ORIENTED_EDGE ( 'NONE', *, *, #4636, .F. ) ;
#216 = VERTEX_POINT ( 'NONE', #2554 ) ;
#217 = DIRECTION ( 'NONE',  ( 1.000000000000000000, 0.0000000000000000000, 0.0000000000000000000 ) ) ;
#218 = ORIENTED_EDGE ( 'NONE', *, *, #4459, .T. ) ;
#219 = FACE_BOUND ( 'NONE', #6415, .T. ) ;
#220 = CARTESIAN_POINT ( 'NONE',  ( 3.649999999999999500, 0.0000000000000000000, 1.499999999999996900 ) ) ;
#221 = CIRCLE ( 'NONE', #297, 0.2000000000000000900 ) ;
#222 = ORIENTED_EDGE ( 'NONE', *, *, #4343, .T. ) ;
#223 = ORIENTED_EDGE ( 'NONE', *, *, #6461, .T. ) ;
#224 = ORIENTED_EDGE ( 'NONE', *, *, #790, .F. ) ;
#225 = ORIENTED_EDGE ( 'NONE', *, *, #4407, .F. ) ;
#226 = DIRECTION ( 'NONE',  ( 0.0000000000000000000, 0.0000000000000000000, 1.000000000000000000 ) ) ;
#227 = CARTESIAN_POINT ( 'NONE',  ( 3.950000000000000200, 9.924999999999998900, 71.99899999999999500 ) ) ;
#228 = CIRCLE ( 'NONE', #3141, 0.4000000000000001900 ) ;
#229 = ORIENTED_EDGE ( 'NONE', *, *, #8008, .T. ) ;
#230 = DIRECTION ( 'NONE',  ( -1.000000000000000000, 7.610399765575671300E-015, 0.0000000000000000000 ) ) ;
#231 = AXIS2_PLACEMENT_3D ( 'NONE', #2950, #1241, #7314 ) ;
#232 = AXIS2_PLACEMENT_3D ( 'NONE', #8178, #9930, #4693 ) ;
#233 = AXIS2_PLACEMENT_3D ( 'NONE', #10441, #4753, #4341 ) ;
#234 = CALENDAR_DATE ( 2023, 9, 11 ) ;
#235 = LINE ( 'NONE', #7599, #9232 ) ;
#236 = CARTESIAN_POINT ( 'NONE',  ( -88.50000000000000000, 7.125000000000000000, 17.00000000000000000 ) ) ;
#237 = EDGE_CURVE ( 'NONE', #4299, #4426, #8117, .T. ) ;
#238 = CARTESIAN_POINT ( 'NONE',  ( 0.0000000000000000000, 3.700000000000000200, 3.000000000000000000 ) ) ;
#239 = CIRCLE ( 'NONE', #6492, 0.4000000000000001900 ) ;
#240 = ORIENTED_EDGE ( 'NONE', *, *, #10844, .T. ) ;
#241 = EDGE_CURVE ( 'NONE', #3483, #2678, #1177, .T. ) ;
#242 = DIRECTION ( 'NONE',  ( -0.0000000000000000000, -0.0000000000000000000, -1.000000000000000000 ) ) ;
#243 = CARTESIAN_POINT ( 'NONE',  ( -3.555000258646199700, 0.9553798049340369600, 0.5000000000000000000 ) ) ;
#244 = PRODUCT ( 'Klin', 'Klin', '', ( #5405 ) ) ;
#245 = DATE_TIME_ROLE ( 'classification_date' ) ;
#246 = DIRECTION ( 'NONE',  ( 0.0000000000000000000, -0.0000000000000000000, 1.000000000000000000 ) ) ;
#247 = CARTESIAN_POINT ( 'NONE',  ( 3.750000000000000000, 13.77500000000000000, 248.0000000000000000 ) ) ;
#248 = DIRECTION ( 'NONE',  ( -0.0000000000000000000, -0.0000000000000000000, -1.000000000000000000 ) ) ;
#249 = LOCAL_TIME ( 11, 17, 25.00000000000000000, #2572 ) ;
#250 = CARTESIAN_POINT ( 'NONE',  ( -0.7304795034938194000, 0.1963109229443111300, -8.000000000000000000 ) ) ;
#251 = ADVANCED_FACE ( 'NONE', ( #3750 ), #5150, .F. ) ;
#252 = CC_DESIGN_SECURITY_CLASSIFICATION ( #8638, ( #5687 ) ) ;
#253 = VERTEX_POINT ( 'NONE', #1716 ) ;
#254 = DIRECTION ( 'NONE',  ( 0.0000000000000000000, 0.0000000000000000000, -1.000000000000000000 ) ) ;
#255 = DIRECTION ( 'NONE',  ( 0.8191520442889961300, 0.5735764363510400500, 0.0000000000000000000 ) ) ;
#256 = CIRCLE ( 'NONE', #4281, 1.550000000000000300 ) ;
#257 = ORIENTED_EDGE ( 'NONE', *, *, #2166, .T. ) ;
#258 = EDGE_LOOP ( 'NONE', ( #6658, #4482, #4843, #1910 ) ) ;
#259 = ORIENTED_EDGE ( 'NONE', *, *, #7706, .F. ) ;
#260 = DIRECTION ( 'NONE',  ( 0.0000000000000000000, 0.0000000000000000000, 1.000000000000000000 ) ) ;
#261 = PERSON_AND_ORGANIZATION ( #9810, #4463 ) ;
#262 = CARTESIAN_POINT ( 'NONE',  ( 0.5000000000000008900, -3.827510384677233800, -2.597210276238843400 ) ) ;
#263 = ADVANCED_FACE ( 'NONE', ( #7847 ), #901, .F. ) ;
#264 = CARTESIAN_POINT ( 'NONE',  ( -0.7499999999999910100, 0.09817475995271550400, -8.000000000000000000 ) ) ;
#265 = CARTESIAN_POINT ( 'NONE',  ( 1.200000000000000200, -5.450000000000000200, 72.00000000000001400 ) ) ;
#266 = DIRECTION ( 'NONE',  ( 1.000000000000000000, 0.0000000000000000000, 0.0000000000000000000 ) ) ;
#267 = CARTESIAN_POINT ( 'NONE',  ( -4.000000000000000000, -4.001000000000000300, 0.5000000000000000000 ) ) ;
#268 = EDGE_CURVE ( 'NONE', #102, #9354, #3202, .T. ) ;
#269 = EDGE_CURVE ( 'NONE', #5913, #3982, #10148, .T. ) ;
#270 = AXIS2_PLACEMENT_3D ( 'NONE', #5377, #176, #6247 ) ;
#271 = CARTESIAN_POINT ( 'NONE',  ( 0.3880650258014504100, -1.600000000000000100, -2.469697458343778500 ) ) ;
#272 = ORIENTED_EDGE ( 'NONE', *, *, #4322, .F. ) ;
#273 = DIRECTION ( 'NONE',  ( 1.000000000000000000, -6.071532165918830700E-016, -0.0000000000000000000 ) ) ;
#274 = VERTEX_POINT ( 'NONE', #7236 ) ;
#275 = ORIENTED_EDGE ( 'NONE', *, *, #5205, .T. ) ;
#276 = ORIENTED_EDGE ( 'NONE', *, *, #8345, .F. ) ;
#277 = CARTESIAN_POINT ( 'NONE',  ( 2.243095548590674900, -2.918783954071120200, 0.5000000000000000000 ) ) ;
#278 = APPROVAL_ROLE ( '' ) ;
#279 = CARTESIAN_POINT ( 'NONE',  ( 0.0000000000000000000, 0.0000000000000000000, 0.0000000000000000000 ) ) ;
#280 = CARTESIAN_POINT ( 'NONE',  ( 6.250000000000000000, 19.67500000000000100, 72.00000000000001400 ) ) ;
#281 = DIRECTION ( 'NONE',  ( -7.610399765575671300E-015, 1.000000000000000000, 0.0000000000000000000 ) ) ;
#282 = CARTESIAN_POINT ( 'NONE',  ( 4.750000000000000000, -3.700000000000000200, 3.000000000000000000 ) ) ;
#283 = DIRECTION ( 'NONE',  ( -0.0000000000000000000, -0.0000000000000000000, 1.000000000000000000 ) ) ;
#284 = CARTESIAN_POINT ( 'NONE',  ( -0.4999999999999996700, -4.000000000000000000, 1.145643923738960400 ) ) ;
#285 = EDGE_LOOP ( 'NONE', ( #9819, #59, #6080, #2386 ) ) ;
#286 = ORIENTED_EDGE ( 'NONE', *, *, #1993, .T. ) ;
#287 = VECTOR ( 'NONE', #2648, 1000.000000000000000 ) ;
#288 = AXIS2_PLACEMENT_3D ( 'NONE', #1370, #495, #2248 ) ;
#289 = ORIENTED_EDGE ( 'NONE', *, *, #11040, .F. ) ;
#290 = DIRECTION ( 'NONE',  ( 1.000000000000000000, 0.0000000000000000000, 0.0000000000000000000 ) ) ;
#291 = ORIENTED_EDGE ( 'NONE', *, *, #2450, .F. ) ;
#292 = ORIENTED_EDGE ( 'NONE', *, *, #8948, .T. ) ;
#293 = CARTESIAN_POINT ( 'NONE',  ( -0.5999999999999999800, 3.625000000000000000, 72.00000000000001400 ) ) ;
#294 = CARTESIAN_POINT ( 'NONE',  ( 0.4999999999999423200, -2.253138510047346000, -2.897808140966102700 ) ) ;
#295 = CYLINDRICAL_SURFACE ( 'NONE', #2506, 0.2000000000000000900 ) ;
#296 = CARTESIAN_POINT ( 'NONE',  ( -0.09817475995270590100, 0.7499999999999910100, -8.000000000000000000 ) ) ;
#297 = AXIS2_PLACEMENT_3D ( 'NONE', #4137, #10238, #5003 ) ;
#298 = DIRECTION ( 'NONE',  ( 1.000000000000000000, 0.0000000000000000000, 0.0000000000000000000 ) ) ;
#299 = FACE_OUTER_BOUND ( 'NONE', #340, .T. ) ;
#300 = ADVANCED_FACE ( 'N', ( #5514 ), #632, .T. ) ;
#301 = APPROVAL_PERSON_ORGANIZATION ( #2622, #7095, #4363 ) ;
#302 = CARTESIAN_POINT ( 'NONE',  ( -4.873576436351048500, -16.87467222170135300, 248.0000000000000000 ) ) ;
#303 = ORIENTED_EDGE ( 'NONE', *, *, #9627, .F. ) ;
#304 = VECTOR ( 'NONE', #540, 1000.000000000000000 ) ;
#305 = CARTESIAN_POINT ( 'NONE',  ( 2.250000000000000400, -17.42500000000000100, 248.0000000000000000 ) ) ;
#306 = CIRCLE ( 'NONE', #10078, 0.2000000000000000900 ) ;
#307 = CARTESIAN_POINT ( 'NONE',  ( 0.6999999999999999600, 5.049999999999999800, 72.00000000000001400 ) ) ;
#308 = APPROVAL_DATE_TIME ( #2630, #910 ) ;
#309 = ADVANCED_FACE ( 'NONE', ( #10428 ), #7295, .T. ) ;
#310 = CARTESIAN_POINT ( 'NONE',  ( -4.899999999999999500, 4.575000000000000200, -0.001000000000000999900 ) ) ;
#311 = CC_DESIGN_PERSON_AND_ORGANIZATION_ASSIGNMENT ( #1894, #9811, ( #9870 ) ) ;
#312 = APPROVAL_STATUS ( 'not_yet_approved' ) ;
#313 = ORIENTED_EDGE ( 'NONE', *, *, #1935, .F. ) ;
#314 = AXIS2_PLACEMENT_3D ( 'NONE', #5364, #164, #6240 ) ;
#315 = DIRECTION ( 'NONE',  ( 1.000000000000000000, 0.0000000000000000000, 0.0000000000000000000 ) ) ;
#316 = LINE ( 'NONE', #2587, #4922 ) ;
#317 = CARTESIAN_POINT ( 'NONE',  ( 6.250000000000000000, 6.275000000000000400, 71.99899999999999500 ) ) ;
#318 = CARTESIAN_POINT ( 'NONE',  ( -86.42000000000000200, -63.64999999999999900, 1.500000000000000000 ) ) ;
#319 = DIRECTION ( 'NONE',  ( -0.0000000000000000000, -0.0000000000000000000, -1.000000000000000000 ) ) ;
#320 = DIRECTION ( 'NONE',  ( 0.0000000000000000000, -0.0000000000000000000, 1.000000000000000000 ) ) ;
#321 = DIRECTION ( 'NONE',  ( 0.0000000000000000000, -1.000000000000000000, -0.0000000000000000000 ) ) ;
#322 = CARTESIAN_POINT ( 'NONE',  ( -86.42000000000000200, -3.949999999999988200, 0.0000000000000000000 ) ) ;
#323 = CC_DESIGN_SECURITY_CLASSIFICATION ( #11021, ( #11303 ) ) ;
#324 = LINE ( 'NONE', #4904, #53 ) ;
#325 = VECTOR ( 'NONE', #581, 1000.000000000000000 ) ;
#326 = DIRECTION ( 'NONE',  ( 0.0000000000000000000, 0.0000000000000000000, -1.000000000000000000 ) ) ;
#327 = LOCAL_TIME ( 11, 17, 25.00000000000000000, #2644 ) ;
#328 = CARTESIAN_POINT ( 'NONE',  ( -88.50000000000001400, 23.22500000000000100, 168.0000000000000000 ) ) ;
#329 = EDGE_LOOP ( 'NONE', ( #3515, #10004, #378, #8307 ) ) ;
#330 = CYLINDRICAL_SURFACE ( 'NONE', #6255, 0.4000000000000000200 ) ;
#331 = DIRECTION ( 'NONE',  ( 0.0000000000000000000, -0.0000000000000000000, 1.000000000000000000 ) ) ;
#332 = VECTOR ( 'NONE', #7316, 1000.000000000000000 ) ;
#333 = EDGE_LOOP ( 'NONE', ( #9196, #8849, #2047, #2191 ) ) ;
#334 = CARTESIAN_POINT ( 'NONE',  ( -88.50000000000000000, 32.50000000000000000, 185.0000000000000000 ) ) ;
#335 = LINE ( 'NONE', #9090, #9061 ) ;
#336 = ORIENTED_EDGE ( 'NONE', *, *, #7415, .T. ) ;
#337 = CALENDAR_DATE ( 2023, 9, 11 ) ;
#338 = EDGE_CURVE ( 'NONE', #6599, #6470, #5238, .T. ) ;
#339 = EDGE_CURVE ( 'NONE', #4065, #10369, #7554, .T. ) ;
#340 = EDGE_LOOP ( 'NONE', ( #5710, #8362, #5399, #6668 ) ) ;
#341 = LINE ( 'NONE', #5401, #7008 ) ;
#342 = CARTESIAN_POINT ( 'NONE',  ( -0.8309713053962721800, 1.441747545844444400, 1.500000000000000200 ) ) ;
#343 = CYLINDRICAL_SURFACE ( 'NONE', #3362, 2.149999999999999000 ) ;
#344 = VERTEX_POINT ( 'NONE', #6392 ) ;
#345 = EDGE_LOOP ( 'NONE', ( #9157, #5978, #8871, #4541 ) ) ;
#346 = VERTEX_POINT ( 'NONE', #1207 ) ;
#347 = DIRECTION ( 'NONE',  ( 0.0000000000000000000, 0.0000000000000000000, 1.000000000000000000 ) ) ;
#348 = DIRECTION ( 'NONE',  ( 0.0000000000000000000, 0.0000000000000000000, 1.000000000000000000 ) ) ;
#349 = VECTOR ( 'NONE', #361, 1000.000000000000000 ) ;
#350 = EDGE_CURVE ( 'NONE', #9652, #7677, #2939, .T. ) ;
#351 = DIRECTION ( 'NONE',  ( -1.000000000000000000, 0.0000000000000000000, 0.0000000000000000000 ) ) ;
#352 = PLANE ( 'NONE',  #134 ) ;
#353 = CIRCLE ( 'NONE', #8458, 0.4000000000000001900 ) ;
#354 = ORIENTED_EDGE ( 'NONE', *, *, #198, .T. ) ;
#355 = AXIS2_PLACEMENT_3D ( 'NONE', #10024, #4787, #10881 ) ;
#356 = ORIENTED_EDGE ( 'NONE', *, *, #3178, .F. ) ;
#357 = CARTESIAN_POINT ( 'NONE',  ( 81.14999999999570000, -49.25000000000000000, 1.500000000000000000 ) ) ;
#358 = DIRECTION ( 'NONE',  ( -1.000000000000000000, 0.0000000000000000000, 0.0000000000000000000 ) ) ;
#359 = APPLICATION_PROTOCOL_DEFINITION ( 'international standard', 'config_control_design', 1994, #1843 ) ;
#360 = EDGE_CURVE ( 'NONE', #3622, #5672, #4952, .T. ) ;
#361 = DIRECTION ( 'NONE',  ( -1.000000000000000000, -6.071532165918830700E-016, -0.0000000000000000000 ) ) ;
#362 = AXIS2_PLACEMENT_3D ( 'NONE', #9406, #5040, #3311 ) ;
#363 = CARTESIAN_POINT ( 'NONE',  ( 6.250000000000000000, -8.724999999999999600, 248.0000000000000000 ) ) ;
#364 = CARTESIAN_POINT ( 'NONE',  ( 2.250000000000000400, -19.07500000000000300, 248.0000000000000000 ) ) ;
#365 = DIRECTION ( 'NONE',  ( 0.0000000000000000000, 1.000000000000000000, 0.0000000000000000000 ) ) ;
#366 = ADVANCED_FACE ( 'NONE', ( #9632 ), #2394, .F. ) ;
#367 = ORIENTED_EDGE ( 'NONE', *, *, #1364, .F. ) ;
#368 = DIRECTION ( 'NONE',  ( -1.000000000000000000, -0.0000000000000000000, 0.0000000000000000000 ) ) ;
#369 = CARTESIAN_POINT ( 'NONE',  ( 3.750000000000000000, -10.12500000000000000, 248.0000000000000000 ) ) ;
#370 = CARTESIAN_POINT ( 'NONE',  ( 5.850000000000001400, -9.924999999999998900, 71.99899999999999500 ) ) ;
#371 = EDGE_LOOP ( 'NONE', ( #8107, #5204, #9538, #10760, #2387 ) ) ;
#372 = VERTEX_POINT ( 'NONE', #3280 ) ;
#373 = APPROVAL_PERSON_ORGANIZATION ( #2689, #622, #7426 ) ;
#374 = VERTEX_POINT ( 'NONE', #9383 ) ;
#375 = CARTESIAN_POINT ( 'NONE',  ( 0.0000000000000000000, -4.000000000000000000, 0.0000000000000000000 ) ) ;
#376 = AXIS2_PLACEMENT_3D ( 'NONE', #11083, #5847, #674 ) ;
#377 = CIRCLE ( 'NONE', #6866, 0.4000000000000001900 ) ;
#378 = ORIENTED_EDGE ( 'NONE', *, *, #8359, .T. ) ;
#379 = ADVANCED_FACE ( 'NONE', ( #9333 ), #9073, .F. ) ;
#380 = PERSON_AND_ORGANIZATION ( #9810, #4463 ) ;
#381 = DIRECTION ( 'NONE',  ( -1.000000000000000000, -0.0000000000000000000, 0.0000000000000000000 ) ) ;
#382 = LINE ( 'NONE', #7853, #7047 ) ;
#383 = DIRECTION ( 'NONE',  ( -1.219727444046192000E-016, -0.0000000000000000000, 1.000000000000000000 ) ) ;
#384 = EDGE_LOOP ( 'NONE', ( #8402, #5016, #8654, #5734 ) ) ;
#385 = VECTOR ( 'NONE', #9824, 1000.000000000000000 ) ;
#386 = EDGE_CURVE ( 'NONE', #7028, #10032, #4694, .T. ) ;
#387 = ORIENTED_EDGE ( 'NONE', *, *, #338, .F. ) ;
#388 = ORIENTED_EDGE ( 'NONE', *, *, #5221, .T. ) ;
#389 = EDGE_CURVE ( 'NONE', #2541, #8973, #7024, .T. ) ;
#390 = AXIS2_PLACEMENT_3D ( 'NONE', #8718, #3508, #9617 ) ;
#391 = AXIS2_PLACEMENT_3D ( 'NONE', #2299, #8372, #3161 ) ;
#392 = AXIS2_PLACEMENT_3D ( 'NONE', #8336, #5726, #546 ) ;
#393 = DATE_AND_TIME ( #2710, #4993 ) ;
#394 = EDGE_CURVE ( 'NONE', #4222, #5977, #6738, .T. ) ;
#395 = CARTESIAN_POINT ( 'NONE',  ( 2.449999999999999700, -17.42500000000000100, 71.99899999999999500 ) ) ;
#396 = VERTEX_POINT ( 'NONE', #9417 ) ;
#397 = EDGE_CURVE ( 'NONE', #2408, #3212, #6464, .T. ) ;
#398 = DIRECTION ( 'NONE',  ( -0.0000000000000000000, 1.000000000000000000, 0.0000000000000000000 ) ) ;
#399 = SECURITY_CLASSIFICATION_LEVEL ( 'unclassified' ) ;
#400 = DIRECTION ( 'NONE',  ( 0.0000000000000000000, 0.0000000000000000000, 1.000000000000000000 ) ) ;
#401 = CARTESIAN_POINT ( 'NONE',  ( -5.299999999999999800, 0.0000000000000000000, 248.0000000000000000 ) ) ;
#402 = CARTESIAN_POINT ( 'NONE',  ( 0.5000000000000000000, 0.0000000000000000000, 4.000000000000000000 ) ) ;
#403 = DIRECTION ( 'NONE',  ( -1.000000000000000000, -7.610399765575671300E-015, -0.0000000000000000000 ) ) ;
#404 = DIRECTION ( 'NONE',  ( -0.0000000000000000000, -0.0000000000000000000, -1.000000000000000000 ) ) ;
#405 = CC_DESIGN_DATE_AND_TIME_ASSIGNMENT ( #10553, #3125, ( #8550 ) ) ;
#406 = DIRECTION ( 'NONE',  ( 1.000000000000000000, 0.0000000000000000000, 0.0000000000000000000 ) ) ;
#407 = CARTESIAN_POINT ( 'NONE',  ( 5.850000000000001400, -8.325000000000001100, 248.0000000000000000 ) ) ;
#408 = EDGE_CURVE ( 'NONE', #2954, #8640, #8792, .T. ) ;
#409 = ORIENTED_EDGE ( 'NONE', *, *, #5111, .F. ) ;
#410 = DIRECTION ( 'NONE',  ( 0.0000000000000000000, 0.0000000000000000000, -1.000000000000000000 ) ) ;
#411 = CARTESIAN_POINT ( 'NONE',  ( 3.750000000000000400, -11.77500000000000000, 71.99899999999999500 ) ) ;
#412 = ORIENTED_EDGE ( 'NONE', *, *, #2871, .F. ) ;
#413 = ADVANCED_FACE ( 'NONE', ( #1859 ), #9697, .T. ) ;
#414 = CARTESIAN_POINT ( 'NONE',  ( 88.31999999999999300, 0.0000000000000000000, 1.500000000000000000 ) ) ;
#415 = EDGE_LOOP ( 'NONE', ( #4331, #9369, #4533, #6211 ) ) ;
#416 = EDGE_CURVE ( 'NONE', #2074, #8408, #6187, .T. ) ;
#417 = ORIENTED_EDGE ( 'NONE', *, *, #630, .T. ) ;
#418 = CIRCLE ( 'NONE', #824, 2.000000000000001800 ) ;
#419 = ORIENTED_EDGE ( 'NONE', *, *, #2699, .F. ) ;
#420 = EDGE_LOOP ( 'NONE', ( #4479, #1421, #796, #1725 ) ) ;
#421 = ORIENTED_EDGE ( 'NONE', *, *, #7151, .F. ) ;
#422 = AXIS2_PLACEMENT_3D ( 'NONE', #10110, #569, #6644 ) ;
#423 = DIRECTION ( 'NONE',  ( 1.000000000000000000, 6.071532165918830700E-016, 0.0000000000000000000 ) ) ;
#424 = ADVANCED_FACE ( 'NONE', ( #8511 ), #8252, .T. ) ;
#425 = CARTESIAN_POINT ( 'NONE',  ( -88.50000000000000000, 1.500000000000000000, 185.0000000000000000 ) ) ;
#426 = DATE_TIME_ROLE ( 'creation_date' ) ;
#427 = LINE ( 'NONE', #10068, #2471 ) ;
#428 = DIRECTION ( 'NONE',  ( 0.0000000000000000000, 1.000000000000000000, 0.0000000000000000000 ) ) ;
#429 = CARTESIAN_POINT ( 'NONE',  ( 0.8000000000000000400, 8.800000000000000700, 72.00000000000001400 ) ) ;
#430 = CARTESIAN_POINT ( 'NONE',  ( -2.449489742783179700, -3.999999999999998200, -0.4999999999999997800 ) ) ;
#431 = ORIENTED_EDGE ( 'NONE', *, *, #5287, .T. ) ;
#432 = ORIENTED_EDGE ( 'NONE', *, *, #1074, .T. ) ;
#433 = CARTESIAN_POINT ( 'NONE',  ( 90.00000000000000000, 1.500000000000000000, 185.0000000000000000 ) ) ;
#434 = ORIENTED_EDGE ( 'NONE', *, *, #1583, .F. ) ;
#435 = CYLINDRICAL_SURFACE ( 'NONE', #1531, 0.2000000000000000900 ) ;
#436 = CARTESIAN_POINT ( 'NONE',  ( 1.250000000000000000, 2.677674074204618600E-014, -7.500000000000000000 ) ) ;
#437 = DIRECTION ( 'NONE',  ( 0.0000000000000000000, 1.000000000000000000, 0.0000000000000000000 ) ) ;
#438 = AXIS2_PLACEMENT_3D ( 'NONE', #2563, #5155, #11280 ) ;
#439 = FACE_OUTER_BOUND ( 'NONE', #8518, .T. ) ;
#440 = LINE ( 'NONE', #8223, #9165 ) ;
#441 = CARTESIAN_POINT ( 'NONE',  ( 3.750000000000000000, 0.0000000000000000000, 72.00000000000001400 ) ) ;
#442 = ORIENTED_EDGE ( 'NONE', *, *, #4258, .F. ) ;
#443 = DIRECTION ( 'NONE',  ( -0.0000000000000000000, -0.0000000000000000000, -1.000000000000000000 ) ) ;
#444 = LINE ( 'NONE', #8337, #5328 ) ;
#445 = CARTESIAN_POINT ( 'NONE',  ( 3.950000000000000200, 6.274999999999998600, 72.00000000000001400 ) ) ;
#446 = ORIENTED_EDGE ( 'NONE', *, *, #9943, .T. ) ;
#447 = LINE ( 'NONE', #11114, #2493 ) ;
#448 = AXIS2_PLACEMENT_3D ( 'NONE', #7096, #1898, #7988 ) ;
#449 = AXIS2_PLACEMENT_3D ( 'NONE', #10750, #5527, #326 ) ;
#450 = VECTOR ( 'NONE', #6016, 1000.000000000000000 ) ;
#451 = DIRECTION ( 'NONE',  ( -1.000000000000000000, -7.610399765575671300E-015, -0.0000000000000000000 ) ) ;
#452 = EDGE_CURVE ( 'NONE', #10032, #1563, #1585, .T. ) ;
#453 = CARTESIAN_POINT ( 'NONE',  ( 3.750000000000000400, -2.824999999999999700, 71.99899999999999500 ) ) ;
#454 = LINE ( 'NONE', #6229, #5061 ) ;
#455 = CONTEXT_DEPENDENT_SHAPE_REPRESENTATION ( #6810, #5425 ) ;
#456 = EDGE_CURVE ( 'NONE', #8725, #3630, #10555, .T. ) ;
#457 = ORIENTED_EDGE ( 'NONE', *, *, #1041, .F. ) ;
#458 = CIRCLE ( 'NONE', #7710, 0.2000000000000000900 ) ;
#459 = EDGE_LOOP ( 'NONE', ( #6070, #5804, #1015, #2697, #10618, #782, #9037, #6643 ) ) ;
#460 = VECTOR ( 'NONE', #810, 1000.000000000000000 ) ;
#461 = APPROVAL ( #10774, 'UNSPECIFIED' ) ;
#462 = ORGANIZATION ( 'NAUO-ORG7', 'UNSPECIFIED', 'UNSPECIFIED' ) ;
#463 = APPLICATION_CONTEXT ( 'configuration controlled 3d designs of mechanical parts and assemblies' ) ;
#464 = PLANE ( 'NONE',  #4310 ) ;
#465 = CARTESIAN_POINT ( 'NONE',  ( 90.00000000000000000, 25.37500000000001100, 17.00000000000000000 ) ) ;
#466 = DIRECTION ( 'NONE',  ( -1.000000000000000000, -0.0000000000000000000, -0.0000000000000000000 ) ) ;
#467 = CARTESIAN_POINT ( 'NONE',  ( -0.5000000000000000000, -4.001000000000000300, 4.000000000000000000 ) ) ;
#468 = CARTESIAN_POINT ( 'NONE',  ( -3.007916731306021800, -2.573680597284260700, -0.4999999999999982800 ) ) ;
#469 = ORIENTED_EDGE ( 'NONE', *, *, #1317, .F. ) ;
#470 = FACE_BOUND ( 'NONE', #835, .T. ) ;
#471 = CC_DESIGN_DATE_AND_TIME_ASSIGNMENT ( #4374, #7885, ( #9441 ) ) ;
#472 = ADVANCED_FACE ( 'NONE', ( #5907 ), #10279, .T. ) ;
#473 = VECTOR ( 'NONE', #10331, 1000.000000000000000 ) ;
#474 = ORIENTED_EDGE ( 'NONE', *, *, #1438, .T. ) ;
#475 = CARTESIAN_POINT ( 'NONE',  ( -1.092232985442822800, 0.6295237254636240100, -7.500000000000000900 ) ) ;
#476 = LINE ( 'NONE', #9920, #7135 ) ;
#477 = CARTESIAN_POINT ( 'NONE',  ( -5.299999999999998900, 4.574999999999999300, 248.0000000000000000 ) ) ;
#478 = CARTESIAN_POINT ( 'NONE',  ( 1.600000000000000100, 14.50000000000000000, 248.0000000000000000 ) ) ;
#479 = CALENDAR_DATE ( 2023, 9, 11 ) ;
#480 = DIRECTION ( 'NONE',  ( 0.0000000000000000000, -1.000000000000000000, -0.0000000000000000000 ) ) ;
#481 = CIRCLE ( 'NONE', #8899, 2.250000000000001800 ) ;
#482 = B_SPLINE_CURVE_WITH_KNOTS ( 'NONE', 3,
 ( #2454, #9514, #827, #6910, #1704, #7788, #2580, #8665, #3434, #9553, #4315, #10406, #5179, #3566 ),
 .UNSPECIFIED., .F., .F.,
 ( 4, 2, 2, 2, 2, 2, 4 ),
 ( 2.168404344971008600E-019, 0.0006779370042854723500, 0.001016905506428208400, 0.001355874008570944500, 0.001694842510713680800, 0.002033811012856416400, 0.002711748017141886800 ),
 .UNSPECIFIED. ) ;
#483 = CARTESIAN_POINT ( 'NONE',  ( 6.250000000000000000, -2.625000000000000000, 71.99899999999999500 ) ) ;
#484 = VECTOR ( 'NONE', #3149, 1000.000000000000000 ) ;
#485 = CIRCLE ( 'NONE', #3575, 2.000000000000001800 ) ;
#486 = ORIENTED_EDGE ( 'NONE', *, *, #2166, .F. ) ;
#487 = VERTEX_POINT ( 'NONE', #9949 ) ;
#488 = ADVANCED_FACE ( 'NONE', ( #1307, #2122 ), #1239, .F. ) ;
#489 = ORIENTED_EDGE ( 'NONE', *, *, #2682, .T. ) ;
#490 = ORIENTED_EDGE ( 'NONE', *, *, #4074, .T. ) ;
#491 = EDGE_CURVE ( 'NONE', #640, #4065, #3603, .T. ) ;
#492 = VERTEX_POINT ( 'NONE', #1629 ) ;
#493 = AXIS2_PLACEMENT_3D ( 'NONE', #3642, #9757, #4503 ) ;
#494 = LINE ( 'NONE', #4091, #7434 ) ;
#495 = DIRECTION ( 'NONE',  ( 0.0000000000000000000, 0.0000000000000000000, 1.000000000000000000 ) ) ;
#496 = CYLINDRICAL_SURFACE ( 'NONE', #1465, 2.499999999999998700 ) ;
#497 = ORIENTED_EDGE ( 'NONE', *, *, #8199, .T. ) ;
#498 = ORIENTED_EDGE ( 'NONE', *, *, #8776, .F. ) ;
#499 = ORIENTED_EDGE ( 'NONE', *, *, #4598, .F. ) ;
#500 = ORIENTED_EDGE ( 'NONE', *, *, #9144, .T. ) ;
#501 = CARTESIAN_POINT ( 'NONE',  ( -90.00100000000000500, 7.125000000000000000, 19.14999999999999900 ) ) ;
#502 = FACE_OUTER_BOUND ( 'NONE', #10566, .T. ) ;
#503 = ORIENTED_EDGE ( 'NONE', *, *, #8867, .F. ) ;
#504 = APPROVAL_STATUS ( 'not_yet_approved' ) ;
#505 = EDGE_CURVE ( 'NONE', #194, #9485, #7978, .T. ) ;
#506 = DIRECTION ( 'NONE',  ( 0.0000000000000000000, 0.0000000000000000000, 1.000000000000000000 ) ) ;
#507 = DIRECTION ( 'NONE',  ( -0.0000000000000000000, -0.0000000000000000000, -1.000000000000000000 ) ) ;
#508 = AXIS2_PLACEMENT_3D ( 'NONE', #4550, #10644, #5426 ) ;
#509 = DIRECTION ( 'NONE',  ( 0.0000000000000000000, 0.0000000000000000000, 1.000000000000000000 ) ) ;
#510 = CARTESIAN_POINT ( 'NONE',  ( 1.804570487845469800, 21.11915204428899900, 248.0000000000000000 ) ) ;
#511 = CARTESIAN_POINT ( 'NONE',  ( -5.299999999999999800, 0.0000000000000000000, 248.0000000000000000 ) ) ;
#512 = CARTESIAN_POINT ( 'NONE',  ( 1.512294949501322000, -4.000000000000001800, -2.242855901493495500 ) ) ;
#513 = DATE_AND_TIME ( #2828, #5122 ) ;
#514 = DIRECTION ( 'NONE',  ( 0.0000000000000000000, 1.000000000000000000, 0.0000000000000000000 ) ) ;
#515 = CIRCLE ( 'NONE', #3333, 1.800000000000000300 ) ;
#516 = DIRECTION ( 'NONE',  ( -1.219727444046192000E-016, -0.0000000000000000000, 1.000000000000000000 ) ) ;
#517 = LINE ( 'NONE', #10340, #6915 ) ;
#518 = VERTEX_POINT ( 'NONE', #2729 ) ;
#519 = DIRECTION ( 'NONE',  ( 0.0000000000000000000, 1.000000000000000000, 0.0000000000000000000 ) ) ;
#520 = DIRECTION ( 'NONE',  ( 1.000000000000000000, 0.0000000000000000000, 0.0000000000000000000 ) ) ;
#521 = AXIS2_PLACEMENT_3D ( 'NONE', #5480, #283, #6362 ) ;
#522 = CALENDAR_DATE ( 2023, 9, 11 ) ;
#523 = DIRECTION ( 'NONE',  ( 1.000000000000000000, 0.0000000000000000000, 0.0000000000000000000 ) ) ;
#524 = PRODUCT_DEFINITION_SHAPE ( 'NONE', 'NONE',  #11301 ) ;
#525 = CIRCLE ( 'NONE', #3699, 2.150000000000012800 ) ;
#526 = EDGE_LOOP ( 'NONE', ( #5436, #2463, #1729, #4987 ) ) ;
#527 = ORIENTED_EDGE ( 'NONE', *, *, #5793, .T. ) ;
#528 = ADVANCED_FACE ( 'NONE', ( #5643 ), #3592, .F. ) ;
#529 = ORIENTED_EDGE ( 'NONE', *, *, #927, .F. ) ;
#530 = DIRECTION ( 'NONE',  ( -0.0000000000000000000, 0.0000000000000000000, -1.000000000000000000 ) ) ;
#531 = LOCAL_TIME ( 11, 17, 25.00000000000000000, #2849 ) ;
#532 = DIRECTION ( 'NONE',  ( -1.000000000000000000, 0.0000000000000000000, 0.0000000000000000000 ) ) ;
#533 = EDGE_CURVE ( 'NONE', #11036, #1568, #6729, .T. ) ;
#534 = EDGE_CURVE ( 'NONE', #3962, #8973, #9072, .T. ) ;
#535 = APPROVAL ( #4508, 'UNSPECIFIED' ) ;
#536 = AXIS2_PLACEMENT_3D ( 'NONE', #2115, #8207, #2984 ) ;
#537 = AXIS2_PLACEMENT_3D ( 'NONE', #5738, #9238, #523 ) ;
#538 = EDGE_CURVE ( 'NONE', #2050, #2597, #2119, .T. ) ;
#539 = SECURITY_CLASSIFICATION ( '', '', #1616 ) ;
#540 = DIRECTION ( 'NONE',  ( 0.0000000000000000000, -0.0000000000000000000, 1.000000000000000000 ) ) ;
#541 = EDGE_CURVE ( 'NONE', #66, #2259, #4414, .T. ) ;
#542 = ADVANCED_FACE ( 'NONE', ( #8790 ), #6186, .T. ) ;
#543 = DATE_TIME_ROLE ( 'classification_date' ) ;
#544 = DIRECTION ( 'NONE',  ( 1.000000000000000000, 0.0000000000000000000, 0.0000000000000000000 ) ) ;
#545 = CARTESIAN_POINT ( 'NONE',  ( 7.652592279025656600E-016, 1.262177448353618900E-026, 6.248815809059141900 ) ) ;
#546 = DIRECTION ( 'NONE',  ( 1.387778780781445900E-016, -1.000000000000000000, 0.0000000000000000000 ) ) ;
#547 = DIRECTION ( 'NONE',  ( 0.0000000000000000000, 0.0000000000000000000, 1.000000000000000000 ) ) ;
#548 = CARTESIAN_POINT ( 'NONE',  ( -0.3880704974684260300, -4.000000000000000000, 2.469696598571292000 ) ) ;
#549 = DIRECTION ( 'NONE',  ( 0.0000000000000000000, 0.0000000000000000000, 1.000000000000000000 ) ) ;
#550 = DIRECTION ( 'NONE',  ( -0.0000000000000000000, -0.0000000000000000000, -1.000000000000000000 ) ) ;
#551 = MANIFOLD_SOLID_BREP ( 'Import1', #8121 ) ;
#552 = CC_DESIGN_SECURITY_CLASSIFICATION ( #11281, ( #11296 ) ) ;
#553 = ORIENTED_EDGE ( 'NONE', *, *, #8188, .T. ) ;
#554 = CARTESIAN_POINT ( 'NONE',  ( 0.4609100473859870700, 0.5997501243938249100, -8.000000000000000000 ) ) ;
#555 = VERTEX_POINT ( 'NONE', #3666 ) ;
#556 = DIRECTION ( 'NONE',  ( 0.0000000000000000000, 0.0000000000000000000, -1.000000000000000000 ) ) ;
#557 = ORIENTED_EDGE ( 'NONE', *, *, #9896, .T. ) ;
#558 = ORIENTED_EDGE ( 'NONE', *, *, #5029, .F. ) ;
#559 = EDGE_CURVE ( 'NONE', #9795, #1666, #8507, .T. ) ;
#560 = EDGE_CURVE ( 'NONE', #7985, #8429, #1853, .T. ) ;
#561 = DIRECTION ( 'NONE',  ( -0.0000000000000000000, 1.000000000000000000, 0.0000000000000000000 ) ) ;
#562 = ORIENTED_EDGE ( 'NONE', *, *, #5511, .T. ) ;
#563 = ORIENTED_EDGE ( 'NONE', *, *, #8038, .F. ) ;
#564 = CYLINDRICAL_SURFACE ( 'NONE', #8128, 0.2000000000000000900 ) ;
#565 = EDGE_LOOP ( 'NONE', ( #3816, #5097, #9029, #9777 ) ) ;
#566 = ORIENTED_EDGE ( 'NONE', *, *, #8327, .F. ) ;
#567 = EDGE_LOOP ( 'NONE', ( #8688, #7627, #3194, #6027, #803, #7216, #8860, #5774 ) ) ;
#568 = ORIENTED_EDGE ( 'NONE', *, *, #1599, .F. ) ;
#569 = DIRECTION ( 'NONE',  ( 0.0000000000000000000, 1.000000000000000000, 0.0000000000000000000 ) ) ;
#570 = EDGE_CURVE ( 'NONE', #1931, #2541, #10824, .T. ) ;
#571 = DIRECTION ( 'NONE',  ( 1.000000000000000000, 0.0000000000000000000, 0.0000000000000000000 ) ) ;
#572 = AXIS2_PLACEMENT_3D ( 'NONE', #8161, #10740, #6433 ) ;
#573 = VECTOR ( 'NONE', #8853, 1000.000000000000000 ) ;
#574 = LINE ( 'NONE', #9929, #2894 ) ;
#575 = DIRECTION ( 'NONE',  ( 0.0000000000000000000, 0.0000000000000000000, 1.000000000000000000 ) ) ;
#576 = CALENDAR_DATE ( 2023, 9, 11 ) ;
#577 = APPROVAL_ROLE ( '' ) ;
#578 = ORIENTED_EDGE ( 'NONE', *, *, #9626, .T. ) ;
#579 = DIRECTION ( 'NONE',  ( 0.0000000000000000000, 0.0000000000000000000, 1.000000000000000000 ) ) ;
#580 = CARTESIAN_POINT ( 'NONE',  ( 0.0000000000000000000, 4.500000000000000900, 0.0000000000000000000 ) ) ;
#581 = DIRECTION ( 'NONE',  ( -0.0000000000000000000, 0.0000000000000000000, -1.000000000000000000 ) ) ;
#582 = CARTESIAN_POINT ( 'NONE',  ( -0.3880704974684260300, -1.600000000000000100, 2.469696598571292000 ) ) ;
#583 = CARTESIAN_POINT ( 'NONE',  ( -2.942903560859608800, -3.243428153940573800, 0.4999999999999983900 ) ) ;
#584 = DIRECTION ( 'NONE',  ( 1.000000000000000000, 0.0000000000000000000, 0.0000000000000000000 ) ) ;
#585 = ADVANCED_FACE ( 'NONE', ( #1573 ), #1305, .F. ) ;
#586 = FACE_BOUND ( 'NONE', #1377, .T. ) ;
#587 = AXIS2_PLACEMENT_3D ( 'NONE', #5701, #519, #6592 ) ;
#588 = CIRCLE ( 'NONE', #7159, 2.149999999999999000 ) ;
#589 = CARTESIAN_POINT ( 'NONE',  ( -0.09817475995270710800, -0.7499999999999910100, -8.000000000000000000 ) ) ;
#590 = DATE_AND_TIME ( #2901, #5198 ) ;
#591 = CARTESIAN_POINT ( 'NONE',  ( -73.50000000000000000, 1.500000000000000000, 19.50000000000000000 ) ) ;
#592 = CARTESIAN_POINT ( 'NONE',  ( 0.0000000000000000000, 0.0000000000000000000, 0.0000000000000000000 ) ) ;
#593 = ORIENTED_EDGE ( 'NONE', *, *, #9768, .T. ) ;
#594 = CYLINDRICAL_SURFACE ( 'NONE', #5142, 0.2000000000000000900 ) ;
#595 = CARTESIAN_POINT ( 'NONE',  ( 83.39999999999570000, -49.25000000000000000, 0.0000000000000000000 ) ) ;
#596 = VECTOR ( 'NONE', #8605, 1000.000000000000000 ) ;
#597 = ADVANCED_FACE ( 'NONE', ( #3861 ), #4575, .F. ) ;
#598 = LINE ( 'NONE', #9252, #4659 ) ;
#599 = COORDINATED_UNIVERSAL_TIME_OFFSET ( 1, 0, .AHEAD. ) ;
#600 = AXIS2_PLACEMENT_3D ( 'NONE', #737, #6813, #1619 ) ;
#601 = AXIS2_PLACEMENT_3D ( 'NONE', #7084, #1892, #7976 ) ;
#602 = ORIENTED_EDGE ( 'NONE', *, *, #831, .F. ) ;
#603 = CARTESIAN_POINT ( 'NONE',  ( -0.1963109229443065200, -0.7304795034937839900, -8.000000000000000000 ) ) ;
#604 = AXIS2_PLACEMENT_3D ( 'NONE', #7203, #2005, #8086 ) ;
#605 = CYLINDRICAL_SURFACE ( 'NONE', #5086, 3.950000000000000200 ) ;
#606 = CYLINDRICAL_SURFACE ( 'NONE', #2938, 2.149999999999999000 ) ;
#607 = VERTEX_POINT ( 'NONE', #3706 ) ;
#608 = EDGE_CURVE ( 'NONE', #6078, #4593, #3601, .T. ) ;
#609 = DIRECTION ( 'NONE',  ( 0.0000000000000000000, -0.0000000000000000000, 1.000000000000000000 ) ) ;
#610 = VECTOR ( 'NONE', #4650, 1000.000000000000000 ) ;
#611 = CARTESIAN_POINT ( 'NONE',  ( 3.750000000000000000, 0.0000000000000000000, 248.0000000000000000 ) ) ;
#612 = EDGE_CURVE ( 'NONE', #8127, #3754, #5902, .T. ) ;
#613 = ORIENTED_EDGE ( 'NONE', *, *, #3452, .T. ) ;
#614 = ITEM_DEFINED_TRANSFORMATION ( 'NONE', 'NONE', #3517,  #7819 ) ;
#615 = VERTEX_POINT ( 'NONE', #4615 ) ;
#616 = LINE ( 'NONE', #8804, #7285 ) ;
#617 = DIRECTION ( 'NONE',  ( 0.0000000000000000000, -0.0000000000000000000, 1.000000000000000000 ) ) ;
#618 = LINE ( 'NONE', #1248, #9883 ) ;
#619 = EDGE_LOOP ( 'NONE', ( #1261, #6197 ) ) ;
#620 = ORIENTED_EDGE ( 'NONE', *, *, #2999, .F. ) ;
#621 = ORIENTED_EDGE ( 'NONE', *, *, #9756, .F. ) ;
#622 = APPROVAL ( #1353, 'UNSPECIFIED' ) ;
#623 = APPROVAL_STATUS ( 'not_yet_approved' ) ;
#624 = CARTESIAN_POINT ( 'NONE',  ( 6.250000000000000000, 4.675000000000001600, 71.99899999999999500 ) ) ;
#625 = DIRECTION ( 'NONE',  ( -1.000000000000000000, -6.071532165918830700E-016, -0.0000000000000000000 ) ) ;
#626 = PLANE ( 'NONE',  #1551 ) ;
#627 = PLANE ( 'NONE',  #8167 ) ;
#628 = DIRECTION ( 'NONE',  ( 0.0000000000000000000, 0.0000000000000000000, 1.000000000000000000 ) ) ;
#629 = CARTESIAN_POINT ( 'NONE',  ( 73.50000000000000000, 1.500000000000000000, 17.00000000000000000 ) ) ;
#630 = EDGE_CURVE ( 'NONE', #10702, #3610, #10272, .T. ) ;
#631 = CARTESIAN_POINT ( 'NONE',  ( 3.950000000000000200, -11.77500000000000000, 248.0000000000000000 ) ) ;
#632 = CYLINDRICAL_SURFACE ( 'NONE', #3693, 0.2000000000000000900 ) ;
#633 = CARTESIAN_POINT ( 'NONE',  ( -0.9995835406563873300, 0.7681834123099718900, -7.999999999999994700 ) ) ;
#634 = VECTOR ( 'NONE', #8722, 1000.000000000000000 ) ;
#635 = ORIENTED_EDGE ( 'NONE', *, *, #1001, .F. ) ;
#636 = DIRECTION ( 'NONE',  ( 0.0000000000000000000, 0.0000000000000000000, -1.000000000000000000 ) ) ;
#637 = VERTEX_POINT ( 'NONE', #6370 ) ;
#638 = CARTESIAN_POINT ( 'NONE',  ( -86.50000000000001400, 29.00000000000000000, 185.0000000000000000 ) ) ;
#639 = CARTESIAN_POINT ( 'NONE',  ( 3.649999999999999900, 4.469960816887839400E-016, 0.0000000000000000000 ) ) ;
#640 = VERTEX_POINT ( 'NONE', #284 ) ;
#641 = CARTESIAN_POINT ( 'NONE',  ( 1.014002097308111900, -1.319450280607493900, 1.500000000000000400 ) ) ;
#642 = EDGE_CURVE ( 'NONE', #2539, #7616, #5360, .T. ) ;
#643 = EDGE_CURVE ( 'NONE', #1170, #8364, #3329, .T. ) ;
#644 = ORIENTED_EDGE ( 'NONE', *, *, #6498, .F. ) ;
#645 = EDGE_LOOP ( 'NONE', ( #218, #8152, #3145, #4733 ) ) ;
#646 = CARTESIAN_POINT ( 'NONE',  ( -0.7681834123099802200, 0.9995835406563956500, -7.999999999999994700 ) ) ;
#647 = CALENDAR_DATE ( 2023, 9, 11 ) ;
#648 = AXIS2_PLACEMENT_3D ( 'NONE', #9447, #4203, #10319 ) ;
#649 = ADVANCED_FACE ( 'NONE', ( #757 ), #5082, .F. ) ;
#650 = VERTEX_POINT ( 'NONE', #10751 ) ;
#651 = FACE_OUTER_BOUND ( 'NONE', #5853, .T. ) ;
#652 = CARTESIAN_POINT ( 'NONE',  ( 1.200000000000000000, -10.02499999999999900, 72.00000000000001400 ) ) ;
#653 = EDGE_LOOP ( 'NONE', ( #1436, #11216, #6606, #10731 ) ) ;
#654 = LOCAL_TIME ( 11, 17, 25.00000000000000000, #2966 ) ;
#655 = DIRECTION ( 'NONE',  ( 0.0000000000000000000, 0.0000000000000000000, 1.000000000000000000 ) ) ;
#656 = ADVANCED_FACE ( 'NONE', ( #2792 ), #5528, .F. ) ;
#657 = LINE ( 'NONE', #6, #2702 ) ;
#658 = ORIENTED_EDGE ( 'NONE', *, *, #5191, .F. ) ;
#659 = LINE ( 'NONE', #7146, #7590 ) ;
#661 = ORIENTED_EDGE ( 'NONE', *, *, #8266, .T. ) ;
#660 = SECURITY_CLASSIFICATION_LEVEL ( 'unclassified' ) ;
#662 = ORIENTED_EDGE ( 'NONE', *, *, #3052, .F. ) ;
#663 = DIRECTION ( 'NONE',  ( 0.0000000000000000000, 0.0000000000000000000, 1.000000000000000000 ) ) ;
#664 = DIRECTION ( 'NONE',  ( 0.0000000000000000000, 0.0000000000000000000, 1.000000000000000000 ) ) ;
#665 = AXIS2_PLACEMENT_3D ( 'NONE', #9774, #1080, #7156 ) ;
#666 = DIRECTION ( 'NONE',  ( -0.0000000000000000000, 0.0000000000000000000, -1.000000000000000000 ) ) ;
#667 = DIRECTION ( 'NONE',  ( 1.000000000000000000, 0.0000000000000000000, -0.0000000000000000000 ) ) ;
#668 = CARTESIAN_POINT ( 'NONE',  ( 1.607054911442810300, 0.4318840214085255000, 1.500000000000000000 ) ) ;
#669 = DIRECTION ( 'NONE',  ( 0.0000000000000000000, 0.0000000000000000000, 1.000000000000000000 ) ) ;
#670 = DIRECTION ( 'NONE',  ( 1.387778780781445900E-016, -1.000000000000000000, 0.0000000000000000000 ) ) ;
#671 = PERSON_AND_ORGANIZATION ( #9810, #4463 ) ;
#672 = CARTESIAN_POINT ( 'NONE',  ( 1.249999999999998200, -0.1636245999212135300, -7.999999999999994700 ) ) ;
#673 = ORIENTED_EDGE ( 'NONE', *, *, #11206, .T. ) ;
#674 = DIRECTION ( 'NONE',  ( -1.000000000000000000, 6.071532165918830700E-016, 0.0000000000000000000 ) ) ;
#675 = CARTESIAN_POINT ( 'NONE',  ( -86.42000000000000200, -3.949999999999974400, 1.500000000000000000 ) ) ;
#676 = AXIS2_PLACEMENT_3D ( 'NONE', #1944, #8032, #2825 ) ;
#677 = DIRECTION ( 'NONE',  ( 0.0000000000000000000, 1.000000000000000000, 0.0000000000000000000 ) ) ;
#678 = CARTESIAN_POINT ( 'NONE',  ( -3.399999999999999900, -3.824999999999999700, -0.001000000000000999900 ) ) ;
#679 = CARTESIAN_POINT ( 'NONE',  ( 1.217465839156320200, -0.3271848715738532900, -7.999999999999994700 ) ) ;
#680 = VERTEX_POINT ( 'NONE', #2080 ) ;
#681 = DIRECTION ( 'NONE',  ( -0.0000000000000000000, -0.0000000000000000000, -1.000000000000000000 ) ) ;
#682 = CARTESIAN_POINT ( 'NONE',  ( 5.850000000000001400, -11.97500000000000000, 71.99899999999999500 ) ) ;
#683 = ORIENTED_EDGE ( 'NONE', *, *, #6819, .F. ) ;
#684 = DIRECTION ( 'NONE',  ( 0.0000000000000000000, -0.0000000000000000000, -1.000000000000000000 ) ) ;
#685 = ORIENTED_EDGE ( 'NONE', *, *, #3529, .T. ) ;
#686 = CC_DESIGN_PERSON_AND_ORGANIZATION_ASSIGNMENT ( #8971, #2037, ( #103 ) ) ;
#687 = VERTEX_POINT ( 'NONE', #2956 ) ;
#688 = CC_DESIGN_APPROVAL ( #106, ( #10228 ) ) ;
#689 = CARTESIAN_POINT ( 'NONE',  ( -1.250000000000000000, 1.530808498934190800E-016, 0.0000000000000000000 ) ) ;
#690 =( REPRESENTATION_RELATIONSHIP ('NONE','NONE', #9710, #9691 ) REPRESENTATION_RELATIONSHIP_WITH_TRANSFORMATION ( #7522 )SHAPE_REPRESENTATION_RELATIONSHIP( ) );
#691 = ORIENTED_EDGE ( 'NONE', *, *, #4015, .T. ) ;
#692 = CARTESIAN_POINT ( 'NONE',  ( 88.50000000000000000, 7.125000000000000000, 168.0000000000000000 ) ) ;
#693 = VECTOR ( 'NONE', #1208, 1000.000000000000000 ) ;
#694 = CARTESIAN_POINT ( 'NONE',  ( 5.850000000000001400, 16.02500000000000200, 71.99899999999999500 ) ) ;
#695 = VERTEX_POINT ( 'NONE', #9051 ) ;
#696 = CARTESIAN_POINT ( 'NONE',  ( 86.42000000000000200, -63.64999999999999900, 0.0000000000000000000 ) ) ;
#697 = CARTESIAN_POINT ( 'NONE',  ( -83.39999999999548700, -20.25000000000000000, -0.0009999999999999161000 ) ) ;
#698 = CARTESIAN_POINT ( 'NONE',  ( -1.607054911442800100, 0.4318840214085375400, 1.500000000000000000 ) ) ;
#699 = DIRECTION ( 'NONE',  ( 0.0000000000000000000, 0.0000000000000000000, 1.000000000000000000 ) ) ;
#700 = ORIENTED_EDGE ( 'NONE', *, *, #4576, .F. ) ;
#701 = PLANE ( 'NONE',  #6628 ) ;
#702 = ORIENTED_EDGE ( 'NONE', *, *, #6570, .T. ) ;
#703 = ADVANCED_FACE ( 'NONE', ( #9754 ), #9474, .F. ) ;
#704 = CARTESIAN_POINT ( 'NONE',  ( -1.092232992121877900, -0.6295237093388836900, -7.999999999999994700 ) ) ;
#705 = CARTESIAN_POINT ( 'NONE',  ( 2.449999999999999700, -0.8249999999999999600, 71.99899999999999500 ) ) ;
#706 = CARTESIAN_POINT ( 'NONE',  ( -86.50000000000001400, 3.500000000000000000, 0.0000000000000000000 ) ) ;
#707 = EDGE_CURVE ( 'NONE', #3759, #6252, #7692, .T. ) ;
#708 = EDGE_CURVE ( 'NONE', #1256, #8887, #5637, .T. ) ;
#709 = FACE_OUTER_BOUND ( 'NONE', #10957, .T. ) ;
#710 = CARTESIAN_POINT ( 'NONE',  ( 6.250000000000000000, 2.625000000000000000, 72.00000000000001400 ) ) ;
#711 = EDGE_LOOP ( 'NONE', ( #9219, #8582, #5491, #4845 ) ) ;
#712 = VERTEX_POINT ( 'NONE', #1211 ) ;
#713 = ORIENTED_EDGE ( 'NONE', *, *, #9146, .F. ) ;
#714 = DIRECTION ( 'NONE',  ( -0.0000000000000000000, -0.0000000000000000000, 1.000000000000000000 ) ) ;
#715 = FACE_OUTER_BOUND ( 'NONE', #2971, .T. ) ;
#716 = CARTESIAN_POINT ( 'NONE',  ( 88.49999999999998600, 27.52500000000000200, 168.0000000000000000 ) ) ;
#717 = DIRECTION ( 'NONE',  ( 0.0000000000000000000, 1.000000000000000000, 0.0000000000000000000 ) ) ;
#718 = ADVANCED_FACE ( 'NONE', ( #2521 ), #8169, .F. ) ;
#719 = CARTESIAN_POINT ( 'NONE',  ( 88.50000000000000000, 32.34999999999999400, 185.0000000000000000 ) ) ;
#720 = CARTESIAN_POINT ( 'NONE',  ( -1.217465839156336900, -0.3271848715738427400, -7.999999999999994700 ) ) ;
#721 = CIRCLE ( 'NONE', #5724, 2.250000000000001800 ) ;
#722 = DIRECTION ( 'NONE',  ( 0.0000000000000000000, 0.0000000000000000000, 1.000000000000000000 ) ) ;
#723 = ORIENTED_EDGE ( 'NONE', *, *, #10523, .T. ) ;
#724 = LINE ( 'NONE', #433, #9716 ) ;
#725 = PERSON_AND_ORGANIZATION ( #10507, #3031 ) ;
#726 = DIRECTION ( 'NONE',  ( -1.000000000000000000, 0.0000000000000000000, 0.0000000000000000000 ) ) ;
#727 = AXIS2_PLACEMENT_3D ( 'NONE', #4144, #11129, #5890 ) ;
#728 = LINE ( 'NONE', #8990, #10556 ) ;
#729 = ORIENTED_EDGE ( 'NONE', *, *, #1726, .T. ) ;
#730 = EDGE_CURVE ( 'NONE', #5297, #2058, #476, .T. ) ;
#731 = AXIS2_PLACEMENT_3D ( 'NONE', #6466, #1269, #7341 ) ;
#732 = LINE ( 'NONE', #2364, #3036 ) ;
#733 = LINE ( 'NONE', #5396, #7113 ) ;
#734 = CARTESIAN_POINT ( 'NONE',  ( -3.400000000000000400, -3.625000000000000000, 72.00000000000001400 ) ) ;
#735 = LINE ( 'NONE', #1903, #2498 ) ;
#736 = DATE_AND_TIME ( #3042, #5339 ) ;
#737 = CARTESIAN_POINT ( 'NONE',  ( 0.0000000000000000000, 0.0000000000000000000, 0.0000000000000000000 ) ) ;
#738 = PLANE ( 'NONE',  #5021 ) ;
#739 = DIRECTION ( 'NONE',  ( 0.0000000000000000000, -1.000000000000000000, -0.0000000000000000000 ) ) ;
#740 = CARTESIAN_POINT ( 'NONE',  ( 1.014002097308112100, -1.319450280607494100, 1.500000000000000000 ) ) ;
#741 = VERTEX_POINT ( 'NONE', #10778 ) ;
#742 = DIRECTION ( 'NONE',  ( -0.0000000000000000000, 1.000000000000000000, 0.0000000000000000000 ) ) ;
#743 = CIRCLE ( 'NONE', #7112, 1.250000000000000000 ) ;
#744 = VERTEX_POINT ( 'NONE', #364 ) ;
#745 = CARTESIAN_POINT ( 'NONE',  ( 0.1636245999211760100, 1.250000000000000000, -7.500000000000000000 ) ) ;
#746 = LINE ( 'NONE', #5323, #5346 ) ;
#747 = DIRECTION ( 'NONE',  ( 0.0000000000000000000, -0.0000000000000000000, 1.000000000000000000 ) ) ;
#748 = COORDINATED_UNIVERSAL_TIME_OFFSET ( 1, 0, .AHEAD. ) ;
#749 = ORIENTED_EDGE ( 'NONE', *, *, #10305, .T. ) ;
#750 = CARTESIAN_POINT ( 'NONE',  ( 1.499508677096029100, -4.000000000000000000, 2.295053150231559400 ) ) ;
#751 = FACE_BOUND ( 'NONE', #5507, .T. ) ;
#752 = CARTESIAN_POINT ( 'NONE',  ( 5.850000000000001400, -9.924999999999998900, 72.00000000000001400 ) ) ;
#753 = LINE ( 'NONE', #3365, #5358 ) ;
#754 = ORIENTED_EDGE ( 'NONE', *, *, #5582, .T. ) ;
#755 = DIRECTION ( 'NONE',  ( -1.000000000000000000, -0.0000000000000000000, 0.0000000000000000000 ) ) ;
#756 = CARTESIAN_POINT ( 'NONE',  ( 90.00000000000000000, 31.00000000000000000, 0.0000000000000000000 ) ) ;
#757 = FACE_OUTER_BOUND ( 'NONE', #4073, .T. ) ;
#758 = EDGE_CURVE ( 'NONE', #2789, #7618, #9198, .T. ) ;
#759 = EDGE_CURVE ( 'NONE', #3005, #3785, #4540, .T. ) ;
#760 = CC_DESIGN_DATE_AND_TIME_ASSIGNMENT ( #8292, #1878, ( #9732 ) ) ;
#761 = LOCAL_TIME ( 11, 17, 25.00000000000000000, #3068 ) ;
#762 = AXIS2_PLACEMENT_3D ( 'NONE', #8543, #6794, #11135 ) ;
#763 = CARTESIAN_POINT ( 'NONE',  ( 0.3271848715738355200, 1.217465839156310000, -7.500000000000000000 ) ) ;
#764 = DIRECTION ( 'NONE',  ( 0.0000000000000000000, -1.000000000000000000, 0.0000000000000000000 ) ) ;
#765 = ADVANCED_FACE ( 'NONE', ( #8910 ), #1244, .T. ) ;
#766 = CARTESIAN_POINT ( 'NONE',  ( 1.092232985442822100, -0.6295237254636250100, -7.500000000000000000 ) ) ;
#767 = CIRCLE ( 'NONE', #5965, 2.149999999999999000 ) ;
#768 = EDGE_CURVE ( 'NONE', #11073, #6550, #6591, .T. ) ;
#769 = VECTOR ( 'NONE', #7478, 1000.000000000000000 ) ;
#770 = CARTESIAN_POINT ( 'NONE',  ( -0.4000000000000000200, 4.649999999999999500, -1.510173831053895000 ) ) ;
#771 = VECTOR ( 'NONE', #8579, 1000.000000000000000 ) ;
#772 = VERTEX_POINT ( 'NONE', #1278 ) ;
#773 = EDGE_CURVE ( 'NONE', #487, #10226, #1973, .T. ) ;
#774 = EDGE_LOOP ( 'NONE', ( #8519, #3281 ) ) ;
#775 = ORIENTED_EDGE ( 'NONE', *, *, #1512, .T. ) ;
#776 = VERTEX_POINT ( 'NONE', #3015 ) ;
#777 = DIRECTION ( 'NONE',  ( -0.0000000000000000000, 0.0000000000000000000, 1.000000000000000000 ) ) ;
#778 = DIRECTION ( 'NONE',  ( 0.0000000000000000000, 0.0000000000000000000, -1.000000000000000000 ) ) ;
#779 = SECURITY_CLASSIFICATION ( '', '', #8410 ) ;
#780 = PERSON_AND_ORGANIZATION_ROLE ( 'classification_officer' ) ;
#781 = FACE_OUTER_BOUND ( 'NONE', #8826, .T. ) ;
#782 = ORIENTED_EDGE ( 'NONE', *, *, #9427, .T. ) ;
#783 = DIRECTION ( 'NONE',  ( 0.0000000000000000000, 0.0000000000000000000, 1.000000000000000000 ) ) ;
#784 = DIRECTION ( 'NONE',  ( 0.3907018333864206700, 1.665334536937735600E-016, -0.9205172879356964300 ) ) ;
#785 = ORIENTED_EDGE ( 'NONE', *, *, #9295, .T. ) ;
#786 = DIRECTION ( 'NONE',  ( 1.000000000000000000, 0.0000000000000000000, 0.0000000000000000000 ) ) ;
#787 = CARTESIAN_POINT ( 'NONE',  ( 88.50000000000000000, 31.00000000000000000, 185.0000000000000000 ) ) ;
#788 = CARTESIAN_POINT ( 'NONE',  ( 0.9553798049339986600, 3.555000258646234800, 1.499999999999954500 ) ) ;
#789 = CARTESIAN_POINT ( 'NONE',  ( 5.850000000000001400, 21.30000000000000100, 248.0000000000000000 ) ) ;
#790 = EDGE_CURVE ( 'NONE', #2265, #8796, #6873, .T. ) ;
#791 = ORIENTED_EDGE ( 'NONE', *, *, #1074, .F. ) ;
#792 = PLANE ( 'NONE',  #5987 ) ;
#793 = CARTESIAN_POINT ( 'NONE',  ( -90.00000000000000000, 7.125000000000000000, 19.14999999999999900 ) ) ;
#794 = CARTESIAN_POINT ( 'NONE',  ( 0.6295237093388860200, -1.092232992121907800, -7.500000000000000000 ) ) ;
#795 = CYLINDRICAL_SURFACE ( 'NONE', #4312, 2.250000000000001800 ) ;
#796 = ORIENTED_EDGE ( 'NONE', *, *, #6382, .T. ) ;
#797 = DIRECTION ( 'NONE',  ( -1.000000000000000000, 0.0000000000000000000, 0.0000000000000000000 ) ) ;
#798 = CARTESIAN_POINT ( 'NONE',  ( -0.8309713053962729500, 1.441747545844446000, 1.500000000000000000 ) ) ;
#799 = PERSON_AND_ORGANIZATION ( #9810, #4463 ) ;
#800 = CARTESIAN_POINT ( 'NONE',  ( 0.3880704650277188000, -1.600000000000000100, 2.469696603668793500 ) ) ;
#801 = CARTESIAN_POINT ( 'NONE',  ( 3.950000000000000200, 4.675000000000003400, 72.00000000000001400 ) ) ;
#802 = DIRECTION ( 'NONE',  ( 0.0000000000000000000, 0.0000000000000000000, -1.000000000000000000 ) ) ;
#803 = ORIENTED_EDGE ( 'NONE', *, *, #4032, .T. ) ;
#804 = EDGE_CURVE ( 'NONE', #4161, #2375, #8646, .T. ) ;
#805 = CIRCLE ( 'NONE', #11142, 1.000000000000000900 ) ;
#806 = FACE_OUTER_BOUND ( 'NONE', #8674, .T. ) ;
#807 = ORIENTED_EDGE ( 'NONE', *, *, #9520, .F. ) ;
#808 = AXIS2_PLACEMENT_3D ( 'NONE', #2067, #8164, #2949 ) ;
#809 = CARTESIAN_POINT ( 'NONE',  ( 0.3271848715738409600, -1.217465839156307800, -7.500000000000000000 ) ) ;
#810 = DIRECTION ( 'NONE',  ( 0.0000000000000000000, 1.000000000000000000, 0.0000000000000000000 ) ) ;
#811 = DATE_AND_TIME ( #3112, #5409 ) ;
#812 = FACE_OUTER_BOUND ( 'NONE', #3117, .T. ) ;
#813 = ORIENTED_EDGE ( 'NONE', *, *, #350, .T. ) ;
#814 = VERTEX_POINT ( 'NONE', #2182 ) ;
#815 = CALENDAR_DATE ( 2023, 9, 11 ) ;
#816 = CARTESIAN_POINT ( 'NONE',  ( -4.899999999999999500, 4.975000000000000500, 248.0000000000000000 ) ) ;
#817 = DATE_TIME_ROLE ( 'classification_date' ) ;
#818 = DIRECTION ( 'NONE',  ( 1.000000000000000000, 0.0000000000000000000, 1.219727444046192000E-016 ) ) ;
#819 = DIRECTION ( 'NONE',  ( 1.000000000000000000, 0.0000000000000000000, 0.0000000000000000000 ) ) ;
#820 = CARTESIAN_POINT ( 'NONE',  ( 0.3777142256033324000, -0.6553397952731457900, -8.000000000000000000 ) ) ;
#821 = CARTESIAN_POINT ( 'NONE',  ( -2.918783954071170400, -2.243095548590623900, 1.499999999999996900 ) ) ;
#822 = CARTESIAN_POINT ( 'NONE',  ( -5.299999999999997200, -9.674999999999998900, 248.0000000000000000 ) ) ;
#823 = SHAPE_REPRESENTATION_RELATIONSHIP ( 'NONE' , 'NONE' ,  #5900, #2637 ) ;
#824 = AXIS2_PLACEMENT_3D ( 'NONE', #6474, #1276, #7348 ) ;
#825 = CARTESIAN_POINT ( 'NONE',  ( -0.2159844817121049900, -1.649999999999999900, 1.500000000000000000 ) ) ;
#826 = AXIS2_PLACEMENT_3D ( 'NONE', #375, #7330, #5564 ) ;
#827 = CARTESIAN_POINT ( 'NONE',  ( -0.4999999999999993300, -1.952248888731876100, -2.734516490328792000 ) ) ;
#828 = DIRECTION ( 'NONE',  ( 0.0000000000000000000, 0.0000000000000000000, 1.000000000000000000 ) ) ;
#829 = CARTESIAN_POINT ( 'NONE',  ( -88.49999999999998600, 0.1499999999999795400, 184.9999999999999700 ) ) ;
#830 = DIRECTION ( 'NONE',  ( 0.0000000000000000000, 0.0000000000000000000, 1.000000000000000000 ) ) ;
#831 = EDGE_CURVE ( 'NONE', #9692, #10226, #3984, .T. ) ;
#832 = VERTEX_POINT ( 'NONE', #7393 ) ;
#833 = EDGE_LOOP ( 'NONE', ( #10586, #4861, #71, #10723, #7355 ) ) ;
#834 = EDGE_CURVE ( 'NONE', #1918, #8045, #10679, .T. ) ;
#835 = EDGE_LOOP ( 'NONE', ( #421, #9243 ) ) ;
#836 = DIRECTION ( 'NONE',  ( -1.000000000000000000, 0.0000000000000000000, 0.0000000000000000000 ) ) ;
#837 = DIRECTION ( 'NONE',  ( -1.000000000000000000, 0.0000000000000000000, 0.0000000000000000000 ) ) ;
#838 =( BOUNDED_CURVE ( )  B_SPLINE_CURVE ( 3, ( #10060, #3944, #512, #6583 ),
 .UNSPECIFIED., .F., .F. ) 
 B_SPLINE_CURVE_WITH_KNOTS ( ( 4, 4 ),
 ( 3.252606517456513300E-019, 0.002903465366866329900 ),
 .UNSPECIFIED. ) 
 CURVE ( )  GEOMETRIC_REPRESENTATION_ITEM ( )  RATIONAL_B_SPLINE_CURVE ( ( 0.9858555244195091900, 0.8769130202760583300, 0.8769130202760582200, 0.9858555244195089700 ) ) 
 REPRESENTATION_ITEM ( '' )  );
#839 = DIRECTION ( 'NONE',  ( 0.0000000000000000000, -1.000000000000000000, -0.0000000000000000000 ) ) ;
#840 = PRODUCT_RELATED_PRODUCT_CATEGORY ( 'detail', '', ( #2863 ) ) ;
#841 = ORIENTED_EDGE ( 'NONE', *, *, #9729, .T. ) ;
#842 = FACE_OUTER_BOUND ( 'NONE', #5475, .T. ) ;
#843 = EDGE_LOOP ( 'NONE', ( #4839, #1972, #3667, #6119 ) ) ;
#844 = EDGE_LOOP ( 'NONE', ( #4289, #6334 ) ) ;
#845 = ORIENTED_EDGE ( 'NONE', *, *, #10682, .F. ) ;
#846 = ORIENTED_EDGE ( 'NONE', *, *, #7457, .T. ) ;
#847 = APPROVAL_ROLE ( '' ) ;
#848 = CARTESIAN_POINT ( 'NONE',  ( -88.50000000000000000, 7.125000000000000000, 168.0000000000000000 ) ) ;
#849 = CARTESIAN_POINT ( 'NONE',  ( 73.50000000000000000, -1.999999999999964900, 17.00000000000000000 ) ) ;
#850 = DIRECTION ( 'NONE',  ( -1.000000000000000000, -1.387778780781445900E-016, 0.0000000000000000000 ) ) ;
#851 = DIRECTION ( 'NONE',  ( 0.0000000000000000000, 0.0000000000000000000, 1.000000000000000000 ) ) ;
#852 = CARTESIAN_POINT ( 'NONE',  ( 3.649999999999999500, 0.0000000000000000000, 1.499999999999996900 ) ) ;
#853 = CIRCLE ( 'NONE', #9735, 0.2000000000000000900 ) ;
#854 = CIRCLE ( 'NONE', #8981, 2.500000000000002200 ) ;
#855 = DIRECTION ( 'NONE',  ( -0.0000000000000000000, -0.0000000000000000000, 1.000000000000000000 ) ) ;
#856 = LOCAL_TIME ( 11, 17, 25.00000000000000000, #3154 ) ;
#857 = ORIENTED_EDGE ( 'NONE', *, *, #7753, .T. ) ;
#858 = EDGE_CURVE ( 'NONE', #832, #6893, #199, .T. ) ;
#859 = EDGE_CURVE ( 'NONE', #2675, #1256, #6043, .T. ) ;
#860 = CARTESIAN_POINT ( 'NONE',  ( -4.750000000000000000, 3.700000000000000200, 1.000000000000000000 ) ) ;
#861 = CARTESIAN_POINT ( 'NONE',  ( 3.189320328686090700, 1.838209251331119000, 1.499999999999996900 ) ) ;
#862 = CARTESIAN_POINT ( 'NONE',  ( 2.378146924196519900, 21.30000000000000100, 72.00000000000001400 ) ) ;
#863 = AXIS2_PLACEMENT_3D ( 'NONE', #3594, #6214, #1014 ) ;
#864 = DIRECTION ( 'NONE',  ( 1.000000000000000000, 0.0000000000000000000, 0.0000000000000000000 ) ) ;
#865 = VECTOR ( 'NONE', #3047, 1000.000000000000000 ) ;
#866 = CIRCLE ( 'NONE', #6565, 0.2000000000000000900 ) ;
#867 = EDGE_LOOP ( 'NONE', ( #6403, #3997, #2504, #6216 ) ) ;
#868 = CARTESIAN_POINT ( 'NONE',  ( -5.299999999999998900, 4.574999999999999300, 248.0000000000000000 ) ) ;
#869 = LINE ( 'NONE', #6259, #9857 ) ;
#870 = CYLINDRICAL_SURFACE ( 'NONE', #1517, 2.000000000000001800 ) ;
#871 = DIRECTION ( 'NONE',  ( -6.454785026890447800E-015, 1.000000000000000000, 0.0000000000000000000 ) ) ;
#872 = CARTESIAN_POINT ( 'NONE',  ( 6.250000000000000000, 12.50000000000000000, 248.0000000000000000 ) ) ;
#873 = CIRCLE ( 'NONE', #8192, 1.550000000000000300 ) ;
#874 = APPROVAL_PERSON_ORGANIZATION ( #3176, #4617, #10232 ) ;
#875 = AXIS2_PLACEMENT_3D ( 'NONE', #10150, #4917, #11015 ) ;
#876 = ORIENTED_EDGE ( 'NONE', *, *, #1123, .T. ) ;
#877 = FACE_OUTER_BOUND ( 'NONE', #2581, .T. ) ;
#878 = FACE_OUTER_BOUND ( 'NONE', #8735, .T. ) ;
#879 = VERTEX_POINT ( 'NONE', #3943 ) ;
#880 = CARTESIAN_POINT ( 'NONE',  ( -86.50000000000001400, 3.500000000000000000, 185.0000000000000000 ) ) ;
#881 = DIRECTION ( 'NONE',  ( -1.000000000000000000, 6.071532165918830700E-016, 0.0000000000000000000 ) ) ;
#882 = LINE ( 'NONE', #8977, #9867 ) ;
#883 = APPROVAL_STATUS ( 'not_yet_approved' ) ;
#884 = DIRECTION ( 'NONE',  ( 1.000000000000000000, 0.0000000000000000000, -3.491481338843135300E-015 ) ) ;
#885 = CARTESIAN_POINT ( 'NONE',  ( -0.4999999999999977200, -2.356332379780691400, 2.943331757292034600 ) ) ;
#886 = CARTESIAN_POINT ( 'NONE',  ( -2.243095548590674900, 2.918783954071125600, 0.5000000000000000000 ) ) ;
#887 = APPROVAL_DATE_TIME ( #3186, #9753 ) ;
#888 = DIRECTION ( 'NONE',  ( 0.0000000000000000000, 0.0000000000000000000, 1.000000000000000000 ) ) ;
#889 = ORIENTED_EDGE ( 'NONE', *, *, #9463, .T. ) ;
#890 = AXIS2_PLACEMENT_3D ( 'NONE', #8375, #10162, #4052 ) ;
#891 = FACE_OUTER_BOUND ( 'NONE', #3788, .T. ) ;
#892 = LINE ( 'NONE', #7054, #7544 ) ;
#893 = PERSON ( 'NAUO-PER6', 'UNSPECIFIED', 'UNSPECIFIED', ('UNSPECIFIED'), ('UNSPECIFIED'), ('UNSPECIFIED') ) ;
#894 = VECTOR ( 'NONE', #368, 1000.000000000000000 ) ;
#895 = EDGE_LOOP ( 'NONE', ( #9685, #5898, #4154, #7767 ) ) ;
#896 = VERTEX_POINT ( 'NONE', #10921 ) ;
#897 = CARTESIAN_POINT ( 'NONE',  ( 6.250000000000000000, 0.0000000000000000000, 72.00000000000001400 ) ) ;
#898 = CARTESIAN_POINT ( 'NONE',  ( 0.0000000000000000000, -8.325000000000001100, 248.0000000000000000 ) ) ;
#899 = CARTESIAN_POINT ( 'NONE',  ( -3.649999999999999500, 0.4777838534843585300, 1.499999999999996900 ) ) ;
#900 = DIRECTION ( 'NONE',  ( -1.000000000000000000, 0.0000000000000000000, 0.0000000000000000000 ) ) ;
#901 = CYLINDRICAL_SURFACE ( 'NONE', #2548, 2.500000000000002200 ) ;
#902 = DIRECTION ( 'NONE',  ( 0.0000000000000000000, 1.000000000000000000, 0.0000000000000000000 ) ) ;
#903 = CARTESIAN_POINT ( 'NONE',  ( 3.449999999999999700, -3.700000000000000200, 3.000000000000000000 ) ) ;
#904 = LINE ( 'NONE', #8693, #7851 ) ;
#905 = ORIENTED_EDGE ( 'NONE', *, *, #10377, .F. ) ;
#906 = ORIENTED_EDGE ( 'NONE', *, *, #4093, .F. ) ;
#907 = CC_DESIGN_PERSON_AND_ORGANIZATION_ASSIGNMENT ( #10863, #4564, ( #9870 ) ) ;
#908 = CARTESIAN_POINT ( 'NONE',  ( 3.025751002451789500, -2.912149102440375200, 0.5000000000005097000 ) ) ;
#909 = AXIS2_PLACEMENT_3D ( 'NONE', #7055, #1003, #6206 ) ;
#910 = APPROVAL ( #11233, 'UNKNOWN' ) ;
#911 = LINE ( 'NONE', #7164, #9459 ) ;
#912 = CARTESIAN_POINT ( 'NONE',  ( -73.50000000000000000, 2.168404344971008900E-016, 168.0000000000000000 ) ) ;
#913 = ORIENTED_EDGE ( 'NONE', *, *, #491, .T. ) ;
#914 = CARTESIAN_POINT ( 'NONE',  ( 6.250000000000000000, -16.82499999999999900, 72.00000000000001400 ) ) ;
#915 = ORIENTED_EDGE ( 'NONE', *, *, #2452, .F. ) ;
#916 = DATE_AND_TIME ( #3214, #5532 ) ;
#917 = ORIENTED_EDGE ( 'NONE', *, *, #6462, .F. ) ;
#918 = CARTESIAN_POINT ( 'NONE',  ( 6.250000000000000000, 5.875000000000000000, 248.0000000000000000 ) ) ;
#919 = CYLINDRICAL_SURFACE ( 'NONE', #2784, 2.500000000000002200 ) ;
#920 = SECURITY_CLASSIFICATION_LEVEL ( 'unclassified' ) ;
#921 = EDGE_LOOP ( 'NONE', ( #6135, #6013, #10991, #1391 ) ) ;
#922 = CARTESIAN_POINT ( 'NONE',  ( 6.250000000000000000, 20.89999999999999900, 72.00000000000001400 ) ) ;
#923 = DIRECTION ( 'NONE',  ( -3.491481338843135300E-015, 0.0000000000000000000, -1.000000000000000000 ) ) ;
#924 = CARTESIAN_POINT ( 'NONE',  ( 2.597213602994114200, -1.772493499892661800, -0.5000000000000003300 ) ) ;
#925 = CARTESIAN_POINT ( 'NONE',  ( 0.4777838534843650300, -3.649999999999999900, 0.5000000000000000000 ) ) ;
#926 = DIRECTION ( 'NONE',  ( 0.0000000000000000000, -0.0000000000000000000, -1.000000000000000000 ) ) ;
#927 = EDGE_CURVE ( 'NONE', #4961, #3765, #1709, .T. ) ;
#928 = EDGE_CURVE ( 'NONE', #4161, #4260, #4277, .T. ) ;
#929 = CALENDAR_DATE ( 2023, 9, 11 ) ;
#930 = CARTESIAN_POINT ( 'NONE',  ( -88.31999999999999300, -34.75000000000000000, 0.0000000000000000000 ) ) ;
#931 = ORIENTED_EDGE ( 'NONE', *, *, #5622, .T. ) ;
#932 = VECTOR ( 'NONE', #1844, 1000.000000000000000 ) ;
#933 = ORIENTED_EDGE ( 'NONE', *, *, #10472, .F. ) ;
#934 = VERTEX_POINT ( 'NONE', #3127 ) ;
#935 = PLANE ( 'NONE',  #7881 ) ;
#936 = CARTESIAN_POINT ( 'NONE',  ( -0.3999999999999998600, -4.649999999999999500, 248.0000000000000000 ) ) ;
#937 = DIRECTION ( 'NONE',  ( 1.000000000000000000, 0.0000000000000000000, 0.0000000000000000000 ) ) ;
#938 = CARTESIAN_POINT ( 'NONE',  ( -0.9553797779113734100, -3.555000269839351900, 0.5000000000000000000 ) ) ;
#939 = EDGE_CURVE ( 'NONE', #3785, #6973, #5750, .T. ) ;
#940 = LOCAL_TIME ( 11, 17, 25.00000000000000000, #3238 ) ;
#941 = CARTESIAN_POINT ( 'NONE',  ( 6.250000000000000000, -5.875000000000000000, 72.00000000000001400 ) ) ;
#942 = AXIS2_PLACEMENT_3D ( 'NONE', #8300, #3096, #9191 ) ;
#943 = EDGE_CURVE ( 'NONE', #3296, #2707, #10412, .T. ) ;
#944 = CARTESIAN_POINT ( 'NONE',  ( -90.00000000000000000, 25.37500000000001100, 17.00000000000000000 ) ) ;
#945 = AXIS2_PLACEMENT_3D ( 'NONE', #10353, #5130, #11237 ) ;
#946 = CARTESIAN_POINT ( 'NONE',  ( 2.449999999999999700, -1.025000000000002600, 71.99899999999999500 ) ) ;
#947 = CARTESIAN_POINT ( 'NONE',  ( 86.50000000000001400, 3.500000000000000000, 185.0000000000000000 ) ) ;
#948 = ORIENTED_EDGE ( 'NONE', *, *, #9744, .F. ) ;
#949 = ORIENTED_EDGE ( 'NONE', *, *, #338, .T. ) ;
#950 = CARTESIAN_POINT ( 'NONE',  ( -0.9553797779113718500, 3.555000269839352800, 0.5000000000000001100 ) ) ;
#951 = AXIS2_PLACEMENT_3D ( 'NONE', #11203, #5968, #797 ) ;
#952 = CARTESIAN_POINT ( 'NONE',  ( 2.059984127722460000E-015, -9.599999999999999600, -1.510173831053895000 ) ) ;
#953 = ORIENTED_EDGE ( 'NONE', *, *, #10098, .T. ) ;
#954 = ORIENTED_EDGE ( 'NONE', *, *, #8580, .T. ) ;
#955 = CARTESIAN_POINT ( 'NONE',  ( -3.337849213179401100, -17.95000000000001700, 248.0000000000000000 ) ) ;
#956 = APPLICATION_CONTEXT ( 'configuration controlled 3d designs of mechanical parts and assemblies' ) ;
#957 = CARTESIAN_POINT ( 'NONE',  ( 3.750000000000000000, 6.474999999999999600, 72.00000000000001400 ) ) ;
#958 = ORIENTED_EDGE ( 'NONE', *, *, #10766, .T. ) ;
#959 = CARTESIAN_POINT ( 'NONE',  ( 3.649999999999999900, 4.469960816887839400E-016, 1.500000000000000000 ) ) ;
#960 = CARTESIAN_POINT ( 'NONE',  ( -88.49999999999998600, 27.52500000000000200, 17.00000000000000000 ) ) ;
#961 = PERSON ( 'NAUO-PER19', 'UNSPECIFIED', 'UNSPECIFIED', ('UNSPECIFIED'), ('UNSPECIFIED'), ('UNSPECIFIED') ) ;
#962 = DIRECTION ( 'NONE',  ( 0.0000000000000000000, 0.0000000000000000000, 1.000000000000000000 ) ) ;
#963 = EDGE_CURVE ( 'NONE', #7901, #712, #1426, .T. ) ;
#964 = ORIENTED_EDGE ( 'NONE', *, *, #58, .F. ) ;
#965 = EDGE_CURVE ( 'NONE', #7155, #2667, #10133, .T. ) ;
#966 = CIRCLE ( 'NONE', #8034, 0.2000000000000000900 ) ;
#967 = ORIENTED_EDGE ( 'NONE', *, *, #3652, .F. ) ;
#968 = AXIS2_PLACEMENT_3D ( 'NONE', #4365, #10469, #5245 ) ;
#969 = VERTEX_POINT ( 'NONE', #6623 ) ;
#970 = AXIS2_PLACEMENT_3D ( 'NONE', #3198, #9287, #4051 ) ;
#971 = ORIENTED_EDGE ( 'NONE', *, *, #6024, .F. ) ;
#972 = DIRECTION ( 'NONE',  ( 6.071532165918830700E-016, -1.000000000000000000, 0.0000000000000000000 ) ) ;
#973 = CARTESIAN_POINT ( 'NONE',  ( -0.5999999999999999800, -10.42500000000000100, 72.00000000000001400 ) ) ;
#974 = CARTESIAN_POINT ( 'NONE',  ( 88.50000000000000000, 7.125000000000000000, 17.00000000000000000 ) ) ;
#975 = EDGE_CURVE ( 'NONE', #8548, #4426, #882, .T. ) ;
#976 = EDGE_CURVE ( 'NONE', #9486, #6755, #3184, .T. ) ;
#977 = FACE_OUTER_BOUND ( 'NONE', #7367, .T. ) ;
#978 = ORIENTED_EDGE ( 'NONE', *, *, #9520, .T. ) ;
#979 = ORIENTED_EDGE ( 'NONE', *, *, #8570, .T. ) ;
#980 = ORIENTED_EDGE ( 'NONE', *, *, #790, .T. ) ;
#981 = LINE ( 'NONE', #9382, #7642 ) ;
#982 = APPROVAL_DATE_TIME ( #3287, #2812 ) ;
#983 = DIRECTION ( 'NONE',  ( 0.0000000000000000000, 0.0000000000000000000, 1.000000000000000000 ) ) ;
#984 = CC_DESIGN_PERSON_AND_ORGANIZATION_ASSIGNMENT ( #5640, #9225, ( #8550 ) ) ;
#985 = EDGE_CURVE ( 'NONE', #6638, #8658, #3463, .T. ) ;
#986 = VECTOR ( 'NONE', #5508, 1000.000000000000000 ) ;
#987 = ORIENTED_EDGE ( 'NONE', *, *, #1512, .F. ) ;
#988 = VECTOR ( 'NONE', #2156, 1000.000000000000000 ) ;
#989 = ADVANCED_FACE ( 'NONE', ( #5223 ), #3779, .T. ) ;
#990 = LOCAL_TIME ( 11, 17, 25.00000000000000000, #3300 ) ;
#991 = CYLINDRICAL_SURFACE ( 'NONE', #10280, 0.4000000000000001900 ) ;
#992 = APPROVAL_ROLE ( '' ) ;
#993 = CARTESIAN_POINT ( 'NONE',  ( 5.850000000000001400, -19.67500000000000100, 248.0000000000000000 ) ) ;
#994 = ORIENTED_EDGE ( 'NONE', *, *, #3244, .F. ) ;
#995 = LINE ( 'NONE', #4927, #5335 ) ;
#996 = CARTESIAN_POINT ( 'NONE',  ( -3.449999999999999700, 3.700000000000000200, 1.000000000000000000 ) ) ;
#997 = VECTOR ( 'NONE', #10287, 1000.000000000000000 ) ;
#998 = DIRECTION ( 'NONE',  ( -1.000000000000000000, -0.0000000000000000000, 0.0000000000000000000 ) ) ;
#999 = CYLINDRICAL_SURFACE ( 'NONE', #6798, 0.2000000000000000900 ) ;
#1000 = CALENDAR_DATE ( 2023, 9, 11 ) ;
#1001 = EDGE_CURVE ( 'NONE', #6683, #9216, #9613, .T. ) ;
#1002 = ORIENTED_EDGE ( 'NONE', *, *, #3259, .T. ) ;
#1003 = DIRECTION ( 'NONE',  ( 0.0000000000000000000, 0.0000000000000000000, 1.000000000000000000 ) ) ;
#1005 = DIRECTION ( 'NONE',  ( -1.000000000000000000, -0.0000000000000000000, 0.0000000000000000000 ) ) ;
#1004 = AXIS2_PLACEMENT_3D ( 'NONE', #1472, #7553, #2350 ) ;
#1006 = LINE ( 'NONE', #5035, #3044 ) ;
#1007 = CARTESIAN_POINT ( 'NONE',  ( -3.600000000000000500, 0.0000000000000000000, 72.00000000000001400 ) ) ;
#1008 = DIRECTION ( 'NONE',  ( 0.0000000000000000000, 0.0000000000000000000, 1.000000000000000000 ) ) ;
#1009 = DIRECTION ( 'NONE',  ( -0.0000000000000000000, -1.000000000000000000, -0.0000000000000000000 ) ) ;
#1010 = VERTEX_POINT ( 'NONE', #8176 ) ;
#1011 = FACE_OUTER_BOUND ( 'NONE', #1601, .T. ) ;
#1012 = CARTESIAN_POINT ( 'NONE',  ( -88.50000000000000000, 0.1499999999999785900, 185.0000000000000000 ) ) ;
#1013 = DATE_AND_TIME ( #2305, #4596 ) ;
#1014 = DIRECTION ( 'NONE',  ( 0.0000000000000000000, -0.0000000000000000000, 1.000000000000000000 ) ) ;
#1015 = ORIENTED_EDGE ( 'NONE', *, *, #8791, .F. ) ;
#1016 = CYLINDRICAL_SURFACE ( 'NONE', #4133, 0.4000000000000001900 ) ;
#1017 = CARTESIAN_POINT ( 'NONE',  ( -3.600000000000000500, 0.0000000000000000000, 248.0000000000000000 ) ) ;
#1018 = VECTOR ( 'NONE', #2455, 1000.000000000000000 ) ;
#1019 = ORIENTED_EDGE ( 'NONE', *, *, #5783, .F. ) ;
#1020 = DIRECTION ( 'NONE',  ( -7.610399765575671300E-015, -1.000000000000000000, 0.0000000000000000000 ) ) ;
#1021 = VECTOR ( 'NONE', #5487, 1000.000000000000000 ) ;
#1022 = AXIS2_PLACEMENT_3D ( 'NONE', #10429, #5195, #2 ) ;
#1023 = CONTEXT_DEPENDENT_SHAPE_REPRESENTATION ( #1379, #9028 ) ;
#1024 = CARTESIAN_POINT ( 'NONE',  ( -88.31999999999999300, -34.75000000000000000, 0.0000000000000000000 ) ) ;
#1025 = FACE_OUTER_BOUND ( 'NONE', #3004, .T. ) ;
#1026 = DIRECTION ( 'NONE',  ( 1.000000000000000000, 0.0000000000000000000, 0.0000000000000000000 ) ) ;
#1027 = CIRCLE ( 'NONE', #8682, 0.4000000000000001900 ) ;
#1028 = VECTOR ( 'NONE', #10253, 1000.000000000000000 ) ;
#1029 = ORIENTED_EDGE ( 'NONE', *, *, #170, .T. ) ;
#1030 = MECHANICAL_CONTEXT ( 'NONE', #86, 'mechanical' ) ;
#1031 = ORIENTED_EDGE ( 'NONE', *, *, #6968, .F. ) ;
#1032 = CARTESIAN_POINT ( 'NONE',  ( 90.00000000000000000, 3.500000000000000000, 0.0000000000000000000 ) ) ;
#1033 = CARTESIAN_POINT ( 'NONE',  ( -2.469696603668793500, -1.599999999999999900, -0.3880704650277174200 ) ) ;
#1034 = CARTESIAN_POINT ( 'NONE',  ( -3.600000000000000100, 3.824999999999999700, 248.0000000000000000 ) ) ;
#1035 = DIRECTION ( 'NONE',  ( 0.0000000000000000000, 0.0000000000000000000, 1.000000000000000000 ) ) ;
#1036 = AXIS2_PLACEMENT_3D ( 'NONE', #4388, #6148, #2664 ) ;
#1037 = AXIS2_PLACEMENT_3D ( 'NONE', #4614, #8974, #9847 ) ;
#1038 = ADVANCED_BREP_SHAPE_REPRESENTATION ( '', ( #4370, #7819 ), #10144 ) ;
#1039 = ORIENTED_EDGE ( 'NONE', *, *, #2943, .F. ) ;
#1040 = DIRECTION ( 'NONE',  ( -0.0000000000000000000, -0.0000000000000000000, 1.000000000000000000 ) ) ;
#1041 = EDGE_CURVE ( 'NONE', #7909, #5983, #7536, .T. ) ;
#1042 = EDGE_CURVE ( 'NONE', #5265, #4867, #7271, .T. ) ;
#1043 = EDGE_LOOP ( 'NONE', ( #5064, #11133, #10892, #1255 ) ) ;
#1044 = ORIENTED_EDGE ( 'NONE', *, *, #4041, .T. ) ;
#1045 = DIRECTION ( 'NONE',  ( 0.0000000000000000000, 0.0000000000000000000, -1.000000000000000000 ) ) ;
#1046 = CARTESIAN_POINT ( 'NONE',  ( 0.4777838534843649700, -3.649999999999999500, 1.499999999999996900 ) ) ;
#1047 = ORIENTED_EDGE ( 'NONE', *, *, #8072, .T. ) ;
#1048 = CALENDAR_DATE ( 2023, 9, 11 ) ;
#1049 = DIRECTION ( 'NONE',  ( 6.071532165918830700E-016, -1.000000000000000000, 0.0000000000000000000 ) ) ;
#1050 = CARTESIAN_POINT ( 'NONE',  ( 0.5999999999999999800, -3.625000000000000000, 72.00000000000001400 ) ) ;
#1051 = DIRECTION ( 'NONE',  ( 0.0000000000000000000, 0.0000000000000000000, -1.000000000000000000 ) ) ;
#1052 = ADVANCED_FACE ( 'NONE', ( #6999 ), #68, .F. ) ;
#1053 = VECTOR ( 'NONE', #9127, 1000.000000000000000 ) ;
#1054 = ORIENTED_EDGE ( 'NONE', *, *, #859, .T. ) ;
#1055 = CC_DESIGN_APPROVAL ( #461, ( #10020 ) ) ;
#1056 = DIRECTION ( 'NONE',  ( 0.0000000000000000000, 0.0000000000000000000, 1.000000000000000000 ) ) ;
#1057 = PLANE ( 'NONE',  #2615 ) ;
#1058 = LOCAL_TIME ( 11, 17, 25.00000000000000000, #3363 ) ;
#1059 = CC_DESIGN_PERSON_AND_ORGANIZATION_ASSIGNMENT ( #10784, #2673, ( #9441 ) ) ;
#1060 = CARTESIAN_POINT ( 'NONE',  ( 3.750000000000000000, 13.57500000000000300, 71.99899999999999500 ) ) ;
#1061 = VERTEX_POINT ( 'NONE', #1254 ) ;
#1062 = VECTOR ( 'NONE', #530, 1000.000000000000000 ) ;
#1063 = DIRECTION ( 'NONE',  ( -0.0000000000000000000, -0.0000000000000000000, -1.000000000000000000 ) ) ;
#1064 = EDGE_LOOP ( 'NONE', ( #6720, #3546, #5177, #2758 ) ) ;
#1065 = LINE ( 'NONE', #652, #10047 ) ;
#1066 = EDGE_LOOP ( 'NONE', ( #3898, #5985 ) ) ;
#1067 = CARTESIAN_POINT ( 'NONE',  ( 6.250000000000000000, 9.525000000000000400, 72.00000000000001400 ) ) ;
#1068 = PERSON_AND_ORGANIZATION ( #9810, #4463 ) ;
#1069 = CARTESIAN_POINT ( 'NONE',  ( -86.50000000000001400, 3.500000000000000000, 185.0000000000000000 ) ) ;
#1070 = PRODUCT_DEFINITION_SHAPE ( 'NONE', 'NONE',  #11294 ) ;
#1071 = CARTESIAN_POINT ( 'NONE',  ( 1.250000000000000000, -7.300770222279489800E-032, -8.000000000000000000 ) ) ;
#1072 = CONICAL_SURFACE ( 'NONE', #9181, 6.248815809051677700, 0.06556246515474592500 ) ;
#1073 = VERTEX_POINT ( 'NONE', #7329 ) ;
#1074 = EDGE_CURVE ( 'NONE', #10464, #1873, #4671, .T. ) ;
#1075 = AXIS2_PLACEMENT_3D ( 'NONE', #4468, #10571, #5343 ) ;
#1076 = ORIENTED_EDGE ( 'NONE', *, *, #9031, .T. ) ;
#1077 = CARTESIAN_POINT ( 'NONE',  ( 3.750000000000000000, 13.77500000000000000, 72.00000000000001400 ) ) ;
#1078 = PERSON_AND_ORGANIZATION ( #9810, #4463 ) ;
#1079 = DIRECTION ( 'NONE',  ( -0.0000000000000000000, -0.0000000000000000000, -1.000000000000000000 ) ) ;
#1080 = DIRECTION ( 'NONE',  ( 1.000000000000000000, 0.0000000000000000000, 0.0000000000000000000 ) ) ;
#1081 = CARTESIAN_POINT ( 'NONE',  ( 2.918783954071134900, 2.243095548590665200, 0.5000000000000000000 ) ) ;
#1082 = APPLICATION_PROTOCOL_DEFINITION ( 'international standard', 'config_control_design', 1994, #6274 ) ;
#1083 = CARTESIAN_POINT ( 'NONE',  ( 3.950000000000000200, -4.675000000000003400, 72.00000000000001400 ) ) ;
#1084 = DIRECTION ( 'NONE',  ( 1.000000000000000000, 0.0000000000000000000, 0.0000000000000000000 ) ) ;
#1085 = CARTESIAN_POINT ( 'NONE',  ( 0.5997501243938613300, 0.4609100473860151500, -8.000000000000000000 ) ) ;
#1086 = DIRECTION ( 'NONE',  ( 1.387778780781445900E-016, -1.000000000000000000, 0.0000000000000000000 ) ) ;
#1087 = CARTESIAN_POINT ( 'NONE',  ( 3.950000000000000200, 13.77500000000000000, 72.00000000000001400 ) ) ;
#1088 = EDGE_CURVE ( 'NONE', #2707, #6638, #335, .T. ) ;
#1089 = ORIENTED_EDGE ( 'NONE', *, *, #4423, .T. ) ;
#1090 = AXIS2_PLACEMENT_3D ( 'NONE', #11065, #3261, #9362 ) ;
#1091 = CARTESIAN_POINT ( 'NONE',  ( 6.250000000000000000, -11.97500000000000000, 72.00000000000001400 ) ) ;
#1092 = ORIENTED_EDGE ( 'NONE', *, *, #8995, .F. ) ;
#1093 = VERTEX_POINT ( 'NONE', #407 ) ;
#1094 = VECTOR ( 'NONE', #4049, 1000.000000000000000 ) ;
#1095 = ORIENTED_EDGE ( 'NONE', *, *, #4611, .T. ) ;
#1096 = DIRECTION ( 'NONE',  ( -1.000000000000000000, 0.0000000000000000000, 0.0000000000000000000 ) ) ;
#1097 = AXIS2_PLACEMENT_3D ( 'NONE', #2838, #1121, #7205 ) ;
#1098 = DIRECTION ( 'NONE',  ( 0.0000000000000000000, -0.0000000000000000000, -1.000000000000000000 ) ) ;
#1099 = ADVANCED_FACE ( 'NONE', ( #6719, #2377, #4398, #2102, #4935 ), #6484, .T. ) ;
#1100 = CARTESIAN_POINT ( 'NONE',  ( -3.600000000000000500, -3.225000000000000100, -0.001000000000000999900 ) ) ;
#1101 = CARTESIAN_POINT ( 'NONE',  ( -81.14999999999570000, -49.25000000000000000, 0.0000000000000000000 ) ) ;
#1102 = ORIENTED_EDGE ( 'NONE', *, *, #2309, .T. ) ;
#1103 = FACE_BOUND ( 'NONE', #1066, .T. ) ;
#1104 = ORIENTED_EDGE ( 'NONE', *, *, #3663, .F. ) ;
#1105 = ORIENTED_EDGE ( 'NONE', *, *, #7939, .F. ) ;
#1106 = VERTEX_POINT ( 'NONE', #5599 ) ;
#1107 = EDGE_LOOP ( 'NONE', ( #3225, #2883, #11145, #7747 ) ) ;
#1108 = DIRECTION ( 'NONE',  ( 0.0000000000000000000, 0.0000000000000000000, -1.000000000000000000 ) ) ;
#1109 = EDGE_CURVE ( 'NONE', #2667, #9434, #11081, .T. ) ;
#1110 = ADVANCED_FACE ( 'NONE', ( #4120 ), #9125, .T. ) ;
#1111 = CC_DESIGN_APPROVAL ( #535, ( #11264 ) ) ;
#1112 = CARTESIAN_POINT ( 'NONE',  ( -3.649999999999999900, -0.4777838534843580300, 0.5000000000000000000 ) ) ;
#1113 = PRODUCT ( 'Rail_v1', 'Rail_v1', '', ( #2002 ) ) ;
#1114 = APPROVAL_ROLE ( '' ) ;
#1115 = DIRECTION ( 'NONE',  ( 0.0000000000000000000, 0.0000000000000000000, 1.000000000000000000 ) ) ;
#1116 = AXIS2_PLACEMENT_3D ( 'NONE', #638, #6708, #1501 ) ;
#1117 = CARTESIAN_POINT ( 'NONE',  ( -90.00000000000000000, 7.125000000000000000, 17.00000000000000000 ) ) ;
#1118 = FACE_OUTER_BOUND ( 'NONE', #1956, .T. ) ;
#1119 = CARTESIAN_POINT ( 'NONE',  ( -0.5999999999999999800, 3.625000000000000000, 248.0000000000000000 ) ) ;
#1120 = CARTESIAN_POINT ( 'NONE',  ( 88.50000000000000000, 25.37500000000000000, 168.0000000000000000 ) ) ;
#1121 = DIRECTION ( 'NONE',  ( -1.000000000000000000, 0.0000000000000000000, 0.0000000000000000000 ) ) ;
#1122 = CARTESIAN_POINT ( 'NONE',  ( -0.7500000000000001100, -7.233910794848550300E-032, -8.000000000000000000 ) ) ;
#1123 = EDGE_CURVE ( 'NONE', #8787, #5235, #8491, .T. ) ;
#1124 = VECTOR ( 'NONE', #5133, 1000.000000000000000 ) ;
#1125 = CC_DESIGN_SECURITY_CLASSIFICATION ( #539, ( #11300 ) ) ;
#1126 = CONTEXT_DEPENDENT_SHAPE_REPRESENTATION ( #4, #4876 ) ;
#1127 = EDGE_CURVE ( 'NONE', #11263, #4243, #6452, .T. ) ;
#1128 = DIRECTION ( 'NONE',  ( -0.0000000000000000000, -0.0000000000000000000, -1.000000000000000000 ) ) ;
#1129 = VERTEX_POINT ( 'NONE', #3067 ) ;
#1130 = FACE_BOUND ( 'NONE', #3738, .T. ) ;
#1131 = CARTESIAN_POINT ( 'NONE',  ( -0.2000000000000000100, -14.50000000000000000, 65.07035354437189800 ) ) ;
#1132 = DIRECTION ( 'NONE',  ( 0.0000000000000000000, 1.000000000000000000, 0.0000000000000000000 ) ) ;
#1133 = VECTOR ( 'NONE', #30, 1000.000000000000000 ) ;
#1134 = APPROVAL ( #6730, 'UNKNOWN' ) ;
#1135 = ORGANIZATION ( 'NAUO-ORG14', 'UNSPECIFIED', 'UNSPECIFIED' ) ;
#1136 = EDGE_CURVE ( 'NONE', #8668, #4495, #8777, .T. ) ;
#1137 = EDGE_LOOP ( 'NONE', ( #10624, #621, #8825, #289 ) ) ;
#1138 = EDGE_CURVE ( 'NONE', #6599, #3744, #9971, .T. ) ;
#1139 = LINE ( 'NONE', #4585, #9601 ) ;
#1140 = DIRECTION ( 'NONE',  ( -3.776065042898665100E-035, 2.008366886175600200E-019, 1.000000000000000000 ) ) ;
#1141 = CYLINDRICAL_SURFACE ( 'NONE', #362, 2.500000000000000000 ) ;
#1142 = CIRCLE ( 'NONE', #5822, 0.2000000000000000900 ) ;
#1143 = DIRECTION ( 'NONE',  ( 0.0000000000000000000, 0.0000000000000000000, 1.000000000000000000 ) ) ;
#1144 = CALENDAR_DATE ( 2023, 9, 11 ) ;
#1145 = ORIENTED_EDGE ( 'NONE', *, *, #2974, .T. ) ;
#1146 = VECTOR ( 'NONE', #4397, 1000.000000000000000 ) ;
#1147 = FACE_OUTER_BOUND ( 'NONE', #1988, .T. ) ;
#1148 = VERTEX_POINT ( 'NONE', #4978 ) ;
#1149 = EDGE_CURVE ( 'NONE', #4574, #8787, #3851, .T. ) ;
#1150 = CARTESIAN_POINT ( 'NONE',  ( 2.295056100067587800, -1.600000000000000500, -1.499505866845163500 ) ) ;
#1151 = VECTOR ( 'NONE', #3976, 1000.000000000000000 ) ;
#1152 = CARTESIAN_POINT ( 'NONE',  ( -90.00000000000001400, 0.1499999999999786200, 0.0000000000000000000 ) ) ;
#1153 = AXIS2_PLACEMENT_3D ( 'NONE', #9081, #10810, #5580 ) ;
#1154 = DIRECTION ( 'NONE',  ( 1.000000000000000000, 0.0000000000000000000, 0.0000000000000000000 ) ) ;
#1155 = CARTESIAN_POINT ( 'NONE',  ( 3.189320328686184900, -1.838209251331140100, 0.5000000000000000000 ) ) ;
#1156 = DATE_AND_TIME ( #3469, #5753 ) ;
#1157 = PERSON_AND_ORGANIZATION_ROLE ( 'design_supplier' ) ;
#1158 = DIRECTION ( 'NONE',  ( -1.000000000000000000, 0.0000000000000000000, 0.0000000000000000000 ) ) ;
#1160 = AXIS2_PLACEMENT_3D ( 'NONE', #5292, #98, #10514 ) ;
#1159 = AXIS2_PLACEMENT_3D ( 'NONE', #993, #7068, #1879 ) ;
#1161 = CARTESIAN_POINT ( 'NONE',  ( -3.399999999999999900, 10.62500000000000000, 72.00000000000001400 ) ) ;
#1162 = DIRECTION ( 'NONE',  ( -0.0000000000000000000, 1.000000000000000000, 0.0000000000000000000 ) ) ;
#1163 = DIRECTION ( 'NONE',  ( -0.0000000000000000000, 1.000000000000000000, 0.0000000000000000000 ) ) ;
#1164 = DIRECTION ( 'NONE',  ( -6.454785026890447800E-015, -1.000000000000000000, 0.0000000000000000000 ) ) ;
#1165 = VERTEX_POINT ( 'NONE', #478 ) ;
#1166 = CIRCLE ( 'NONE', #1696, 2.000000000000001800 ) ;
#1167 = VECTOR ( 'NONE', #4376, 1000.000000000000000 ) ;
#1168 = ADVANCED_FACE ( 'NONE', ( #8232 ), #4101, .F. ) ;
#1169 = CIRCLE ( 'NONE', #449, 2.150000000000012800 ) ;
#1170 = VERTEX_POINT ( 'NONE', #11084 ) ;
#1171 = ORIENTED_EDGE ( 'NONE', *, *, #8156, .F. ) ;
#1172 = CARTESIAN_POINT ( 'NONE',  ( 5.850000000000001400, 17.22500000000000100, 71.99899999999999500 ) ) ;
#1173 = DIRECTION ( 'NONE',  ( -1.000000000000000000, 0.0000000000000000000, 0.0000000000000000000 ) ) ;
#1174 = DIRECTION ( 'NONE',  ( -0.0000000000000000000, 0.0000000000000000000, -1.000000000000000000 ) ) ;
#1175 = ORIENTED_EDGE ( 'NONE', *, *, #8927, .F. ) ;
#1176 = DIRECTION ( 'NONE',  ( 0.0000000000000000000, 1.000000000000000000, 0.0000000000000000000 ) ) ;
#1177 = CIRCLE ( 'NONE', #9772, 0.1999999999999999800 ) ;
#1178 = AXIS2_PLACEMENT_3D ( 'NONE', #7328, #4728, #10825 ) ;
#1179 = CARTESIAN_POINT ( 'NONE',  ( 0.5000000000000008900, -1.772609963075401800, -2.597313342352046500 ) ) ;
#1180 = VECTOR ( 'NONE', #9502, 1000.000000000000000 ) ;
#1181 = ORIENTED_EDGE ( 'NONE', *, *, #1317, .T. ) ;
#1182 = ADVANCED_FACE ( 'N', ( #5887 ), #2417, .T. ) ;
#1183 = ORIENTED_EDGE ( 'NONE', *, *, #8296, .T. ) ;
#1184 = CARTESIAN_POINT ( 'NONE',  ( 0.1963109229443079900, 0.7304795034938010900, -8.000000000000000000 ) ) ;
#1185 = B_SPLINE_CURVE_WITH_KNOTS ( 'NONE', 3,
 ( #6852, #7737, #2524, #8604, #3392, #9499, #4252, #10351, #5129, #11236, #6008, #820, #6897, #1690, #7773, #2569, #8649, #3423 ),
 .UNSPECIFIED., .F., .F.,
 ( 4, 2, 2, 2, 2, 2, 2, 2, 4 ),
 ( 0.0000000000000000000, 0.1250000000000020300, 0.2500000000000006700, 0.3750000000000024400, 0.5000000000000011100, 0.6250000000000011100, 0.7500000000000013300, 0.8750000000000000000, 1.000000000000000000 ),
 .UNSPECIFIED. ) ;
#1186 = DIRECTION ( 'NONE',  ( -9.436237713849988000E-020, 1.347634408217942900E-019, 1.000000000000000000 ) ) ;
#1187 = CYLINDRICAL_SURFACE ( 'NONE', #2345, 0.4000000000000001900 ) ;
#1188 = EDGE_LOOP ( 'NONE', ( #1658, #2933, #11138, #1703 ) ) ;
#1189 = CARTESIAN_POINT ( 'NONE',  ( 3.950000000000000200, -6.474999999999999600, 71.99899999999999500 ) ) ;
#1190 = VECTOR ( 'NONE', #7937, 1000.000000000000000 ) ;
#1191 = CARTESIAN_POINT ( 'NONE',  ( 90.00000000000000000, 7.125000000000000000, 165.8499999999999900 ) ) ;
#1192 = DESIGN_CONTEXT ( 'detailed design', #7313, 'design' ) ;
#1193 = AXIS2_PLACEMENT_3D ( 'NONE', #7695, #2480, #8565 ) ;
#1194 = EDGE_LOOP ( 'NONE', ( #2819, #4422, #3849, #613 ) ) ;
#1195 = AXIS2_PLACEMENT_3D ( 'NONE', #1960, #8051, #1084 ) ;
#1196 = PERSON_AND_ORGANIZATION ( #9810, #4463 ) ;
#1197 = ORIENTED_EDGE ( 'NONE', *, *, #7232, .T. ) ;
#1198 = CARTESIAN_POINT ( 'NONE',  ( 86.50000000000001400, 29.00000000000000000, 185.0000000000000000 ) ) ;
#1199 = EDGE_CURVE ( 'NONE', #6982, #7909, #10537, .T. ) ;
#1200 = DIRECTION ( 'NONE',  ( 1.000000000000000000, 6.071532165918830700E-016, 0.0000000000000000000 ) ) ;
#1201 = CYLINDRICAL_SURFACE ( 'NONE', #1036, 2.149999999999999000 ) ;
#1202 = ORIENTED_EDGE ( 'NONE', *, *, #5421, .T. ) ;
#1203 = EDGE_CURVE ( 'NONE', #32, #7591, #3589, .T. ) ;
#1204 = CARTESIAN_POINT ( 'NONE',  ( -90.00000000000000000, 25.37500000000001100, 17.00000000000000000 ) ) ;
#1205 = CARTESIAN_POINT ( 'NONE',  ( 0.0000000000000000000, 4.500000000000000900, 0.0000000000000000000 ) ) ;
#1206 = PERSON_AND_ORGANIZATION_ROLE ( 'creator' ) ;
#1207 = CARTESIAN_POINT ( 'NONE',  ( 1.145643923738960400, -4.000000000000000000, 0.5000000000000000000 ) ) ;
#1208 = DIRECTION ( 'NONE',  ( 0.0000000000000000000, -0.0000000000000000000, -1.000000000000000000 ) ) ;
#1209 = DIRECTION ( 'NONE',  ( 6.071532165918830700E-016, -1.000000000000000000, 0.0000000000000000000 ) ) ;
#1210 = DIRECTION ( 'NONE',  ( 1.000000000000000000, 0.0000000000000000000, 0.0000000000000000000 ) ) ;
#1211 = CARTESIAN_POINT ( 'NONE',  ( -2.721447687268485200, 17.94999999999999900, 248.0000000000000000 ) ) ;
#1212 = CARTESIAN_POINT ( 'NONE',  ( 3.750000000000000000, -4.474999999999999600, 72.00000000000001400 ) ) ;
#1213 = CARTESIAN_POINT ( 'NONE',  ( -86.50000000000001400, 31.00000000000000000, 0.0000000000000000000 ) ) ;
#1214 = DATE_AND_TIME ( #3511, #5801 ) ;
#1215 = DIRECTION ( 'NONE',  ( 0.0000000000000000000, -1.000000000000000000, -0.0000000000000000000 ) ) ;
#1216 = CC_DESIGN_APPROVAL ( #622, ( #39 ) ) ;
#1217 = ORIENTED_EDGE ( 'NONE', *, *, #3110, .T. ) ;
#1218 = CARTESIAN_POINT ( 'NONE',  ( 2.250000000000000400, 0.0000000000000000000, 72.00000000000001400 ) ) ;
#1219 = DIRECTION ( 'NONE',  ( 0.0000000000000000000, -1.000000000000000000, 0.0000000000000000000 ) ) ;
#1220 = FACE_OUTER_BOUND ( 'NONE', #2969, .T. ) ;
#1221 = EDGE_LOOP ( 'NONE', ( #6883, #1997, #1275, #8177 ) ) ;
#1222 = EDGE_CURVE ( 'NONE', #5171, #7911, #6174, .T. ) ;
#1223 = CARTESIAN_POINT ( 'NONE',  ( -0.4999999999999992800, -4.001000000000000300, -2.449489742783179700 ) ) ;
#1224 = CALENDAR_DATE ( 2023, 9, 11 ) ;
#1225 = DIRECTION ( 'NONE',  ( 1.000000000000000000, 0.0000000000000000000, -0.0000000000000000000 ) ) ;
#1226 = ADVANCED_FACE ( 'NONE', ( #1294 ), #3319, .T. ) ;
#1227 = CARTESIAN_POINT ( 'NONE',  ( -0.2159844817121068200, 1.649999999999998600, 1.500000000000000200 ) ) ;
#1228 = ORIENTED_EDGE ( 'NONE', *, *, #1909, .F. ) ;
#1229 = EDGE_CURVE ( 'NONE', #3754, #3622, #5620, .T. ) ;
#1230 = EDGE_CURVE ( 'NONE', #8799, #5033, #10260, .T. ) ;
#1231 = AXIS2_PLACEMENT_3D ( 'NONE', #4174, #7610, #2441 ) ;
#1232 = ORIENTED_EDGE ( 'NONE', *, *, #7385, .F. ) ;
#1233 = DIRECTION ( 'NONE',  ( -1.000000000000000000, 0.0000000000000000000, -0.0000000000000000000 ) ) ;
#1234 = VERTEX_POINT ( 'NONE', #5259 ) ;
#1235 = DIRECTION ( 'NONE',  ( 0.0000000000000000000, 0.0000000000000000000, -1.000000000000000000 ) ) ;
#1236 = ORIENTED_EDGE ( 'NONE', *, *, #1350, .F. ) ;
#1237 = ADVANCED_FACE ( 'NONE', ( #1011 ), #10478, .F. ) ;
#1238 = ORIENTED_EDGE ( 'NONE', *, *, #360, .F. ) ;
#1239 = PLANE ( 'NONE',  #1153 ) ;
#1240 = PERSON_AND_ORGANIZATION_ROLE ( 'design_owner' ) ;
#1241 = DIRECTION ( 'NONE',  ( 0.0000000000000000000, 0.0000000000000000000, -1.000000000000000000 ) ) ;
#1242 = DIRECTION ( 'NONE',  ( 0.0000000000000000000, 1.000000000000000000, 0.0000000000000000000 ) ) ;
#1243 = DIRECTION ( 'NONE',  ( 0.0000000000000000000, 0.0000000000000000000, 1.000000000000000000 ) ) ;
#1244 = PLANE ( 'NONE',  #11059 ) ;
#1245 = CARTESIAN_POINT ( 'NONE',  ( -4.500000000000000900, 17.94999999999999900, 248.0000000000000000 ) ) ;
#1246 = DIRECTION ( 'NONE',  ( 1.000000000000000000, 0.0000000000000000000, -0.0000000000000000000 ) ) ;
#1247 = CARTESIAN_POINT ( 'NONE',  ( 3.750000000000000000, 8.125000000000000000, 72.00000000000001400 ) ) ;
#1248 = CARTESIAN_POINT ( 'NONE',  ( -5.299999999999999800, 12.50000000000000000, 72.00000000000001400 ) ) ;
#1249 = EDGE_LOOP ( 'NONE', ( #240, #3805, #4114, #3498 ) ) ;
#1250 = PLANE ( 'NONE',  #1178 ) ;
#1251 = FACE_OUTER_BOUND ( 'NONE', #1043, .T. ) ;
#1252 = AXIS2_PLACEMENT_3D ( 'NONE', #1204, #7275, #2063 ) ;
#1253 = VERTEX_POINT ( 'NONE', #3520 ) ;
#1254 = CARTESIAN_POINT ( 'NONE',  ( -5.299999999999998900, -9.674999999999998900, 248.0000000000000000 ) ) ;
#1255 = ORIENTED_EDGE ( 'NONE', *, *, #4319, .T. ) ;
#1256 = VERTEX_POINT ( 'NONE', #6167 ) ;
#1257 = CARTESIAN_POINT ( 'NONE',  ( -2.449489742783178800, -1.599999999999999900, 0.5000000000000000000 ) ) ;
#1258 = LINE ( 'NONE', #2168, #9968 ) ;
#1259 = ORIENTED_EDGE ( 'NONE', *, *, #1681, .F. ) ;
#1260 = ORIENTED_EDGE ( 'NONE', *, *, #1127, .T. ) ;
#1261 = ORIENTED_EDGE ( 'NONE', *, *, #5655, .T. ) ;
#1262 = FACE_BOUND ( 'NONE', #3810, .T. ) ;
#1264 = CARTESIAN_POINT ( 'NONE',  ( 6.250000000000000000, 0.0000000000000000000, 72.00000000000001400 ) ) ;
#1263 = DATE_AND_TIME ( #3559, #5858 ) ;
#1265 = PLANE ( 'NONE',  #8096 ) ;
#1266 = VECTOR ( 'NONE', #6296, 1000.000000000000000 ) ;
#1267 = DIRECTION ( 'NONE',  ( 0.0000000000000000000, 1.000000000000000000, 0.0000000000000000000 ) ) ;
#1268 = VECTOR ( 'NONE', #4720, 1000.000000000000000 ) ;
#1269 = DIRECTION ( 'NONE',  ( 0.0000000000000000000, 0.0000000000000000000, 1.000000000000000000 ) ) ;
#1270 = COORDINATED_UNIVERSAL_TIME_OFFSET ( 1, 0, .AHEAD. ) ;
#1271 = CIRCLE ( 'NONE', #9128, 2.149999999999999000 ) ;
#1272 = CARTESIAN_POINT ( 'NONE',  ( 86.50000000000000000, 31.00000000000002100, 367.9104972384030200 ) ) ;
#1273 = CC_DESIGN_DATE_AND_TIME_ASSIGNMENT ( #10989, #8126, ( #103 ) ) ;
#1274 = DATE_TIME_ROLE ( 'classification_date' ) ;
#1275 = ORIENTED_EDGE ( 'NONE', *, *, #7382, .T. ) ;
#1276 = DIRECTION ( 'NONE',  ( 0.0000000000000000000, 0.0000000000000000000, 1.000000000000000000 ) ) ;
#1277 = CIRCLE ( 'NONE', #6104, 5.953361263601726300 ) ;
#1278 = CARTESIAN_POINT ( 'NONE',  ( 3.950000000000000200, 8.325000000000002800, 72.00000000000001400 ) ) ;
#1279 = DIRECTION ( 'NONE',  ( -0.0000000000000000000, -0.0000000000000000000, -1.000000000000000000 ) ) ;
#1280 = CARTESIAN_POINT ( 'NONE',  ( 3.950000000000000200, -10.12500000000000000, 248.0000000000000000 ) ) ;
#1281 = CARTESIAN_POINT ( 'NONE',  ( 6.250000000000000000, 0.0000000000000000000, 72.00000000000001400 ) ) ;
#1282 = CC_DESIGN_DATE_AND_TIME_ASSIGNMENT ( #2489, #4336, ( #10228 ) ) ;
#1283 = ADVANCED_FACE ( 'NONE', ( #7953 ), #3046, .F. ) ;
#1284 = LINE ( 'NONE', #10246, #7943 ) ;
#1285 = LINE ( 'NONE', #8691, #9727 ) ;
#1286 = CARTESIAN_POINT ( 'NONE',  ( 3.950000000000000200, -6.474999999999999600, 248.0000000000000000 ) ) ;
#1287 = ITEM_DEFINED_TRANSFORMATION ( 'NONE', 'NONE', #7594,  #7819 ) ;
#1288 = DIRECTION ( 'NONE',  ( 0.0000000000000000000, 0.0000000000000000000, 1.000000000000000000 ) ) ;
#1289 = DIRECTION ( 'NONE',  ( 0.0000000000000000000, 0.0000000000000000000, 1.000000000000000000 ) ) ;
#1290 = VECTOR ( 'NONE', #6338, 1000.000000000000000 ) ;
#1291 = DIRECTION ( 'NONE',  ( -0.0000000000000000000, -0.0000000000000000000, -1.000000000000000000 ) ) ;
#1292 = ORIENTED_EDGE ( 'NONE', *, *, #5320, .T. ) ;
#1293 = CARTESIAN_POINT ( 'NONE',  ( 4.750000000000000000, -3.700000000000000200, 3.000000000000000000 ) ) ;
#1294 = FACE_OUTER_BOUND ( 'NONE', #2031, .T. ) ;
#1295 = ORIENTED_EDGE ( 'NONE', *, *, #9135, .T. ) ;
#1296 = ADVANCED_FACE ( 'NONE', ( #1560 ), #2724, .F. ) ;
#1297 = PERSON_AND_ORGANIZATION ( #893, #3593 ) ;
#1298 = EDGE_CURVE ( 'NONE', #4593, #1666, #746, .T. ) ;
#1299 = EDGE_CURVE ( 'NONE', #3205, #5669, #7682, .T. ) ;
#1300 = VERTEX_POINT ( 'NONE', #4455 ) ;
#1301 = VECTOR ( 'NONE', #7233, 1000.000000000000000 ) ;
#1302 = CIRCLE ( 'NONE', #10939, 3.500000000000003100 ) ;
#1303 = ORIENTED_EDGE ( 'NONE', *, *, #10305, .F. ) ;
#1304 = CARTESIAN_POINT ( 'NONE',  ( -86.50000000000001400, 1.499999999999999100, 0.0000000000000000000 ) ) ;
#1305 = CYLINDRICAL_SURFACE ( 'NONE', #5225, 2.150000000000012800 ) ;
#1306 = DATE_AND_TIME ( #3602, #5904 ) ;
#1307 = FACE_OUTER_BOUND ( 'NONE', #6304, .T. ) ;
#1308 = FACE_OUTER_BOUND ( 'NONE', #258, .T. ) ;
#1309 = VECTOR ( 'NONE', #3926, 1000.000000000000000 ) ;
#1310 = PLANE ( 'NONE',  #4197 ) ;
#1311 = LINE ( 'NONE', #1788, #6601 ) ;
#1312 = ORIENTED_EDGE ( 'NONE', *, *, #5826, .F. ) ;
#1313 = AXIS2_PLACEMENT_3D ( 'NONE', #5215, #27, #6105 ) ;
#1314 = ORIENTED_EDGE ( 'NONE', *, *, #8625, .T. ) ;
#1315 = DIRECTION ( 'NONE',  ( 0.0000000000000000000, -0.0000000000000000000, -1.000000000000000000 ) ) ;
#1316 = APPROVAL_ROLE ( '' ) ;
#1317 = EDGE_CURVE ( 'NONE', #10758, #3610, #9743, .T. ) ;
#1318 = CARTESIAN_POINT ( 'NONE',  ( 5.850000000000001400, 1.025000000000000400, 71.99899999999999500 ) ) ;
#1319 = CARTESIAN_POINT ( 'NONE',  ( 85.64999999999548700, -20.25000000000000000, -0.0009999999999999161000 ) ) ;
#1320 = DIRECTION ( 'NONE',  ( 1.000000000000000000, 0.0000000000000000000, 0.0000000000000000000 ) ) ;
#1321 = CARTESIAN_POINT ( 'NONE',  ( 86.42000000000000200, -3.949999999999974400, 1.500000000000000000 ) ) ;
#1322 = ORIENTED_EDGE ( 'NONE', *, *, #408, .T. ) ;
#1323 = CARTESIAN_POINT ( 'NONE',  ( 1.092232985442822800, 0.6295237254636243400, -7.500000000000000900 ) ) ;
#1324 = EDGE_LOOP ( 'NONE', ( #8310, #5303, #6605, #931 ) ) ;
#1325 = CARTESIAN_POINT ( 'NONE',  ( 3.950000000000000200, 2.624999999999998700, 71.99899999999999500 ) ) ;
#1326 = VERTEX_POINT ( 'NONE', #7975 ) ;
#1327 = EDGE_LOOP ( 'NONE', ( #4890, #1104, #2747, #4148 ) ) ;
#1328 = DATE_AND_TIME ( #3623, #5926 ) ;
#1329 = AXIS2_PLACEMENT_3D ( 'NONE', #3824, #9942, #4708 ) ;
#1330 = ADVANCED_BREP_SHAPE_REPRESENTATION ( '', ( #551, #7819 ), #8392 ) ;
#1331 = CARTESIAN_POINT ( 'NONE',  ( 90.00000000000000000, 3.500000000000000000, 185.0000000000000000 ) ) ;
#1332 = FACE_OUTER_BOUND ( 'NONE', #6786, .T. ) ;
#1333 = VERTEX_POINT ( 'NONE', #7083 ) ;
#1334 = CALENDAR_DATE ( 2023, 9, 11 ) ;
#1335 = ADVANCED_FACE ( 'NONE', ( #5073 ), #11179, .T. ) ;
#1336 = VERTEX_POINT ( 'NONE', #1891 ) ;
#1337 = CIRCLE ( 'NONE', #8808, 2.149999999999999000 ) ;
#1338 = DIRECTION ( 'NONE',  ( 0.5735764363510511600, 0.8191520442889882500, -1.645157840493056600E-019 ) ) ;
#1339 = EDGE_LOOP ( 'NONE', ( #1565, #5537, #11171, #5757 ) ) ;
#1340 = VECTOR ( 'NONE', #9312, 1000.000000000000000 ) ;
#1341 = EDGE_CURVE ( 'NONE', #3765, #3001, #10001, .T. ) ;
#1342 = VERTEX_POINT ( 'NONE', #7720 ) ;
#1343 = EDGE_CURVE ( 'NONE', #3210, #4301, #9457, .T. ) ;
#1344 = PRODUCT_DEFINITION_FORMATION_WITH_SPECIFIED_SOURCE ( 'ANY', '', #8047, .NOT_KNOWN. ) ;
#1345 = AXIS2_PLACEMENT_3D ( 'NONE', #719, #5060, #11167 ) ;
#1346 = AXIS2_PLACEMENT_3D ( 'NONE', #8822, #3600, #9711 ) ;
#1347 = LOCAL_TIME ( 11, 17, 25.00000000000000000, #3644 ) ;
#1348 = EDGE_CURVE ( 'NONE', #2256, #32, #4803, .T. ) ;
#1349 = CARTESIAN_POINT ( 'NONE',  ( -4.899999999999999500, -9.274999999999998600, 72.00000000000001400 ) ) ;
#1350 = EDGE_CURVE ( 'NONE', #9828, #1920, #189, .T. ) ;
#1351 = ADVANCED_FACE ( 'NONE', ( #2237 ), #8901, .F. ) ;
#1352 = FACE_OUTER_BOUND ( 'NONE', #4428, .T. ) ;
#1353 = APPROVAL_STATUS ( 'not_yet_approved' ) ;
#1354 = DIRECTION ( 'NONE',  ( -1.000000000000000000, 0.0000000000000000000, -0.0000000000000000000 ) ) ;
#1355 = DIRECTION ( 'NONE',  ( -6.454785026890447800E-015, 1.000000000000000000, 0.0000000000000000000 ) ) ;
#1356 = DIRECTION ( 'NONE',  ( 6.071532165918830700E-016, 1.000000000000000000, 0.0000000000000000000 ) ) ;
#1357 = CARTESIAN_POINT ( 'NONE',  ( 88.50000000000000000, 7.125000000000000000, 165.8499999999999900 ) ) ;
#1358 = CARTESIAN_POINT ( 'NONE',  ( -2.897808140966101400, -2.253138510047346400, -0.4999999999999414900 ) ) ;
#1359 = DIRECTION ( 'NONE',  ( -0.0000000000000000000, -0.0000000000000000000, -1.000000000000000000 ) ) ;
#1360 = COORDINATED_UNIVERSAL_TIME_OFFSET ( 1, 0, .AHEAD. ) ;
#1361 = CC_DESIGN_SECURITY_CLASSIFICATION ( #779, ( #11293 ) ) ;
#1362 = CARTESIAN_POINT ( 'NONE',  ( -1.250000000000000400, 0.1636246173744679000, -7.500000000000000900 ) ) ;
#1363 = DIRECTION ( 'NONE',  ( -0.0000000000000000000, -0.0000000000000000000, -1.000000000000000000 ) ) ;
#1364 = EDGE_CURVE ( 'NONE', #3158, #11110, #9184, .T. ) ;
#1365 = CARTESIAN_POINT ( 'NONE',  ( 0.0000000000000000000, 13.57500000000000300, 248.0000000000000000 ) ) ;
#1366 = CARTESIAN_POINT ( 'NONE',  ( -3.799999999999999800, 9.475000000000001400, 72.00000000000001400 ) ) ;
#1367 = ORIENTED_EDGE ( 'NONE', *, *, #3691, .F. ) ;
#1368 = DIRECTION ( 'NONE',  ( 2.868245165298555100E-019, 0.0000000000000000000, 1.000000000000000000 ) ) ;
#1369 = EDGE_CURVE ( 'NONE', #344, #7911, #4528, .T. ) ;
#1370 = CARTESIAN_POINT ( 'NONE',  ( -0.5999999999999999800, 3.824999999999999700, -1.510173831053895000 ) ) ;
#1371 = VERTEX_POINT ( 'NONE', #6029 ) ;
#1372 = ORIENTED_EDGE ( 'NONE', *, *, #773, .T. ) ;
#1373 = ORIENTED_EDGE ( 'NONE', *, *, #6272, .F. ) ;
#1374 = AXIS2_PLACEMENT_3D ( 'NONE', #9528, #246, #6311 ) ;
#1375 = VERTEX_POINT ( 'NONE', #6918 ) ;
#1376 = LINE ( 'NONE', #8412, #3932 ) ;
#1377 = EDGE_LOOP ( 'NONE', ( #4268, #10307 ) ) ;
#1378 = AXIS2_PLACEMENT_3D ( 'NONE', #10779, #365, #6439 ) ;
#1379 =( REPRESENTATION_RELATIONSHIP ('NONE','NONE', #9710, #9640 ) REPRESENTATION_RELATIONSHIP_WITH_TRANSFORMATION ( #5385 )SHAPE_REPRESENTATION_RELATIONSHIP( ) );
#1380 = CARTESIAN_POINT ( 'NONE',  ( -2.242855901493495500, -4.000000000000000900, 1.512294949501321800 ) ) ;
#1381 = DIRECTION ( 'NONE',  ( 1.000000000000000000, 0.0000000000000000000, 0.0000000000000000000 ) ) ;
#1382 = CYLINDRICAL_SURFACE ( 'NONE', #2866, 2.500000000000002200 ) ;
#1383 = DIRECTION ( 'NONE',  ( -0.0000000000000000000, -0.0000000000000000000, -1.000000000000000000 ) ) ;
#1384 = ORIENTED_EDGE ( 'NONE', *, *, #8495, .F. ) ;
#1385 = CARTESIAN_POINT ( 'NONE',  ( -90.00000000000000000, 7.125000000000000000, 14.85000000000000100 ) ) ;
#1386 = CARTESIAN_POINT ( 'NONE',  ( -3.799999999999999800, 4.774999999999999500, 248.0000000000000000 ) ) ;
#1387 = DIRECTION ( 'NONE',  ( -0.0000000000000000000, -0.0000000000000000000, -1.000000000000000000 ) ) ;
#1388 = EDGE_LOOP ( 'NONE', ( #1728, #185 ) ) ;
#1389 = ORIENTED_EDGE ( 'NONE', *, *, #927, .T. ) ;
#1390 = CARTESIAN_POINT ( 'NONE',  ( -88.50000000000000000, 7.125000000000000000, 165.8499999999999900 ) ) ;
#1391 = ORIENTED_EDGE ( 'NONE', *, *, #3313, .T. ) ;
#1392 = LINE ( 'NONE', #9690, #5713 ) ;
#1393 = ADVANCED_FACE ( 'NONE', ( #10933 ), #1715, .T. ) ;
#1394 = DIRECTION ( 'NONE',  ( 0.0000000000000000000, -1.000000000000000000, 0.0000000000000000000 ) ) ;
#1395 = LINE ( 'NONE', #2669, #10100 ) ;
#1396 = DIRECTION ( 'NONE',  ( -0.0000000000000000000, -0.0000000000000000000, -1.000000000000000000 ) ) ;
#1397 = CARTESIAN_POINT ( 'NONE',  ( 6.250000000000000000, 0.0000000000000000000, 248.0000000000000000 ) ) ;
#1398 = FACE_BOUND ( 'NONE', #1588, .T. ) ;
#1399 = DATE_AND_TIME ( #3704, #6015 ) ;
#1400 = ADVANCED_FACE ( 'NONE', ( #1963 ), #3967, .T. ) ;
#1401 = ORIENTED_EDGE ( 'NONE', *, *, #10075, .T. ) ;
#1402 = AXIS2_PLACEMENT_3D ( 'NONE', #3053, #9148, #3910 ) ;
#1403 = FACE_OUTER_BOUND ( 'NONE', #11187, .T. ) ;
#1404 = CARTESIAN_POINT ( 'NONE',  ( 90.00000000000000000, 25.37500000000001100, 168.0000000000000000 ) ) ;
#1405 = EDGE_CURVE ( 'NONE', #5660, #6519, #6295, .T. ) ;
#1406 = CYLINDRICAL_SURFACE ( 'NONE', #4818, 1.000000000000000900 ) ;
#1407 = COORDINATED_UNIVERSAL_TIME_OFFSET ( 1, 0, .AHEAD. ) ;
#1408 = EDGE_CURVE ( 'NONE', #7079, #10632, #6572, .T. ) ;
#1409 = ORIENTED_EDGE ( 'NONE', *, *, #1558, .T. ) ;
#1410 = VECTOR ( 'NONE', #3604, 1000.000000000000000 ) ;
#1411 = CYLINDRICAL_SURFACE ( 'NONE', #11062, 2.250000000000001800 ) ;
#1412 = PLANE ( 'NONE',  #7727 ) ;
#1413 = FACE_OUTER_BOUND ( 'NONE', #8297, .T. ) ;
#1414 = PRODUCT_DEFINITION ( 'UNKNOWN', '', #4327, #7551 ) ;
#1415 = LOCAL_TIME ( 11, 17, 25.00000000000000000, #3720 ) ;
#1416 = CARTESIAN_POINT ( 'NONE',  ( 90.00000000000000000, 7.125000000000000000, 17.00000000000000000 ) ) ;
#1417 = CARTESIAN_POINT ( 'NONE',  ( -3.799999999999999800, 9.275000000000000400, -0.001000000000000999900 ) ) ;
#1418 = CARTESIAN_POINT ( 'NONE',  ( 3.750000000000000000, -13.77500000000000000, 72.00000000000001400 ) ) ;
#1419 = DIRECTION ( 'NONE',  ( 0.0000000000000000000, -0.0000000000000000000, -1.000000000000000000 ) ) ;
#1420 = CARTESIAN_POINT ( 'NONE',  ( -2.597213602994113300, -1.772493499892661600, 0.4999999999999997800 ) ) ;
#1421 = ORIENTED_EDGE ( 'NONE', *, *, #8132, .F. ) ;
#1422 = LINE ( 'NONE', #1773, #3724 ) ;
#1423 = VECTOR ( 'NONE', #10593, 1000.000000000000000 ) ;
#1424 = EDGE_LOOP ( 'NONE', ( #3478, #9894, #6844, #127 ) ) ;
#1425 = CARTESIAN_POINT ( 'NONE',  ( 0.6553397952731461200, 0.3777142256033324500, -8.000000000000000000 ) ) ;
#1426 = LINE ( 'NONE', #510, #7832 ) ;
#1427 = DIRECTION ( 'NONE',  ( 0.0000000000000000000, 0.0000000000000000000, -1.000000000000000000 ) ) ;
#1428 = DIRECTION ( 'NONE',  ( 0.0000000000000000000, -1.000000000000000000, -0.0000000000000000000 ) ) ;
#1429 = ORIENTED_EDGE ( 'NONE', *, *, #5582, .F. ) ;
#1430 = VECTOR ( 'NONE', #2072, 1000.000000000000000 ) ;
#1431 = EDGE_LOOP ( 'NONE', ( #967, #4899, #2486, #9648 ) ) ;
#1432 = LINE ( 'NONE', #5252, #7837 ) ;
#1433 = FACE_OUTER_BOUND ( 'NONE', #10829, .T. ) ;
#1434 = ORIENTED_EDGE ( 'NONE', *, *, #5321, .T. ) ;
#1435 = ORIENTED_EDGE ( 'NONE', *, *, #4151, .F. ) ;
#1436 = ORIENTED_EDGE ( 'NONE', *, *, #7232, .F. ) ;
#1437 = ADVANCED_FACE ( 'NONE', ( #1698 ), #627, .F. ) ;
#1438 = EDGE_CURVE ( 'NONE', #10728, #9748, #10667, .T. ) ;
#1439 = EDGE_CURVE ( 'NONE', #7452, #1170, #8635, .T. ) ;
#1440 = ORIENTED_EDGE ( 'NONE', *, *, #7673, .T. ) ;
#1441 = ADVANCED_FACE ( 'NONE', ( #8350 ), #4135, .T. ) ;
#1442 = CARTESIAN_POINT ( 'NONE',  ( 1.409462824231155800E-015, -5.049999999999999800, -1.510173831053895000 ) ) ;
#1443 = FACE_OUTER_BOUND ( 'NONE', #8145, .T. ) ;
#1444 = LINE ( 'NONE', #11240, #1180 ) ;
#1445 = VERTEX_POINT ( 'NONE', #6734 ) ;
#1446 = VERTEX_POINT ( 'NONE', #6779 ) ;
#1447 = EDGE_LOOP ( 'NONE', ( #3258, #8505, #4429, #8039 ) ) ;
#1448 =( BOUNDED_CURVE ( )  B_SPLINE_CURVE ( 2, ( #6760, #4119, #3298 ),
 .UNSPECIFIED., .F., .F. ) 
 B_SPLINE_CURVE_WITH_KNOTS ( ( 3, 3 ),
 ( 0.0000000000000000000, 1.000000000000000000 ),
 .UNSPECIFIED. ) 
 CURVE ( )  GEOMETRIC_REPRESENTATION_ITEM ( )  RATIONAL_B_SPLINE_CURVE ( ( 1.000000000000000000, 0.7071067811865480200, 1.000000000000000000 ) ) 
 REPRESENTATION_ITEM ( '' )  );
#1449 = CARTESIAN_POINT ( 'NONE',  ( 90.00000000000001400, 32.34999999999999400, 0.0000000000000000000 ) ) ;
#1450 = CIRCLE ( 'NONE', #1783, 0.2000000000000000900 ) ;
#1451 = VERTEX_POINT ( 'NONE', #1579 ) ;
#1452 = ADVANCED_FACE ( 'NONE', ( #11222 ), #1411, .F. ) ;
#1453 = PERSON_AND_ORGANIZATION_ROLE ( 'classification_officer' ) ;
#1454 = DIRECTION ( 'NONE',  ( 0.0000000000000000000, 0.0000000000000000000, 1.000000000000000000 ) ) ;
#1455 = CARTESIAN_POINT ( 'NONE',  ( -0.3999999999999999700, -3.824999999999999700, -0.001000000000000999900 ) ) ;
#1456 = CARTESIAN_POINT ( 'NONE',  ( -2.295053483194845700, -1.600000000000000100, 1.499506462899409500 ) ) ;
#1457 = CARTESIAN_POINT ( 'NONE',  ( -2.735483122786359200, -3.645797574289103800, 0.4999999999999496000 ) ) ;
#1458 = LOCAL_TIME ( 11, 17, 25.00000000000000000, #3762 ) ;
#1459 = CARTESIAN_POINT ( 'NONE',  ( -0.3777142256033259600, -0.6553397952731469000, -8.000000000000000000 ) ) ;
#1460 = FACE_OUTER_BOUND ( 'NONE', #8025, .T. ) ;
#1461 = ORIENTED_EDGE ( 'NONE', *, *, #4423, .F. ) ;
#1462 = DIRECTION ( 'NONE',  ( 0.0000000000000000000, 1.000000000000000000, 0.0000000000000000000 ) ) ;
#1463 = DIRECTION ( 'NONE',  ( 0.0000000000000000000, 0.0000000000000000000, 1.000000000000000000 ) ) ;
#1464 = CARTESIAN_POINT ( 'NONE',  ( 83.39999999999570000, -49.25000000000000000, -0.0009999999999999161000 ) ) ;
#1465 = AXIS2_PLACEMENT_3D ( 'NONE', #629, #11033, #9288 ) ;
#1466 = PERSON_AND_ORGANIZATION ( #9810, #4463 ) ;
#1467 = DIRECTION ( 'NONE',  ( 1.000000000000000000, 0.0000000000000000000, 0.0000000000000000000 ) ) ;
#1468 = EDGE_LOOP ( 'NONE', ( #1461, #9399 ) ) ;
#1469 = VECTOR ( 'NONE', #1419, 1000.000000000000000 ) ;
#1470 = VERTEX_POINT ( 'NONE', #4176 ) ;
#1471 = CARTESIAN_POINT ( 'NONE',  ( -0.4609100473859850100, -0.5997501243938361300, -8.000000000000000000 ) ) ;
#1472 = CARTESIAN_POINT ( 'NONE',  ( 0.0000000000000000000, 0.0000000000000000000, 0.0000000000000000000 ) ) ;
#1473 = PERSON_AND_ORGANIZATION ( #9810, #4463 ) ;
#1474 = DIRECTION ( 'NONE',  ( 0.0000000000000000000, 0.0000000000000000000, -1.000000000000000000 ) ) ;
#1475 = SECURITY_CLASSIFICATION ( '', '', #10659 ) ;
#1476 = AXIS2_PLACEMENT_3D ( 'NONE', #1117, #7200, #2004 ) ;
#1477 = CC_DESIGN_APPROVAL ( #910, ( #11021 ) ) ;
#1478 = ORIENTED_EDGE ( 'NONE', *, *, #2585, .T. ) ;
#1479 = DATE_TIME_ROLE ( 'classification_date' ) ;
#1480 = DIRECTION ( 'NONE',  ( 6.071532165918830700E-016, 1.000000000000000000, 0.0000000000000000000 ) ) ;
#1481 =( LENGTH_UNIT ( ) NAMED_UNIT ( * ) SI_UNIT ( .MILLI., .METRE. ) );
#1482 = DIRECTION ( 'NONE',  ( -1.000000000000000000, -1.387778780781445900E-016, 0.0000000000000000000 ) ) ;
#1483 = DIRECTION ( 'NONE',  ( 0.0000000000000000000, 0.0000000000000000000, -1.000000000000000000 ) ) ;
#1484 = CARTESIAN_POINT ( 'NONE',  ( -4.899999999999999500, 9.674999999999998900, 72.00000000000001400 ) ) ;
#1485 = CARTESIAN_POINT ( 'NONE',  ( -88.50000000000009900, 3.500000000000007500, 185.0000000000000000 ) ) ;
#1486 = CARTESIAN_POINT ( 'NONE',  ( 2.059984127722459200E-015, -9.199999999999999300, 72.00000000000001400 ) ) ;
#1487 = CARTESIAN_POINT ( 'NONE',  ( 6.250000000000000000, -13.57500000000000300, 72.00000000000001400 ) ) ;
#1488 = DIRECTION ( 'NONE',  ( -1.000000000000000000, 0.0000000000000000000, 0.0000000000000000000 ) ) ;
#1489 = ADVANCED_FACE ( 'NONE', ( #3716 ), #1141, .T. ) ;
#1490 = ORIENTED_EDGE ( 'NONE', *, *, #3489, .F. ) ;
#1491 = ORIENTED_EDGE ( 'NONE', *, *, #4418, .F. ) ;
#1492 = CARTESIAN_POINT ( 'NONE',  ( -0.6295237093388905700, 1.092232992121914000, -7.999999999999994700 ) ) ;
#1493 = ORIENTED_EDGE ( 'NONE', *, *, #11041, .F. ) ;
#1494 = CARTESIAN_POINT ( 'NONE',  ( -90.00000000000000000, 32.50000000000000000, 185.0000000000000000 ) ) ;
#1495 = ORIENTED_EDGE ( 'NONE', *, *, #7981, .F. ) ;
#1496 = CARTESIAN_POINT ( 'NONE',  ( 0.4999999999999987200, -3.026185824819448200, 3.007585135165837800 ) ) ;
#1497 = CARTESIAN_POINT ( 'NONE',  ( -2.500000000000000000, 4.975000000000000500, 72.00000000000001400 ) ) ;
#1498 = EDGE_CURVE ( 'NONE', #5854, #1073, #5739, .T. ) ;
#1499 = EDGE_CURVE ( 'NONE', #8306, #4449, #3450, .T. ) ;
#1500 = CARTESIAN_POINT ( 'NONE',  ( 5.850000000000001400, -13.57500000000000300, 248.0000000000000000 ) ) ;
#1501 = DIRECTION ( 'NONE',  ( 1.000000000000000000, 0.0000000000000000000, 0.0000000000000000000 ) ) ;
#1502 = CARTESIAN_POINT ( 'NONE',  ( -0.4999999999999993300, -4.001000000000000300, -1.145643923738960400 ) ) ;
#1503 = CARTESIAN_POINT ( 'NONE',  ( 0.4318840214085270000, -1.607054911442789900, 1.500000000000000400 ) ) ;
#1504 = ADVANCED_FACE ( 'NONE', ( #10399 ), #870, .F. ) ;
#1505 = ORIENTED_EDGE ( 'NONE', *, *, #7676, .T. ) ;
#1506 = LINE ( 'NONE', #7279, #9959 ) ;
#1507 = ORIENTED_EDGE ( 'NONE', *, *, #538, .T. ) ;
#1508 = ORIENTED_EDGE ( 'NONE', *, *, #1636, .T. ) ;
#1509 = CARTESIAN_POINT ( 'NONE',  ( -0.3271848715738320800, 1.217465839156301600, -7.999999999999994700 ) ) ;
#1510 = ORIENTED_EDGE ( 'NONE', *, *, #10377, .T. ) ;
#1511 = DIRECTION ( 'NONE',  ( -0.0000000000000000000, 1.000000000000000000, 0.0000000000000000000 ) ) ;
#1512 = EDGE_CURVE ( 'NONE', #10532, #2653, #5483, .T. ) ;
#1513 = CARTESIAN_POINT ( 'NONE',  ( 5.850000000000001400, -6.275000000000000400, 248.0000000000000000 ) ) ;
#1514 = AXIS2_PLACEMENT_3D ( 'NONE', #1386, #7467, #2264 ) ;
#1515 = EDGE_CURVE ( 'NONE', #4961, #3142, #3174, .T. ) ;
#1516 = CIRCLE ( 'NONE', #6567, 0.2000000000000000900 ) ;
#1517 = AXIS2_PLACEMENT_3D ( 'NONE', #3349, #8567, #11155 ) ;
#1518 = ORIENTED_EDGE ( 'NONE', *, *, #7454, .T. ) ;
#1519 = ORIENTED_EDGE ( 'NONE', *, *, #4737, .T. ) ;
#1520 = FACE_OUTER_BOUND ( 'NONE', #10639, .T. ) ;
#1521 = CARTESIAN_POINT ( 'NONE',  ( -3.449999999999999700, 3.700000000000000200, 3.000000000000000000 ) ) ;
#1522 = APPROVAL_ROLE ( '' ) ;
#1523 = CARTESIAN_POINT ( 'NONE',  ( 2.378146924196519900, -21.30000000000000100, 248.0000000000000000 ) ) ;
#1524 =( LENGTH_UNIT ( ) NAMED_UNIT ( * ) SI_UNIT ( .MILLI., .METRE. ) );
#1525 = CARTESIAN_POINT ( 'NONE',  ( 3.950000000000000200, 6.474999999999999600, 248.0000000000000000 ) ) ;
#1526 = DIRECTION ( 'NONE',  ( 0.0000000000000000000, 0.0000000000000000000, 1.000000000000000000 ) ) ;
#1527 = CARTESIAN_POINT ( 'NONE',  ( 1.319450280607481900, 1.014002097308102100, 1.500000000000000000 ) ) ;
#1528 = CARTESIAN_POINT ( 'NONE',  ( 1.200000000000000200, -5.450000000000000200, 248.0000000000000000 ) ) ;
#1529 = CARTESIAN_POINT ( 'NONE',  ( 5.850000000000001400, -11.97500000000000000, 72.00000000000001400 ) ) ;
#1530 = CIRCLE ( 'NONE', #508, 0.4000000000000001900 ) ;
#1531 = AXIS2_PLACEMENT_3D ( 'NONE', #705, #1589, #6787 ) ;
#1532 = CIRCLE ( 'NONE', #536, 1.250000000000000000 ) ;
#1533 = CARTESIAN_POINT ( 'NONE',  ( 1.092232992121895800, -0.6295237093388680300, -7.999999999999994700 ) ) ;
#1534 = APPROVAL_PERSON_ORGANIZATION ( #3826, #4386, #3420 ) ;
#1535 = CARTESIAN_POINT ( 'NONE',  ( 3.950000000000000200, -9.924999999999998900, 248.0000000000000000 ) ) ;
#1536 = DIRECTION ( 'NONE',  ( -0.0000000000000000000, -0.0000000000000000000, 1.000000000000000000 ) ) ;
#1537 = CARTESIAN_POINT ( 'NONE',  ( 86.50000000000000000, -1.301042606982605300E-015, 0.0000000000000000000 ) ) ;
#1538 = ORIENTED_EDGE ( 'NONE', *, *, #6594, .F. ) ;
#1539 = FACE_OUTER_BOUND ( 'NONE', #6714, .T. ) ;
#1540 = DIRECTION ( 'NONE',  ( 1.000000000000000000, 0.0000000000000000000, 0.0000000000000000000 ) ) ;
#1541 = CARTESIAN_POINT ( 'NONE',  ( 3.950000000000000200, 15.42499999999999900, 72.00000000000001400 ) ) ;
#1542 = CARTESIAN_POINT ( 'NONE',  ( 1.804570487845463400, 21.11915204428899900, 72.00000000000001400 ) ) ;
#1543 = PLANE ( 'NONE',  #3144 ) ;
#1544 = VECTOR ( 'NONE', #10209, 1000.000000000000000 ) ;
#1545 = CARTESIAN_POINT ( 'NONE',  ( -73.50000000000000000, 2.168404344971008900E-016, 165.5000000000000000 ) ) ;
#1546 = FACE_OUTER_BOUND ( 'NONE', #8278, .T. ) ;
#1547 = APPROVAL_DATE_TIME ( #3843, #9532 ) ;
#1548 = EDGE_CURVE ( 'NONE', #6597, #1727, #7814, .T. ) ;
#1549 = EDGE_CURVE ( 'NONE', #10019, #650, #5209, .T. ) ;
#1550 = AXIS2_PLACEMENT_3D ( 'NONE', #47, #6123, #923 ) ;
#1551 = AXIS2_PLACEMENT_3D ( 'NONE', #6693, #7570, #2365 ) ;
#1552 = ORIENTED_EDGE ( 'NONE', *, *, #3832, .T. ) ;
#1553 = CARTESIAN_POINT ( 'NONE',  ( 0.9995835406563746700, -0.7681834123099745600, -7.999999999999994700 ) ) ;
#1554 = AXIS2_PLACEMENT_3D ( 'NONE', #4019, #4896, #10999 ) ;
#1555 = LINE ( 'NONE', #8952, #63 ) ;
#1556 = ADVANCED_FACE ( 'NONE', ( #2912 ), #2640, .F. ) ;
#1557 = VERTEX_POINT ( 'NONE', #7775 ) ;
#1558 = EDGE_CURVE ( 'NONE', #11045, #2247, #9859, .T. ) ;
#1559 = DIRECTION ( 'NONE',  ( -0.0000000000000000000, 0.0000000000000000000, 1.000000000000000000 ) ) ;
#1560 = FACE_OUTER_BOUND ( 'NONE', #9904, .T. ) ;
#1561 = DIRECTION ( 'NONE',  ( 0.0000000000000000000, 0.0000000000000000000, 1.000000000000000000 ) ) ;
#1562 = EDGE_CURVE ( 'NONE', #10781, #10735, #9602, .T. ) ;
#1563 = VERTEX_POINT ( 'NONE', #1691 ) ;
#1564 = LOCAL_TIME ( 11, 17, 25.00000000000000000, #3853 ) ;
#1565 = ORIENTED_EDGE ( 'NONE', *, *, #7171, .T. ) ;
#1566 = FACE_OUTER_BOUND ( 'NONE', #6143, .T. ) ;
#1567 = LINE ( 'NONE', #7545, #5897 ) ;
#1568 = VERTEX_POINT ( 'NONE', #3424 ) ;
#1569 = ORIENTED_EDGE ( 'NONE', *, *, #8991, .T. ) ;
#1570 = ADVANCED_FACE ( 'NONE', ( #4923 ), #4657, .F. ) ;
#1571 = CARTESIAN_POINT ( 'NONE',  ( -3.600000000000000100, 9.475000000000001400, -0.001000000000000999900 ) ) ;
#1572 = SECURITY_CLASSIFICATION ( '', '', #4860 ) ;
#1573 = FACE_OUTER_BOUND ( 'NONE', #3415, .T. ) ;
#1574 = APPROVAL_STATUS ( 'not_yet_approved' ) ;
#1575 = DIRECTION ( 'NONE',  ( 0.0000000000000000000, 0.0000000000000000000, 1.000000000000000000 ) ) ;
#1576 =( NAMED_UNIT ( * ) PLANE_ANGLE_UNIT ( ) SI_UNIT ( $, .RADIAN. ) );
#1577 = DIRECTION ( 'NONE',  ( 1.000000000000000000, 0.0000000000000000000, 0.0000000000000000000 ) ) ;
#1578 = DIRECTION ( 'NONE',  ( 1.000000000000000000, 0.0000000000000000000, 0.0000000000000000000 ) ) ;
#1579 = CARTESIAN_POINT ( 'NONE',  ( -3.649999999999999900, 7.871034431950294300E-014, 0.5000000000000000000 ) ) ;
#1580 = CARTESIAN_POINT ( 'NONE',  ( -1.649999999999999900, -0.2159844817121070500, 1.500000000000000000 ) ) ;
#1581 = CALENDAR_DATE ( 2023, 9, 11 ) ;
#1582 = CARTESIAN_POINT ( 'NONE',  ( 1.707778744716765200E-017, -7.300770222279489800E-032, -8.000000000000000000 ) ) ;
#1583 = EDGE_CURVE ( 'NONE', #2423, #4395, #7259, .T. ) ;
#1584 = CARTESIAN_POINT ( 'NONE',  ( -81.14999999999548700, -20.25000000000000000, 1.500000000000000000 ) ) ;
#1585 = CIRCLE ( 'NONE', #9557, 0.2000000000000000900 ) ;
#1586 = CARTESIAN_POINT ( 'NONE',  ( -1.250000000000016900, -0.1636245999211583800, -7.999999999999994700 ) ) ;
#1587 = VECTOR ( 'NONE', #717, 1000.000000000000000 ) ;
#1588 = EDGE_LOOP ( 'NONE', ( #2316, #138, #9505, #6525, #5743, #5120, #10422, #7852, #2492, #409, #5113, #6588, #3922, #10757, #10890, #6616, #1372, #602 ) ) ;
#1589 = DIRECTION ( 'NONE',  ( 0.0000000000000000000, 0.0000000000000000000, -1.000000000000000000 ) ) ;
#1590 = ORIENTED_EDGE ( 'NONE', *, *, #1818, .T. ) ;
#1591 = DIRECTION ( 'NONE',  ( 1.000000000000000000, 0.0000000000000000000, 0.0000000000000000000 ) ) ;
#1592 = DIRECTION ( 'NONE',  ( 0.0000000000000000000, -1.000000000000000000, -0.0000000000000000000 ) ) ;
#1593 = DIRECTION ( 'NONE',  ( 1.000000000000000000, 0.0000000000000000000, 0.0000000000000000000 ) ) ;
#1594 = ORIENTED_EDGE ( 'NONE', *, *, #5751, .F. ) ;
#1595 = CARTESIAN_POINT ( 'NONE',  ( -3.399999999999999900, 10.62500000000000000, 248.0000000000000000 ) ) ;
#1596 = ORIENTED_EDGE ( 'NONE', *, *, #3301, .T. ) ;
#1597 = DIRECTION ( 'NONE',  ( 0.0000000000000000000, -0.0000000000000000000, 1.000000000000000000 ) ) ;
#1598 = CARTESIAN_POINT ( 'NONE',  ( 5.850000000000001400, 5.074999999999999300, 72.00000000000001400 ) ) ;
#1599 = EDGE_CURVE ( 'NONE', #7108, #9969, #324, .T. ) ;
#1600 = ORIENTED_EDGE ( 'NONE', *, *, #6648, .T. ) ;
#1601 = EDGE_LOOP ( 'NONE', ( #10164, #9134, #5845, #10968 ) ) ;
#1602 = EDGE_LOOP ( 'NONE', ( #6384, #4204, #2274, #10617 ) ) ;
#1603 = CARTESIAN_POINT ( 'NONE',  ( -1.249999999999998200, 1.530808498934189600E-016, -7.999999999999994700 ) ) ;
#1604 = PERSON_AND_ORGANIZATION ( #9810, #4463 ) ;
#1605 = CARTESIAN_POINT ( 'NONE',  ( -1.092232985442822500, -0.6295237254636240100, -7.500000000000000000 ) ) ;
#1606 = DIRECTION ( 'NONE',  ( -1.000000000000000000, -0.0000000000000000000, -0.0000000000000000000 ) ) ;
#1607 = CYLINDRICAL_SURFACE ( 'NONE', #232, 0.2000000000000000900 ) ;
#1608 = ORIENTED_EDGE ( 'NONE', *, *, #2089, .T. ) ;
#1609 = DATE_AND_TIME ( #3897, #6215 ) ;
#1610 = ORIENTED_EDGE ( 'NONE', *, *, #9316, .T. ) ;
#1611 = VECTOR ( 'NONE', #9132, 1000.000000000000000 ) ;
#1612 = CARTESIAN_POINT ( 'NONE',  ( -88.50000000000000000, 32.34999999999999400, 185.0000000000000000 ) ) ;
#1613 = DIRECTION ( 'NONE',  ( 1.000000000000000000, 0.0000000000000000000, 0.0000000000000000000 ) ) ;
#1614 = ORIENTED_EDGE ( 'NONE', *, *, #5139, .F. ) ;
#1615 = CIRCLE ( 'NONE', #6851, 0.1999999999999999800 ) ;
#1616 = SECURITY_CLASSIFICATION_LEVEL ( 'unclassified' ) ;
#1617 = ORIENTED_EDGE ( 'NONE', *, *, #9215, .F. ) ;
#1618 = CARTESIAN_POINT ( 'NONE',  ( -88.50000000000000000, -1.995711507853524900E-014, 0.0000000000000000000 ) ) ;
#1619 = DIRECTION ( 'NONE',  ( 1.000000000000000000, 0.0000000000000000000, 0.0000000000000000000 ) ) ;
#1620 = DIRECTION ( 'NONE',  ( 0.0000000000000000000, 0.0000000000000000000, 1.000000000000000000 ) ) ;
#1621 = CARTESIAN_POINT ( 'NONE',  ( 1.441747545844460200, -0.8309713053962809500, 1.500000000000000000 ) ) ;
#1622 = CARTESIAN_POINT ( 'NONE',  ( 5.850000000000001400, -13.17499999999999900, 71.99899999999999500 ) ) ;
#1623 = CARTESIAN_POINT ( 'NONE',  ( 3.750000000000000400, -15.42499999999999900, 71.99899999999999500 ) ) ;
#1624 = ADVANCED_FACE ( 'NONE', ( #9047 ), #2091, .F. ) ;
#1625 = CALENDAR_DATE ( 2023, 9, 11 ) ;
#1626 = CARTESIAN_POINT ( 'NONE',  ( 0.6295237093388900100, 1.092232992121906300, -7.500000000000000000 ) ) ;
#1627 = PRODUCT_DEFINITION_SHAPE ( 'NONE', 'NONE',  #2808 ) ;
#1628 = LINE ( 'NONE', #7204, #4024 ) ;
#1629 = CARTESIAN_POINT ( 'NONE',  ( -0.1499999999999997400, 0.0000000000000000000, 72.00000000000001400 ) ) ;
#1630 = AXIS2_PLACEMENT_3D ( 'NONE', #1286, #7354, #2162 ) ;
#1631 = CARTESIAN_POINT ( 'NONE',  ( 3.222113608796042700, -3.092303132795075200, 0.5062926649645752600 ) ) ;
#1632 = DIRECTION ( 'NONE',  ( -1.000000000000000000, -1.141265444721581800E-016, 0.0000000000000000000 ) ) ;
#1633 = LOCAL_TIME ( 11, 17, 25.00000000000000000, #3916 ) ;
#1634 = DIRECTION ( 'NONE',  ( 0.0000000000000000000, -1.000000000000000000, -0.0000000000000000000 ) ) ;
#1635 = EDGE_CURVE ( 'NONE', #3934, #9567, #6987, .T. ) ;
#1636 = EDGE_CURVE ( 'NONE', #7046, #66, #2359, .T. ) ;
#1637 = CARTESIAN_POINT ( 'NONE',  ( 0.7681834123099700000, 0.9995835406563979800, -7.500000000000000000 ) ) ;
#1638 = CARTESIAN_POINT ( 'NONE',  ( -88.50000000000000000, 32.50000000000000000, 185.0000000000000000 ) ) ;
#1639 = CARTESIAN_POINT ( 'NONE',  ( 1.250000000000000200, -0.1636246173744687100, -7.500000000000000900 ) ) ;
#1640 = CARTESIAN_POINT ( 'NONE',  ( -3.600000000000000500, -8.699999999999999300, 248.0000000000000000 ) ) ;
#1641 = CARTESIAN_POINT ( 'NONE',  ( 3.750000000000000400, -4.474999999999999600, 71.99899999999999500 ) ) ;
#1642 = CC_DESIGN_SECURITY_CLASSIFICATION ( #10020, ( #7089 ) ) ;
#1643 = EDGE_LOOP ( 'NONE', ( #10154, #4933, #286, #3139 ) ) ;
#1644 = SECURITY_CLASSIFICATION ( '', '', #9651 ) ;
#1645 = CARTESIAN_POINT ( 'NONE',  ( 0.0000000000000000000, -17.94999999999999900, 248.0000000000000000 ) ) ;
#1646 = ORIENTED_EDGE ( 'NONE', *, *, #5510, .T. ) ;
#1648 = VERTEX_POINT ( 'NONE', #11039 ) ;
#1647 =( REPRESENTATION_RELATIONSHIP ('NONE','NONE', #9710, #2159 ) REPRESENTATION_RELATIONSHIP_WITH_TRANSFORMATION ( #6290 )SHAPE_REPRESENTATION_RELATIONSHIP( ) );
#1649 = ORIENTED_EDGE ( 'NONE', *, *, #4462, .T. ) ;
#1650 = ORIENTED_EDGE ( 'NONE', *, *, #3925, .F. ) ;
#1651 = CARTESIAN_POINT ( 'NONE',  ( 73.50000000000000000, 2.168404344971009900E-016, 17.00000000000000000 ) ) ;
#1652 = VECTOR ( 'NONE', #4863, 1000.000000000000000 ) ;
#1653 = CARTESIAN_POINT ( 'NONE',  ( 3.950000000000000200, 8.125000000000000000, 71.99899999999999500 ) ) ;
#1654 = ORIENTED_EDGE ( 'NONE', *, *, #9938, .T. ) ;
#1655 = CARTESIAN_POINT ( 'NONE',  ( 0.0000000000000000000, 4.975000000000000500, 248.0000000000000000 ) ) ;
#1656 = CARTESIAN_POINT ( 'NONE',  ( -0.4777838534843578100, 3.649999999999999500, 1.499999999999996900 ) ) ;
#1657 = DIRECTION ( 'NONE',  ( 1.000000000000000000, 0.0000000000000000000, -0.0000000000000000000 ) ) ;
#1658 = ORIENTED_EDGE ( 'NONE', *, *, #7027, .F. ) ;
#1659 = CARTESIAN_POINT ( 'NONE',  ( 0.1636245999211740100, -1.250000000000000000, -7.500000000000000000 ) ) ;
#1660 = DIRECTION ( 'NONE',  ( 0.0000000000000000000, -1.000000000000000000, -0.0000000000000000000 ) ) ;
#1661 = DIRECTION ( 'NONE',  ( 0.0000000000000000000, 1.000000000000000000, 0.0000000000000000000 ) ) ;
#1662 = EDGE_CURVE ( 'NONE', #4449, #1093, #11064, .T. ) ;
#1663 = FACE_OUTER_BOUND ( 'NONE', #5946, .T. ) ;
#1664 = EDGE_LOOP ( 'NONE', ( #10076, #7080, #4661, #9661, #25 ) ) ;
#1665 = CARTESIAN_POINT ( 'NONE',  ( -1.319450280607486100, 1.014002097308120100, 1.500000000000000000 ) ) ;
#1666 = VERTEX_POINT ( 'NONE', #9294 ) ;
#1667 = ORIENTED_EDGE ( 'NONE', *, *, #8347, .F. ) ;
#1668 = ORIENTED_EDGE ( 'NONE', *, *, #10629, .F. ) ;
#1669 = VECTOR ( 'NONE', #6130, 1000.000000000000000 ) ;
#1670 = CARTESIAN_POINT ( 'NONE',  ( -1.145643923738960400, -4.000000000000000000, -0.5000000000000000000 ) ) ;
#1671 = DIRECTION ( 'NONE',  ( 0.0000000000000000000, 0.0000000000000000000, -1.000000000000000000 ) ) ;
#1672 = CARTESIAN_POINT ( 'NONE',  ( -0.1636245999211790000, -1.250000000000000000, -7.500000000000000000 ) ) ;
#1673 = FACE_OUTER_BOUND ( 'NONE', #9556, .T. ) ;
#1674 = DIRECTION ( 'NONE',  ( -4.783244878612519700E-017, -1.000000000000000000, 0.0000000000000000000 ) ) ;
#1675 = ORIENTED_EDGE ( 'NONE', *, *, #5830, .T. ) ;
#1676 =( BOUNDED_CURVE ( )  B_SPLINE_CURVE ( 2, ( #2651, #7868, #100 ),
 .UNSPECIFIED., .F., .F. ) 
 B_SPLINE_CURVE_WITH_KNOTS ( ( 3, 3 ),
 ( 0.0000000000000000000, 1.000000000000000000 ),
 .UNSPECIFIED. ) 
 CURVE ( )  GEOMETRIC_REPRESENTATION_ITEM ( )  RATIONAL_B_SPLINE_CURVE ( ( 1.000000000000000000, 0.7071067811865480200, 1.000000000000000000 ) ) 
 REPRESENTATION_ITEM ( '' )  );
#1677 = LINE ( 'NONE', #2411, #11200 ) ;
#1678 = CALENDAR_DATE ( 2023, 9, 11 ) ;
#1679 = CARTESIAN_POINT ( 'NONE',  ( 4.593593415004379500E-016, 9.599999999999999600, -1.510173831053895000 ) ) ;
#1680 = EDGE_LOOP ( 'NONE', ( #3954, #6701, #10634, #2061 ) ) ;
#1681 = EDGE_CURVE ( 'NONE', #8660, #9016, #6442, .T. ) ;
#1682 = AXIS2_PLACEMENT_3D ( 'NONE', #1985, #8070, #2853 ) ;
#1683 = FACE_OUTER_BOUND ( 'NONE', #2320, .T. ) ;
#1684 = VECTOR ( 'NONE', #10738, 1000.000000000000000 ) ;
#1685 = CARTESIAN_POINT ( 'NONE',  ( -4.000000000000000000, -4.001000000000000300, -0.5000000000000000000 ) ) ;
#1686 = CARTESIAN_POINT ( 'NONE',  ( 73.50000000000000000, 1.500000000000000000, 14.50000000000000200 ) ) ;
#1687 = CIRCLE ( 'NONE', #2503, 0.1999999999999999800 ) ;
#1688 = EDGE_CURVE ( 'NONE', #7591, #32, #5434, .T. ) ;
#1689 = DIRECTION ( 'NONE',  ( 0.0000000000000000000, 0.0000000000000000000, 1.000000000000000000 ) ) ;
#1690 = CARTESIAN_POINT ( 'NONE',  ( 0.5997501243938246900, -0.4609100473859778500, -8.000000000000000000 ) ) ;
#1691 = CARTESIAN_POINT ( 'NONE',  ( 2.449999999999999700, -1.025000000000002600, 72.00000000000001400 ) ) ;
#1692 = CARTESIAN_POINT ( 'NONE',  ( -1.838209251331187200, -3.189320328686147600, 1.499999999999996900 ) ) ;
#1693 = CARTESIAN_POINT ( 'NONE',  ( -86.50000000000001400, 3.500000000000000000, 0.0000000000000000000 ) ) ;
#1694 = VERTEX_POINT ( 'NONE', #3242 ) ;
#1695 = FACE_BOUND ( 'NONE', #8449, .T. ) ;
#1696 = AXIS2_PLACEMENT_3D ( 'NONE', #3838, #9953, #4718 ) ;
#1697 = CARTESIAN_POINT ( 'NONE',  ( -2.000000000000000400, 14.50000000000000000, 248.0000000000000000 ) ) ;
#1698 = FACE_OUTER_BOUND ( 'NONE', #9901, .T. ) ;
#1699 = CIRCLE ( 'NONE', #4070, 2.500000000000002200 ) ;
#1700 = CONTEXT_DEPENDENT_SHAPE_REPRESENTATION ( #5834, #2536 ) ;
#1701 = CARTESIAN_POINT ( 'NONE',  ( 88.49999999999998600, 0.1500000000000008300, 184.9999999999999700 ) ) ;
#1702 = CARTESIAN_POINT ( 'NONE',  ( 0.4318840214085270000, -1.607054911442789900, 1.500000000000000000 ) ) ;
#1703 = ORIENTED_EDGE ( 'NONE', *, *, #9015, .T. ) ;
#1704 = CARTESIAN_POINT ( 'NONE',  ( -0.4999999999999965600, -2.356394625395344300, -2.943334083476184300 ) ) ;
#1705 = CYLINDRICAL_SURFACE ( 'NONE', #11153, 0.2000000000000000900 ) ;
#1706 = DIRECTION ( 'NONE',  ( 0.0000000000000000000, -1.000000000000000000, -0.0000000000000000000 ) ) ;
#1707 = FACE_OUTER_BOUND ( 'NONE', #4740, .T. ) ;
#1708 = ORIENTED_EDGE ( 'NONE', *, *, #5420, .F. ) ;
#1709 = CIRCLE ( 'NONE', #1514, 0.2000000000000000900 ) ;
#1710 = EDGE_CURVE ( 'NONE', #372, #650, #10794, .T. ) ;
#1711 = CC_DESIGN_PERSON_AND_ORGANIZATION_ASSIGNMENT ( #1473, #2443, ( #11264 ) ) ;
#1712 = ORGANIZATION ( 'NAUO-ORG3', 'UNSPECIFIED', 'UNSPECIFIED' ) ;
#1713 = AXIS2_PLACEMENT_3D ( 'NONE', #6543, #1359, #7432 ) ;
#1714 = AXIS2_PLACEMENT_3D ( 'NONE', #10289, #5056, #11165 ) ;
#1715 = PLANE ( 'NONE',  #5229 ) ;
#1716 = CARTESIAN_POINT ( 'NONE',  ( 5.850000000000001400, 6.275000000000000400, 248.0000000000000000 ) ) ;
#1717 = ORIENTED_EDGE ( 'NONE', *, *, #4519, .T. ) ;
#1718 = LINE ( 'NONE', #10746, #6051 ) ;
#1719 = ORIENTED_EDGE ( 'NONE', *, *, #8950, .T. ) ;
#1720 = EDGE_CURVE ( 'NONE', #6501, #7485, #8476, .T. ) ;
#1721 = VECTOR ( 'NONE', #1750, 1000.000000000000000 ) ;
#1722 = APPROVAL ( #7693, 'UNKNOWN' ) ;
#1723 = DIRECTION ( 'NONE',  ( 1.000000000000000000, 0.0000000000000000000, 0.0000000000000000000 ) ) ;
#1724 = LINE ( 'NONE', #1172, #8367 ) ;
#1725 = ORIENTED_EDGE ( 'NONE', *, *, #7151, .T. ) ;
#1726 = EDGE_CURVE ( 'NONE', #8805, #7155, #3840, .T. ) ;
#1727 = VERTEX_POINT ( 'NONE', #1537 ) ;
#1728 = ORIENTED_EDGE ( 'NONE', *, *, #3868, .T. ) ;
#1729 = ORIENTED_EDGE ( 'NONE', *, *, #7153, .T. ) ;
#1730 = EDGE_LOOP ( 'NONE', ( #4971, #3927, #9698, #9537 ) ) ;
#1731 = VECTOR ( 'NONE', #5392, 1000.000000000000000 ) ;
#1732 = CARTESIAN_POINT ( 'NONE',  ( 5.850000000000001400, -4.675000000000001600, 71.99899999999999500 ) ) ;
#1733 = CC_DESIGN_APPROVAL ( #1134, ( #11281 ) ) ;
#1734 = PERSON_AND_ORGANIZATION_ROLE ( 'classification_officer' ) ;
#1735 = LINE ( 'NONE', #9451, #1995 ) ;
#1736 = ORIENTED_EDGE ( 'NONE', *, *, #1299, .T. ) ;
#1737 = DIRECTION ( 'NONE',  ( 0.0000000000000000000, 0.0000000000000000000, -1.000000000000000000 ) ) ;
#1738 = DIRECTION ( 'NONE',  ( 0.9205172879356965400, -6.120374704698027300E-017, 0.3907018333864203400 ) ) ;
#1739 = ORIENTED_EDGE ( 'NONE', *, *, #7984, .T. ) ;
#1740 = CARTESIAN_POINT ( 'NONE',  ( -0.4999999999999996700, -3.827510384677232900, 2.597210276238841200 ) ) ;
#1741 = DIRECTION ( 'NONE',  ( -2.868245165298515100E-019, -0.0000000000000000000, 1.000000000000000000 ) ) ;
#1742 = CARTESIAN_POINT ( 'NONE',  ( 3.649999999999999900, 0.4777838534845880200, 0.5000000000000000000 ) ) ;
#1743 = CARTESIAN_POINT ( 'NONE',  ( 83.39999999999548700, -20.25000000000000000, 1.500000000000000000 ) ) ;
#1744 = EDGE_CURVE ( 'NONE', #2050, #3995, #1829, .T. ) ;
#1745 = VERTEX_POINT ( 'NONE', #675 ) ;
#1746 = EDGE_CURVE ( 'NONE', #6453, #2397, #10252, .T. ) ;
#1747 = DIRECTION ( 'NONE',  ( 0.0000000000000000000, 0.0000000000000000000, 1.000000000000000000 ) ) ;
#1748 = FACE_OUTER_BOUND ( 'NONE', #8071, .T. ) ;
#1749 = EDGE_LOOP ( 'NONE', ( #5651, #2746, #8369, #113 ) ) ;
#1750 = DIRECTION ( 'NONE',  ( 0.0000000000000000000, -0.0000000000000000000, -1.000000000000000000 ) ) ;
#1751 = CARTESIAN_POINT ( 'NONE',  ( 2.243095548590687400, 2.918783954071106500, 1.499999999999996900 ) ) ;
#1752 = CALENDAR_DATE ( 2023, 9, 11 ) ;
#1753 = DIRECTION ( 'NONE',  ( 0.0000000000000000000, 0.0000000000000000000, -1.000000000000000000 ) ) ;
#1754 = CARTESIAN_POINT ( 'NONE',  ( 5.850000000000001400, 16.02500000000000200, 248.0000000000000000 ) ) ;
#1755 = EDGE_CURVE ( 'NONE', #7093, #10130, #1284, .T. ) ;
#1756 = VECTOR ( 'NONE', #1606, 1000.000000000000000 ) ;
#1757 = CARTESIAN_POINT ( 'NONE',  ( -0.5999999999999999800, 3.824999999999999700, 72.00000000000001400 ) ) ;
#1758 = FACE_OUTER_BOUND ( 'NONE', #6885, .T. ) ;
#1759 = ORIENTED_EDGE ( 'NONE', *, *, #5570, .T. ) ;
#1760 = AXIS2_PLACEMENT_3D ( 'NONE', #5375, #174, #6245 ) ;
#1761 = CARTESIAN_POINT ( 'NONE',  ( 5.850000000000001400, 9.924999999999998900, 71.99899999999999500 ) ) ;
#1763 = AXIS2_PLACEMENT_3D ( 'NONE', #7057, #972, #3585 ) ;
#1762 = AXIS2_PLACEMENT_3D ( 'NONE', #7573, #3234, #9331 ) ;
#1764 = LOCAL_TIME ( 11, 17, 25.00000000000000000, #4033 ) ;
#1765 = DIRECTION ( 'NONE',  ( 1.387778780781445900E-016, -1.000000000000000000, 0.0000000000000000000 ) ) ;
#1766 = VERTEX_POINT ( 'NONE', #7661 ) ;
#1767 = FACE_OUTER_BOUND ( 'NONE', #1730, .T. ) ;
#1768 = VERTEX_POINT ( 'NONE', #8537 ) ;
#1769 = VERTEX_POINT ( 'NONE', #3321 ) ;
#1770 = DIRECTION ( 'NONE',  ( 1.000000000000000000, 0.0000000000000000000, 0.0000000000000000000 ) ) ;
#1771 = AXIS2_PLACEMENT_3D ( 'NONE', #5638, #437, #6513 ) ;
#1772 = COORDINATED_UNIVERSAL_TIME_OFFSET ( 1, 0, .AHEAD. ) ;
#1773 = CARTESIAN_POINT ( 'NONE',  ( 3.750000000000000000, 0.0000000000000000000, 72.00000000000001400 ) ) ;
#1774 = DATE_TIME_ROLE ( 'classification_date' ) ;
#1775 = CARTESIAN_POINT ( 'NONE',  ( -83.79999999999999700, 39.62500000000000000, 17.00000000000089900 ) ) ;
#1776 = CARTESIAN_POINT ( 'NONE',  ( -0.4999999999999411600, -1.954121458947979600, 2.735730916456032600 ) ) ;
#1777 = CARTESIAN_POINT ( 'NONE',  ( -3.189320328686189800, 1.838209251331130100, 0.5000000000000000000 ) ) ;
#1778 = PERSON ( 'NAUO-PER7', 'UNSPECIFIED', 'UNSPECIFIED', ('UNSPECIFIED'), ('UNSPECIFIED'), ('UNSPECIFIED') ) ;
#1779 = CARTESIAN_POINT ( 'NONE',  ( 0.0000000000000000000, 0.0000000000000000000, 0.0000000000000000000 ) ) ;
#1780 = DIRECTION ( 'NONE',  ( -1.000000000000000000, -0.0000000000000000000, 0.0000000000000000000 ) ) ;
#1781 = AXIS2_PLACEMENT_3D ( 'NONE', #3346, #9448, #4205 ) ;
#1782 = CARTESIAN_POINT ( 'NONE',  ( -3.555000258646241900, -0.9553798049339959900, 1.499999999999996900 ) ) ;
#1783 = AXIS2_PLACEMENT_3D ( 'NONE', #2868, #8968, #3737 ) ;
#1784 = AXIS2_PLACEMENT_3D ( 'NONE', #8168, #2951, #9042 ) ;
#1785 = CARTESIAN_POINT ( 'NONE',  ( -90.00000000000000000, 0.1499999999999786500, 367.9104972384030200 ) ) ;
#1786 = CARTESIAN_POINT ( 'NONE',  ( 5.850000000000001400, 2.225000000000000100, 248.0000000000000000 ) ) ;
#1787 = ORIENTED_EDGE ( 'NONE', *, *, #976, .F. ) ;
#1788 = CARTESIAN_POINT ( 'NONE',  ( 2.250000000000000000, -0.8249999999999999600, 71.99899999999999500 ) ) ;
#1789 = CARTESIAN_POINT ( 'NONE',  ( -88.50000000000000000, 25.37500000000000000, 168.0000000000000000 ) ) ;
#1790 = EDGE_CURVE ( 'NONE', #8668, #7909, #3305, .T. ) ;
#1791 = ORIENTED_EDGE ( 'NONE', *, *, #8320, .T. ) ;
#1792 = VERTEX_POINT ( 'NONE', #5891 ) ;
#1793 = EDGE_CURVE ( 'NONE', #7922, #695, #5871, .T. ) ;
#1794 = VERTEX_POINT ( 'NONE', #5933 ) ;
#1795 = CARTESIAN_POINT ( 'NONE',  ( 3.007916731306021300, -2.573680597284259400, 0.4999999999999978400 ) ) ;
#1796 = DIRECTION ( 'NONE',  ( 0.0000000000000000000, 0.0000000000000000000, 1.000000000000000000 ) ) ;
#1797 = DIRECTION ( 'NONE',  ( -0.0000000000000000000, 1.000000000000000000, 0.0000000000000000000 ) ) ;
#1798 = CC_DESIGN_PERSON_AND_ORGANIZATION_ASSIGNMENT ( #9093, #2216, ( #39 ) ) ;
#1799 = ORIENTED_EDGE ( 'NONE', *, *, #8933, .F. ) ;
#1800 = ORIENTED_EDGE ( 'NONE', *, *, #8625, .F. ) ;
#1801 = VECTOR ( 'NONE', #9779, 1000.000000000000000 ) ;
#1802 = ORIENTED_EDGE ( 'NONE', *, *, #4622, .F. ) ;
#1803 = EDGE_CURVE ( 'NONE', #969, #5921, #3576, .T. ) ;
#1804 = ORIENTED_EDGE ( 'NONE', *, *, #10011, .T. ) ;
#1805 = ORIENTED_EDGE ( 'NONE', *, *, #10249, .T. ) ;
#1806 = DIRECTION ( 'NONE',  ( 0.0000000000000000000, 0.0000000000000000000, 1.000000000000000000 ) ) ;
#1807 = APPROVAL_ROLE ( '' ) ;
#1808 = CARTESIAN_POINT ( 'NONE',  ( -3.600000000000000100, 10.42500000000000100, -0.001000000000000999900 ) ) ;
#1809 = DIRECTION ( 'NONE',  ( -1.000000000000000000, 0.0000000000000000000, 1.047444401652940200E-014 ) ) ;
#1810 = CARTESIAN_POINT ( 'NONE',  ( 2.897279032088317100, -2.251980311234673700, -0.5000000000000004400 ) ) ;
#1811 = CARTESIAN_POINT ( 'NONE',  ( 1.838209251331130100, -3.189320328686189800, 0.5000000000000000000 ) ) ;
#1812 = LINE ( 'NONE', #9892, #6142 ) ;
#1813 = ORIENTED_EDGE ( 'NONE', *, *, #7593, .T. ) ;
#1814 = ORIENTED_EDGE ( 'NONE', *, *, #11206, .F. ) ;
#1815 = LINE ( 'NONE', #4029, #3818 ) ;
#1816 = ORGANIZATION ( 'NAUO-ORG21', 'UNSPECIFIED', 'UNSPECIFIED' ) ;
#1817 = DIRECTION ( 'NONE',  ( -0.0000000000000000000, -1.000000000000000000, 0.0000000000000000000 ) ) ;
#1818 = EDGE_CURVE ( 'NONE', #11244, #8368, #5337, .T. ) ;
#1819 = EDGE_CURVE ( 'NONE', #2543, #640, #5610, .T. ) ;
#1820 = CARTESIAN_POINT ( 'NONE',  ( 4.750000000000000000, 3.700000000000000200, 3.000000000000000000 ) ) ;
#1821 = CARTESIAN_POINT ( 'NONE',  ( 3.950000000000000200, -11.97500000000000000, 248.0000000000000000 ) ) ;
#1822 = CARTESIAN_POINT ( 'NONE',  ( -2.243095527908437700, -2.918783974753357500, 0.4999999999999998900 ) ) ;
#1823 = LINE ( 'NONE', #6685, #8467 ) ;
#1824 = LINE ( 'NONE', #5558, #8217 ) ;
#1825 = CALENDAR_DATE ( 2023, 9, 11 ) ;
#1826 = VERTEX_POINT ( 'NONE', #5100 ) ;
#1827 = DIRECTION ( 'NONE',  ( -6.454785026890447800E-015, -1.000000000000000000, 0.0000000000000000000 ) ) ;
#1828 = VECTOR ( 'NONE', #8850, 1000.000000000000000 ) ;
#1829 = LINE ( 'NONE', #3278, #10527 ) ;
#1830 = CARTESIAN_POINT ( 'NONE',  ( -1.249999999999998200, 1.530808498934189600E-016, -7.999999999999994700 ) ) ;
#1831 = CARTESIAN_POINT ( 'NONE',  ( 3.950000000000000200, -6.274999999999999500, 248.0000000000000000 ) ) ;
#1832 = VECTOR ( 'NONE', #10274, 1000.000000000000000 ) ;
#1833 = DATE_AND_TIME ( #4111, #6446 ) ;
#1834 = AXIS2_PLACEMENT_3D ( 'NONE', #9079, #3828, #9947 ) ;
#1835 = ORIENTED_EDGE ( 'NONE', *, *, #3904, .T. ) ;
#1836 = LINE ( 'NONE', #8030, #10801 ) ;
#1837 = VECTOR ( 'NONE', #428, 1000.000000000000000 ) ;
#1838 = ORIENTED_EDGE ( 'NONE', *, *, #2390, .F. ) ;
#1839 = CARTESIAN_POINT ( 'NONE',  ( 0.4777838827334481800, 3.649999999999999000, 0.5000000000000001100 ) ) ;
#1840 = VECTOR ( 'NONE', #3888, 1000.000000000000000 ) ;
#1841 = ORIENTED_EDGE ( 'NONE', *, *, #6657, .F. ) ;
#1842 = CARTESIAN_POINT ( 'NONE',  ( -1.649999999999996400, 0.2159844817121185400, 1.500000000000000200 ) ) ;
#1843 = APPLICATION_CONTEXT ( 'configuration controlled 3d designs of mechanical parts and assemblies' ) ;
#1844 = DIRECTION ( 'NONE',  ( 9.436237713849988000E-020, -1.347634408217942900E-019, -1.000000000000000000 ) ) ;
#1845 = COORDINATED_UNIVERSAL_TIME_OFFSET ( 1, 0, .AHEAD. ) ;
#1846 = CARTESIAN_POINT ( 'NONE',  ( -3.399999999999999900, -10.42500000000000100, 248.0000000000000000 ) ) ;
#1847 = EDGE_LOOP ( 'NONE', ( #6264, #4284, #10318, #4889 ) ) ;
#1848 = FACE_OUTER_BOUND ( 'NONE', #2304, .T. ) ;
#1849 = VECTOR ( 'NONE', #855, 1000.000000000000000 ) ;
#1850 = ORIENTED_EDGE ( 'NONE', *, *, #768, .T. ) ;
#1851 = VERTEX_POINT ( 'NONE', #5970 ) ;
#1852 = CARTESIAN_POINT ( 'NONE',  ( 6.250000000000000000, -1.425000000000000000, 248.0000000000000000 ) ) ;
#1853 = CIRCLE ( 'NONE', #3493, 0.2000000000000000900 ) ;
#1854 = CARTESIAN_POINT ( 'NONE',  ( 88.50000000000000000, 7.125000000000000000, 17.00000000000000000 ) ) ;
#1855 = CARTESIAN_POINT ( 'NONE',  ( 3.950000000000000200, 11.77500000000000000, 72.00000000000001400 ) ) ;
#1856 = DIRECTION ( 'NONE',  ( -1.000000000000000000, 0.0000000000000000000, 0.0000000000000000000 ) ) ;
#1857 = DIRECTION ( 'NONE',  ( -0.0000000000000000000, 0.0000000000000000000, 1.000000000000000000 ) ) ;
#1859 = FACE_OUTER_BOUND ( 'NONE', #9498, .T. ) ;
#1858 = DIRECTION ( 'NONE',  ( 1.000000000000000000, -7.610399765575671300E-015, -0.0000000000000000000 ) ) ;
#1860 = DIRECTION ( 'NONE',  ( 0.0000000000000000000, 0.0000000000000000000, 1.000000000000000000 ) ) ;
#1861 = ADVANCED_FACE ( 'NONE', ( #9993 ), #2767, .F. ) ;
#1862 = LINE ( 'NONE', #2782, #3870 ) ;
#1863 = VERTEX_POINT ( 'NONE', #9511 ) ;
#1864 = ORIENTED_EDGE ( 'NONE', *, *, #7127, .F. ) ;
#1865 = APPROVAL ( #2904, 'UNSPECIFIED' ) ;
#1866 = DIRECTION ( 'NONE',  ( 0.0000000000000000000, 0.0000000000000000000, 1.000000000000000000 ) ) ;
#1867 = ORIENTED_EDGE ( 'NONE', *, *, #3035, .F. ) ;
#1868 = CC_DESIGN_PERSON_AND_ORGANIZATION_ASSIGNMENT ( #8886, #10430, ( #10228 ) ) ;
#1869 = ORIENTED_EDGE ( 'NONE', *, *, #11276, .F. ) ;
#1870 = DIRECTION ( 'NONE',  ( -0.0000000000000000000, -0.0000000000000000000, 1.000000000000000000 ) ) ;
#1871 = ORIENTED_EDGE ( 'NONE', *, *, #9907, .T. ) ;
#1872 = ORIENTED_EDGE ( 'NONE', *, *, #1635, .T. ) ;
#1873 = VERTEX_POINT ( 'NONE', #4265 ) ;
#1874 = LOCAL_TIME ( 11, 17, 25.00000000000000000, #4156 ) ;
#1875 = CARTESIAN_POINT ( 'NONE',  ( -3.799999999999999800, 4.774999999999999500, 72.00000000000001400 ) ) ;
#1876 = VECTOR ( 'NONE', #2962, 1000.000000000000000 ) ;
#1877 = ORIENTED_EDGE ( 'NONE', *, *, #8724, .T. ) ;
#1878 = DATE_TIME_ROLE ( 'creation_date' ) ;
#1879 = DIRECTION ( 'NONE',  ( 1.000000000000000000, 0.0000000000000000000, 0.0000000000000000000 ) ) ;
#1880 = EDGE_CURVE ( 'NONE', #4495, #6468, #9725, .T. ) ;
#1881 = EDGE_CURVE ( 'NONE', #2897, #5297, #5058, .T. ) ;
#1882 = CARTESIAN_POINT ( 'NONE',  ( 5.850000000000001400, 11.97500000000000000, 248.0000000000000000 ) ) ;
#1883 = PERSON_AND_ORGANIZATION ( #9810, #4463 ) ;
#1884 = EDGE_LOOP ( 'NONE', ( #36, #2684, #6414, #8742 ) ) ;
#1885 = LINE ( 'NONE', #3856, #8542 ) ;
#1886 = ORIENTED_EDGE ( 'NONE', *, *, #10509, .F. ) ;
#1887 = CIRCLE ( 'NONE', #7563, 0.4000000000000001900 ) ;
#1888 = ORIENTED_EDGE ( 'NONE', *, *, #3543, .F. ) ;
#1889 = ORIENTED_EDGE ( 'NONE', *, *, #10551, .T. ) ;
#1890 = DIRECTION ( 'NONE',  ( 0.0000000000000000000, 0.0000000000000000000, 1.000000000000000000 ) ) ;
#1891 = CARTESIAN_POINT ( 'NONE',  ( -2.449489742783179700, -3.999999999999998200, -0.4999999999999997800 ) ) ;
#1892 = DIRECTION ( 'NONE',  ( 0.0000000000000000000, 0.0000000000000000000, 1.000000000000000000 ) ) ;
#1893 = DIRECTION ( 'NONE',  ( -0.0000000000000000000, 0.0000000000000000000, 1.000000000000000000 ) ) ;
#1894 = PERSON_AND_ORGANIZATION ( #9810, #4463 ) ;
#1895 = AXIS2_PLACEMENT_3D ( 'NONE', #1786, #7867, #2649 ) ;
#1896 = DIRECTION ( 'NONE',  ( -0.0000000000000000000, 0.0000000000000000000, 1.000000000000000000 ) ) ;
#1897 = EDGE_CURVE ( 'NONE', #8640, #2259, #733, .T. ) ;
#1898 = DIRECTION ( 'NONE',  ( -0.0000000000000000000, -0.0000000000000000000, -1.000000000000000000 ) ) ;
#1899 = CALENDAR_DATE ( 2023, 9, 11 ) ;
#1900 = DIRECTION ( 'NONE',  ( 0.0000000000000000000, -0.0000000000000000000, -1.000000000000000000 ) ) ;
#1901 = ADVANCED_FACE ( 'NONE', ( #2496, #7396, #9442 ), #2832, .F. ) ;
#1902 = APPLICATION_CONTEXT ( 'configuration controlled 3d designs of mechanical parts and assemblies' ) ;
#1903 = CARTESIAN_POINT ( 'NONE',  ( -4.873576436351048500, -16.87467222170135300, 248.0000000000000000 ) ) ;
#1904 = CARTESIAN_POINT ( 'NONE',  ( -1.499503652646089900, -1.599999999999999900, -2.295056433026238200 ) ) ;
#1905 = CARTESIAN_POINT ( 'NONE',  ( 3.950000000000000200, 15.62500000000000000, 248.0000000000000000 ) ) ;
#1906 = ORIENTED_EDGE ( 'NONE', *, *, #4820, .F. ) ;
#1907 = DIRECTION ( 'NONE',  ( -0.0000000000000000000, -1.000000000000000000, -0.0000000000000000000 ) ) ;
#1908 = ORIENTED_EDGE ( 'NONE', *, *, #5954, .T. ) ;
#1909 = EDGE_CURVE ( 'NONE', #10285, #3417, #178, .T. ) ;
#1910 = ORIENTED_EDGE ( 'NONE', *, *, #1662, .T. ) ;
#1911 = ORIENTED_EDGE ( 'NONE', *, *, #2719, .F. ) ;
#1912 = EDGE_CURVE ( 'NONE', #3079, #3411, #6846, .T. ) ;
#1913 = ORIENTED_EDGE ( 'NONE', *, *, #6237, .T. ) ;
#1914 = LINE ( 'NONE', #2218, #10891 ) ;
#1915 = ORIENTED_EDGE ( 'NONE', *, *, #4184, .F. ) ;
#1916 = APPROVAL ( #7955, 'UNSPECIFIED' ) ;
#1917 = CARTESIAN_POINT ( 'NONE',  ( 1.838209251331150300, -3.189320328686289200, 1.499999999999951800 ) ) ;
#1918 = VERTEX_POINT ( 'NONE', #8077 ) ;
#1919 = AXIS2_PLACEMENT_3D ( 'NONE', #6249, #1063, #7134 ) ;
#1920 = VERTEX_POINT ( 'NONE', #1994 ) ;
#1921 = DIRECTION ( 'NONE',  ( 1.000000000000000000, -6.071532165918830700E-016, -0.0000000000000000000 ) ) ;
#1922 = CARTESIAN_POINT ( 'NONE',  ( 6.250000000000000000, 16.02500000000000200, 248.0000000000000000 ) ) ;
#1923 = CARTESIAN_POINT ( 'NONE',  ( 0.5000000000000000000, -4.000000000000000000, 2.449489742783178800 ) ) ;
#1924 = CARTESIAN_POINT ( 'NONE',  ( -2.000000000000000000, 2.449293598294706400E-016, -0.0009999999999999161000 ) ) ;
#1925 = EDGE_CURVE ( 'NONE', #4631, #10207, #11211, .T. ) ;
#1926 = EDGE_CURVE ( 'NONE', #4128, #8127, #4514, .T. ) ;
#1927 = DIRECTION ( 'NONE',  ( 0.0000000000000000000, 0.0000000000000000000, 1.000000000000000000 ) ) ;
#1928 = CIRCLE ( 'NONE', #1116, 2.000000000000001800 ) ;
#1929 = ORIENTED_EDGE ( 'NONE', *, *, #3178, .T. ) ;
#1930 = ORIENTED_EDGE ( 'NONE', *, *, #7075, .F. ) ;
#1931 = VERTEX_POINT ( 'NONE', #1152 ) ;
#1932 = VECTOR ( 'NONE', #1817, 1000.000000000000000 ) ;
#1933 = DIRECTION ( 'NONE',  ( 9.436237713849947000E-020, 1.347634408217957800E-019, 1.000000000000000000 ) ) ;
#1934 = APPROVAL ( #3195, 'UNKNOWN' ) ;
#1935 = EDGE_CURVE ( 'NONE', #1148, #10859, #1948, .T. ) ;
#1936 = EDGE_CURVE ( 'NONE', #1794, #6468, #4245, .T. ) ;
#1937 = CYLINDRICAL_SURFACE ( 'NONE', #5024, 0.1999999999999999800 ) ;
#1938 = ORIENTED_EDGE ( 'NONE', *, *, #3761, .F. ) ;
#1939 = CARTESIAN_POINT ( 'NONE',  ( 86.42000000000000200, -63.64999999999999900, 0.0000000000000000000 ) ) ;
#1940 = DIRECTION ( 'NONE',  ( 0.0000000000000000000, 0.0000000000000000000, 1.000000000000000000 ) ) ;
#1941 = CIRCLE ( 'NONE', #7513, 2.250000000000001800 ) ;
#1942 = ITEM_DEFINED_TRANSFORMATION ( 'NONE', 'NONE', #390,  #7819 ) ;
#1943 = DIRECTION ( 'NONE',  ( -0.0000000000000000000, 1.000000000000000000, 0.0000000000000000000 ) ) ;
#1944 = CARTESIAN_POINT ( 'NONE',  ( 0.5999999999999999800, 3.625000000000000000, -0.001000000000000999900 ) ) ;
#1945 = VERTEX_POINT ( 'NONE', #9868 ) ;
#1946 = LINE ( 'NONE', #8564, #10919 ) ;
#1947 = DIRECTION ( 'NONE',  ( 1.521687259628780000E-016, -1.000000000000000000, 0.0000000000000000000 ) ) ;
#1948 = LINE ( 'NONE', #238, #10925 ) ;
#1949 = EDGE_CURVE ( 'NONE', #23, #3689, #3963, .T. ) ;
#1950 = CARTESIAN_POINT ( 'NONE',  ( 90.00000000000000000, 7.125000000000000000, 17.00000000000000000 ) ) ;
#1951 = VECTOR ( 'NONE', #9473, 1000.000000000000000 ) ;
#1952 = PERSON_AND_ORGANIZATION ( #7009, #4249 ) ;
#1953 = AXIS2_PLACEMENT_3D ( 'NONE', #279, #6357, #1158 ) ;
#1954 = CARTESIAN_POINT ( 'NONE',  ( 1.838209251331165000, 3.189320328686179500, 0.5000000000000000000 ) ) ;
#1955 = APPROVAL_ROLE ( '' ) ;
#1956 = EDGE_LOOP ( 'NONE', ( #2257, #5275, #4841, #1864 ) ) ;
#1957 = AXIS2_PLACEMENT_3D ( 'NONE', #5589, #403, #6477 ) ;
#1958 = LINE ( 'NONE', #4360, #8632 ) ;
#1959 = DIRECTION ( 'NONE',  ( -1.000000000000000000, -0.0000000000000000000, -0.0000000000000000000 ) ) ;
#1960 = CARTESIAN_POINT ( 'NONE',  ( 1.301042606982603900E-015, 4.649999999999999500, -1.510173831053895000 ) ) ;
#1961 = CARTESIAN_POINT ( 'NONE',  ( 0.3777142256033436100, 0.6553397952731578900, -8.000000000000000000 ) ) ;
#1962 = ADVANCED_FACE ( 'NONE', ( #6288 ), #3763, .F. ) ;
#1963 = FACE_OUTER_BOUND ( 'NONE', #895, .T. ) ;
#1964 = CIRCLE ( 'NONE', #2937, 1.250000000000000000 ) ;
#1965 = CARTESIAN_POINT ( 'NONE',  ( 0.0000000000000000000, 1.262177448353618900E-026, -6.248815809059141900 ) ) ;
#1966 = DIRECTION ( 'NONE',  ( -1.000000000000000000, 0.0000000000000000000, 0.0000000000000000000 ) ) ;
#1967 = DATE_AND_TIME ( #4266, #6576 ) ;
#1968 = ORIENTED_EDGE ( 'NONE', *, *, #10944, .F. ) ;
#1969 = CIRCLE ( 'NONE', #8827, 0.4000000000000001900 ) ;
#1970 = CARTESIAN_POINT ( 'NONE',  ( -90.00000000000000000, 25.37500000000001100, 168.0000000000000000 ) ) ;
#1971 = VECTOR ( 'NONE', #2755, 1000.000000000000000 ) ;
#1972 = ORIENTED_EDGE ( 'NONE', *, *, #2874, .T. ) ;
#1973 = LINE ( 'NONE', #402, #10946 ) ;
#1974 = COORDINATED_UNIVERSAL_TIME_OFFSET ( 1, 0, .AHEAD. ) ;
#1975 = VERTEX_POINT ( 'NONE', #8159 ) ;
#1976 = LINE ( 'NONE', #9005, #6317 ) ;
#1977 = ORIENTED_EDGE ( 'NONE', *, *, #6968, .T. ) ;
#1978 = DIRECTION ( 'NONE',  ( 0.0000000000000000000, 0.0000000000000000000, 1.000000000000000000 ) ) ;
#1979 = LINE ( 'NONE', #7636, #10952 ) ;
#1980 = PRODUCT_DEFINITION_SHAPE ( 'NONE', 'NONE',  #11303 ) ;
#1981 = LINE ( 'NONE', #5444, #6321 ) ;
#1982 = ORIENTED_EDGE ( 'NONE', *, *, #386, .T. ) ;
#1983 = EDGE_LOOP ( 'NONE', ( #1478, #10485, #10782, #3671 ) ) ;
#1984 = ORIENTED_EDGE ( 'NONE', *, *, #8213, .F. ) ;
#1985 = CARTESIAN_POINT ( 'NONE',  ( -83.39999999999570000, -49.25000000000000000, 1.500000000000000000 ) ) ;
#1986 = CARTESIAN_POINT ( 'NONE',  ( -3.399999999999999900, -10.62500000000000000, 248.0000000000000000 ) ) ;
#1987 = AXIS2_PLACEMENT_3D ( 'NONE', #3920, #10038, #4800 ) ;
#1988 = EDGE_LOOP ( 'NONE', ( #11034, #10911, #6922, #8597 ) ) ;
#1989 = AXIS2_PLACEMENT_3D ( 'NONE', #5857, #3286, #9385 ) ;
#1990 = VERTEX_POINT ( 'NONE', #5515 ) ;
#1991 = VECTOR ( 'NONE', #3649, 1000.000000000000000 ) ;
#1992 = CARTESIAN_POINT ( 'NONE',  ( 2.469697458343778500, -4.000000000000000000, -0.3880650258014514700 ) ) ;
#1993 = EDGE_CURVE ( 'NONE', #2550, #5942, #10648, .T. ) ;
#1994 = CARTESIAN_POINT ( 'NONE',  ( 2.250000000000000400, 19.07500000000000300, 248.0000000000000000 ) ) ;
#1995 = VECTOR ( 'NONE', #4178, 1000.000000000000000 ) ;
#1996 = EDGE_CURVE ( 'NONE', #3352, #1165, #8891, .T. ) ;
#1997 = ORIENTED_EDGE ( 'NONE', *, *, #7231, .F. ) ;
#1998 = ORIENTED_EDGE ( 'NONE', *, *, #11121, .F. ) ;
#1999 = DIRECTION ( 'NONE',  ( 0.0000000000000000000, 0.0000000000000000000, -1.000000000000000000 ) ) ;
#2000 = CARTESIAN_POINT ( 'NONE',  ( -3.189320328686179500, -1.838209251331160100, 0.5000000000000000000 ) ) ;
#2001 = PRODUCT ( 'Cover', 'Cover', '', ( #9873 ) ) ;
#2002 = MECHANICAL_CONTEXT ( 'NONE', #956, 'mechanical' ) ;
#2003 = ORIENTED_EDGE ( 'NONE', *, *, #6379, .F. ) ;
#2004 = DIRECTION ( 'NONE',  ( 0.0000000000000000000, 0.0000000000000000000, -1.000000000000000000 ) ) ;
#2005 = DIRECTION ( 'NONE',  ( 0.0000000000000000000, 0.0000000000000000000, 1.000000000000000000 ) ) ;
#2006 = DIRECTION ( 'NONE',  ( 0.0000000000000000000, -0.0000000000000000000, -1.000000000000000000 ) ) ;
#2007 = DIRECTION ( 'NONE',  ( 0.0000000000000000000, 0.0000000000000000000, -1.000000000000000000 ) ) ;
#2008 = ORIENTED_EDGE ( 'NONE', *, *, #10696, .T. ) ;
#2009 = CARTESIAN_POINT ( 'NONE',  ( 2.449999999999999700, -17.22499999999999800, 71.99899999999999500 ) ) ;
#2010 = CYLINDRICAL_SURFACE ( 'NONE', #8988, 2.250000000000001800 ) ;
#2011 = ORIENTED_EDGE ( 'NONE', *, *, #3862, .F. ) ;
#2012 = APPROVAL ( #4744, 'UNSPECIFIED' ) ;
#2013 = CARTESIAN_POINT ( 'NONE',  ( -5.299999999999999800, 12.50000000000000000, 248.0000000000000000 ) ) ;
#2014 = DIRECTION ( 'NONE',  ( -0.8191520442889873600, -0.5735764363510524900, 0.0000000000000000000 ) ) ;
#2015 = DATE_AND_TIME ( #4314, #6624 ) ;
#2016 = VECTOR ( 'NONE', #7723, 1000.000000000000000 ) ;
#2017 = FACE_OUTER_BOUND ( 'NONE', #5230, .T. ) ;
#2018 = ORIENTED_EDGE ( 'NONE', *, *, #6270, .F. ) ;
#2019 = CALENDAR_DATE ( 2023, 9, 11 ) ;
#2020 =( BOUNDED_CURVE ( )  B_SPLINE_CURVE ( 3, ( #8241, #10851, #5629, #430 ),
 .UNSPECIFIED., .F., .F. ) 
 B_SPLINE_CURVE_WITH_KNOTS ( ( 4, 4 ),
 ( 3.252606517456513300E-019, 0.002903465366866330800 ),
 .UNSPECIFIED. ) 
 CURVE ( )  GEOMETRIC_REPRESENTATION_ITEM ( )  RATIONAL_B_SPLINE_CURVE ( ( 0.9858555555949841700, 0.8769132284282007400, 0.8769134446985751300, 0.9858562044061070000 ) ) 
 REPRESENTATION_ITEM ( '' )  );
#2021 = CARTESIAN_POINT ( 'NONE',  ( 0.8000000000000000400, -8.800000000000000700, 72.00000000000001400 ) ) ;
#2022 = ADVANCED_FACE ( 'NONE', ( #1403 ), #352, .F. ) ;
#2023 = DIRECTION ( 'NONE',  ( 0.0000000000000000000, 0.0000000000000000000, -1.000000000000000000 ) ) ;
#2024 = VERTEX_POINT ( 'NONE', #9035 ) ;
#2025 = CIRCLE ( 'NONE', #6615, 1.250000000000000000 ) ;
#2026 = ORIENTED_EDGE ( 'NONE', *, *, #6100, .T. ) ;
#2027 = EDGE_CURVE ( 'NONE', #209, #5265, #8074, .T. ) ;
#2028 = EDGE_CURVE ( 'NONE', #2058, #6529, #10387, .T. ) ;
#2029 = ORIENTED_EDGE ( 'NONE', *, *, #3290, .F. ) ;
#2030 = AXIS2_PLACEMENT_3D ( 'NONE', #10055, #4828, #10917 ) ;
#2031 = EDGE_LOOP ( 'NONE', ( #9107, #8675, #5648, #5072 ) ) ;
#2032 = LOCAL_TIME ( 11, 17, 25.00000000000000000, #4334 ) ;
#2033 = DIRECTION ( 'NONE',  ( 1.000000000000000000, -0.0000000000000000000, 0.0000000000000000000 ) ) ;
#2034 = ADVANCED_FACE ( 'NONE', ( #3709 ), #10109, .F. ) ;
#2035 = CARTESIAN_POINT ( 'NONE',  ( -90.00100000000000500, 7.125000000000000000, 165.8499999999999900 ) ) ;
#2036 = CARTESIAN_POINT ( 'NONE',  ( 3.649999999999999900, -0.4777838534845880200, 0.5000000000000000000 ) ) ;
#2037 = PERSON_AND_ORGANIZATION_ROLE ( 'classification_officer' ) ;
#2038 = DIRECTION ( 'NONE',  ( 1.000000000000000000, 0.0000000000000000000, 0.0000000000000000000 ) ) ;
#2039 = CARTESIAN_POINT ( 'NONE',  ( 3.750000000000000000, 0.0000000000000000000, 248.0000000000000000 ) ) ;
#2040 = DIRECTION ( 'NONE',  ( 0.0000000000000000000, 0.0000000000000000000, -1.000000000000000000 ) ) ;
#2041 = CARTESIAN_POINT ( 'NONE',  ( -0.3999999999999999700, 9.599999999999999600, -1.510173831053895000 ) ) ;
#2042 = CARTESIAN_POINT ( 'NONE',  ( -85.64999999999570000, -49.25000000000000000, 1.500000000000000000 ) ) ;
#2043 = DIRECTION ( 'NONE',  ( -0.0000000000000000000, 0.0000000000000000000, -1.000000000000000000 ) ) ;
#2044 = AXIS2_PLACEMENT_3D ( 'NONE', #10187, #4953, #11055 ) ;
#2045 = CARTESIAN_POINT ( 'NONE',  ( -5.299999999999999800, 9.674999999999998900, 72.00000000000001400 ) ) ;
#2046 = CARTESIAN_POINT ( 'NONE',  ( 0.0000000000000000000, 4.675000000000001600, 248.0000000000000000 ) ) ;
#2047 = ORIENTED_EDGE ( 'NONE', *, *, #1793, .F. ) ;
#2048 = ORIENTED_EDGE ( 'NONE', *, *, #834, .T. ) ;
#2049 = VERTEX_POINT ( 'NONE', #9109 ) ;
#2050 = VERTEX_POINT ( 'NONE', #3869 ) ;
#2051 = CARTESIAN_POINT ( 'NONE',  ( 0.4609100473859870700, 0.5997501243938249100, -8.000000000000000000 ) ) ;
#2052 = AXIS2_PLACEMENT_3D ( 'NONE', #2370, #4092, #10199 ) ;
#2053 = DIRECTION ( 'NONE',  ( 0.0000000000000000000, 1.000000000000000000, 0.0000000000000000000 ) ) ;
#2054 = EDGE_LOOP ( 'NONE', ( #6291, #7729, #7481, #4487 ) ) ;
#2055 = ORIENTED_EDGE ( 'NONE', *, *, #6160, .T. ) ;
#2056 = FACE_OUTER_BOUND ( 'NONE', #2297, .T. ) ;
#2057 = ORIENTED_EDGE ( 'NONE', *, *, #4739, .F. ) ;
#2058 = VERTEX_POINT ( 'NONE', #8233 ) ;
#2059 = ORIENTED_EDGE ( 'NONE', *, *, #9808, .F. ) ;
#2060 = DIRECTION ( 'NONE',  ( 1.000000000000000000, 0.0000000000000000000, 0.0000000000000000000 ) ) ;
#2061 = ORIENTED_EDGE ( 'NONE', *, *, #8425, .F. ) ;
#2062 = CARTESIAN_POINT ( 'NONE',  ( -4.750000000000000000, -3.700000000000000200, 3.000000000000000000 ) ) ;
#2063 = DIRECTION ( 'NONE',  ( -6.454785026890447800E-015, -1.000000000000000000, 0.0000000000000000000 ) ) ;
#2064 = CC_DESIGN_PERSON_AND_ORGANIZATION_ASSIGNMENT ( #8556, #5438, ( #1475 ) ) ;
#2065 = DIRECTION ( 'NONE',  ( 0.0000000000000000000, 0.0000000000000000000, 1.000000000000000000 ) ) ;
#2066 = APPROVAL_STATUS ( 'not_yet_approved' ) ;
#2067 = CARTESIAN_POINT ( 'NONE',  ( 0.0000000000000000000, -1.599999999999999900, 0.0000000000000000000 ) ) ;
#2068 = AXIS2_PLACEMENT_3D ( 'NONE', #8842, #1049, #7118 ) ;
#2069 = VECTOR ( 'NONE', #5418, 1000.000000000000000 ) ;
#2070 = CARTESIAN_POINT ( 'NONE',  ( 0.0000000000000000000, 0.0000000000000000000, 3.950000000000000200 ) ) ;
#2071 = CARTESIAN_POINT ( 'NONE',  ( 5.850000000000001400, 12.37500000000000000, 71.99899999999999500 ) ) ;
#2072 = DIRECTION ( 'NONE',  ( 0.0000000000000000000, 0.0000000000000000000, 1.000000000000000000 ) ) ;
#2073 = ORIENTED_EDGE ( 'NONE', *, *, #4613, .T. ) ;
#2074 = VERTEX_POINT ( 'NONE', #2144 ) ;
#2075 = CYLINDRICAL_SURFACE ( 'NONE', #3504, 1.000000000000000000 ) ;
#2076 = CC_DESIGN_DATE_AND_TIME_ASSIGNMENT ( #590, #817, ( #11021 ) ) ;
#2077 = ADVANCED_FACE ( 'NONE', ( #3436 ), #9981, .F. ) ;
#2078 = COORDINATED_UNIVERSAL_TIME_OFFSET ( 1, 0, .AHEAD. ) ;
#2079 = DIRECTION ( 'NONE',  ( 0.0000000000000000000, -1.000000000000000000, -0.0000000000000000000 ) ) ;
#2080 = CARTESIAN_POINT ( 'NONE',  ( -3.337849213179413100, -17.95000000000000600, 72.00000000000001400 ) ) ;
#2081 = CARTESIAN_POINT ( 'NONE',  ( 73.50000000000000000, 2.168404344971008900E-016, 168.0000000000000000 ) ) ;
#2082 = VECTOR ( 'NONE', #9248, 1000.000000000000000 ) ;
#2083 = CARTESIAN_POINT ( 'NONE',  ( -90.00000000000001400, 3.500000000000000400, 185.0000000000000000 ) ) ;
#2084 = VECTOR ( 'NONE', #7284, 1000.000000000000000 ) ;
#2085 = LOCAL_TIME ( 11, 17, 25.00000000000000000, #4382 ) ;
#2086 = ADVANCED_FACE ( 'NONE', ( #5730 ), #1310, .F. ) ;
#2087 = EDGE_CURVE ( 'NONE', #5656, #6121, #5465, .T. ) ;
#2088 = ORIENTED_EDGE ( 'NONE', *, *, #5785, .T. ) ;
#2089 = EDGE_CURVE ( 'NONE', #8883, #3755, #8622, .T. ) ;
#2090 = LINE ( 'NONE', #10525, #6705 ) ;
#2091 = CYLINDRICAL_SURFACE ( 'NONE', #4999, 3.950000000000000200 ) ;
#2092 = CARTESIAN_POINT ( 'NONE',  ( 0.4318840214085225600, 1.607054911442823400, 1.500000000000000200 ) ) ;
#2093 = DIRECTION ( 'NONE',  ( 0.0000000000000000000, 0.0000000000000000000, 1.000000000000000000 ) ) ;
#2094 = CIRCLE ( 'NONE', #2138, 0.2000000000000000900 ) ;
#2095 = CARTESIAN_POINT ( 'NONE',  ( 0.0000000000000000000, 9.275000000000000400, 248.0000000000000000 ) ) ;
#2096 = ORIENTED_EDGE ( 'NONE', *, *, #10510, .F. ) ;
#2097 = FACE_OUTER_BOUND ( 'NONE', #8346, .T. ) ;
#2098 = LINE ( 'NONE', #10848, #11077 ) ;
#2099 = ORIENTED_EDGE ( 'NONE', *, *, #9389, .F. ) ;
#2100 = EDGE_CURVE ( 'NONE', #3411, #344, #3166, .T. ) ;
#2101 = CARTESIAN_POINT ( 'NONE',  ( 6.250000000000000000, 9.525000000000000400, 248.0000000000000000 ) ) ;
#2102 = FACE_BOUND ( 'NONE', #6816, .T. ) ;
#2103 = VERTEX_POINT ( 'NONE', #1349 ) ;
#2104 = AXIS2_PLACEMENT_3D ( 'NONE', #10963, #5727, #547 ) ;
#2105 = CARTESIAN_POINT ( 'NONE',  ( -85.64999999999548700, -20.25000000000000000, 1.500000000000000000 ) ) ;
#2106 = DIRECTION ( 'NONE',  ( 1.000000000000000000, -7.610399765575671300E-015, -0.0000000000000000000 ) ) ;
#2107 = APPROVAL_PERSON_ORGANIZATION ( #4405, #1934, #9283 ) ;
#2108 = APPLICATION_PROTOCOL_DEFINITION ( 'international standard', 'config_control_design', 1994, #7313 ) ;
#2109 = EDGE_CURVE ( 'NONE', #6550, #3846, #9850, .T. ) ;
#2110 = AXIS2_PLACEMENT_3D ( 'NONE', #10393, #5164, #11067 ) ;
#2111 = CARTESIAN_POINT ( 'NONE',  ( 86.42000000000000200, -3.950000000000002000, 0.0000000000000000000 ) ) ;
#2112 = PLANE ( 'NONE',  #2552 ) ;
#2113 = DIRECTION ( 'NONE',  ( -1.000000000000000000, 0.0000000000000000000, 0.0000000000000000000 ) ) ;
#2114 = ORIENTED_EDGE ( 'NONE', *, *, #350, .F. ) ;
#2115 = CARTESIAN_POINT ( 'NONE',  ( 0.0000000000000000000, -4.000000000000000000, 0.0000000000000000000 ) ) ;
#2116 = LINE ( 'NONE', #8914, #6724 ) ;
#2117 = ORIENTED_EDGE ( 'NONE', *, *, #8991, .F. ) ;
#2118 = EDGE_LOOP ( 'NONE', ( #7841, #4726, #11228, #1608 ) ) ;
#2119 = CIRCLE ( 'NONE', #1760, 0.4000000000000001900 ) ;
#2120 = DIRECTION ( 'NONE',  ( -0.0000000000000000000, -0.0000000000000000000, 1.000000000000000000 ) ) ;
#2121 = CARTESIAN_POINT ( 'NONE',  ( 0.6999999999999999600, 5.049999999999999800, 248.0000000000000000 ) ) ;
#2122 = FACE_BOUND ( 'NONE', #4461, .T. ) ;
#2123 = AXIS2_PLACEMENT_3D ( 'NONE', #2448, #3320, #7659 ) ;
#2124 = CARTESIAN_POINT ( 'NONE',  ( 2.449999999999999700, -17.42500000000000100, 72.00000000000001400 ) ) ;
#2125 = VECTOR ( 'NONE', #8798, 1000.000000000000000 ) ;
#2126 = EDGE_LOOP ( 'NONE', ( #6828, #8304, #6541, #2251 ) ) ;
#2127 = ORIENTED_EDGE ( 'NONE', *, *, #10264, .T. ) ;
#2128 = EDGE_LOOP ( 'NONE', ( #3345, #9296, #6926, #5831 ) ) ;
#2129 = ADVANCED_FACE ( 'NONE', ( #2898, #1130, #5193, #586, #9593 ), #6532, .T. ) ;
#2130 = PRODUCT_DEFINITION_SHAPE ( 'NONE', 'NONE',  #11308 ) ;
#2131 = DIRECTION ( 'NONE',  ( 0.0000000000000000000, -1.000000000000000000, -0.0000000000000000000 ) ) ;
#2132 = ORIENTED_EDGE ( 'NONE', *, *, #5288, .T. ) ;
#2133 = SHAPE_REPRESENTATION ( 'small_foot', ( #7819 ), #9586 ) ;
#2134 = DIRECTION ( 'NONE',  ( 0.0000000000000000000, 0.0000000000000000000, 1.000000000000000000 ) ) ;
#2135 = EDGE_CURVE ( 'NONE', #7358, #10538, #2627, .T. ) ;
#2136 = EDGE_CURVE ( 'NONE', #5033, #8799, #4915, .T. ) ;
#2137 = AXIS2_PLACEMENT_3D ( 'NONE', #7002, #1809, #7887 ) ;
#2138 = AXIS2_PLACEMENT_3D ( 'NONE', #1525, #7612, #2403 ) ;
#2139 = VERTEX_POINT ( 'NONE', #2254 ) ;
#2140 = ORIENTED_EDGE ( 'NONE', *, *, #8345, .T. ) ;
#2141 = AXIS2_PLACEMENT_3D ( 'NONE', #6694, #1483, #7571 ) ;
#2142 = CALENDAR_DATE ( 2023, 9, 11 ) ;
#2143 = EDGE_CURVE ( 'NONE', #2329, #8796, #4651, .T. ) ;
#2144 = CARTESIAN_POINT ( 'NONE',  ( 4.837354856632045100E-016, 4.500000000000000900, -3.950000000000000200 ) ) ;
#2145 = CIRCLE ( 'NONE', #8036, 2.499999999999998700 ) ;
#2146 = ORIENTED_EDGE ( 'NONE', *, *, #1438, .F. ) ;
#2147 = EDGE_CURVE ( 'NONE', #6131, #9395, #6976, .T. ) ;
#2148 = ADVANCED_FACE ( 'NONE', ( #9290 ), #1412, .T. ) ;
#2149 = APPROVAL_ROLE ( '' ) ;
#2150 = DIRECTION ( 'NONE',  ( -0.0000000000000000000, -0.0000000000000000000, -1.000000000000000000 ) ) ;
#2151 = DIRECTION ( 'NONE',  ( 0.0000000000000000000, 0.0000000000000000000, 1.000000000000000000 ) ) ;
#2152 = DIRECTION ( 'NONE',  ( 0.0000000000000000000, 0.0000000000000000000, -1.000000000000000000 ) ) ;
#2153 = CARTESIAN_POINT ( 'NONE',  ( 86.42000000000000200, -5.850000000000001400, 1.500000000000000000 ) ) ;
#2154 = DIRECTION ( 'NONE',  ( -1.000000000000000000, 0.0000000000000000000, 0.0000000000000000000 ) ) ;
#2155 = LOCAL_TIME ( 11, 17, 25.00000000000000000, #4442 ) ;
#2156 = DIRECTION ( 'NONE',  ( 0.0000000000000000000, -1.000000000000000000, -0.0000000000000000000 ) ) ;
#2157 = ORIENTED_EDGE ( 'NONE', *, *, #241, .T. ) ;
#2158 = VECTOR ( 'NONE', #381, 1000.000000000000000 ) ;
#2159 = SHAPE_REPRESENTATION ( 'Klin', ( #7819 ), #20 ) ;
#2160 = CC_DESIGN_SECURITY_CLASSIFICATION ( #1572, ( #11290 ) ) ;
#2161 = ORIENTED_EDGE ( 'NONE', *, *, #8426, .T. ) ;
#2162 = DIRECTION ( 'NONE',  ( -1.000000000000000000, 0.0000000000000000000, 0.0000000000000000000 ) ) ;
#2163 = CIRCLE ( 'NONE', #2322, 0.4000000000000001900 ) ;
#2164 = ORIENTED_EDGE ( 'NONE', *, *, #7181, .T. ) ;
#2165 = ORIENTED_EDGE ( 'NONE', *, *, #4184, .T. ) ;
#2166 = EDGE_CURVE ( 'NONE', #6252, #11128, #42, .T. ) ;
#2167 = COORDINATED_UNIVERSAL_TIME_OFFSET ( 1, 0, .AHEAD. ) ;
#2168 = CARTESIAN_POINT ( 'NONE',  ( 4.837354856632045100E-016, 0.0000000000000000000, -3.950000000000000200 ) ) ;
#2169 = ORIENTED_EDGE ( 'NONE', *, *, #2683, .F. ) ;
#2170 = DIRECTION ( 'NONE',  ( -0.0000000000000000000, -1.000000000000000000, -0.0000000000000000000 ) ) ;
#2171 = PERSON_AND_ORGANIZATION ( #9810, #4463 ) ;
#2172 = CARTESIAN_POINT ( 'NONE',  ( -86.50000000000001400, 29.00000000000000000, 185.0000000000000000 ) ) ;
#2173 = EDGE_CURVE ( 'NONE', #7122, #6942, #4379, .T. ) ;
#2174 = AXIS2_PLACEMENT_3D ( 'NONE', #9393, #4158, #10258 ) ;
#2175 = VERTEX_POINT ( 'NONE', #1449 ) ;
#2176 = DIRECTION ( 'NONE',  ( 1.000000000000000000, 0.0000000000000000000, 1.219727444046192000E-016 ) ) ;
#2177 = PERSON_AND_ORGANIZATION_ROLE ( 'design_supplier' ) ;
#2178 = ORIENTED_EDGE ( 'NONE', *, *, #10510, .T. ) ;
#2179 = DIRECTION ( 'NONE',  ( 0.0000000000000000000, 0.0000000000000000000, -1.000000000000000000 ) ) ;
#2180 = CARTESIAN_POINT ( 'NONE',  ( 1.649999999999999900, 0.0000000000000000000, 1.500000000000000000 ) ) ;
#2181 = DIRECTION ( 'NONE',  ( 0.0000000000000000000, 0.0000000000000000000, 1.000000000000000000 ) ) ;
#2182 = CARTESIAN_POINT ( 'NONE',  ( -0.3999999999999999700, -3.824999999999999700, 72.00000000000001400 ) ) ;
#2183 = CARTESIAN_POINT ( 'NONE',  ( -2.449489742783179700, -3.999999999999998200, -0.4999999999999997800 ) ) ;
#2184 = CARTESIAN_POINT ( 'NONE',  ( 1.200000000000000000, 10.02499999999999900, 72.00000000000001400 ) ) ;
#2185 = ADVANCED_FACE ( 'NONE', ( #11052 ), #4096, .F. ) ;
#2186 = EDGE_LOOP ( 'NONE', ( #2636, #259, #1495, #6728 ) ) ;
#2187 = CARTESIAN_POINT ( 'NONE',  ( 0.7681833999686437100, 0.9995835529977258300, -7.500000000000001800 ) ) ;
#2188 = ORIENTED_EDGE ( 'NONE', *, *, #7845, .F. ) ;
#2189 = EDGE_LOOP ( 'NONE', ( #4589, #3947, #6680, #10366 ) ) ;
#2190 = DIRECTION ( 'NONE',  ( 1.000000000000000000, 0.0000000000000000000, 0.0000000000000000000 ) ) ;
#2191 = ORIENTED_EDGE ( 'NONE', *, *, #10944, .T. ) ;
#2192 = LINE ( 'NONE', #2263, #4206 ) ;
#2193 = AXIS2_PLACEMENT_3D ( 'NONE', #4544, #10641, #5423 ) ;
#2194 = ORIENTED_EDGE ( 'NONE', *, *, #3652, .T. ) ;
#2195 = DIRECTION ( 'NONE',  ( 0.0000000000000000000, -1.000000000000000000, -0.0000000000000000000 ) ) ;
#2196 = ORIENTED_EDGE ( 'NONE', *, *, #6967, .F. ) ;
#2197 = ORIENTED_EDGE ( 'NONE', *, *, #10099, .F. ) ;
#2198 = CARTESIAN_POINT ( 'NONE',  ( 5.850000000000001400, -4.675000000000001600, 248.0000000000000000 ) ) ;
#2199 = CARTESIAN_POINT ( 'NONE',  ( 6.250000000000000900, -5.074999999999999300, 248.0000000000000000 ) ) ;
#2200 = ADVANCED_FACE ( 'NONE', ( #9033 ), #9281, .F. ) ;
#2201 = VECTOR ( 'NONE', #8388, 1000.000000000000000 ) ;
#2202 = AXIS2_PLACEMENT_3D ( 'NONE', #5379, #179, #6248 ) ;
#2203 = ORIENTED_EDGE ( 'NONE', *, *, #11276, .T. ) ;
#2204 = ORIENTED_EDGE ( 'NONE', *, *, #7629, .F. ) ;
#2205 = AXIS2_PLACEMENT_3D ( 'NONE', #9008, #9050, #6369 ) ;
#2206 = ORIENTED_EDGE ( 'NONE', *, *, #6671, .F. ) ;
#2207 = CIRCLE ( 'NONE', #5007, 0.4000000000000000200 ) ;
#2208 = EDGE_CURVE ( 'NONE', #1768, #2847, #8746, .T. ) ;
#2209 = EDGE_CURVE ( 'NONE', #4305, #10619, #1823, .T. ) ;
#2210 = FACE_OUTER_BOUND ( 'NONE', #5602, .T. ) ;
#2211 = VERTEX_POINT ( 'NONE', #8436 ) ;
#2212 = FACE_OUTER_BOUND ( 'NONE', #9623, .T. ) ;
#2213 = DIRECTION ( 'NONE',  ( 1.000000000000000000, 0.0000000000000000000, 0.0000000000000000000 ) ) ;
#2214 = APPROVAL_DATE_TIME ( #4507, #106 ) ;
#2215 = PRODUCT_RELATED_PRODUCT_CATEGORY ( 'detail', '', ( #2001 ) ) ;
#2216 = PERSON_AND_ORGANIZATION_ROLE ( 'creator' ) ;
#2217 = ORIENTED_EDGE ( 'NONE', *, *, #2240, .T. ) ;
#2218 = CARTESIAN_POINT ( 'NONE',  ( 6.250000000000000000, 19.27500000000000600, 72.00000000000001400 ) ) ;
#2219 = LINE ( 'NONE', #1618, #6845 ) ;
#2220 = CARTESIAN_POINT ( 'NONE',  ( 1.707778744716765200E-017, -7.300770222279489800E-032, -8.000000000000000000 ) ) ;
#2221 = CARTESIAN_POINT ( 'NONE',  ( 6.250000000000000000, 0.0000000000000000000, 248.0000000000000000 ) ) ;
#2222 = DIRECTION ( 'NONE',  ( -0.0000000000000000000, 0.0000000000000000000, -1.000000000000000000 ) ) ;
#2223 = CARTESIAN_POINT ( 'NONE',  ( -2.597313342352048200, -1.772609963075401800, -0.5000000000000001100 ) ) ;
#2224 = PLANE ( 'NONE',  #3442 ) ;
#2225 = CC_DESIGN_SECURITY_CLASSIFICATION ( #1644, ( #11310 ) ) ;
#2226 = VECTOR ( 'NONE', #7194, 1000.000000000000000 ) ;
#2227 = CYLINDRICAL_SURFACE ( 'NONE', #762, 0.4000000000000000200 ) ;
#2228 = DIRECTION ( 'NONE',  ( 0.0000000000000000000, 0.0000000000000000000, 1.000000000000000000 ) ) ;
#2229 = LOCAL_TIME ( 11, 17, 25.00000000000000000, #4518 ) ;
#2230 = DIRECTION ( 'NONE',  ( 0.0000000000000000000, -0.0000000000000000000, -1.000000000000000000 ) ) ;
#2231 = CARTESIAN_POINT ( 'NONE',  ( 0.5000000000000000000, -1.599999999999999900, 2.449489742783178800 ) ) ;
#2232 = ORIENTED_EDGE ( 'NONE', *, *, #6299, .T. ) ;
#2233 = VECTOR ( 'NONE', #2562, 1000.000000000000000 ) ;
#2234 = DIRECTION ( 'NONE',  ( -1.000000000000000000, -0.0000000000000000000, 0.0000000000000000000 ) ) ;
#2235 = ORIENTED_EDGE ( 'NONE', *, *, #5860, .F. ) ;
#2236 = DIRECTION ( 'NONE',  ( 1.000000000000000000, 0.0000000000000000000, 0.0000000000000000000 ) ) ;
#2237 = FACE_OUTER_BOUND ( 'NONE', #8303, .T. ) ;
#2238 = LINE ( 'NONE', #7238, #9186 ) ;
#2239 = CALENDAR_DATE ( 2023, 9, 11 ) ;
#2240 = EDGE_CURVE ( 'NONE', #7310, #8883, #10787, .T. ) ;
#2241 = ORIENTED_EDGE ( 'NONE', *, *, #6833, .T. ) ;
#2242 = AXIS2_PLACEMENT_3D ( 'NONE', #5422, #226, #6293 ) ;
#2243 = CIRCLE ( 'NONE', #7647, 0.2000000000000000900 ) ;
#2244 = ADVANCED_FACE ( 'NONE', ( #6150 ), #10188, .F. ) ;
#2245 = CARTESIAN_POINT ( 'NONE',  ( -3.799999999999999800, -9.275000000000000400, -0.001000000000000999900 ) ) ;
#2246 = CIRCLE ( 'NONE', #6642, 0.2000000000000000900 ) ;
#2247 = VERTEX_POINT ( 'NONE', #3224 ) ;
#2248 = DIRECTION ( 'NONE',  ( 1.000000000000000000, 0.0000000000000000000, 0.0000000000000000000 ) ) ;
#2249 = VECTOR ( 'NONE', #5556, 1000.000000000000000 ) ;
#2250 = CARTESIAN_POINT ( 'NONE',  ( 5.850000000000001400, 8.325000000000001100, 72.00000000000001400 ) ) ;
#2251 = ORIENTED_EDGE ( 'NONE', *, *, #1123, .F. ) ;
#2252 = FACE_OUTER_BOUND ( 'NONE', #2532, .T. ) ;
#2253 = LINE ( 'NONE', #6062, #1721 ) ;
#2254 = CARTESIAN_POINT ( 'NONE',  ( 2.000000000000000000, 0.0000000000000000000, 0.0000000000000000000 ) ) ;
#2255 = CIRCLE ( 'NONE', #6493, 2.500000000000000000 ) ;
#2256 = VERTEX_POINT ( 'NONE', #7605 ) ;
#2257 = ORIENTED_EDGE ( 'NONE', *, *, #2371, .F. ) ;
#2258 = ADVANCED_FACE ( 'NONE', ( #8214 ), #8477, .T. ) ;
#2259 = VERTEX_POINT ( 'NONE', #1521 ) ;
#2260 = APPROVAL_STATUS ( 'not_yet_approved' ) ;
#2261 = EDGE_CURVE ( 'NONE', #253, #3759, #1530, .T. ) ;
#2262 = CARTESIAN_POINT ( 'NONE',  ( -0.4999999999999997800, -4.000000000000000000, 2.449489742783179700 ) ) ;
#2263 = CARTESIAN_POINT ( 'NONE',  ( -86.42000000000000200, -3.950000000000002000, 0.0000000000000000000 ) ) ;
#2264 = DIRECTION ( 'NONE',  ( 1.000000000000000000, 0.0000000000000000000, 0.0000000000000000000 ) ) ;
#2265 = VERTEX_POINT ( 'NONE', #3682 ) ;
#2266 = CARTESIAN_POINT ( 'NONE',  ( 6.250000000000000000, -9.525000000000000400, 248.0000000000000000 ) ) ;
#2267 = EDGE_LOOP ( 'NONE', ( #10093, #3028, #3503, #3021 ) ) ;
#2268 = CIRCLE ( 'NONE', #7418, 0.4000000000000001900 ) ;
#2269 = CARTESIAN_POINT ( 'NONE',  ( -0.6553397952731430100, 0.3777142256033320100, -8.000000000000000000 ) ) ;
#2270 = VECTOR ( 'NONE', #8484, 1000.000000000000000 ) ;
#2271 = ORIENTED_EDGE ( 'NONE', *, *, #2512, .F. ) ;
#2272 = ORIENTED_EDGE ( 'NONE', *, *, #8763, .F. ) ;
#2273 = ORIENTED_EDGE ( 'NONE', *, *, #9607, .T. ) ;
#2274 = ORIENTED_EDGE ( 'NONE', *, *, #3868, .F. ) ;
#2275 = DIRECTION ( 'NONE',  ( -0.0000000000000000000, 1.000000000000000000, 0.0000000000000000000 ) ) ;
#2276 = FACE_OUTER_BOUND ( 'NONE', #3367, .T. ) ;
#2277 = ORIENTED_EDGE ( 'NONE', *, *, #2719, .T. ) ;
#2278 = PERSON_AND_ORGANIZATION ( #9810, #4463 ) ;
#2279 = DIRECTION ( 'NONE',  ( -6.454785026890447800E-015, 1.000000000000000000, 0.0000000000000000000 ) ) ;
#2280 = LINE ( 'NONE', #5950, #1756 ) ;
#2281 = DIRECTION ( 'NONE',  ( 1.000000000000000000, 0.0000000000000000000, -0.0000000000000000000 ) ) ;
#2282 = VECTOR ( 'NONE', #11223, 1000.000000000000000 ) ;
#2283 = ORIENTED_EDGE ( 'NONE', *, *, #2100, .F. ) ;
#2284 = EDGE_CURVE ( 'NONE', #9136, #4308, #5865, .T. ) ;
#2285 = CC_DESIGN_PERSON_AND_ORGANIZATION_ASSIGNMENT ( #10465, #8015, ( #11264 ) ) ;
#2286 = AXIS2_PLACEMENT_3D ( 'NONE', #6478, #9992, #4750 ) ;
#2287 = AXIS2_PLACEMENT_3D ( 'NONE', #5855, #677, #6750 ) ;
#2288 = PERSON_AND_ORGANIZATION ( #9810, #4463 ) ;
#2289 = EDGE_CURVE ( 'NONE', #5171, #8378, #6698, .T. ) ;
#2290 = CC_DESIGN_APPROVAL ( #1722, ( #539 ) ) ;
#2291 = DIRECTION ( 'NONE',  ( -1.000000000000000000, 0.0000000000000000000, 0.0000000000000000000 ) ) ;
#2292 = EDGE_CURVE ( 'NONE', #6501, #2408, #3562, .T. ) ;
#2293 = ORIENTED_EDGE ( 'NONE', *, *, #10488, .F. ) ;
#2294 = FACE_BOUND ( 'NONE', #10763, .T. ) ;
#2295 = ADVANCED_FACE ( 'NONE', ( #10240 ), #5459, .T. ) ;
#2297 = EDGE_LOOP ( 'NONE', ( #6201, #10008, #2730, #9555 ) ) ;
#2296 = SECURITY_CLASSIFICATION_LEVEL ( 'unclassified' ) ;
#2298 = DIRECTION ( 'NONE',  ( 0.0000000000000000000, 0.0000000000000000000, 1.000000000000000000 ) ) ;
#2299 = CARTESIAN_POINT ( 'NONE',  ( 2.250000000000000400, -1.025000000000000100, 71.99899999999999500 ) ) ;
#2300 = VERTEX_POINT ( 'NONE', #10229 ) ;
#2301 = CARTESIAN_POINT ( 'NONE',  ( -2.469696598571291500, -4.000000000000000000, 0.3880704974684260300 ) ) ;
#2302 = CARTESIAN_POINT ( 'NONE',  ( 3.950000000000000200, -15.62500000000000000, 248.0000000000000000 ) ) ;
#2303 = ADVANCED_FACE ( 'NONE', ( #9978 ), #7218, .T. ) ;
#2304 = EDGE_LOOP ( 'NONE', ( #5546, #3059, #9096, #1373 ) ) ;
#2305 = CALENDAR_DATE ( 2023, 9, 11 ) ;
#2306 = CC_DESIGN_DATE_AND_TIME_ASSIGNMENT ( #11225, #7609, ( #11281 ) ) ;
#2307 = CARTESIAN_POINT ( 'NONE',  ( 0.7500000000000000000, 0.09817475995270590100, -8.000000000000000000 ) ) ;
#2308 = CARTESIAN_POINT ( 'NONE',  ( -88.50000000000002800, 28.99999999999999600, 185.0000000000000000 ) ) ;
#2309 = EDGE_CURVE ( 'NONE', #7855, #6050, #10517, .T. ) ;
#2310 = EDGE_CURVE ( 'NONE', #9748, #10728, #3294, .T. ) ;
#2311 = DIRECTION ( 'NONE',  ( -0.0000000000000000000, -0.0000000000000000000, 1.000000000000000000 ) ) ;
#2312 = CARTESIAN_POINT ( 'NONE',  ( 6.250000000000000000, 0.0000000000000000000, 72.00000000000001400 ) ) ;
#2313 = ADVANCED_FACE ( 'NONE', ( #5600 ), #9713, .F. ) ;
#2314 = EDGE_CURVE ( 'NONE', #8729, #1342, #721, .T. ) ;
#2315 = CARTESIAN_POINT ( 'NONE',  ( 2.745355572704900700E-016, 2.000000000000000000, 0.0000000000000000000 ) ) ;
#2316 = ORIENTED_EDGE ( 'NONE', *, *, #11259, .T. ) ;
#2317 = ORIENTED_EDGE ( 'NONE', *, *, #1819, .T. ) ;
#2318 = CARTESIAN_POINT ( 'NONE',  ( -3.399999999999999900, -3.824999999999999700, 248.0000000000000000 ) ) ;
#2319 = AXIS2_PLACEMENT_3D ( 'NONE', #9702, #5332, #130 ) ;
#2320 = EDGE_LOOP ( 'NONE', ( #8588, #7846, #8823, #6136, #4556 ) ) ;
#2321 = ORIENTED_EDGE ( 'NONE', *, *, #7967, .T. ) ;
#2322 = AXIS2_PLACEMENT_3D ( 'NONE', #4628, #10729, #5509 ) ;
#2323 =( REPRESENTATION_RELATIONSHIP ('NONE','NONE', #9710, #2133 ) REPRESENTATION_RELATIONSHIP_WITH_TRANSFORMATION ( #614 )SHAPE_REPRESENTATION_RELATIONSHIP( ) );
#2324 = ORIENTED_EDGE ( 'NONE', *, *, #3813, .T. ) ;
#2325 = ORIENTED_EDGE ( 'NONE', *, *, #642, .F. ) ;
#2326 = DIRECTION ( 'NONE',  ( -0.0000000000000000000, -0.0000000000000000000, -1.000000000000000000 ) ) ;
#2327 = FACE_OUTER_BOUND ( 'NONE', #4970, .T. ) ;
#2328 = DIRECTION ( 'NONE',  ( 1.000000000000000000, 7.610399765575671300E-015, 0.0000000000000000000 ) ) ;
#2329 = VERTEX_POINT ( 'NONE', #4658 ) ;
#2330 = DIRECTION ( 'NONE',  ( -1.000000000000000000, 0.0000000000000000000, 0.0000000000000000000 ) ) ;
#2331 = CARTESIAN_POINT ( 'NONE',  ( -2.449489742783178800, -4.000000000000000000, 0.5000000000000000000 ) ) ;
#2332 = EDGE_LOOP ( 'NONE', ( #1719, #10116, #7749, #8999 ) ) ;
#2333 = PLANE ( 'NONE',  #6947 ) ;
#2334 = VERTEX_POINT ( 'NONE', #2934 ) ;
#2335 = AXIS2_PLACEMENT_3D ( 'NONE', #9958, #1288, #406 ) ;
#2336 = ORIENTED_EDGE ( 'NONE', *, *, #8148, .T. ) ;
#2337 = CARTESIAN_POINT ( 'NONE',  ( -0.5997501243938329100, -0.4609100473859880100, -8.000000000000000000 ) ) ;
#2338 = CARTESIAN_POINT ( 'NONE',  ( -3.449999999999999700, 0.0000000000000000000, 1.000000000000000000 ) ) ;
#2339 = VERTEX_POINT ( 'NONE', #9026 ) ;
#2340 = LINE ( 'NONE', #4755, #37 ) ;
#2341 = CARTESIAN_POINT ( 'NONE',  ( 2.449999999999999700, -19.27500000000000600, 71.99899999999999500 ) ) ;
#2342 = VERTEX_POINT ( 'NONE', #5691 ) ;
#2343 = EDGE_LOOP ( 'NONE', ( #9625, #4172, #10673, #7725 ) ) ;
#2344 = AXIS2_PLACEMENT_3D ( 'NONE', #10320, #5085, #11193 ) ;
#2345 = AXIS2_PLACEMENT_3D ( 'NONE', #9738, #4491, #125 ) ;
#2346 = CARTESIAN_POINT ( 'NONE',  ( -0.6553397952731289100, -0.3777142256033279600, -8.000000000000000000 ) ) ;
#2347 = AXIS2_PLACEMENT_3D ( 'NONE', #318, #6397, #1210 ) ;
#2348 = ADVANCED_FACE ( 'NONE', ( #7379 ), #2756, .F. ) ;
#2349 = VECTOR ( 'NONE', #5718, 1000.000000000000000 ) ;
#2350 = DIRECTION ( 'NONE',  ( 0.0000000000000000000, 0.0000000000000000000, 1.000000000000000000 ) ) ;
#2351 = EDGE_CURVE ( 'NONE', #10854, #6196, #5045, .T. ) ;
#2352 = CARTESIAN_POINT ( 'NONE',  ( -1.145643923738960400, -4.000000000000000000, 0.5000000000000000000 ) ) ;
#2353 = LINE ( 'NONE', #7206, #45 ) ;
#2354 = CONTEXT_DEPENDENT_SHAPE_REPRESENTATION ( #10345, #1980 ) ;
#2355 = EDGE_CURVE ( 'NONE', #7028, #1234, #3026, .T. ) ;
#2356 = VERTEX_POINT ( 'NONE', #10796 ) ;
#2357 = VECTOR ( 'NONE', #6948, 1000.000000000000000 ) ;
#2358 = MANIFOLD_SOLID_BREP ( 'Import1', #8246 ) ;
#2359 = LINE ( 'NONE', #2338, #8758 ) ;
#2360 = ADVANCED_FACE ( 'NONE', ( #7099 ), #1265, .F. ) ;
#2361 = LINE ( 'NONE', #4050, #9048 ) ;
#2362 = CC_DESIGN_DATE_AND_TIME_ASSIGNMENT ( #11124, #8295, ( #39 ) ) ;
#2363 = ORGANIZATION ( 'NAUO-ORG10', 'UNSPECIFIED', 'UNSPECIFIED' ) ;
#2364 = CARTESIAN_POINT ( 'NONE',  ( 2.449489742783179700, -4.001000000000000300, 0.5000000000000000000 ) ) ;
#2365 = DIRECTION ( 'NONE',  ( 1.387778780781445900E-016, -1.000000000000000000, 0.0000000000000000000 ) ) ;
#2366 = DIRECTION ( 'NONE',  ( 1.000000000000000000, 4.483937902363304800E-016, 0.0000000000000000000 ) ) ;
#2367 = DIRECTION ( 'NONE',  ( 1.000000000000000000, 0.0000000000000000000, 0.0000000000000000000 ) ) ;
#2368 = CARTESIAN_POINT ( 'NONE',  ( -3.799999999999999800, 9.275000000000000400, 72.00000000000001400 ) ) ;
#2369 = CARTESIAN_POINT ( 'NONE',  ( 1.600000000000000100, -14.50000000000000000, 65.07035354437189800 ) ) ;
#2370 = CARTESIAN_POINT ( 'NONE',  ( -3.799999999999999800, 4.774999999999999500, -0.001000000000000999900 ) ) ;
#2371 = EDGE_CURVE ( 'NONE', #5574, #2473, #2485, .T. ) ;
#2372 = ORIENTED_EDGE ( 'NONE', *, *, #6872, .F. ) ;
#2373 = VECTOR ( 'NONE', #1900, 1000.000000000000000 ) ;
#2374 = VECTOR ( 'NONE', #4716, 1000.000000000000000 ) ;
#2375 = VERTEX_POINT ( 'NONE', #4738 ) ;
#2376 = CARTESIAN_POINT ( 'NONE',  ( -0.1636245999211764800, 1.249999999999981600, -7.999999999999994700 ) ) ;
#2377 = FACE_BOUND ( 'NONE', #7220, .T. ) ;
#2378 = ORIENTED_EDGE ( 'NONE', *, *, #3471, .F. ) ;
#2379 = CARTESIAN_POINT ( 'NONE',  ( 0.4999999999999500400, -3.346637281128671800, 2.897408614015467300 ) ) ;
#2380 = DIRECTION ( 'NONE',  ( -1.000000000000000000, -0.0000000000000000000, -0.0000000000000000000 ) ) ;
#2381 = CALENDAR_DATE ( 2023, 9, 11 ) ;
#2382 = CARTESIAN_POINT ( 'NONE',  ( 2.449489742783179200, -4.000000000000000000, -0.4999999999999997800 ) ) ;
#2383 = ORIENTED_EDGE ( 'NONE', *, *, #3871, .F. ) ;
#2384 = CYLINDRICAL_SURFACE ( 'NONE', #79, 3.649999999999999900 ) ;
#2385 = FACE_OUTER_BOUND ( 'NONE', #2811, .T. ) ;
#2386 = ORIENTED_EDGE ( 'NONE', *, *, #58, .T. ) ;
#2387 = ORIENTED_EDGE ( 'NONE', *, *, #7726, .F. ) ;
#2388 = CARTESIAN_POINT ( 'NONE',  ( -0.2159844817121049900, -1.649999999999999900, 1.500000000000000400 ) ) ;
#2389 = EDGE_CURVE ( 'NONE', #5224, #10858, #440, .T. ) ;
#2390 = EDGE_CURVE ( 'NONE', #4301, #9410, #166, .T. ) ;
#2391 = CARTESIAN_POINT ( 'NONE',  ( 0.1636245999211762000, 1.250000000000016900, -7.999999999999994700 ) ) ;
#2392 = AXIS2_PLACEMENT_3D ( 'NONE', #8602, #9496, #4250 ) ;
#2393 = CARTESIAN_POINT ( 'NONE',  ( 4.750000000000000000, 3.700000000000000200, 0.0000000000000000000 ) ) ;
#2394 = CYLINDRICAL_SURFACE ( 'NONE', #6612, 1.800000000000000300 ) ;
#2395 = CARTESIAN_POINT ( 'NONE',  ( 2.059984127722460000E-015, -9.599999999999999600, 248.0000000000000000 ) ) ;
#2396 = LINE ( 'NONE', #6127, #2125 ) ;
#2397 = VERTEX_POINT ( 'NONE', #1304 ) ;
#2398 = EDGE_LOOP ( 'NONE', ( #7528, #6906, #3192, #635 ) ) ;
#2399 = ORIENTED_EDGE ( 'NONE', *, *, #8723, .F. ) ;
#2400 = PERSON_AND_ORGANIZATION_ROLE ( 'classification_officer' ) ;
#2401 =( NAMED_UNIT ( * ) SI_UNIT ( $, .STERADIAN. ) SOLID_ANGLE_UNIT ( ) );
#2402 = AXIS2_PLACEMENT_3D ( 'NONE', #8080, #1999, #8044 ) ;
#2403 = DIRECTION ( 'NONE',  ( -1.000000000000000000, 0.0000000000000000000, 0.0000000000000000000 ) ) ;
#2404 = CARTESIAN_POINT ( 'NONE',  ( -81.14999999999570000, -49.25000000000000000, -0.0009999999999999161000 ) ) ;
#2405 = CARTESIAN_POINT ( 'NONE',  ( 0.0000000000000000000, -17.22500000000000100, 248.0000000000000000 ) ) ;
#2406 = CARTESIAN_POINT ( 'NONE',  ( 0.8309713053962719500, 1.441747545844422200, 1.500000000000000000 ) ) ;
#2407 = CARTESIAN_POINT ( 'NONE',  ( 1.200000000000000000, 0.0000000000000000000, 248.0000000000000000 ) ) ;
#2408 = VERTEX_POINT ( 'NONE', #3000 ) ;
#2409 = EDGE_LOOP ( 'NONE', ( #1507, #7786, #723, #10168 ) ) ;
#2410 = DATE_AND_TIME ( #4706, #7037 ) ;
#2411 = CARTESIAN_POINT ( 'NONE',  ( 6.250000000000000900, 8.724999999999999600, 71.99899999999999500 ) ) ;
#2412 = ADVANCED_FACE ( 'NONE', ( #3500 ), #8255, .F. ) ;
#2413 = CARTESIAN_POINT ( 'NONE',  ( 0.7681834123099901000, -0.9995835406563943200, -7.999999999999994700 ) ) ;
#2414 = VECTOR ( 'NONE', #1933, 1000.000000000000000 ) ;
#2415 = VERTEX_POINT ( 'NONE', #4772 ) ;
#2416 = CARTESIAN_POINT ( 'NONE',  ( -3.399999999999999900, -10.62500000000000000, 72.00000000000001400 ) ) ;
#2417 = PLANE ( 'NONE',  #727 ) ;
#2418 = DIRECTION ( 'NONE',  ( 0.0000000000000000000, -1.000000000000000000, -0.0000000000000000000 ) ) ;
#2419 = AXIS2_PLACEMENT_3D ( 'NONE', #678, #3288, #9386 ) ;
#2420 = CALENDAR_DATE ( 2023, 9, 11 ) ;
#2421 = DIRECTION ( 'NONE',  ( 0.0000000000000000000, 0.0000000000000000000, 1.000000000000000000 ) ) ;
#2422 = DIRECTION ( 'NONE',  ( 0.0000000000000000000, 1.000000000000000000, 0.0000000000000000000 ) ) ;
#2423 = VERTEX_POINT ( 'NONE', #10868 ) ;
#2424 = ADVANCED_FACE ( 'NONE', ( #3607 ), #5653, .F. ) ;
#2425 = CIRCLE ( 'NONE', #5863, 1.800000000000000300 ) ;
#2426 = EDGE_CURVE ( 'NONE', #6602, #8547, #10558, .T. ) ;
#2427 = ORIENTED_EDGE ( 'NONE', *, *, #3529, .F. ) ;
#2428 = VECTOR ( 'NONE', #4590, 1000.000000000000000 ) ;
#2429 = ORIENTED_EDGE ( 'NONE', *, *, #6212, .F. ) ;
#2430 = ORIENTED_EDGE ( 'NONE', *, *, #2586, .F. ) ;
#2431 = CARTESIAN_POINT ( 'NONE',  ( 0.6295237093388836900, -1.092232992121912500, -7.999999999999994700 ) ) ;
#2432 = PLANE ( 'NONE',  #6836 ) ;
#2433 = LOCAL_TIME ( 11, 17, 25.00000000000000000, #4731 ) ;
#2434 = ORIENTED_EDGE ( 'NONE', *, *, #6427, .F. ) ;
#2435 = CARTESIAN_POINT ( 'NONE',  ( -88.50000000000000000, -4.336808689942017700E-016, 185.0000000000000000 ) ) ;
#2436 = CC_DESIGN_APPROVAL ( #1865, ( #103 ) ) ;
#2437 = SECURITY_CLASSIFICATION ( '', '', #6087 ) ;
#2438 = SHAPE_DEFINITION_REPRESENTATION ( #6516, #5873 ) ;
#2439 = DIRECTION ( 'NONE',  ( -0.0000000000000000000, -0.0000000000000000000, -1.000000000000000000 ) ) ;
#2440 = DATE_TIME_ROLE ( 'classification_date' ) ;
#2441 = DIRECTION ( 'NONE',  ( 0.0000000000000000000, 0.0000000000000000000, 1.000000000000000000 ) ) ;
#2442 = CARTESIAN_POINT ( 'NONE',  ( -88.50000000000000000, 7.125000000000000000, 170.1500000000000300 ) ) ;
#2443 = PERSON_AND_ORGANIZATION_ROLE ( 'creator' ) ;
#2444 = CARTESIAN_POINT ( 'NONE',  ( -1.441747545844446000, -0.8309713053962701800, 1.500000000000000000 ) ) ;
#2445 = DIRECTION ( 'NONE',  ( 1.000000000000000000, 0.0000000000000000000, 0.0000000000000000000 ) ) ;
#2446 = VERTEX_POINT ( 'NONE', #8293 ) ;
#2447 = CARTESIAN_POINT ( 'NONE',  ( -1.250000000000000000, 1.530808498934190100E-016, -7.500000000000000000 ) ) ;
#2448 = CARTESIAN_POINT ( 'NONE',  ( 2.449999999999999700, 17.42500000000000100, 71.99899999999999500 ) ) ;
#2449 = DIRECTION ( 'NONE',  ( 0.0000000000000000000, -0.0000000000000000000, 1.000000000000000000 ) ) ;
#2450 = EDGE_CURVE ( 'NONE', #6371, #5144, #5645, .T. ) ;
#2451 = ORIENTED_EDGE ( 'NONE', *, *, #6502, .F. ) ;
#2452 = EDGE_CURVE ( 'NONE', #2397, #7011, #5909, .T. ) ;
#2453 = DIRECTION ( 'NONE',  ( 1.000000000000000000, 0.0000000000000000000, -0.0000000000000000000 ) ) ;
#2454 = CARTESIAN_POINT ( 'NONE',  ( -0.4999999999999993300, -1.599999999999999900, -2.449489742783179200 ) ) ;
#2455 = DIRECTION ( 'NONE',  ( 9.436237713849909700E-020, -1.347634408217973000E-019, -1.000000000000000000 ) ) ;
#2456 = CARTESIAN_POINT ( 'NONE',  ( 6.250000000000000000, -13.17499999999999900, 72.00000000000001400 ) ) ;
#2457 = DIRECTION ( 'NONE',  ( 1.000000000000000000, 0.0000000000000000000, 0.0000000000000000000 ) ) ;
#2458 = ORIENTED_EDGE ( 'NONE', *, *, #8496, .T. ) ;
#2459 = VERTEX_POINT ( 'NONE', #6559 ) ;
#2460 = ORIENTED_EDGE ( 'NONE', *, *, #8199, .F. ) ;
#2461 = VECTOR ( 'NONE', #9116, 1000.000000000000000 ) ;
#2462 = ORIENTED_EDGE ( 'NONE', *, *, #3118, .F. ) ;
#2463 = ORIENTED_EDGE ( 'NONE', *, *, #6421, .F. ) ;
#2464 = CARTESIAN_POINT ( 'NONE',  ( -1.250000000000000000, 0.1636245999211584900, -7.500000000000000000 ) ) ;
#2465 = ORIENTED_EDGE ( 'NONE', *, *, #5263, .F. ) ;
#2466 = ADVANCED_FACE ( 'NONE', ( #10014 ), #3072, .F. ) ;
#2467 = CARTESIAN_POINT ( 'NONE',  ( -0.7681833999686440400, -0.9995835529977251700, -7.499999999999999100 ) ) ;
#2468 = CARTESIAN_POINT ( 'NONE',  ( 2.000000000000000000, 0.0000000000000000000, 1.000000000000000000 ) ) ;
#2469 = AXIS2_PLACEMENT_3D ( 'NONE', #7895, #2690, #8769 ) ;
#2470 = EDGE_CURVE ( 'NONE', #5495, #5977, #5369, .T. ) ;
#2471 = VECTOR ( 'NONE', #3955, 1000.000000000000000 ) ;
#2472 = AXIS2_PLACEMENT_3D ( 'NONE', #395, #8198, #7308 ) ;
#2473 = VERTEX_POINT ( 'NONE', #10071 ) ;
#2474 = ORIENTED_EDGE ( 'NONE', *, *, #8580, .F. ) ;
#2475 = VERTEX_POINT ( 'NONE', #8319 ) ;
#2476 = FACE_OUTER_BOUND ( 'NONE', #4646, .T. ) ;
#2477 = DIRECTION ( 'NONE',  ( 0.0000000000000000000, 0.0000000000000000000, 1.000000000000000000 ) ) ;
#2478 = APPROVAL_ROLE ( '' ) ;
#2479 = CARTESIAN_POINT ( 'NONE',  ( 6.250000000000000000, 8.724999999999999600, 248.0000000000000000 ) ) ;
#2480 = DIRECTION ( 'NONE',  ( 0.0000000000000000000, 0.0000000000000000000, 1.000000000000000000 ) ) ;
#2481 = CARTESIAN_POINT ( 'NONE',  ( 1.649999999999999900, -0.2159844817122110200, 1.500000000000000000 ) ) ;
#2482 = CARTESIAN_POINT ( 'NONE',  ( 3.950000000000000200, 4.474999999999999600, 248.0000000000000000 ) ) ;
#2483 = DIRECTION ( 'NONE',  ( 0.0000000000000000000, 0.0000000000000000000, -1.000000000000000000 ) ) ;
#2484 = VECTOR ( 'NONE', #9253, 1000.000000000000000 ) ;
#2485 = LINE ( 'NONE', #3860, #5325 ) ;
#2486 = ORIENTED_EDGE ( 'NONE', *, *, #2209, .F. ) ;
#2487 = LINE ( 'NONE', #3130, #9168 ) ;
#2488 = CARTESIAN_POINT ( 'NONE',  ( 0.9995835406563990900, 0.7681834123099688900, -7.500000000000000000 ) ) ;
#2489 = DATE_AND_TIME ( #4778, #7103 ) ;
#2490 = DIRECTION ( 'NONE',  ( -0.0000000000000000000, -0.0000000000000000000, -1.000000000000000000 ) ) ;
#2491 = DIRECTION ( 'NONE',  ( 0.0000000000000000000, 0.0000000000000000000, 1.000000000000000000 ) ) ;
#2492 = ORIENTED_EDGE ( 'NONE', *, *, #4552, .F. ) ;
#2493 = VECTOR ( 'NONE', #5876, 1000.000000000000000 ) ;
#2494 = CARTESIAN_POINT ( 'NONE',  ( 1.607054911442810300, 0.4318840214085255000, 1.500000000000000000 ) ) ;
#2495 = CARTESIAN_POINT ( 'NONE',  ( 1.956347854927686700, -3.092303132795074700, 2.994262304700890700 ) ) ;
#2496 = FACE_OUTER_BOUND ( 'NONE', #2332, .T. ) ;
#2497 = CARTESIAN_POINT ( 'NONE',  ( -88.50000000000000000, 32.34999999999999400, 185.0000000000000000 ) ) ;
#2498 = VECTOR ( 'NONE', #2780, 1000.000000000000000 ) ;
#2499 = COORDINATED_UNIVERSAL_TIME_OFFSET ( 1, 0, .AHEAD. ) ;
#2500 = EDGE_CURVE ( 'NONE', #607, #6755, #7700, .T. ) ;
#2501 = EDGE_CURVE ( 'NONE', #7046, #23, #7982, .T. ) ;
#2502 = CC_DESIGN_APPROVAL ( #1916, ( #1344 ) ) ;
#2503 = AXIS2_PLACEMENT_3D ( 'NONE', #1757, #7830, #2618 ) ;
#2504 = ORIENTED_EDGE ( 'NONE', *, *, #4319, .F. ) ;
#2505 = CARTESIAN_POINT ( 'NONE',  ( 1.092232992121912000, 0.6295237093388749100, -7.500000000000000000 ) ) ;
#2506 = AXIS2_PLACEMENT_3D ( 'NONE', #4464, #135, #2732 ) ;
#2507 = FACE_OUTER_BOUND ( 'NONE', #833, .T. ) ;
#2508 = EDGE_LOOP ( 'NONE', ( #142, #8978 ) ) ;
#2509 = EDGE_CURVE ( 'NONE', #5983, #5997, #1027, .T. ) ;
#2510 = VECTOR ( 'NONE', #5116, 1000.000000000000000 ) ;
#2511 = DIRECTION ( 'NONE',  ( 0.0000000000000000000, 0.0000000000000000000, -1.000000000000000000 ) ) ;
#2512 = EDGE_CURVE ( 'NONE', #555, #7591, #9759, .T. ) ;
#2513 = VECTOR ( 'NONE', #4567, 1000.000000000000000 ) ;
#2514 = ITEM_DEFINED_TRANSFORMATION ( 'NONE', 'NONE', #5253,  #7819 ) ;
#2515 = ORIENTED_EDGE ( 'NONE', *, *, #3289, .T. ) ;
#2516 = CIRCLE ( 'NONE', #6483, 1.550000000000000300 ) ;
#2517 = CIRCLE ( 'NONE', #5464, 0.4000000000000001900 ) ;
#2518 = ORIENTED_EDGE ( 'NONE', *, *, #10696, .F. ) ;
#2519 = CARTESIAN_POINT ( 'NONE',  ( 3.750000000000000000, 0.0000000000000000000, 248.0000000000000000 ) ) ;
#2520 = CC_DESIGN_APPROVAL ( #1934, ( #779 ) ) ;
#2521 = FACE_OUTER_BOUND ( 'NONE', #2343, .T. ) ;
#2522 = APPROVAL_STATUS ( 'not_yet_approved' ) ;
#2523 = DIRECTION ( 'NONE',  ( 0.9205172879356964300, -5.551115123125782700E-017, 0.3907018333864206700 ) ) ;
#2524 = CARTESIAN_POINT ( 'NONE',  ( -0.7304795034938007500, -0.1963109229443084600, -8.000000000000000000 ) ) ;
#2525 = DIRECTION ( 'NONE',  ( -1.000000000000000000, -0.0000000000000000000, 0.0000000000000000000 ) ) ;
#2526 = CARTESIAN_POINT ( 'NONE',  ( -1.838209251331130300, 3.189320328686246200, 1.499999999999951800 ) ) ;
#2527 = PERSON_AND_ORGANIZATION ( #8696, #4817 ) ;
#2528 = EDGE_CURVE ( 'NONE', #934, #6673, #5093, .T. ) ;
#2529 = DIRECTION ( 'NONE',  ( -1.000000000000000000, 0.0000000000000000000, 0.0000000000000000000 ) ) ;
#2530 = EDGE_CURVE ( 'NONE', #1568, #396, #9480, .T. ) ;
#2531 = ADVANCED_FACE ( 'N', ( #2803, #212 ), #8399, .T. ) ;
#2532 = EDGE_LOOP ( 'NONE', ( #2614, #1886, #7462, #9319 ) ) ;
#2533 = CIRCLE ( 'NONE', #10640, 0.4000000000000001900 ) ;
#2534 = CIRCLE ( 'NONE', #3778, 0.2000000000000000900 ) ;
#2535 = CARTESIAN_POINT ( 'NONE',  ( -0.3271848715738355200, -1.217465839156310000, -7.500000000000000000 ) ) ;
#2536 = PRODUCT_DEFINITION_SHAPE ( 'NONE', 'NONE',  #11296 ) ;
#2537 = VECTOR ( 'NONE', #8623, 1000.000000000000000 ) ;
#2538 = ORIENTED_EDGE ( 'NONE', *, *, #6670, .F. ) ;
#2539 = VERTEX_POINT ( 'NONE', #4043 ) ;
#2540 = DIRECTION ( 'NONE',  ( -0.0000000000000000000, -0.0000000000000000000, 1.000000000000000000 ) ) ;
#2541 = VERTEX_POINT ( 'NONE', #7556 ) ;
#2542 = CARTESIAN_POINT ( 'NONE',  ( -1.607054911442800100, 0.4318840214085375400, 1.500000000000000000 ) ) ;
#2543 = VERTEX_POINT ( 'NONE', #2352 ) ;
#2544 = VECTOR ( 'NONE', #9413, 1000.000000000000000 ) ;
#2545 = EDGE_CURVE ( 'NONE', #5765, #3995, #4545, .T. ) ;
#2546 = LINE ( 'NONE', #11072, #6892 ) ;
#2547 = ORIENTED_EDGE ( 'NONE', *, *, #3150, .F. ) ;
#2548 = AXIS2_PLACEMENT_3D ( 'NONE', #7199, #8084, #1115 ) ;
#2549 = VERTEX_POINT ( 'NONE', #3217 ) ;
#2550 = VERTEX_POINT ( 'NONE', #8431 ) ;
#2551 = CARTESIAN_POINT ( 'NONE',  ( -0.6295237093388860200, -1.092232992121907800, -7.500000000000000000 ) ) ;
#2553 = CARTESIAN_POINT ( 'NONE',  ( 3.950000000000000200, -10.12500000000000000, 71.99899999999999500 ) ) ;
#2552 = AXIS2_PLACEMENT_3D ( 'NONE', #1245, #5557, #2982 ) ;
#2554 = CARTESIAN_POINT ( 'NONE',  ( -88.50000000000002800, 28.99999999999999600, 0.0000000000000000000 ) ) ;
#2555 = CARTESIAN_POINT ( 'NONE',  ( -2.837722004935220100, -17.86858384626960100, 71.99999999999987200 ) ) ;
#2556 = VERTEX_POINT ( 'NONE', #5827 ) ;
#2557 = CYLINDRICAL_SURFACE ( 'NONE', #5463, 1.899999999999999000 ) ;
#2558 = CARTESIAN_POINT ( 'NONE',  ( 6.250000000000000000, 8.325000000000001100, 72.00000000000001400 ) ) ;
#2559 = EDGE_LOOP ( 'NONE', ( #272, #3678 ) ) ;
#2560 = LOCAL_TIME ( 11, 17, 25.00000000000000000, #4846 ) ;
#2561 = CYLINDRICAL_SURFACE ( 'NONE', #3905, 0.4000000000000000200 ) ;
#2562 = DIRECTION ( 'NONE',  ( -1.141265444721581800E-016, 1.000000000000000000, -0.0000000000000000000 ) ) ;
#2563 = CARTESIAN_POINT ( 'NONE',  ( -5.299999999999999800, 12.50000000000000000, 248.0000000000000000 ) ) ;
#2564 = LINE ( 'NONE', #7798, #10987 ) ;
#2565 = SECURITY_CLASSIFICATION_LEVEL ( 'unclassified' ) ;
#2566 = VERTEX_POINT ( 'NONE', #4075 ) ;
#2567 = CARTESIAN_POINT ( 'NONE',  ( 0.0000000000000000000, -3.700000000000000200, 0.0000000000000000000 ) ) ;
#2568 = CARTESIAN_POINT ( 'NONE',  ( 83.20000000000001700, 32.50000000000000000, 252.5000000000000000 ) ) ;
#2569 = CARTESIAN_POINT ( 'NONE',  ( 0.7304795034937846500, -0.1963109229443041600, -8.000000000000000000 ) ) ;
#2570 = CARTESIAN_POINT ( 'NONE',  ( -0.4777838534843528700, -3.649999999999999500, 1.499999999999996900 ) ) ;
#2571 = DIRECTION ( 'NONE',  ( 1.000000000000000000, 0.0000000000000000000, 0.0000000000000000000 ) ) ;
#2572 = COORDINATED_UNIVERSAL_TIME_OFFSET ( 1, 0, .AHEAD. ) ;
#2573 = EDGE_LOOP ( 'NONE', ( #2763, #9678, #3084, #6870 ) ) ;
#2574 = VECTOR ( 'NONE', #1279, 1000.000000000000000 ) ;
#2575 = ORIENTED_EDGE ( 'NONE', *, *, #31, .F. ) ;
#2576 = CARTESIAN_POINT ( 'NONE',  ( 6.250000000000000000, -20.89999999999999900, 248.0000000000000000 ) ) ;
#2577 = CARTESIAN_POINT ( 'NONE',  ( 1.014002097308112100, -1.319450280607494100, 1.500000000000000000 ) ) ;
#2578 = ORIENTED_EDGE ( 'NONE', *, *, #1880, .F. ) ;
#2579 = AXIS2_PLACEMENT_3D ( 'NONE', #8215, #3893, #9999 ) ;
#2580 = CARTESIAN_POINT ( 'NONE',  ( -0.5000000000004156700, -2.687700889676372100, -3.025913700171606100 ) ) ;
#2581 = EDGE_LOOP ( 'NONE', ( #2096, #10444, #9070, #4142 ) ) ;
#2582 = DIRECTION ( 'NONE',  ( -1.000000000000000000, 0.0000000000000000000, 0.0000000000000000000 ) ) ;
#2583 = PERSON_AND_ORGANIZATION ( #9810, #4463 ) ;
#2584 = DIRECTION ( 'NONE',  ( 0.0000000000000000000, 0.0000000000000000000, 1.000000000000000000 ) ) ;
#2585 = EDGE_CURVE ( 'NONE', #3352, #5915, #6881, .T. ) ;
#2586 = EDGE_CURVE ( 'NONE', #3087, #2707, #2534, .T. ) ;
#2587 = CARTESIAN_POINT ( 'NONE',  ( 3.750000000000000400, -8.125000000000000000, 71.99899999999999500 ) ) ;
#2588 = DIRECTION ( 'NONE',  ( 0.0000000000000000000, 0.0000000000000000000, 1.000000000000000000 ) ) ;
#2589 = CARTESIAN_POINT ( 'NONE',  ( 3.950000000000000200, -13.77500000000000000, 72.00000000000001400 ) ) ;
#2590 = CC_DESIGN_APPROVAL ( #2012, ( #1414 ) ) ;
#2591 = CARTESIAN_POINT ( 'NONE',  ( 6.250000000000000900, 5.074999999999999300, 71.99899999999999500 ) ) ;
#2592 = CARTESIAN_POINT ( 'NONE',  ( -3.399999999999999900, 3.824999999999999700, 72.00000000000001400 ) ) ;
#2593 = ORIENTED_EDGE ( 'NONE', *, *, #5641, .F. ) ;
#2595 = ORIENTED_EDGE ( 'NONE', *, *, #7250, .T. ) ;
#2594 =( REPRESENTATION_RELATIONSHIP ('NONE','NONE', #9710, #5900 ) REPRESENTATION_RELATIONSHIP_WITH_TRANSFORMATION ( #5050 )SHAPE_REPRESENTATION_RELATIONSHIP( ) );
#2596 = DIRECTION ( 'NONE',  ( -1.000000000000000000, 6.546126324440770800E-016, 0.0000000000000000000 ) ) ;
#2597 = VERTEX_POINT ( 'NONE', #1513 ) ;
#2598 = DIRECTION ( 'NONE',  ( 2.775557561562895000E-017, -1.000000000000000000, -2.220446049250315100E-016 ) ) ;
#2599 = CARTESIAN_POINT ( 'NONE',  ( -0.4000000000000000200, -3.125000000000000000, 72.00000000000001400 ) ) ;
#2600 = ORIENTED_EDGE ( 'NONE', *, *, #7191, .F. ) ;
#2601 = CARTESIAN_POINT ( 'NONE',  ( 0.8000000000000000400, 5.450000000000000200, -0.001000000000000999900 ) ) ;
#2602 = CARTESIAN_POINT ( 'NONE',  ( 3.189320328686184900, 1.838209251331140100, 0.5000000000000000000 ) ) ;
#2603 = DIRECTION ( 'NONE',  ( 1.000000000000000000, 0.0000000000000000000, 0.0000000000000000000 ) ) ;
#2604 = CARTESIAN_POINT ( 'NONE',  ( -88.31999999999999300, -5.850000000000001400, 1.500000000000000000 ) ) ;
#2605 = VERTEX_POINT ( 'NONE', #10221 ) ;
#2606 = ORIENTED_EDGE ( 'NONE', *, *, #570, .F. ) ;
#2607 = EDGE_CURVE ( 'NONE', #7266, #7865, #11245, .T. ) ;
#2608 = EDGE_CURVE ( 'NONE', #10202, #1451, #1448, .T. ) ;
#2609 = VECTOR ( 'NONE', #97, 1000.000000000000000 ) ;
#2610 = CARTESIAN_POINT ( 'NONE',  ( -3.600000000000000100, -3.824999999999999700, 72.00000000000001400 ) ) ;
#2611 = ORIENTED_EDGE ( 'NONE', *, *, #943, .T. ) ;
#2612 = CARTESIAN_POINT ( 'NONE',  ( 0.9553798049339986600, 3.555000258646234800, 1.499999999999954500 ) ) ;
#2613 = ORIENTED_EDGE ( 'NONE', *, *, #10609, .F. ) ;
#2614 = ORIENTED_EDGE ( 'NONE', *, *, #8791, .T. ) ;
#2615 = AXIS2_PLACEMENT_3D ( 'NONE', #10600, #7128, #1927 ) ;
#2616 = DIRECTION ( 'NONE',  ( 0.0000000000000000000, 1.000000000000000000, 0.0000000000000000000 ) ) ;
#2617 = DIRECTION ( 'NONE',  ( 1.000000000000000000, 0.0000000000000000000, 0.0000000000000000000 ) ) ;
#2618 = DIRECTION ( 'NONE',  ( 1.000000000000000000, 0.0000000000000000000, 0.0000000000000000000 ) ) ;
#2619 = CARTESIAN_POINT ( 'NONE',  ( 2.597210276238841600, -3.827510384677232000, 0.5000000000000001100 ) ) ;
#2620 = LINE ( 'NONE', #4539, #2069 ) ;
#2621 = LINE ( 'NONE', #477, #6416 ) ;
#2622 = PERSON_AND_ORGANIZATION ( #9516, #4908 ) ;
#2623 = DIRECTION ( 'NONE',  ( -0.0000000000000000000, 1.000000000000000000, 0.0000000000000000000 ) ) ;
#2624 = DIRECTION ( 'NONE',  ( -6.454785026890447800E-015, 1.000000000000000000, 0.0000000000000000000 ) ) ;
#2625 = ORIENTED_EDGE ( 'NONE', *, *, #7336, .F. ) ;
#2626 = AXIS2_PLACEMENT_3D ( 'NONE', #2315, #5794, #609 ) ;
#2627 = LINE ( 'NONE', #501, #7251 ) ;
#2628 = DIRECTION ( 'NONE',  ( -0.0000000000000000000, -0.0000000000000000000, -1.000000000000000000 ) ) ;
#2629 = FACE_OUTER_BOUND ( 'NONE', #8317, .T. ) ;
#2630 = DATE_AND_TIME ( #4919, #7255 ) ;
#2631 = CARTESIAN_POINT ( 'NONE',  ( 3.750000000000000000, -4.474999999999999600, 248.0000000000000000 ) ) ;
#2632 = DIRECTION ( 'NONE',  ( 1.047444401652940200E-014, 0.0000000000000000000, 1.000000000000000000 ) ) ;
#2633 = CARTESIAN_POINT ( 'NONE',  ( -0.4999999999999997800, -1.599999999999999900, 2.449489742783179200 ) ) ;
#2634 = CARTESIAN_POINT ( 'NONE',  ( -3.649999999999999900, 0.4777838534843590300, 0.5000000000000000000 ) ) ;
#2635 = CARTESIAN_POINT ( 'NONE',  ( -3.449999999999999700, -3.700000000000000200, 3.000000000000000000 ) ) ;
#2636 = ORIENTED_EDGE ( 'NONE', *, *, #6967, .T. ) ;
#2637 = ADVANCED_BREP_SHAPE_REPRESENTATION ( '', ( #9639, #7819 ), #10732 ) ;
#2638 = CIRCLE ( 'NONE', #8666, 0.2000000000000000900 ) ;
#2639 = AXIS2_PLACEMENT_3D ( 'NONE', #4255, #10355, #5132 ) ;
#2640 = CYLINDRICAL_SURFACE ( 'NONE', #2700, 1.250000000000000000 ) ;
#2641 = PERSON ( 'NAUO-PER8', 'UNSPECIFIED', 'UNSPECIFIED', ('UNSPECIFIED'), ('UNSPECIFIED'), ('UNSPECIFIED') ) ;
#2642 = DIRECTION ( 'NONE',  ( -1.000000000000000000, 0.0000000000000000000, 0.0000000000000000000 ) ) ;
#2643 = LINE ( 'NONE', #10160, #4390 ) ;
#2644 = COORDINATED_UNIVERSAL_TIME_OFFSET ( 1, 0, .AHEAD. ) ;
#2645 = DESIGN_CONTEXT ( 'detailed design', #463, 'design' ) ;
#2646 = EDGE_LOOP ( 'NONE', ( #4522, #1610 ) ) ;
#2647 = EDGE_LOOP ( 'NONE', ( #8459, #6752, #10504, #9484 ) ) ;
#2648 = DIRECTION ( 'NONE',  ( 0.0000000000000000000, 0.0000000000000000000, 1.000000000000000000 ) ) ;
#2649 = DIRECTION ( 'NONE',  ( 1.000000000000000000, 0.0000000000000000000, 0.0000000000000000000 ) ) ;
#2650 = LINE ( 'NONE', #8830, #7530 ) ;
#2651 = CARTESIAN_POINT ( 'NONE',  ( 0.7500000000000000000, 1.939568159792238600E-014, -8.000000000000000000 ) ) ;
#2652 = FACE_OUTER_BOUND ( 'NONE', #9863, .T. ) ;
#2653 = VERTEX_POINT ( 'NONE', #1701 ) ;
#2654 = DIRECTION ( 'NONE',  ( 0.0000000000000000000, 0.0000000000000000000, -1.000000000000000000 ) ) ;
#2655 = DIRECTION ( 'NONE',  ( 0.0000000000000000000, 0.0000000000000000000, 1.000000000000000000 ) ) ;
#2656 = VECTOR ( 'NONE', #6407, 1000.000000000000000 ) ;
#2657 = ORIENTED_EDGE ( 'NONE', *, *, #6795, .T. ) ;
#2658 = CC_DESIGN_DATE_AND_TIME_ASSIGNMENT ( #10594, #245, ( #1475 ) ) ;
#2659 = LOCAL_TIME ( 11, 17, 25.00000000000000000, #4938 ) ;
#2660 = CARTESIAN_POINT ( 'NONE',  ( 2.897808140966103200, -2.253138510047346900, 0.4999999999999411600 ) ) ;
#2661 = ORIENTED_EDGE ( 'NONE', *, *, #9522, .T. ) ;
#2662 = VECTOR ( 'NONE', #5361, 1000.000000000000000 ) ;
#2663 = CC_DESIGN_PERSON_AND_ORGANIZATION_ASSIGNMENT ( #6980, #6891, ( #11021 ) ) ;
#2664 = DIRECTION ( 'NONE',  ( -6.454785026890447800E-015, -1.000000000000000000, 0.0000000000000000000 ) ) ;
#2665 = CIRCLE ( 'NONE', #1630, 0.2000000000000000900 ) ;
#2666 = ORIENTED_EDGE ( 'NONE', *, *, #4815, .T. ) ;
#2667 = VERTEX_POINT ( 'NONE', #7602 ) ;
#2668 = ORIENTED_EDGE ( 'NONE', *, *, #9598, .F. ) ;
#2669 = CARTESIAN_POINT ( 'NONE',  ( 0.5000000000000002200, -4.001000000000000300, 2.449489742783180100 ) ) ;
#2670 = VECTOR ( 'NONE', #1592, 1000.000000000000000 ) ;
#2671 = CARTESIAN_POINT ( 'NONE',  ( 2.250000000000000400, 0.0000000000000000000, 248.0000000000000000 ) ) ;
#2672 = CARTESIAN_POINT ( 'NONE',  ( 6.250000000000000000, -1.025000000000000100, 72.00000000000001400 ) ) ;
#2673 = PERSON_AND_ORGANIZATION_ROLE ( 'classification_officer' ) ;
#2674 = VECTOR ( 'NONE', #4368, 1000.000000000000000 ) ;
#2675 = VERTEX_POINT ( 'NONE', #2576 ) ;
#2676 = DIRECTION ( 'NONE',  ( -0.0000000000000000000, -0.0000000000000000000, -1.000000000000000000 ) ) ;
#2677 =( LENGTH_UNIT ( ) NAMED_UNIT ( * ) SI_UNIT ( .MILLI., .METRE. ) );
#2678 = VERTEX_POINT ( 'NONE', #8662 ) ;
#2679 = CARTESIAN_POINT ( 'NONE',  ( 3.007810249709215200, -2.573267924665423800, -0.4999999999999968900 ) ) ;
#2680 = CARTESIAN_POINT ( 'NONE',  ( 2.918783954071105100, -2.243095548590694900, 0.5000000000000000000 ) ) ;
#2681 = DIRECTION ( 'NONE',  ( 1.000000000000000000, 0.0000000000000000000, -0.0000000000000000000 ) ) ;
#2682 = EDGE_CURVE ( 'NONE', #2058, #3158, #1979, .T. ) ;
#2683 = EDGE_CURVE ( 'NONE', #7100, #1745, #9204, .T. ) ;
#2684 = ORIENTED_EDGE ( 'NONE', *, *, #7984, .F. ) ;
#2685 = CARTESIAN_POINT ( 'NONE',  ( 6.250000000000000000, -4.675000000000001600, 72.00000000000001400 ) ) ;
#2686 = CARTESIAN_POINT ( 'NONE',  ( 0.0000000000000000000, 0.0000000000000000000, 0.0000000000000000000 ) ) ;
#2687 = ORIENTED_EDGE ( 'NONE', *, *, #759, .F. ) ;
#2688 = ORIENTED_EDGE ( 'NONE', *, *, #6949, .T. ) ;
#2689 = PERSON_AND_ORGANIZATION ( #9810, #4463 ) ;
#2690 = DIRECTION ( 'NONE',  ( 0.0000000000000000000, 0.0000000000000000000, 1.000000000000000000 ) ) ;
#2691 = CARTESIAN_POINT ( 'NONE',  ( 0.0000000000000000000, 15.62500000000000000, 248.0000000000000000 ) ) ;
#2692 = CARTESIAN_POINT ( 'NONE',  ( -3.189320317493041600, -1.838209278353784900, 0.5000000000000001100 ) ) ;
#2693 = ORIENTED_EDGE ( 'NONE', *, *, #4911, .F. ) ;
#2694 = EDGE_CURVE ( 'NONE', #1826, #66, #4287, .T. ) ;
#2695 = DIRECTION ( 'NONE',  ( -0.0000000000000000000, -0.0000000000000000000, -1.000000000000000000 ) ) ;
#2696 = LINE ( 'NONE', #7175, #9357 ) ;
#2697 = ORIENTED_EDGE ( 'NONE', *, *, #608, .F. ) ;
#2698 = AXIS2_PLACEMENT_3D ( 'NONE', #10717, #5489, #290 ) ;
#2699 = EDGE_CURVE ( 'NONE', #8045, #2329, #2253, .T. ) ;
#2700 = AXIS2_PLACEMENT_3D ( 'NONE', #5088, #6898, #9500 ) ;
#2701 = PERSON_AND_ORGANIZATION ( #9810, #4463 ) ;
#2702 = VECTOR ( 'NONE', #6963, 1000.000000000000000 ) ;
#2703 = DIRECTION ( 'NONE',  ( -1.000000000000000000, -0.0000000000000000000, 0.0000000000000000000 ) ) ;
#2704 = ORIENTED_EDGE ( 'NONE', *, *, #1790, .T. ) ;
#2705 = VECTOR ( 'NONE', #10541, 1000.000000000000000 ) ;
#2706 = CLOSED_SHELL ( 'NONE', ( #3101, #11147, #656, #2022, #2200, #8200, #3996, #8079, #11198, #7370, #11096, #4847 ) ) ;
#2707 = VERTEX_POINT ( 'NONE', #2610 ) ;
#2708 = CARTESIAN_POINT ( 'NONE',  ( 1.838209278353783800, 3.189320317493040700, 0.5000000000000001100 ) ) ;
#2709 = AXIS2_PLACEMENT_3D ( 'NONE', #7744, #2540, #8614 ) ;
#2710 = CALENDAR_DATE ( 2023, 9, 11 ) ;
#2711 = ADVANCED_FACE ( 'NONE', ( #8365 ), #3742, .F. ) ;
#2712 = ORIENTED_EDGE ( 'NONE', *, *, #1949, .T. ) ;
#2713 = APPLICATION_CONTEXT ( 'configuration controlled 3d designs of mechanical parts and assemblies' ) ;
#2714 = DIRECTION ( 'NONE',  ( -1.000000000000000000, 6.071532165918830700E-016, 0.0000000000000000000 ) ) ;
#2715 = CARTESIAN_POINT ( 'NONE',  ( -2.721447687268490500, 17.95000000000000600, -6.054130821183109700 ) ) ;
#2716 = DIRECTION ( 'NONE',  ( -1.000000000000000000, 0.0000000000000000000, 0.0000000000000000000 ) ) ;
#2717 = CARTESIAN_POINT ( 'NONE',  ( 1.804570487845465100, 21.11915204428899500, 248.0000000000000000 ) ) ;
#2718 = EDGE_CURVE ( 'NONE', #1253, #2818, #6054, .T. ) ;
#2719 = EDGE_CURVE ( 'NONE', #1093, #2459, #10687, .T. ) ;
#2720 = DIRECTION ( 'NONE',  ( 0.0000000000000000000, 0.0000000000000000000, 1.000000000000000000 ) ) ;
#2721 =( GEOMETRIC_REPRESENTATION_CONTEXT ( 3 ) GLOBAL_UNCERTAINTY_ASSIGNED_CONTEXT ( ( #7874 ) ) GLOBAL_UNIT_ASSIGNED_CONTEXT ( ( #2677, #8752, #3536 ) ) REPRESENTATION_CONTEXT ( 'NONE', 'WORKASPACE' ) );
#2722 = AXIS2_PLACEMENT_3D ( 'NONE', #9329, #1482, #10194 ) ;
#2723 = DIRECTION ( 'NONE',  ( -1.000000000000000000, 0.0000000000000000000, 0.0000000000000000000 ) ) ;
#2724 = PLANE ( 'NONE',  #1763 ) ;
#2725 = CARTESIAN_POINT ( 'NONE',  ( 88.50000000000001400, 23.22500000000000100, 17.00000000000000000 ) ) ;
#2726 = ORIENTED_EDGE ( 'NONE', *, *, #6648, .F. ) ;
#2727 = EDGE_CURVE ( 'NONE', #5915, #9284, #8655, .T. ) ;
#2728 = EDGE_CURVE ( 'NONE', #1445, #1766, #8109, .T. ) ;
#2729 = CARTESIAN_POINT ( 'NONE',  ( -3.250000000000000400, 1.898202538678397500E-016, 72.00000000000001400 ) ) ;
#2730 = ORIENTED_EDGE ( 'NONE', *, *, #3440, .T. ) ;
#2731 = DIRECTION ( 'NONE',  ( 1.000000000000000000, 0.0000000000000000000, 0.0000000000000000000 ) ) ;
#2732 = DIRECTION ( 'NONE',  ( -1.000000000000000000, 0.0000000000000000000, 0.0000000000000000000 ) ) ;
#2733 = APPROVAL ( #10959, 'UNKNOWN' ) ;
#2734 = ORIENTED_EDGE ( 'NONE', *, *, #4703, .T. ) ;
#2735 = CIRCLE ( 'NONE', #10936, 0.4000000000000001900 ) ;
#2736 = ORIENTED_EDGE ( 'NONE', *, *, #8041, .T. ) ;
#2737 = EDGE_CURVE ( 'NONE', #5942, #5333, #1432, .T. ) ;
#2738 = EDGE_LOOP ( 'NONE', ( #1029, #9584, #7995, #9637 ) ) ;
#2739 = VERTEX_POINT ( 'NONE', #5212 ) ;
#2740 = DIRECTION ( 'NONE',  ( 1.000000000000000000, 0.0000000000000000000, 0.0000000000000000000 ) ) ;
#2741 = CARTESIAN_POINT ( 'NONE',  ( 81.14999999999570000, -49.25000000000000000, 0.0000000000000000000 ) ) ;
#2742 = APPROVAL_ROLE ( '' ) ;
#2743 = DIRECTION ( 'NONE',  ( 0.0000000000000000000, 0.0000000000000000000, -1.000000000000000000 ) ) ;
#2744 = CARTESIAN_POINT ( 'NONE',  ( -0.3880650582421684700, -3.999999999999999100, -2.469697453246349800 ) ) ;
#2745 = CIRCLE ( 'NONE', #7162, 0.2000000000000000900 ) ;
#2746 = ORIENTED_EDGE ( 'NONE', *, *, #5063, .F. ) ;
#2747 = ORIENTED_EDGE ( 'NONE', *, *, #8416, .F. ) ;
#2748 = ORIENTED_EDGE ( 'NONE', *, *, #7072, .F. ) ;
#2749 = CIRCLE ( 'NONE', #11079, 1.800000000000000300 ) ;
#2750 = CARTESIAN_POINT ( 'NONE',  ( 5.850000000000001400, -12.37500000000000000, 248.0000000000000000 ) ) ;
#2751 = EDGE_CURVE ( 'NONE', #11250, #9060, #3476, .T. ) ;
#2752 = LINE ( 'NONE', #6622, #5044 ) ;
#2753 = AXIS2_PLACEMENT_3D ( 'NONE', #3147, #8430, #3215 ) ;
#2754 = CARTESIAN_POINT ( 'NONE',  ( 6.250000000000000000, -1.425000000000000000, 72.00000000000001400 ) ) ;
#2755 = DIRECTION ( 'NONE',  ( 0.0000000000000000000, -0.0000000000000000000, -1.000000000000000000 ) ) ;
#2756 = CYLINDRICAL_SURFACE ( 'NONE', #7490, 2.499999999999998700 ) ;
#2757 = CARTESIAN_POINT ( 'NONE',  ( 1.420875478678372000E-015, -4.649999999999999500, 248.0000000000000000 ) ) ;
#2758 = ORIENTED_EDGE ( 'NONE', *, *, #1681, .T. ) ;
#2759 = CARTESIAN_POINT ( 'NONE',  ( 5.850000000000001400, -16.82499999999999900, 72.00000000000001400 ) ) ;
#2760 = LINE ( 'NONE', #4833, #9435 ) ;
#2761 = ADVANCED_FACE ( 'NONE', ( #5503 ), #935, .F. ) ;
#2762 = VECTOR ( 'NONE', #3055, 1000.000000000000000 ) ;
#2763 = ORIENTED_EDGE ( 'NONE', *, *, #11226, .F. ) ;
#2764 = CARTESIAN_POINT ( 'NONE',  ( 5.850000000000001400, 8.325000000000001100, 71.99899999999999500 ) ) ;
#2765 = CIRCLE ( 'NONE', #9032, 2.150000000000012800 ) ;
#2766 = ORIENTED_EDGE ( 'NONE', *, *, #5903, .T. ) ;
#2767 = CYLINDRICAL_SURFACE ( 'NONE', #7349, 2.499999999999998700 ) ;
#2768 = CARTESIAN_POINT ( 'NONE',  ( 88.50000000000000000, 3.500000000000007500, 0.0000000000000000000 ) ) ;
#2769 = CARTESIAN_POINT ( 'NONE',  ( -86.50000000000001400, 1.500000000000000000, 185.0000000000000000 ) ) ;
#2770 = VECTOR ( 'NONE', #3569, 1000.000000000000000 ) ;
#2771 = APPROVAL_PERSON_ORGANIZATION ( #5062, #1722, #2478 ) ;
#2772 = AXIS2_PLACEMENT_3D ( 'NONE', #6928, #6085, #881 ) ;
#2773 = ORIENTED_EDGE ( 'NONE', *, *, #6518, .F. ) ;
#2774 =( BOUNDED_CURVE ( )  B_SPLINE_CURVE ( 3, ( #5690, #1380, #7463, #2262 ),
 .UNSPECIFIED., .F., .F. ) 
 B_SPLINE_CURVE_WITH_KNOTS ( ( 4, 4 ),
 ( 1.084202172485504400E-019, 0.002903465366866329900 ),
 .UNSPECIFIED. ) 
 CURVE ( )  GEOMETRIC_REPRESENTATION_ITEM ( )  RATIONAL_B_SPLINE_CURVE ( ( 0.9858562355802910100, 0.8769136528496293000, 0.8769136528496291900, 0.9858562355802909000 ) ) 
 REPRESENTATION_ITEM ( '' )  );
#2775 = LINE ( 'NONE', #3386, #9454 ) ;
#2776 = ORIENTED_EDGE ( 'NONE', *, *, #8762, .T. ) ;
#2777 = PLANE ( 'NONE',  #2829 ) ;
#2778 = VECTOR ( 'NONE', #11268, 1000.000000000000000 ) ;
#2779 = APPROVAL_STATUS ( 'not_yet_approved' ) ;
#2780 = DIRECTION ( 'NONE',  ( 9.436237713849984400E-020, 1.347634408217944600E-019, 1.000000000000000000 ) ) ;
#2781 = APPROVAL_DATE_TIME ( #5075, #8943 ) ;
#2782 = CARTESIAN_POINT ( 'NONE',  ( -0.4000000000000000200, 3.125000000000000000, 248.0000000000000000 ) ) ;
#2783 = DIRECTION ( 'NONE',  ( -1.000000000000000000, -0.0000000000000000000, 0.0000000000000000000 ) ) ;
#2784 = AXIS2_PLACEMENT_3D ( 'NONE', #7876, #6181, #983 ) ;
#2785 = EDGE_LOOP ( 'NONE', ( #9707, #3342, #431, #6059 ) ) ;
#2786 = AXIS2_PLACEMENT_3D ( 'NONE', #3803, #10785, #8173 ) ;
#2787 = FACE_BOUND ( 'NONE', #4901, .T. ) ;
#2788 = LINE ( 'NONE', #5143, #7132 ) ;
#2789 = VERTEX_POINT ( 'NONE', #10511 ) ;
#2790 = CARTESIAN_POINT ( 'NONE',  ( 6.250000000000000900, -12.37500000000000000, 248.0000000000000000 ) ) ;
#2791 = EDGE_CURVE ( 'NONE', #10386, #2342, #9881, .T. ) ;
#2792 = FACE_OUTER_BOUND ( 'NONE', #459, .T. ) ;
#2793 = EDGE_CURVE ( 'NONE', #7360, #615, #892, .T. ) ;
#2794 = DIRECTION ( 'NONE',  ( 2.868245165298515100E-019, 0.0000000000000000000, -1.000000000000000000 ) ) ;
#2795 = CARTESIAN_POINT ( 'NONE',  ( 2.918783954071106500, -2.243095548590687400, 1.499999999999996900 ) ) ;
#2796 = LOCAL_TIME ( 11, 17, 25.00000000000000000, #5090 ) ;
#2797 = SECURITY_CLASSIFICATION_LEVEL ( 'unclassified' ) ;
#2798 = CARTESIAN_POINT ( 'NONE',  ( -2.000000000000000400, -14.50000000000000000, 248.0000000000000000 ) ) ;
#2799 = CARTESIAN_POINT ( 'NONE',  ( 0.0000000000000000000, -1.599999999999999900, 0.0000000000000000000 ) ) ;
#2800 = CARTESIAN_POINT ( 'NONE',  ( -2.449489742783180100, -4.001000000000000300, 0.5000000000000000000 ) ) ;
#2801 = CYLINDRICAL_SURFACE ( 'NONE', #7740, 2.150000000000012800 ) ;
#2802 = DIRECTION ( 'NONE',  ( 0.0000000000000000000, 0.0000000000000000000, -1.000000000000000000 ) ) ;
#2803 = FACE_OUTER_BOUND ( 'NONE', #5576, .T. ) ;
#2804 = LINE ( 'NONE', #3400, #7142 ) ;
#2805 = ORIENTED_EDGE ( 'NONE', *, *, #456, .F. ) ;
#2806 = ORIENTED_EDGE ( 'NONE', *, *, #8197, .F. ) ;
#2807 = ORIENTED_EDGE ( 'NONE', *, *, #452, .F. ) ;
#2808 = PRODUCT_DEFINITION ( 'UNKNOWN', '', #5687, #1192 ) ;
#2809 = CARTESIAN_POINT ( 'NONE',  ( -90.00100000000000500, 7.125000000000000000, 168.0000000000000000 ) ) ;
#2810 = CARTESIAN_POINT ( 'NONE',  ( -90.00000000000001400, 0.1499999999999786200, 184.9999999999999700 ) ) ;
#2811 = EDGE_LOOP ( 'NONE', ( #10569, #5518, #9309, #9267 ) ) ;
#2812 = APPROVAL ( #4399, 'UNKNOWN' ) ;
#2813 = DIRECTION ( 'NONE',  ( 0.0000000000000000000, 0.0000000000000000000, 1.000000000000000000 ) ) ;
#2814 = VECTOR ( 'NONE', #10544, 1000.000000000000000 ) ;
#2815 = CARTESIAN_POINT ( 'NONE',  ( 0.0000000000000000000, 8.325000000000001100, 248.0000000000000000 ) ) ;
#2816 = FACE_OUTER_BOUND ( 'NONE', #5304, .T. ) ;
#2817 = ORIENTED_EDGE ( 'NONE', *, *, #1881, .F. ) ;
#2818 = VERTEX_POINT ( 'NONE', #5289 ) ;
#2819 = ORIENTED_EDGE ( 'NONE', *, *, #2871, .T. ) ;
#2820 = DIRECTION ( 'NONE',  ( -1.000000000000000000, -1.568643360214134800E-016, 0.0000000000000000000 ) ) ;
#2821 = ADVANCED_FACE ( 'NONE', ( #10140 ), #9621, .F. ) ;
#2822 = VECTOR ( 'NONE', #10067, 1000.000000000000000 ) ;
#2823 = VERTEX_POINT ( 'NONE', #5322 ) ;
#2824 = CARTESIAN_POINT ( 'NONE',  ( 5.850000000000001400, -19.27500000000000600, 71.99899999999999500 ) ) ;
#2825 = DIRECTION ( 'NONE',  ( 0.0000000000000000000, -0.0000000000000000000, -1.000000000000000000 ) ) ;
#2826 = EDGE_CURVE ( 'NONE', #9324, #7578, #616, .T. ) ;
#2827 = CARTESIAN_POINT ( 'NONE',  ( -0.4000000000000000200, 10.12500000000000000, 72.00000000000001400 ) ) ;
#2828 = CALENDAR_DATE ( 2023, 9, 11 ) ;
#2829 = AXIS2_PLACEMENT_3D ( 'NONE', #1024, #10605, #5386 ) ;
#2830 = LINE ( 'NONE', #7507, #9518 ) ;
#2831 = DIRECTION ( 'NONE',  ( 0.0000000000000000000, 0.0000000000000000000, 1.000000000000000000 ) ) ;
#2832 = PLANE ( 'NONE',  #8517 ) ;
#2833 = VECTOR ( 'NONE', #4194, 1000.000000000000000 ) ;
#2834 = ORIENTED_EDGE ( 'NONE', *, *, #1636, .F. ) ;
#2835 = CARTESIAN_POINT ( 'NONE',  ( 0.4777838534843590300, 3.649999999999999900, 0.5000000000000000000 ) ) ;
#2836 = DATE_TIME_ROLE ( 'creation_date' ) ;
#2837 = CARTESIAN_POINT ( 'NONE',  ( -88.31999999999999300, -63.64999999999999900, 0.0000000000000000000 ) ) ;
#2838 = CARTESIAN_POINT ( 'NONE',  ( 4.750000000000000000, -3.700000000000000200, 3.000000000000000000 ) ) ;
#2839 = LOCAL_TIME ( 11, 17, 25.00000000000000000, #5134 ) ;
#2840 = CARTESIAN_POINT ( 'NONE',  ( 0.09817475995271013300, 0.7500000000000418600, -8.000000000000000000 ) ) ;
#2841 = DIRECTION ( 'NONE',  ( -1.000000000000000000, 7.610399765575671300E-015, 0.0000000000000000000 ) ) ;
#2842 = DIRECTION ( 'NONE',  ( 0.0000000000000000000, 0.0000000000000000000, -1.000000000000000000 ) ) ;
#2843 = CIRCLE ( 'NONE', #1957, 2.149999999999999000 ) ;
#2844 = ORIENTED_EDGE ( 'NONE', *, *, #3524, .T. ) ;
#2845 = EDGE_CURVE ( 'NONE', #7424, #5333, #2928, .T. ) ;
#2846 = ORIENTED_EDGE ( 'NONE', *, *, #1364, .T. ) ;
#2847 = VERTEX_POINT ( 'NONE', #7969 ) ;
#2848 = DIRECTION ( 'NONE',  ( -6.454785026890447800E-015, -1.000000000000000000, 0.0000000000000000000 ) ) ;
#2849 = COORDINATED_UNIVERSAL_TIME_OFFSET ( 1, 0, .AHEAD. ) ;
#2850 = AXIS2_PLACEMENT_3D ( 'NONE', #8970, #10711, #8052 ) ;
#2851 =( BOUNDED_SURFACE ( )  B_SPLINE_SURFACE ( 2, 3, ( 
 ( #7471, #6590, #3950, #2269, #8342, #3133, #9233, #3983, #10096, #4872, #10970, #5732, #554, #6629, #1425, #7498, #2307, #8381, #3168, #9258, #4026, #10132, #4903, #11006, #5778, #589, #6659, #1459, #7535, #2337, #8419, #3203, #9292, #4057 ),
 ( #10169, #4934, #11037, #5812, #633, #6700, #1492, #7580, #2376, #8452, #3239, #9335, #4098, #10203, #4975, #11080, #5846, #672, #6739, #1533, #7617, #2413, #8490, #3275, #9380, #4140, #10242, #5008, #11126, #5886, #704, #6785, #1586, #7657 ),
 ( #2447, #8534, #3318, #9412, #4181, #10283, #5048, #11158, #5929, #745, #6823, #1626, #7701, #2488, #8573, #3355, #9456, #4215, #10326, #5094, #11201, #5966, #794, #6859, #1659, #7743, #2535, #8612, #3394, #9507, #4261, #10357, #5135, #11246 ) ),
 .UNSPECIFIED., .F., .T., .F. ) 
 B_SPLINE_SURFACE_WITH_KNOTS ( ( 3, 3 ),
 ( 4, 2, 2, 2, 2, 2, 2, 2, 2, 2, 2, 2, 2, 2, 2, 2, 4 ),
 ( 0.0000000000000000000, 1.000000000000000000 ),
 ( 0.0000000000000000000, 0.3926990816987240300, 0.7853981633974479500, 1.178097245096172000, 1.570796326794895000, 1.963495408493620000, 2.356194490192344800, 2.748893571891069900, 3.141592653589795300, 3.534291735288519900, 3.926990816987240100, 4.319689898685965100, 4.712388980384689700, 5.105088062083409800, 5.497787143782139700, 5.890486225480859900, 6.283185307179590700 ),
 .UNSPECIFIED. ) 
 GEOMETRIC_REPRESENTATION_ITEM ( )  RATIONAL_B_SPLINE_SURFACE ( (
 ( 1.000000000000000000, 1.000000000000000000, 1.000000000000000000, 1.000000000000000000, 1.000000000000000000, 1.000000000000000000, 1.000000000000000000, 1.000000000000000000, 1.000000000000000000, 1.000000000000000000, 1.000000000000000000, 1.000000000000000000, 1.000000000000000000, 1.000000000000000000, 1.000000000000000000, 1.000000000000000000, 1.000000000000000000, 1.000000000000000000, 1.000000000000000000, 1.000000000000000000, 1.000000000000000000, 1.000000000000000000, 1.000000000000000000, 1.000000000000000000, 1.000000000000000000, 1.000000000000000000, 1.000000000000000000, 1.000000000000000000, 1.000000000000000000, 1.000000000000000000, 1.000000000000000000, 1.000000000000000000, 1.000000000000000000, 1.000000000000000000),
 ( 0.7071067811865480200, 0.7071067811865480200, 0.7071067811865480200, 0.7071067811865480200, 0.7071067811865480200, 0.7071067811865480200, 0.7071067811865480200, 0.7071067811865480200, 0.7071067811865480200, 0.7071067811865480200, 0.7071067811865480200, 0.7071067811865480200, 0.7071067811865480200, 0.7071067811865480200, 0.7071067811865480200, 0.7071067811865480200, 0.7071067811865480200, 0.7071067811865480200, 0.7071067811865480200, 0.7071067811865480200, 0.7071067811865480200, 0.7071067811865480200, 0.7071067811865480200, 0.7071067811865480200, 0.7071067811865480200, 0.7071067811865480200, 0.7071067811865480200, 0.7071067811865480200, 0.7071067811865480200, 0.7071067811865480200, 0.7071067811865480200, 0.7071067811865480200, 0.7071067811865480200, 0.7071067811865480200),
 ( 1.000000000000000000, 1.000000000000000000, 1.000000000000000000, 1.000000000000000000, 1.000000000000000000, 1.000000000000000000, 1.000000000000000000, 1.000000000000000000, 1.000000000000000000, 1.000000000000000000, 1.000000000000000000, 1.000000000000000000, 1.000000000000000000, 1.000000000000000000, 1.000000000000000000, 1.000000000000000000, 1.000000000000000000, 1.000000000000000000, 1.000000000000000000, 1.000000000000000000, 1.000000000000000000, 1.000000000000000000, 1.000000000000000000, 1.000000000000000000, 1.000000000000000000, 1.000000000000000000, 1.000000000000000000, 1.000000000000000000, 1.000000000000000000, 1.000000000000000000, 1.000000000000000000, 1.000000000000000000, 1.000000000000000000, 1.000000000000000000) ) ) 
 REPRESENTATION_ITEM ( '' )  SURFACE ( )  );
#2852 = DIRECTION ( 'NONE',  ( -1.000000000000000000, -0.0000000000000000000, 0.0000000000000000000 ) ) ;
#2853 = DIRECTION ( 'NONE',  ( 1.000000000000000000, 0.0000000000000000000, 0.0000000000000000000 ) ) ;
#2854 = CARTESIAN_POINT ( 'NONE',  ( 1.956344188507919400, -3.092303132795074700, -2.994266153231730100 ) ) ;
#2855 = ORIENTED_EDGE ( 'NONE', *, *, #3579, .T. ) ;
#2856 = DIRECTION ( 'NONE',  ( -0.0000000000000000000, 1.000000000000000000, 0.0000000000000000000 ) ) ;
#2857 = ORIENTED_EDGE ( 'NONE', *, *, #5785, .F. ) ;
#2858 = EDGE_CURVE ( 'NONE', #10171, #2597, #4943, .T. ) ;
#2859 = EDGE_LOOP ( 'NONE', ( #7880, #5114, #6743, #6171 ) ) ;
#2860 = VERTEX_POINT ( 'NONE', #8841 ) ;
#2861 = SECURITY_CLASSIFICATION ( '', '', #2797 ) ;
#2862 = CARTESIAN_POINT ( 'NONE',  ( -2.243095548590625200, -2.918783954071174900, 0.5000000000000000000 ) ) ;
#2863 = PRODUCT ( 'small_foot', 'small_foot', '', ( #6434 ) ) ;
#2864 = AXIS2_PLACEMENT_3D ( 'NONE', #5696, #514, #6585 ) ;
#2865 = APPLICATION_CONTEXT ( 'configuration controlled 3d designs of mechanical parts and assemblies' ) ;
#2866 = AXIS2_PLACEMENT_3D ( 'NONE', #11046, #8460, #5816 ) ;
#2867 = DIRECTION ( 'NONE',  ( 0.0000000000000000000, 1.000000000000000000, 0.0000000000000000000 ) ) ;
#2868 = CARTESIAN_POINT ( 'NONE',  ( 3.950000000000000200, -8.125000000000000000, 248.0000000000000000 ) ) ;
#2869 = DIRECTION ( 'NONE',  ( 1.000000000000000000, 0.0000000000000000000, -0.0000000000000000000 ) ) ;
#2870 = CARTESIAN_POINT ( 'NONE',  ( 88.31999999999999300, -5.850000000000001400, 1.500000000000000000 ) ) ;
#2871 = EDGE_CURVE ( 'NONE', #7901, #1975, #9320, .T. ) ;
#2872 = CC_DESIGN_DATE_AND_TIME_ASSIGNMENT ( #9995, #8563, ( #539 ) ) ;
#2873 = ADVANCED_FACE ( 'NONE', ( #5231 ), #2384, .T. ) ;
#2874 = EDGE_CURVE ( 'NONE', #11128, #3846, #341, .T. ) ;
#2875 = DIRECTION ( 'NONE',  ( -1.040834085586083900E-016, 1.000000000000000000, 0.0000000000000000000 ) ) ;
#2876 = CARTESIAN_POINT ( 'NONE',  ( 6.250000000000000900, 9.525000000000000400, 248.0000000000000000 ) ) ;
#2877 = ORIENTED_EDGE ( 'NONE', *, *, #11107, .F. ) ;
#2878 = EDGE_LOOP ( 'NONE', ( #5372, #2625, #1047, #356 ) ) ;
#2879 = FACE_OUTER_BOUND ( 'NONE', #9997, .T. ) ;
#2880 = ORIENTED_EDGE ( 'NONE', *, *, #5934, .T. ) ;
#2881 = ORIENTED_EDGE ( 'NONE', *, *, #8714, .T. ) ;
#2882 = ORIENTED_EDGE ( 'NONE', *, *, #4015, .F. ) ;
#2883 = ORIENTED_EDGE ( 'NONE', *, *, #4824, .T. ) ;
#2884 = CARTESIAN_POINT ( 'NONE',  ( 6.250000000000000000, -20.89999999999999900, 72.00000000000001400 ) ) ;
#2885 = CARTESIAN_POINT ( 'NONE',  ( 0.5000000000000004400, -3.347875045883620200, -2.896839542379691800 ) ) ;
#2886 = CC_DESIGN_PERSON_AND_ORGANIZATION_ASSIGNMENT ( #6298, #2400, ( #11281 ) ) ;
#2887 = ADVANCED_FACE ( 'NONE', ( #72, #4682, #3190 ), #160, .F. ) ;
#2888 = EDGE_CURVE ( 'NONE', #3296, #8658, #2116, .T. ) ;
#2889 = EDGE_CURVE ( 'NONE', #2339, #10532, #9067, .T. ) ;
#2890 = CYLINDRICAL_SURFACE ( 'NONE', #163, 2.000000000000001800 ) ;
#2891 = ORIENTED_EDGE ( 'NONE', *, *, #8163, .F. ) ;
#2892 = CARTESIAN_POINT ( 'NONE',  ( -0.7500000000000000000, -7.300770222279489800E-032, -8.000000000000000000 ) ) ;
#2893 = DIRECTION ( 'NONE',  ( -1.000000000000000000, 0.0000000000000000000, 0.0000000000000000000 ) ) ;
#2894 = VECTOR ( 'NONE', #8139, 1000.000000000000000 ) ;
#2895 = LOCAL_TIME ( 11, 17, 25.00000000000000000, #5189 ) ;
#2896 = DIRECTION ( 'NONE',  ( 0.0000000000000000000, 1.000000000000000000, 0.0000000000000000000 ) ) ;
#2897 = VERTEX_POINT ( 'NONE', #3654 ) ;
#2898 = FACE_OUTER_BOUND ( 'NONE', #4852, .T. ) ;
#2899 = EDGE_CURVE ( 'NONE', #4449, #1300, #6455, .T. ) ;
#2900 = VECTOR ( 'NONE', #2695, 1000.000000000000000 ) ;
#2901 = CALENDAR_DATE ( 2023, 9, 11 ) ;
#2902 = AXIS2_PLACEMENT_3D ( 'NONE', #8205, #2981, #9084 ) ;
#2903 = CARTESIAN_POINT ( 'NONE',  ( -4.750000000000000000, -3.700000000000000200, 3.000000000000000000 ) ) ;
#2904 = APPROVAL_STATUS ( 'not_yet_approved' ) ;
#2905 = EDGE_LOOP ( 'NONE', ( #3590, #4758, #6408, #8610 ) ) ;
#2906 = DIRECTION ( 'NONE',  ( 0.0000000000000000000, 0.0000000000000000000, 1.000000000000000000 ) ) ;
#2907 = CARTESIAN_POINT ( 'NONE',  ( 2.449999999999999700, 19.07500000000000300, 72.00000000000001400 ) ) ;
#2908 = AXIS2_PLACEMENT_3D ( 'NONE', #9330, #4090, #10196 ) ;
#2909 = CIRCLE ( 'NONE', #3399, 1.000000000000000900 ) ;
#2910 = DIRECTION ( 'NONE',  ( 0.0000000000000000000, 0.0000000000000000000, 1.000000000000000000 ) ) ;
#2911 = CARTESIAN_POINT ( 'NONE',  ( -86.42000000000000200, -63.64999999999999900, 0.0000000000000000000 ) ) ;
#2912 = FACE_OUTER_BOUND ( 'NONE', #10764, .T. ) ;
#2913 = LINE ( 'NONE', #5725, #5484 ) ;
#2914 = CARTESIAN_POINT ( 'NONE',  ( 0.0000000000000000000, -15.62500000000000000, 248.0000000000000000 ) ) ;
#2915 = CARTESIAN_POINT ( 'NONE',  ( 5.850000000000001400, -16.02500000000000200, 72.00000000000001400 ) ) ;
#2916 = CARTESIAN_POINT ( 'NONE',  ( 3.950000000000000200, -11.97500000000000100, 71.99899999999999500 ) ) ;
#2917 = CARTESIAN_POINT ( 'NONE',  ( 6.250000000000000900, -1.425000000000000000, 248.0000000000000000 ) ) ;
#2918 = ORIENTED_EDGE ( 'NONE', *, *, #10041, .F. ) ;
#2919 = CIRCLE ( 'NONE', #3348, 0.4000000000000001900 ) ;
#2920 = LINE ( 'NONE', #2039, #5218 ) ;
#2921 = ORIENTED_EDGE ( 'NONE', *, *, #8913, .F. ) ;
#2922 = DIRECTION ( 'NONE',  ( -0.5735764363510459400, -0.8191520442889920200, 1.645157840493065500E-019 ) ) ;
#2923 = VECTOR ( 'NONE', #8140, 1000.000000000000000 ) ;
#2924 = ORIENTED_EDGE ( 'NONE', *, *, #5995, .T. ) ;
#2925 = CONTEXT_DEPENDENT_SHAPE_REPRESENTATION ( #4888, #10898 ) ;
#2926 = EDGE_LOOP ( 'NONE', ( #9803, #8720, #4946, #915 ) ) ;
#2927 = CARTESIAN_POINT ( 'NONE',  ( 0.6553397952731461200, 0.3777142256033324500, -8.000000000000000000 ) ) ;
#2928 = CIRCLE ( 'NONE', #9054, 0.4000000000000000200 ) ;
#2929 = ADVANCED_FACE ( 'NONE', ( #1848 ), #8500, .F. ) ;
#2930 = FACE_BOUND ( 'NONE', #5384, .T. ) ;
#2931 = ORIENTED_EDGE ( 'NONE', *, *, #360, .T. ) ;
#2932 = VERTEX_POINT ( 'NONE', #3732 ) ;
#2933 = ORIENTED_EDGE ( 'NONE', *, *, #4552, .T. ) ;
#2934 = CARTESIAN_POINT ( 'NONE',  ( -2.449489742783179200, 0.0000000000000000000, -0.5000000000000000000 ) ) ;
#2935 = CARTESIAN_POINT ( 'NONE',  ( -4.899999999999999500, 9.674999999999998900, 248.0000000000000000 ) ) ;
#2936 = AXIS2_PLACEMENT_3D ( 'NONE', #5959, #784, #6850 ) ;
#2937 = AXIS2_PLACEMENT_3D ( 'NONE', #6437, #1242, #7315 ) ;
#2938 = AXIS2_PLACEMENT_3D ( 'NONE', #1120, #7239, #6360 ) ;
#2939 = CIRCLE ( 'NONE', #4853, 2.149999999999999000 ) ;
#2940 = CARTESIAN_POINT ( 'NONE',  ( 0.0000000000000000000, 0.0000000000000000000, 1.000000000000000000 ) ) ;
#2941 = EDGE_CURVE ( 'NONE', #5326, #2847, #4410, .T. ) ;
#2942 = VECTOR ( 'NONE', #926, 1000.000000000000000 ) ;
#2943 = EDGE_CURVE ( 'NONE', #4426, #10781, #11090, .T. ) ;
#2944 = ORIENTED_EDGE ( 'NONE', *, *, #8559, .F. ) ;
#2945 = ADVANCED_FACE ( 'NONE', ( #10819 ), #5895, .T. ) ;
#2946 = VERTEX_POINT ( 'NONE', #8123 ) ;
#2947 = DIRECTION ( 'NONE',  ( 1.000000000000000000, 0.0000000000000000000, 0.0000000000000000000 ) ) ;
#2948 = PERSON_AND_ORGANIZATION_ROLE ( 'creator' ) ;
#2949 = DIRECTION ( 'NONE',  ( 0.0000000000000000000, 0.0000000000000000000, 1.000000000000000000 ) ) ;
#2950 = CARTESIAN_POINT ( 'NONE',  ( 0.0000000000000000000, 0.0000000000000000000, 3.000000000000000000 ) ) ;
#2951 = DIRECTION ( 'NONE',  ( -0.0000000000000000000, -0.0000000000000000000, 1.000000000000000000 ) ) ;
#2952 = DIRECTION ( 'NONE',  ( 1.000000000000000000, 1.040834085586083900E-016, 0.0000000000000000000 ) ) ;
#2953 = CARTESIAN_POINT ( 'NONE',  ( 2.449999999999999700, -0.8249999999999999600, 248.0000000000000000 ) ) ;
#2954 = VERTEX_POINT ( 'NONE', #2903 ) ;
#2955 = PRODUCT_DEFINITION_FORMATION_WITH_SPECIFIED_SOURCE ( 'ANY', '', #6937, .NOT_KNOWN. ) ;
#2956 = CARTESIAN_POINT ( 'NONE',  ( 1.530808498934191600E-016, 0.0000000000000000000, -1.250000000000000000 ) ) ;
#2957 = DIRECTION ( 'NONE',  ( 0.0000000000000000000, 0.0000000000000000000, 1.000000000000000000 ) ) ;
#2958 = EDGE_CURVE ( 'NONE', #2356, #7154, #8243, .T. ) ;
#2959 = ORIENTED_EDGE ( 'NONE', *, *, #858, .F. ) ;
#2960 = LOCAL_TIME ( 11, 17, 25.00000000000000000, #5257 ) ;
#2961 = ORIENTED_EDGE ( 'NONE', *, *, #2390, .T. ) ;
#2962 = DIRECTION ( 'NONE',  ( -0.0000000000000000000, 1.000000000000000000, 0.0000000000000000000 ) ) ;
#2963 = CARTESIAN_POINT ( 'NONE',  ( -90.00000000000000000, 29.00000000000000000, 0.0000000000000000000 ) ) ;
#2964 = LINE ( 'NONE', #10675, #9095 ) ;
#2965 = ORIENTED_EDGE ( 'NONE', *, *, #7403, .F. ) ;
#2966 = COORDINATED_UNIVERSAL_TIME_OFFSET ( 1, 0, .AHEAD. ) ;
#2967 = CARTESIAN_POINT ( 'NONE',  ( 1.014002097308125000, 1.319450280607502800, 1.500000000000000200 ) ) ;
#2968 = LINE ( 'NONE', #1808, #108 ) ;
#2969 = EDGE_LOOP ( 'NONE', ( #4103, #8417, #7344, #1303 ) ) ;
#2970 = LINE ( 'NONE', #191, #2705 ) ;
#2971 = EDGE_LOOP ( 'NONE', ( #11242, #10588, #562, #2807 ) ) ;
#2972 = ORIENTED_EDGE ( 'NONE', *, *, #4011, .F. ) ;
#2973 = EDGE_CURVE ( 'NONE', #2211, #1769, #10546, .T. ) ;
#2974 = EDGE_CURVE ( 'NONE', #6614, #10171, #10267, .T. ) ;
#2975 = AXIS2_PLACEMENT_3D ( 'NONE', #848, #6930, #1737 ) ;
#2976 = PERSON_AND_ORGANIZATION ( #9810, #4463 ) ;
#2977 = CARTESIAN_POINT ( 'NONE',  ( 90.00000000000000000, 31.00000000000000000, 185.0000000000000000 ) ) ;
#2978 = APPROVAL_ROLE ( '' ) ;
#2979 = CARTESIAN_POINT ( 'NONE',  ( -88.31999999999999300, 0.0000000000000000000, 1.500000000000000000 ) ) ;
#2980 = CARTESIAN_POINT ( 'NONE',  ( -73.50000000000000000, 2.168404344971008900E-016, 168.0000000000000000 ) ) ;
#2981 = DIRECTION ( 'NONE',  ( -0.0000000000000000000, -0.0000000000000000000, -1.000000000000000000 ) ) ;
#2982 = DIRECTION ( 'NONE',  ( 0.0000000000000000000, -0.0000000000000000000, -1.000000000000000000 ) ) ;
#2983 = CARTESIAN_POINT ( 'NONE',  ( 6.250000000000000000, -8.724999999999999600, 72.00000000000001400 ) ) ;
#2984 = DIRECTION ( 'NONE',  ( 0.0000000000000000000, 0.0000000000000000000, 1.000000000000000000 ) ) ;
#2985 = ADVANCED_FACE ( 'NONE', ( #1566 ), #1016, .T. ) ;
#2986 = DIRECTION ( 'NONE',  ( -6.454785026890447800E-015, 1.000000000000000000, 0.0000000000000000000 ) ) ;
#2987 = CARTESIAN_POINT ( 'NONE',  ( 86.50000000000001400, 3.500000000000000000, 185.0000000000000000 ) ) ;
#2988 = AXIS2_PLACEMENT_3D ( 'NONE', #4599, #6352, #1154 ) ;
#2989 = ORIENTED_EDGE ( 'NONE', *, *, #5511, .F. ) ;
#2990 = CARTESIAN_POINT ( 'NONE',  ( -88.50000000000000000, 7.125000000000000000, 14.85000000000000100 ) ) ;
#2991 = DIRECTION ( 'NONE',  ( -1.000000000000000000, 0.0000000000000000000, 0.0000000000000000000 ) ) ;
#2992 = ORIENTED_EDGE ( 'NONE', *, *, #7109, .F. ) ;
#2993 = ADVANCED_FACE ( 'NONE', ( #5632 ), #7687, .F. ) ;
#2994 = VERTEX_POINT ( 'NONE', #357 ) ;
#2995 = VERTEX_POINT ( 'NONE', #6432 ) ;
#2996 = AXIS2_PLACEMENT_3D ( 'NONE', #2395, #8472, #3257 ) ;
#2997 = AXIS2_PLACEMENT_3D ( 'NONE', #2497, #3366, #9472 ) ;
#2998 = CARTESIAN_POINT ( 'NONE',  ( 6.250000000000000000, -12.37500000000000000, 248.0000000000000000 ) ) ;
#2999 = EDGE_CURVE ( 'NONE', #3630, #8725, #5357, .T. ) ;
#3000 = CARTESIAN_POINT ( 'NONE',  ( 86.42000000000000200, -65.54999999999999700, 1.500000000000000000 ) ) ;
#3001 = VERTEX_POINT ( 'NONE', #5551 ) ;
#3002 = EDGE_CURVE ( 'NONE', #5096, #9565, #10005, .T. ) ;
#3003 = LINE ( 'NONE', #6358, #693 ) ;
#3004 = EDGE_LOOP ( 'NONE', ( #3473, #2834, #8438, #10692 ) ) ;
#3005 = VERTEX_POINT ( 'NONE', #4712 ) ;
#3006 = ORIENTED_EDGE ( 'NONE', *, *, #5276, .T. ) ;
#3007 = CARTESIAN_POINT ( 'NONE',  ( 90.00100000000000500, 7.125000000000000000, 168.0000000000000000 ) ) ;
#3008 = PLANE ( 'NONE',  #5878 ) ;
#3009 = CC_DESIGN_SECURITY_CLASSIFICATION ( #103, ( #8473 ) ) ;
#3010 = MECHANICAL_CONTEXT ( 'NONE', #7914, 'mechanical' ) ;
#3011 = CARTESIAN_POINT ( 'NONE',  ( 6.250000000000000000, 12.37500000000000000, 248.0000000000000000 ) ) ;
#3012 = LINE ( 'NONE', #2199, #5030 ) ;
#3013 = DIRECTION ( 'NONE',  ( 1.000000000000000000, 0.0000000000000000000, 0.0000000000000000000 ) ) ;
#3014 = CARTESIAN_POINT ( 'NONE',  ( 73.50000000000000000, 1.500000000000000000, 14.50000000000000200 ) ) ;
#3015 = CARTESIAN_POINT ( 'NONE',  ( -86.50000000000001400, 1.499999999999999100, 185.0000000000000000 ) ) ;
#3016 = DIRECTION ( 'NONE',  ( 1.000000000000000000, 0.0000000000000000000, 0.0000000000000000000 ) ) ;
#3017 = CARTESIAN_POINT ( 'NONE',  ( -2.597210276238843400, -3.827510384677232900, -0.5000000000000003300 ) ) ;
#3018 = ORIENTED_EDGE ( 'NONE', *, *, #6462, .T. ) ;
#3019 = VERTEX_POINT ( 'NONE', #2105 ) ;
#3020 = CARTESIAN_POINT ( 'NONE',  ( -4.873576436351039700, 16.87467222170134900, 72.00000000000001400 ) ) ;
#3021 = ORIENTED_EDGE ( 'NONE', *, *, #3148, .F. ) ;
#3022 = LINE ( 'NONE', #5009, #9708 ) ;
#3023 = CC_DESIGN_SECURITY_CLASSIFICATION ( #2437, ( #11307 ) ) ;
#3024 = CONTEXT_DEPENDENT_SHAPE_REPRESENTATION ( #3533, #3577 ) ;
#3025 = DIRECTION ( 'NONE',  ( 2.868245165298555100E-019, 0.0000000000000000000, 1.000000000000000000 ) ) ;
#3026 = LINE ( 'NONE', #10761, #9432 ) ;
#3027 = PLANE ( 'NONE',  #2579 ) ;
#3028 = ORIENTED_EDGE ( 'NONE', *, *, #6907, .F. ) ;
#3029 = DIRECTION ( 'NONE',  ( 0.0000000000000000000, 1.000000000000000000, 0.0000000000000000000 ) ) ;
#3030 = CYLINDRICAL_SURFACE ( 'NONE', #2286, 0.2000000000000000900 ) ;
#3031 = ORGANIZATION ( 'NAUO-ORG17', 'UNSPECIFIED', 'UNSPECIFIED' ) ;
#3032 = LINE ( 'NONE', #2790, #9718 ) ;
#3033 = EDGE_CURVE ( 'NONE', #6529, #8429, #7962, .T. ) ;
#3034 = ORIENTED_EDGE ( 'NONE', *, *, #6805, .T. ) ;
#3035 = EDGE_CURVE ( 'NONE', #2339, #214, #3596, .T. ) ;
#3036 = VECTOR ( 'NONE', #6690, 1000.000000000000000 ) ;
#3037 = ADVANCED_FACE ( 'NONE', ( #9749 ), #3008, .F. ) ;
#3038 = VECTOR ( 'NONE', #2449, 1000.000000000000000 ) ;
#3039 = CARTESIAN_POINT ( 'NONE',  ( 5.850000000000001400, 21.30000000000000100, 72.00000000000001400 ) ) ;
#3040 = DIRECTION ( 'NONE',  ( 1.000000000000000000, 0.0000000000000000000, 0.0000000000000000000 ) ) ;
#3041 = LINE ( 'NONE', #4438, #5338 ) ;
#3042 = CALENDAR_DATE ( 2023, 9, 11 ) ;
#3043 = EDGE_LOOP ( 'NONE', ( #1867, #4348, #9278, #9642 ) ) ;
#3044 = VECTOR ( 'NONE', #8560, 1000.000000000000000 ) ;
#3045 = ORIENTED_EDGE ( 'NONE', *, *, #9946, .F. ) ;
#3046 = CYLINDRICAL_SURFACE ( 'NONE', #1160, 1.550000000000000300 ) ;
#3047 = DIRECTION ( 'NONE',  ( 0.0000000000000000000, 0.0000000000000000000, 1.000000000000000000 ) ) ;
#3048 = ADVANCED_FACE ( 'NONE', ( #5077, #751, #470, #2787, #9468 ), #5623, .F. ) ;
#3049 = AXIS2_PLACEMENT_3D ( 'NONE', #62, #6138, #937 ) ;
#3050 = DATE_AND_TIME ( #5350, #7685 ) ;
#3051 = PERSON_AND_ORGANIZATION_ROLE ( 'classification_officer' ) ;
#3052 = EDGE_CURVE ( 'NONE', #518, #492, #2516, .T. ) ;
#3053 = CARTESIAN_POINT ( 'NONE',  ( -0.5999999999999999800, -3.824999999999999700, 72.00000000000001400 ) ) ;
#3054 = AXIS2_PLACEMENT_3D ( 'NONE', #9075, #5621, #423 ) ;
#3055 = DIRECTION ( 'NONE',  ( 0.0000000000000000000, 0.0000000000000000000, 1.000000000000000000 ) ) ;
#3056 = CARTESIAN_POINT ( 'NONE',  ( 0.6999999999999999600, 9.199999999999999300, 248.0000000000000000 ) ) ;
#3057 = CARTESIAN_POINT ( 'NONE',  ( 0.0000000000000000000, 0.0000000000000000000, 3.000000000000000000 ) ) ;
#3058 = CARTESIAN_POINT ( 'NONE',  ( 90.00100000000000500, 7.125000000000000000, 168.0000000000000000 ) ) ;
#3059 = ORIENTED_EDGE ( 'NONE', *, *, #7601, .F. ) ;
#3060 = UNCERTAINTY_MEASURE_WITH_UNIT (LENGTH_MEASURE( 1.000000000000000100E-005 ), #1481, 'distance_accuracy_value', 'NONE');
#3061 = VECTOR ( 'NONE', #10808, 1000.000000000000000 ) ;
#3062 = VECTOR ( 'NONE', #9424, 1000.000000000000000 ) ;
#3063 = ORIENTED_EDGE ( 'NONE', *, *, #7994, .T. ) ;
#3064 = CARTESIAN_POINT ( 'NONE',  ( 0.3271848554491000900, 1.217465845835394600, -7.500000000000000000 ) ) ;
#3065 = VECTOR ( 'NONE', #7209, 1000.000000000000000 ) ;
#3066 = CARTESIAN_POINT ( 'NONE',  ( -86.42000000000000200, -65.54999999999999700, 0.0000000000000000000 ) ) ;
#3067 = CARTESIAN_POINT ( 'NONE',  ( 73.50000000000000000, 2.168404344971008900E-016, 14.50000000000000200 ) ) ;
#3068 = COORDINATED_UNIVERSAL_TIME_OFFSET ( 1, 0, .AHEAD. ) ;
#3069 = DIRECTION ( 'NONE',  ( 0.0000000000000000000, 0.0000000000000000000, 1.000000000000000000 ) ) ;
#3070 = FACE_OUTER_BOUND ( 'NONE', #6569, .T. ) ;
#3071 = DIRECTION ( 'NONE',  ( 0.0000000000000000000, 0.0000000000000000000, 1.000000000000000000 ) ) ;
#3072 = CYLINDRICAL_SURFACE ( 'NONE', #288, 0.1999999999999999800 ) ;
#3073 = PRODUCT_DEFINITION_SHAPE ( 'NONE', 'NONE',  #39 ) ;
#3074 = VECTOR ( 'NONE', #9425, 1000.000000000000000 ) ;
#3075 = ORIENTED_EDGE ( 'NONE', *, *, #4150, .F. ) ;
#3076 = ORIENTED_EDGE ( 'NONE', *, *, #7863, .F. ) ;
#3077 = VERTEX_POINT ( 'NONE', #689 ) ;
#3078 = DIRECTION ( 'NONE',  ( 0.0000000000000000000, 0.0000000000000000000, 1.000000000000000000 ) ) ;
#3079 = VERTEX_POINT ( 'NONE', #6770 ) ;
#3080 = EDGE_CURVE ( 'NONE', #1073, #6500, #6868, .T. ) ;
#3081 = FACE_OUTER_BOUND ( 'NONE', #1339, .T. ) ;
#3082 = EDGE_CURVE ( 'NONE', #2139, #4631, #7131, .T. ) ;
#3083 = VERTEX_POINT ( 'NONE', #5918 ) ;
#3084 = ORIENTED_EDGE ( 'NONE', *, *, #2791, .T. ) ;
#3085 = CC_DESIGN_PERSON_AND_ORGANIZATION_ASSIGNMENT ( #1078, #8832, ( #1344 ) ) ;
#3086 = AXIS2_PLACEMENT_3D ( 'NONE', #6871, #10375, #5147 ) ;
#3087 = VERTEX_POINT ( 'NONE', #734 ) ;
#3088 = AXIS2_PLACEMENT_3D ( 'NONE', #6332, #1132, #7211 ) ;
#3089 = EDGE_CURVE ( 'NONE', #7256, #8668, #9194, .T. ) ;
#3090 = CIRCLE ( 'NONE', #3721, 0.4000000000000001900 ) ;
#3091 = ORIENTED_EDGE ( 'NONE', *, *, #8197, .T. ) ;
#3092 = EDGE_CURVE ( 'NONE', #1234, #695, #2243, .T. ) ;
#3093 = APPROVAL_STATUS ( 'not_yet_approved' ) ;
#3094 = CARTESIAN_POINT ( 'NONE',  ( -5.299999999999997200, -9.674999999999998900, 72.00000000000001400 ) ) ;
#3095 = DIRECTION ( 'NONE',  ( -0.0000000000000000000, -0.0000000000000000000, 1.000000000000000000 ) ) ;
#3096 = DIRECTION ( 'NONE',  ( -0.0000000000000000000, -1.000000000000000000, -0.0000000000000000000 ) ) ;
#3097 = DIRECTION ( 'NONE',  ( -1.000000000000000000, -8.953411488912540800E-016, 0.0000000000000000000 ) ) ;
#3098 = DIRECTION ( 'NONE',  ( 0.0000000000000000000, 0.0000000000000000000, 1.000000000000000000 ) ) ;
#3099 = PERSON_AND_ORGANIZATION ( #9810, #4463 ) ;
#3100 = DIRECTION ( 'NONE',  ( 0.0000000000000000000, -0.0000000000000000000, -1.000000000000000000 ) ) ;
#3101 = ADVANCED_FACE ( 'NONE', ( #11229 ), #10940, .F. ) ;
#3102 = ORIENTED_EDGE ( 'NONE', *, *, #2941, .F. ) ;
#3103 = LINE ( 'NONE', #1442, #10046 ) ;
#3104 = CC_DESIGN_DATE_AND_TIME_ASSIGNMENT ( #9315, #4047, ( #779 ) ) ;
#3105 = DIRECTION ( 'NONE',  ( -8.953411488912540800E-016, 1.000000000000000000, 0.0000000000000000000 ) ) ;
#3106 = VECTOR ( 'NONE', #7683, 1000.000000000000000 ) ;
#3107 = EDGE_LOOP ( 'NONE', ( #791, #7029, #1838, #1800 ) ) ;
#3108 = CARTESIAN_POINT ( 'NONE',  ( 0.0000000000000000000, -4.000000000000000000, 0.0000000000000000000 ) ) ;
#3109 = CARTESIAN_POINT ( 'NONE',  ( 0.4999999999999970600, -2.356394625395345600, 2.943334083476183900 ) ) ;
#3110 = EDGE_CURVE ( 'NONE', #3079, #4222, #1969, .T. ) ;
#3111 = EDGE_CURVE ( 'NONE', #9060, #11250, #6586, .T. ) ;
#3112 = CALENDAR_DATE ( 2023, 9, 11 ) ;
#3113 = DIRECTION ( 'NONE',  ( 6.071532165918830700E-016, 1.000000000000000000, 0.0000000000000000000 ) ) ;
#3114 = ADVANCED_FACE ( 'NONE', ( #4270 ), #1705, .F. ) ;
#3115 = LINE ( 'NONE', #10745, #9798 ) ;
#3116 = VERTEX_POINT ( 'NONE', #6890 ) ;
#3117 = EDGE_LOOP ( 'NONE', ( #8728, #3688, #7607, #9945 ) ) ;
#3118 = EDGE_CURVE ( 'NONE', #4124, #9370, #3979, .T. ) ;
#3119 = LOCAL_TIME ( 11, 17, 25.00000000000000000, #5417 ) ;
#3120 = CARTESIAN_POINT ( 'NONE',  ( -4.750000000000000000, -3.700000000000000200, 1.000000000000000000 ) ) ;
#3121 = AXIS2_PLACEMENT_3D ( 'NONE', #9915, #4676, #10775 ) ;
#3122 = B_SPLINE_CURVE_WITH_KNOTS ( 'NONE', 3,
 ( #7882, #6996, #4396, #10496, #5278, #81, #6151, #950, #7039, #1839, #7912, #2708, #8793, #3563, #9679, #4431, #10535, #5305 ),
 .UNSPECIFIED., .F., .F.,
 ( 4, 2, 2, 2, 2, 2, 2, 2, 4 ),
 ( 0.0000000000000000000, 0.1250000000000000000, 0.2500000000000000000, 0.3750000000000000000, 0.5000000000000000000, 0.6250000000000000000, 0.7500000000000000000, 0.8750000000000000000, 1.000000000000000000 ),
 .UNSPECIFIED. ) ;
#3123 = AXIS2_PLACEMENT_3D ( 'NONE', #2153, #8240, #3016 ) ;
#3124 = CARTESIAN_POINT ( 'NONE',  ( -3.399999999999999900, 10.62500000000000000, -0.001000000000000999900 ) ) ;
#3125 = DATE_TIME_ROLE ( 'classification_date' ) ;
#3126 = DIRECTION ( 'NONE',  ( 0.0000000000000000000, 1.000000000000000000, 0.0000000000000000000 ) ) ;
#3127 = CARTESIAN_POINT ( 'NONE',  ( -5.299999999999998900, -16.05552017741234700, 248.0000000000000000 ) ) ;
#3128 = PLANE ( 'NONE',  #8967 ) ;
#3129 = PLANE ( 'NONE',  #11009 ) ;
#3130 = CARTESIAN_POINT ( 'NONE',  ( 0.0000000000000000000, -21.30000000000000100, 248.0000000000000000 ) ) ;
#3131 = AXIS2_PLACEMENT_3D ( 'NONE', #7577, #5844, #670 ) ;
#3132 = VERTEX_POINT ( 'NONE', #1686 ) ;
#3133 = CARTESIAN_POINT ( 'NONE',  ( -0.4609100473859870700, 0.5997501243938340200, -8.000000000000000000 ) ) ;
#3134 = EDGE_LOOP ( 'NONE', ( #5046, #3216, #2748, #10029 ) ) ;
#3135 = SHAPE_DEFINITION_REPRESENTATION ( #10476, #9710 ) ;
#3136 = ORIENTED_EDGE ( 'NONE', *, *, #10054, .T. ) ;
#3137 = EDGE_LOOP ( 'NONE', ( #2959, #4199 ) ) ;
#3138 = CYLINDRICAL_SURFACE ( 'NONE', #4605, 2.000000000000001800 ) ;
#3139 = ORIENTED_EDGE ( 'NONE', *, *, #2737, .T. ) ;
#3140 = AXIS2_PLACEMENT_3D ( 'NONE', #9987, #10022, #4783 ) ;
#3141 = AXIS2_PLACEMENT_3D ( 'NONE', #7501, #2311, #8387 ) ;
#3142 = VERTEX_POINT ( 'NONE', #816 ) ;
#3143 = ORIENTED_EDGE ( 'NONE', *, *, #10080, .T. ) ;
#3144 = AXIS2_PLACEMENT_3D ( 'NONE', #11091, #11132, #5896 ) ;
#3145 = ORIENTED_EDGE ( 'NONE', *, *, #3730, .T. ) ;
#3146 = ADVANCED_FACE ( 'NONE', ( #4808 ), #10389, .F. ) ;
#3147 = CARTESIAN_POINT ( 'NONE',  ( 2.250000000000000400, -19.27500000000000600, 71.99899999999999500 ) ) ;
#3148 = EDGE_CURVE ( 'NONE', #10, #8547, #6302, .T. ) ;
#3149 = DIRECTION ( 'NONE',  ( 0.0000000000000000000, 1.000000000000000000, 0.0000000000000000000 ) ) ;
#3150 = EDGE_CURVE ( 'NONE', #6683, #11094, #6037, .T. ) ;
#3151 = VECTOR ( 'NONE', #5270, 1000.000000000000000 ) ;
#3152 = LINE ( 'NONE', #10356, #1124 ) ;
#3153 = DIRECTION ( 'NONE',  ( 0.0000000000000000000, -0.0000000000000000000, 1.000000000000000000 ) ) ;
#3154 = COORDINATED_UNIVERSAL_TIME_OFFSET ( 1, 0, .AHEAD. ) ;
#3155 = ADVANCED_FACE ( 'NONE', ( #8641 ), #6042, .F. ) ;
#3156 = CC_DESIGN_PERSON_AND_ORGANIZATION_ASSIGNMENT ( #8683, #5625, ( #1414 ) ) ;
#3157 = APPROVAL_ROLE ( '' ) ;
#3158 = VERTEX_POINT ( 'NONE', #4335 ) ;
#3159 = DIRECTION ( 'NONE',  ( -0.0000000000000000000, 0.0000000000000000000, 1.000000000000000000 ) ) ;
#3160 = CARTESIAN_POINT ( 'NONE',  ( -4.000000000000000000, 0.0000000000000000000, 0.5000000000000000000 ) ) ;
#3161 = DIRECTION ( 'NONE',  ( 0.0000000000000000000, 0.0000000000000000000, 1.000000000000000000 ) ) ;
#3162 = PLANE ( 'NONE',  #1554 ) ;
#3163 = CARTESIAN_POINT ( 'NONE',  ( -1.956344966155602300, -3.092303132795075200, 2.994262739104520200 ) ) ;
#3164 = CARTESIAN_POINT ( 'NONE',  ( -2.734516490328792000, -1.952248888731876100, 0.4999999999999994400 ) ) ;
#3165 = DIRECTION ( 'NONE',  ( 1.000000000000000000, 0.0000000000000000000, 0.0000000000000000000 ) ) ;
#3166 = LINE ( 'NONE', #10875, #7506 ) ;
#3167 = VECTOR ( 'NONE', #9634, 1000.000000000000000 ) ;
#3168 = CARTESIAN_POINT ( 'NONE',  ( 0.7304795034937839900, -0.1963109229443065200, -8.000000000000000000 ) ) ;
#3169 = ITEM_DEFINED_TRANSFORMATION ( 'NONE', 'NONE', #9348,  #7819 ) ;
#3170 = ORIENTED_EDGE ( 'NONE', *, *, #1548, .T. ) ;
#3171 = FACE_OUTER_BOUND ( 'NONE', #9126, .T. ) ;
#3172 = DIRECTION ( 'NONE',  ( -0.0000000000000000000, 1.000000000000000000, 0.0000000000000000000 ) ) ;
#3173 = CARTESIAN_POINT ( 'NONE',  ( 2.449999999999999700, 17.22499999999999800, 71.99899999999999500 ) ) ;
#3174 = LINE ( 'NONE', #1655, #7518 ) ;
#3175 = LINE ( 'NONE', #1417, #325 ) ;
#3176 = PERSON_AND_ORGANIZATION ( #3512, #5488 ) ;
#3177 = EDGE_CURVE ( 'NONE', #11169, #7093, #8355, .T. ) ;
#3178 = EDGE_CURVE ( 'NONE', #10949, #7985, #1422, .T. ) ;
#3179 = ORIENTED_EDGE ( 'NONE', *, *, #2135, .T. ) ;
#3180 = CARTESIAN_POINT ( 'NONE',  ( 0.6553397952731469000, -0.3777142256033259600, -8.000000000000000000 ) ) ;
#3181 = CYLINDRICAL_SURFACE ( 'NONE', #4499, 2.250000000000001800 ) ;
#3182 = CYLINDRICAL_SURFACE ( 'NONE', #1195, 0.4000000000000000200 ) ;
#3183 = ORIENTED_EDGE ( 'NONE', *, *, #11226, .T. ) ;
#3184 = LINE ( 'NONE', #6372, #5497 ) ;
#3185 = DIRECTION ( 'NONE',  ( -1.000000000000000000, 0.0000000000000000000, 0.0000000000000000000 ) ) ;
#3186 = DATE_AND_TIME ( #5499, #7834 ) ;
#3187 = ORIENTED_EDGE ( 'NONE', *, *, #1599, .T. ) ;
#3188 = FACE_OUTER_BOUND ( 'NONE', #8859, .T. ) ;
#3189 = B_SPLINE_CURVE_WITH_KNOTS ( 'NONE', 3,
 ( #7807, #1740, #3467, #9575, #4339, #10436, #5200, #9, #6091, #885, #6965, #1776, #7856, #2633 ),
 .UNSPECIFIED., .F., .F.,
 ( 4, 2, 2, 2, 2, 2, 4 ),
 ( 0.0000000000000000000, 0.0006778294705365057200, 0.001016744205804758800, 0.001355658941073012100, 0.001694573676341265100, 0.002033488411609518100, 0.002711317882146024600 ),
 .UNSPECIFIED. ) ;
#3190 = FACE_BOUND ( 'NONE', #3676, .T. ) ;
#3191 = FACE_OUTER_BOUND ( 'NONE', #3931, .T. ) ;
#3192 = ORIENTED_EDGE ( 'NONE', *, *, #8137, .F. ) ;
#3193 = ORIENTED_EDGE ( 'NONE', *, *, #5510, .F. ) ;
#3194 = ORIENTED_EDGE ( 'NONE', *, *, #5410, .F. ) ;
#3195 = APPROVAL_STATUS ( 'not_yet_approved' ) ;
#3196 = CARTESIAN_POINT ( 'NONE',  ( -3.399999999999999900, 10.42500000000000100, 248.0000000000000000 ) ) ;
#3197 = AXIS2_PLACEMENT_3D ( 'NONE', #8469, #3254, #9356 ) ;
#3198 = CARTESIAN_POINT ( 'NONE',  ( 5.850000000000001400, -8.724999999999999600, 248.0000000000000000 ) ) ;
#3199 = CARTESIAN_POINT ( 'NONE',  ( -3.600000000000000100, -9.475000000000001400, 248.0000000000000000 ) ) ;
#3200 = DIRECTION ( 'NONE',  ( 1.000000000000000000, 6.546126324440770800E-016, 0.0000000000000000000 ) ) ;
#3201 = ADVANCED_FACE ( 'NONE', ( #3457 ), #7825, .F. ) ;
#3202 = CIRCLE ( 'NONE', #1953, 3.649999999999999900 ) ;
#3203 = CARTESIAN_POINT ( 'NONE',  ( -0.7304795034938010900, -0.1963109229443084900, -8.000000000000000000 ) ) ;
#3204 = VECTOR ( 'NONE', #888, 1000.000000000000000 ) ;
#3205 = VERTEX_POINT ( 'NONE', #6118 ) ;
#3206 = ORIENTED_EDGE ( 'NONE', *, *, #7264, .F. ) ;
#3207 = DIRECTION ( 'NONE',  ( 0.0000000000000000000, 0.0000000000000000000, 1.000000000000000000 ) ) ;
#3208 = AXIS2_PLACEMENT_3D ( 'NONE', #1582, #699, #6781 ) ;
#3209 = LINE ( 'NONE', #8881, #10156 ) ;
#3210 = VERTEX_POINT ( 'NONE', #6998 ) ;
#3211 = ADVANCED_FACE ( 'NONE', ( #5492 ), #3181, .F. ) ;
#3212 = VERTEX_POINT ( 'NONE', #8748 ) ;
#3213 = CARTESIAN_POINT ( 'NONE',  ( -0.7500000000000089900, -0.09817475995271562900, -8.000000000000000000 ) ) ;
#3214 = CALENDAR_DATE ( 2023, 9, 11 ) ;
#3215 = DIRECTION ( 'NONE',  ( 0.0000000000000000000, 0.0000000000000000000, 1.000000000000000000 ) ) ;
#3216 = ORIENTED_EDGE ( 'NONE', *, *, #859, .F. ) ;
#3217 = CARTESIAN_POINT ( 'NONE',  ( 89.99999999999998600, 27.52500000000001300, 168.0000000000000000 ) ) ;
#3218 = LINE ( 'NONE', #1017, #5264 ) ;
#3219 = ORIENTED_EDGE ( 'NONE', *, *, #7052, .T. ) ;
#3220 = APPROVAL ( #6310, 'UNSPECIFIED' ) ;
#3221 = AXIS2_PLACEMENT_3D ( 'NONE', #5407, #204, #6275 ) ;
#3222 = LOCAL_TIME ( 11, 17, 25.00000000000000000, #5539 ) ;
#3223 = SECURITY_CLASSIFICATION ( '', '', #2565 ) ;
#3224 = CARTESIAN_POINT ( 'NONE',  ( -0.4000000000000000200, 10.42500000000000100, 248.0000000000000000 ) ) ;
#3225 = ORIENTED_EDGE ( 'NONE', *, *, #3524, .F. ) ;
#3226 = CIRCLE ( 'NONE', #1159, 0.4000000000000001900 ) ;
#3228 = ORIENTED_EDGE ( 'NONE', *, *, #4322, .T. ) ;
#3227 = SECURITY_CLASSIFICATION_LEVEL ( 'unclassified' ) ;
#3229 = ORIENTED_EDGE ( 'NONE', *, *, #4450, .F. ) ;
#3230 = CARTESIAN_POINT ( 'NONE',  ( -73.50000000000000000, 1.500000000000000000, 17.00000000000000000 ) ) ;
#3231 = PLANE ( 'NONE',  #2722 ) ;
#3232 = CARTESIAN_POINT ( 'NONE',  ( -0.5999999999999999800, -3.824999999999999700, -0.001000000000000999900 ) ) ;
#3233 = CARTESIAN_POINT ( 'NONE',  ( 6.250000000000000000, 8.325000000000001100, 71.99899999999999500 ) ) ;
#3234 = DIRECTION ( 'NONE',  ( 0.0000000000000000000, 0.0000000000000000000, 1.000000000000000000 ) ) ;
#3235 = CARTESIAN_POINT ( 'NONE',  ( -0.4999999999999997800, 0.0000000000000000000, 2.449489742783179200 ) ) ;
#3236 = DIRECTION ( 'NONE',  ( -1.000000000000000000, -6.071532165918830700E-016, -0.0000000000000000000 ) ) ;
#3237 = PLANE ( 'NONE',  #3131 ) ;
#3238 = COORDINATED_UNIVERSAL_TIME_OFFSET ( 1, 0, .AHEAD. ) ;
#3239 = CARTESIAN_POINT ( 'NONE',  ( 0.3271848715738420200, 1.217465839156336900, -7.999999999999994700 ) ) ;
#3240 = CARTESIAN_POINT ( 'NONE',  ( 3.950000000000000200, -15.42499999999999900, 248.0000000000000000 ) ) ;
#3241 = CARTESIAN_POINT ( 'NONE',  ( 0.5000000000000008900, -3.827395536133990600, 2.597308632815515100 ) ) ;
#3242 = CARTESIAN_POINT ( 'NONE',  ( -0.4999999999999993300, -1.599999999999999900, -2.449489742783179200 ) ) ;
#3243 = EDGE_CURVE ( 'NONE', #9795, #3689, #10128, .T. ) ;
#3244 = EDGE_CURVE ( 'NONE', #5997, #1563, #10408, .T. ) ;
#3245 = CARTESIAN_POINT ( 'NONE',  ( 73.50000000000000000, 1.500000000000000000, 170.5000000000000000 ) ) ;
#3246 = CARTESIAN_POINT ( 'NONE',  ( 86.50000000000001400, 29.00000000000000000, 0.0000000000000000000 ) ) ;
#3247 = CARTESIAN_POINT ( 'NONE',  ( -0.8309713053962809500, -1.441747545844435800, 1.500000000000000400 ) ) ;
#3248 = ORIENTED_EDGE ( 'NONE', *, *, #9689, .T. ) ;
#3249 = CARTESIAN_POINT ( 'NONE',  ( 0.6295237093388829100, 1.092232992121877900, -7.999999999999994700 ) ) ;
#3250 = ADVANCED_FACE ( 'NONE', ( #877 ), #605, .F. ) ;
#3251 = ORIENTED_EDGE ( 'NONE', *, *, #4151, .T. ) ;
#3252 = DIRECTION ( 'NONE',  ( 0.0000000000000000000, 0.0000000000000000000, 1.000000000000000000 ) ) ;
#3253 = EDGE_CURVE ( 'NONE', #9830, #4594, #2919, .T. ) ;
#3254 = DIRECTION ( 'NONE',  ( -0.0000000000000000000, -0.0000000000000000000, -1.000000000000000000 ) ) ;
#3255 = EDGE_LOOP ( 'NONE', ( #7091, #1435, #1197, #713 ) ) ;
#3256 = ORIENTED_EDGE ( 'NONE', *, *, #3760, .F. ) ;
#3257 = DIRECTION ( 'NONE',  ( 1.000000000000000000, 0.0000000000000000000, 0.0000000000000000000 ) ) ;
#3258 = ORIENTED_EDGE ( 'NONE', *, *, #11168, .T. ) ;
#3259 = EDGE_CURVE ( 'NONE', #5820, #6265, #5216, .T. ) ;
#3260 = AXIS2_PLACEMENT_3D ( 'NONE', #706, #6788, #1591 ) ;
#3261 = DIRECTION ( 'NONE',  ( -1.000000000000000000, 0.0000000000000000000, 0.0000000000000000000 ) ) ;
#3262 = ADVANCED_FACE ( 'NONE', ( #5744 ), #330, .T. ) ;
#3263 =( REPRESENTATION_RELATIONSHIP ('NONE','NONE', #9710, #9691 ) REPRESENTATION_RELATIONSHIP_WITH_TRANSFORMATION ( #10672 )SHAPE_REPRESENTATION_RELATIONSHIP( ) );
#3264 = ORIENTED_EDGE ( 'NONE', *, *, #9187, .T. ) ;
#3265 = CARTESIAN_POINT ( 'NONE',  ( 0.5999999999999999800, 3.625000000000000000, 72.00000000000001400 ) ) ;
#3266 = FACE_OUTER_BOUND ( 'NONE', #5505, .T. ) ;
#3267 = CARTESIAN_POINT ( 'NONE',  ( -0.4000000000000000200, -9.599999999999999600, -1.510173831053895000 ) ) ;
#3268 = ORIENTED_EDGE ( 'NONE', *, *, #7615, .T. ) ;
#3269 = DIRECTION ( 'NONE',  ( -0.0000000000000000000, -0.0000000000000000000, 1.000000000000000000 ) ) ;
#3270 = DIRECTION ( 'NONE',  ( 0.0000000000000000000, 1.000000000000000000, 0.0000000000000000000 ) ) ;
#3271 = CARTESIAN_POINT ( 'NONE',  ( 0.2159844817121075200, 1.649999999999999900, 1.500000000000000000 ) ) ;
#3272 = CARTESIAN_POINT ( 'NONE',  ( 3.950000000000000200, 13.57500000000000100, 72.00000000000001400 ) ) ;
#3273 = EDGE_LOOP ( 'NONE', ( #2891, #8315, #6316, #11093, #6192, #7799, #6203, #1183, #7269, #2606, #5448, #432 ) ) ;
#3274 = VERTEX_POINT ( 'NONE', #2741 ) ;
#3275 = CARTESIAN_POINT ( 'NONE',  ( 0.3271848715738427400, -1.217465839156301600, -7.999999999999994700 ) ) ;
#3276 = CARTESIAN_POINT ( 'NONE',  ( 0.7999999999999999300, 5.049999999999999800, 248.0000000000000000 ) ) ;
#3277 = DIRECTION ( 'NONE',  ( 0.0000000000000000000, -0.0000000000000000000, 1.000000000000000000 ) ) ;
#3278 = CARTESIAN_POINT ( 'NONE',  ( 6.250000000000000000, 0.0000000000000000000, 248.0000000000000000 ) ) ;
#3279 = VECTOR ( 'NONE', #7364, 1000.000000000000000 ) ;
#3280 = CARTESIAN_POINT ( 'NONE',  ( 3.750000000000000000, -15.42499999999999900, 248.0000000000000000 ) ) ;
#3281 = ORIENTED_EDGE ( 'NONE', *, *, #4256, .F. ) ;
#3282 = EDGE_LOOP ( 'NONE', ( #10683, #7734, #9009, #4291 ) ) ;
#3283 = ORIENTED_EDGE ( 'NONE', *, *, #4981, .T. ) ;
#3284 = CARTESIAN_POINT ( 'NONE',  ( -2.000000000000000000, -14.50000000000000000, 65.07035354437189800 ) ) ;
#3285 = VECTOR ( 'NONE', #6702, 1000.000000000000000 ) ;
#3286 = DIRECTION ( 'NONE',  ( -1.000000000000000000, -1.387778780781445900E-016, 0.0000000000000000000 ) ) ;
#3287 = DATE_AND_TIME ( #5596, #7925 ) ;
#3288 = DIRECTION ( 'NONE',  ( 0.0000000000000000000, 0.0000000000000000000, -1.000000000000000000 ) ) ;
#3289 = EDGE_CURVE ( 'NONE', #4687, #5052, #2650, .T. ) ;
#3290 = EDGE_CURVE ( 'NONE', #10854, #5032, #4931, .T. ) ;
#3291 = AXIS2_PLACEMENT_3D ( 'NONE', #11194, #5960, #786 ) ;
#3292 = CARTESIAN_POINT ( 'NONE',  ( 0.1636245999211739500, -1.250000000000016900, -7.999999999999994700 ) ) ;
#3293 = AXIS2_PLACEMENT_3D ( 'NONE', #696, #6778, #1578 ) ;
#3294 = CIRCLE ( 'NONE', #3973, 2.500000000000002200 ) ;
#3295 = DIRECTION ( 'NONE',  ( 0.0000000000000000000, 0.0000000000000000000, 1.000000000000000000 ) ) ;
#3296 = VERTEX_POINT ( 'NONE', #10572 ) ;
#3297 = EDGE_CURVE ( 'NONE', #7360, #3087, #4666, .T. ) ;
#3298 = CARTESIAN_POINT ( 'NONE',  ( -3.649999999999999900, 7.871034431950294300E-014, 0.5000000000000000000 ) ) ;
#3299 = FACE_OUTER_BOUND ( 'NONE', #1680, .T. ) ;
#3300 = COORDINATED_UNIVERSAL_TIME_OFFSET ( 1, 0, .AHEAD. ) ;
#3301 = EDGE_CURVE ( 'NONE', #10632, #2423, #6993, .T. ) ;
#3302 = CIRCLE ( 'NONE', #9715, 1.800000000000000300 ) ;
#3303 = ORIENTED_EDGE ( 'NONE', *, *, #10830, .F. ) ;
#3304 = LINE ( 'NONE', #6652, #9988 ) ;
#3305 = LINE ( 'NONE', #4183, #997 ) ;
#3306 = LINE ( 'NONE', #2599, #7674 ) ;
#3307 = CC_DESIGN_APPROVAL ( #2733, ( #1572 ) ) ;
#3308 = LOCAL_TIME ( 11, 17, 25.00000000000000000, #5612 ) ;
#3309 = DIRECTION ( 'NONE',  ( 1.000000000000000000, 7.610399765575671300E-015, 0.0000000000000000000 ) ) ;
#3310 =( NAMED_UNIT ( * ) PLANE_ANGLE_UNIT ( ) SI_UNIT ( $, .RADIAN. ) );
#3311 = DIRECTION ( 'NONE',  ( 0.0000000000000000000, 0.0000000000000000000, 1.000000000000000000 ) ) ;
#3312 = CARTESIAN_POINT ( 'NONE',  ( -1.014002097308096300, -1.319450280607509900, 1.500000000000000000 ) ) ;
#3313 = EDGE_CURVE ( 'NONE', #4687, #2539, #9305, .T. ) ;
#3314 = DIRECTION ( 'NONE',  ( 0.0000000000000000000, -0.0000000000000000000, 1.000000000000000000 ) ) ;
#3315 = VECTOR ( 'NONE', #5456, 1000.000000000000000 ) ;
#3316 = ADVANCED_FACE ( 'NONE', ( #2097 ), #8770, .T. ) ;
#3317 = ORIENTED_EDGE ( 'NONE', *, *, #1230, .T. ) ;
#3318 = CARTESIAN_POINT ( 'NONE',  ( -1.217465839156314200, 0.3271848715738245900, -7.500000000000000000 ) ) ;
#3319 = CYLINDRICAL_SURFACE ( 'NONE', #3631, 0.4000000000000001900 ) ;
#3320 = DIRECTION ( 'NONE',  ( 0.0000000000000000000, 0.0000000000000000000, -1.000000000000000000 ) ) ;
#3321 = CARTESIAN_POINT ( 'NONE',  ( -90.00000000000001400, 23.22500000000001200, 17.00000000000000000 ) ) ;
#3322 = ORIENTED_EDGE ( 'NONE', *, *, #5186, .T. ) ;
#3323 = VECTOR ( 'NONE', #7343, 1000.000000000000000 ) ;
#3324 = LINE ( 'NONE', #5057, #9751 ) ;
#3325 = ORIENTED_EDGE ( 'NONE', *, *, #6382, .F. ) ;
#3326 = DIRECTION ( 'NONE',  ( 0.0000000000000000000, 0.0000000000000000000, 1.000000000000000000 ) ) ;
#3327 = ADVANCED_FACE ( 'NONE', ( #9057 ), #4116, .T. ) ;
#3328 = CARTESIAN_POINT ( 'NONE',  ( -3.600000000000000100, -3.824999999999999700, 248.0000000000000000 ) ) ;
#3329 = LINE ( 'NONE', #8138, #10010 ) ;
#3330 = EDGE_CURVE ( 'NONE', #3610, #10758, #6449, .T. ) ;
#3331 = APPROVAL_PERSON_ORGANIZATION ( #5640, #10529, #8332 ) ;
#3332 = CARTESIAN_POINT ( 'NONE',  ( -1.092232992121900100, 0.6295237093389000100, -7.500000000000000000 ) ) ;
#3333 = AXIS2_PLACEMENT_3D ( 'NONE', #5866, #681, #6758 ) ;
#3334 = CARTESIAN_POINT ( 'NONE',  ( -0.3271848554491009200, -1.217465845835394200, -7.499999999999999100 ) ) ;
#3335 = FACE_OUTER_BOUND ( 'NONE', #7469, .T. ) ;
#3336 = ADVANCED_BREP_SHAPE_REPRESENTATION ( '', ( #2358, #7819 ), #8987 ) ;
#3337 = VECTOR ( 'NONE', #10907, 1000.000000000000000 ) ;
#3338 = CARTESIAN_POINT ( 'NONE',  ( 0.0000000000000000000, -13.57500000000000300, 248.0000000000000000 ) ) ;
#3339 = LINE ( 'NONE', #6792, #1028 ) ;
#3340 = ORIENTED_EDGE ( 'NONE', *, *, #3452, .F. ) ;
#3341 = ORIENTED_EDGE ( 'NONE', *, *, #11040, .T. ) ;
#3342 = ORIENTED_EDGE ( 'NONE', *, *, #1127, .F. ) ;
#3343 = CARTESIAN_POINT ( 'NONE',  ( 2.449999999999999700, 17.42500000000000100, 72.00000000000001400 ) ) ;
#3344 = PERSON_AND_ORGANIZATION_ROLE ( 'classification_officer' ) ;
#3345 = ORIENTED_EDGE ( 'NONE', *, *, #8628, .F. ) ;
#3346 = CARTESIAN_POINT ( 'NONE',  ( 0.0000000000000000000, 67.25000000000000000, 180.5000000000000000 ) ) ;
#3347 = ORIENTED_EDGE ( 'NONE', *, *, #7706, .T. ) ;
#3348 = AXIS2_PLACEMENT_3D ( 'NONE', #4433, #10536, #5306 ) ;
#3349 = CARTESIAN_POINT ( 'NONE',  ( 86.50000000000001400, 29.00000000000000000, 367.9104972384030200 ) ) ;
#3350 = CARTESIAN_POINT ( 'NONE',  ( 3.649999999999999500, 0.0000000000000000000, 1.499999999999996900 ) ) ;
#3351 = DIRECTION ( 'NONE',  ( -1.000000000000000000, 0.0000000000000000000, 0.0000000000000000000 ) ) ;
#3352 = VERTEX_POINT ( 'NONE', #8900 ) ;
#3353 = LOCAL_TIME ( 11, 17, 25.00000000000000000, #5658 ) ;
#3354 = DIRECTION ( 'NONE',  ( 0.0000000000000000000, 0.0000000000000000000, -1.000000000000000000 ) ) ;
#3355 = CARTESIAN_POINT ( 'NONE',  ( 1.217465839156304000, 0.3271848715738529500, -7.500000000000000000 ) ) ;
#3356 = CONICAL_SURFACE ( 'NONE', #10937, 6.248815809051677700, 0.06556246515474592500 ) ;
#3357 = EDGE_LOOP ( 'NONE', ( #4293, #8195, #8411, #5894 ) ) ;
#3358 = CARTESIAN_POINT ( 'NONE',  ( 86.50000000000000000, 1.499999999999999100, 185.0000000000000000 ) ) ;
#3359 = CARTESIAN_POINT ( 'NONE',  ( -1.700000000000000000, 0.0000000000000000000, 248.0000000000000000 ) ) ;
#3360 = CARTESIAN_POINT ( 'NONE',  ( 1.319450280607481900, 1.014002097308102100, 1.500000000000000000 ) ) ;
#3361 = AXIS2_PLACEMENT_3D ( 'NONE', #8819, #9709, #2731 ) ;
#3362 = AXIS2_PLACEMENT_3D ( 'NONE', #3842, #7324, #2986 ) ;
#3363 = COORDINATED_UNIVERSAL_TIME_OFFSET ( 1, 0, .AHEAD. ) ;
#3364 = CARTESIAN_POINT ( 'NONE',  ( 3.210526550469550600, -2.493718516972145000, 0.5044719834643312000 ) ) ;
#3365 = CARTESIAN_POINT ( 'NONE',  ( -0.5000000000000000000, -4.000000000000000000, 0.0000000000000000000 ) ) ;
#3366 = DIRECTION ( 'NONE',  ( 7.610399765575671300E-015, 1.000000000000000000, 0.0000000000000000000 ) ) ;
#3367 = EDGE_LOOP ( 'NONE', ( #3541, #5767, #4257, #5667 ) ) ;
#3368 = LINE ( 'NONE', #9246, #7730 ) ;
#3369 = CARTESIAN_POINT ( 'NONE',  ( -3.799999999999999800, -4.975000000000000500, 248.0000000000000000 ) ) ;
#3370 = EDGE_CURVE ( 'NONE', #6121, #6602, #1836, .T. ) ;
#3371 = ORIENTED_EDGE ( 'NONE', *, *, #1746, .T. ) ;
#3372 = LINE ( 'NONE', #2435, #3106 ) ;
#3373 = ORIENTED_EDGE ( 'NONE', *, *, #4516, .F. ) ;
#3374 = EDGE_CURVE ( 'NONE', #9485, #5672, #11075, .T. ) ;
#3375 = CARTESIAN_POINT ( 'NONE',  ( 1.250000000000000000, 0.1636245999212139800, -7.500000000000000000 ) ) ;
#3376 = DIRECTION ( 'NONE',  ( -0.0000000000000000000, -0.0000000000000000000, -1.000000000000000000 ) ) ;
#3377 = ADVANCED_FACE ( 'NONE', ( #8487 ), #10533, .F. ) ;
#3378 = CARTESIAN_POINT ( 'NONE',  ( 5.850000000000001400, 20.89999999999999900, 248.0000000000000000 ) ) ;
#3379 = CARTESIAN_POINT ( 'NONE',  ( 0.0000000000000000000, 1.025000000000000100, 248.0000000000000000 ) ) ;
#3380 = PERSON_AND_ORGANIZATION ( #9810, #4463 ) ;
#3381 = PLANE ( 'NONE',  #7070 ) ;
#3382 = APPROVAL ( #8202, 'UNSPECIFIED' ) ;
#3383 = CIRCLE ( 'NONE', #8017, 1.899999999999999000 ) ;
#3384 = CC_DESIGN_APPROVAL ( #2812, ( #1644 ) ) ;
#3385 = ORIENTED_EDGE ( 'NONE', *, *, #11054, .T. ) ;
#3386 = CARTESIAN_POINT ( 'NONE',  ( 3.750000000000000400, -10.12500000000000000, 71.99899999999999500 ) ) ;
#3387 = APPROVAL_DATE_TIME ( #5681, #1916 ) ;
#3388 = DIRECTION ( 'NONE',  ( 0.0000000000000000000, 0.0000000000000000000, 1.000000000000000000 ) ) ;
#3389 = DATE_TIME_ROLE ( 'classification_date' ) ;
#3390 = CARTESIAN_POINT ( 'NONE',  ( 88.49999999999998600, 0.1500000000000008300, 0.0000000000000000000 ) ) ;
#3391 = DIRECTION ( 'NONE',  ( 0.3907018333864206700, 1.665334536937735600E-016, -0.9205172879356964300 ) ) ;
#3392 = CARTESIAN_POINT ( 'NONE',  ( -0.5997501243938326800, -0.4609100473859879000, -8.000000000000000000 ) ) ;
#3393 = CARTESIAN_POINT ( 'NONE',  ( -2.918783954071170400, 2.243095548590666100, 1.499999999999996900 ) ) ;
#3394 = CARTESIAN_POINT ( 'NONE',  ( -0.7681834123099761100, -0.9995835406563921000, -7.500000000000000000 ) ) ;
#3395 = CARTESIAN_POINT ( 'NONE',  ( 5.850000000000001400, -2.624999999999999600, 71.99899999999999500 ) ) ;
#3396 = EDGE_LOOP ( 'NONE', ( #4583, #8187, #10424, #8895, #10310 ) ) ;
#3397 = EDGE_CURVE ( 'NONE', #6982, #9569, #1555, .T. ) ;
#3398 = CARTESIAN_POINT ( 'NONE',  ( -1.649999999999999900, -0.2159844817121070500, 1.500000000000000000 ) ) ;
#3399 = AXIS2_PLACEMENT_3D ( 'NONE', #6337, #1140, #7217 ) ;
#3400 = CARTESIAN_POINT ( 'NONE',  ( -88.50000000000001400, 3.500000000000000400, 185.0000000000000000 ) ) ;
#3401 = DIRECTION ( 'NONE',  ( 1.000000000000000000, 0.0000000000000000000, 0.0000000000000000000 ) ) ;
#3402 = ORIENTED_EDGE ( 'NONE', *, *, #6011, .F. ) ;
#3403 = ORIENTED_EDGE ( 'NONE', *, *, #4815, .F. ) ;
#3404 = LINE ( 'NONE', #11028, #7772 ) ;
#3405 = VERTEX_POINT ( 'NONE', #265 ) ;
#3406 = CARTESIAN_POINT ( 'NONE',  ( -0.9995835406563879900, -0.7681834123099811100, -7.500000000000000000 ) ) ;
#3407 = DIRECTION ( 'NONE',  ( -0.0000000000000000000, 1.000000000000000000, 0.0000000000000000000 ) ) ;
#3408 = CARTESIAN_POINT ( 'NONE',  ( -4.899999999999999500, -9.674999999999998900, -0.001000000000000999900 ) ) ;
#3409 = DIRECTION ( 'NONE',  ( 0.0000000000000000000, 0.0000000000000000000, 1.000000000000000000 ) ) ;
#3410 = EDGE_CURVE ( 'NONE', #2818, #5820, #6168, .T. ) ;
#3411 = VERTEX_POINT ( 'NONE', #9822 ) ;
#3412 = VECTOR ( 'NONE', #5013, 1000.000000000000000 ) ;
#3413 = AXIS2_PLACEMENT_3D ( 'NONE', #1100, #266, #6342 ) ;
#3414 = ORIENTED_EDGE ( 'NONE', *, *, #3832, .F. ) ;
#3415 = EDGE_LOOP ( 'NONE', ( #7640, #4349, #9259, #1835 ) ) ;
#3416 = EDGE_LOOP ( 'NONE', ( #11252, #5543, #5178, #2169 ) ) ;
#3417 = VERTEX_POINT ( 'NONE', #10686 ) ;
#3418 = VECTOR ( 'NONE', #5319, 1000.000000000000000 ) ;
#3419 = DIRECTION ( 'NONE',  ( -0.0000000000000000000, -0.0000000000000000000, 1.000000000000000000 ) ) ;
#3420 = APPROVAL_ROLE ( '' ) ;
#3421 = DIRECTION ( 'NONE',  ( -1.000000000000000000, 0.0000000000000000000, -0.0000000000000000000 ) ) ;
#3422 = DIRECTION ( 'NONE',  ( -1.000000000000000000, -7.591149930874511000E-015, 0.0000000000000000000 ) ) ;
#3423 = CARTESIAN_POINT ( 'NONE',  ( 0.7500000000000000000, 1.939568159792238600E-014, -8.000000000000000000 ) ) ;
#3424 = CARTESIAN_POINT ( 'NONE',  ( 6.250000000000000000, 19.67500000000000100, 248.0000000000000000 ) ) ;
#3425 = CARTESIAN_POINT ( 'NONE',  ( 0.9553798049339903300, -3.555000258646108700, 1.500000000000045500 ) ) ;
#3426 = CYLINDRICAL_SURFACE ( 'NONE', #10301, 2.149999999999999000 ) ;
#3427 = AXIS2_PLACEMENT_3D ( 'NONE', #7240, #8131, #1164 ) ;
#3428 = VECTOR ( 'NONE', #742, 1000.000000000000000 ) ;
#3429 = PRODUCT_DEFINITION_SHAPE ( 'NONE', 'NONE',  #11305 ) ;
#3430 = APPROVAL_PERSON_ORGANIZATION ( #5719, #3597, #6962 ) ;
#3431 = DIRECTION ( 'NONE',  ( 1.000000000000000000, 0.0000000000000000000, 0.0000000000000000000 ) ) ;
#3432 = ORIENTED_EDGE ( 'NONE', *, *, #9115, .F. ) ;
#3433 = CARTESIAN_POINT ( 'NONE',  ( 1.441747545844460200, -0.8309713053962809500, 1.500000000000000000 ) ) ;
#3434 = CARTESIAN_POINT ( 'NONE',  ( -0.4999999999999976100, -3.026185824819449100, -3.007585135165836900 ) ) ;
#3435 = DIRECTION ( 'NONE',  ( 0.0000000000000000000, -0.0000000000000000000, -1.000000000000000000 ) ) ;
#3436 = FACE_OUTER_BOUND ( 'NONE', #9895, .T. ) ;
#3437 = CARTESIAN_POINT ( 'NONE',  ( -4.299999999999999800, -16.05552017741234700, 248.0000000000000000 ) ) ;
#3438 = FACE_OUTER_BOUND ( 'NONE', #2398, .T. ) ;
#3439 = APPROVAL_DATE_TIME ( #5733, #8713 ) ;
#3440 = EDGE_CURVE ( 'NONE', #11000, #3934, #8229, .T. ) ;
#3441 = CC_DESIGN_PERSON_AND_ORGANIZATION_ASSIGNMENT ( #8158, #8878, ( #2861 ) ) ;
#3442 = AXIS2_PLACEMENT_3D ( 'NONE', #4790, #8302, #3100 ) ;
#3443 = ORIENTED_EDGE ( 'NONE', *, *, #1369, .T. ) ;
#3444 = CARTESIAN_POINT ( 'NONE',  ( -0.5000000000000000000, -4.000000000000000000, 4.000000000000000000 ) ) ;
#3445 = AXIS2_PLACEMENT_3D ( 'NONE', #10370, #5141, #11253 ) ;
#3446 = DIRECTION ( 'NONE',  ( 0.0000000000000000000, -0.0000000000000000000, -1.000000000000000000 ) ) ;
#3447 = FACE_OUTER_BOUND ( 'NONE', #10768, .T. ) ;
#3448 = EDGE_CURVE ( 'NONE', #11045, #2678, #5884, .T. ) ;
#3449 = CC_DESIGN_PERSON_AND_ORGANIZATION_ASSIGNMENT ( #5062, #3344, ( #539 ) ) ;
#3450 = CIRCLE ( 'NONE', #9318, 0.4000000000000001900 ) ;
#3451 = DIRECTION ( 'NONE',  ( 0.0000000000000000000, 0.0000000000000000000, 1.000000000000000000 ) ) ;
#3452 = EDGE_CURVE ( 'NONE', #10735, #7901, #3847, .T. ) ;
#3453 = DIRECTION ( 'NONE',  ( -1.000000000000000000, 0.0000000000000000000, 0.0000000000000000000 ) ) ;
#3454 = CYLINDRICAL_SURFACE ( 'NONE', #7018, 0.4000000000000001900 ) ;
#3455 = LOCAL_TIME ( 11, 17, 25.00000000000000000, #5741 ) ;
#3456 = ORIENTED_EDGE ( 'NONE', *, *, #8147, .F. ) ;
#3457 = FACE_OUTER_BOUND ( 'NONE', #2785, .T. ) ;
#3458 = VECTOR ( 'NONE', #6242, 1000.000000000000000 ) ;
#3459 = ORIENTED_EDGE ( 'NONE', *, *, #9768, .F. ) ;
#3460 = CARTESIAN_POINT ( 'NONE',  ( 3.750000000000000000, 10.12500000000000000, 248.0000000000000000 ) ) ;
#3461 = DIRECTION ( 'NONE',  ( -1.000000000000000000, 0.0000000000000000000, 0.0000000000000000000 ) ) ;
#3462 = SECURITY_CLASSIFICATION ( '', '', #9368 ) ;
#3463 = LINE ( 'NONE', #9014, #2923 ) ;
#3464 = APPROVAL_STATUS ( 'not_yet_approved' ) ;
#3465 = DIRECTION ( 'NONE',  ( 1.000000000000000000, 0.0000000000000000000, 0.0000000000000000000 ) ) ;
#3466 = CARTESIAN_POINT ( 'NONE',  ( 83.79999999999999700, 39.62500000000000000, 168.0000000000000000 ) ) ;
#3467 = CARTESIAN_POINT ( 'NONE',  ( -0.4999999999999998900, -3.647626508085710700, 2.734289214343055300 ) ) ;
#3468 = CARTESIAN_POINT ( 'NONE',  ( 2.243095548590665200, 2.918783954071134900, 0.5000000000000000000 ) ) ;
#3469 = CALENDAR_DATE ( 2023, 9, 11 ) ;
#3470 = CARTESIAN_POINT ( 'NONE',  ( 88.50000000000000000, 7.125000000000000000, 170.1500000000000300 ) ) ;
#3471 = EDGE_CURVE ( 'NONE', #10632, #5660, #3586, .T. ) ;
#3472 = EDGE_CURVE ( 'NONE', #5374, #3759, #5617, .T. ) ;
#3473 = ORIENTED_EDGE ( 'NONE', *, *, #2694, .T. ) ;
#3474 = FACE_OUTER_BOUND ( 'NONE', #4445, .T. ) ;
#3475 = ORIENTED_EDGE ( 'NONE', *, *, #31, .T. ) ;
#3476 = CIRCLE ( 'NONE', #6115, 6.248815809059141900 ) ;
#3477 = LINE ( 'NONE', #1218, #5504 ) ;
#3478 = ORIENTED_EDGE ( 'NONE', *, *, #397, .T. ) ;
#3479 = DIRECTION ( 'NONE',  ( -0.0000000000000000000, -0.0000000000000000000, -1.000000000000000000 ) ) ;
#3480 = ORIENTED_EDGE ( 'NONE', *, *, #2826, .T. ) ;
#3481 = DIRECTION ( 'NONE',  ( 0.0000000000000000000, 0.0000000000000000000, 1.000000000000000000 ) ) ;
#3482 = CARTESIAN_POINT ( 'NONE',  ( -0.4777838534843578100, 3.649999999999999500, 1.499999999999996900 ) ) ;
#3483 = VERTEX_POINT ( 'NONE', #10270 ) ;
#3484 = DIRECTION ( 'NONE',  ( 0.0000000000000000000, 0.0000000000000000000, 1.000000000000000000 ) ) ;
#3485 = DIRECTION ( 'NONE',  ( -0.0000000000000000000, -0.0000000000000000000, -1.000000000000000000 ) ) ;
#3486 = CARTESIAN_POINT ( 'NONE',  ( 90.00000000000000000, 29.00000000000000000, 185.0000000000000000 ) ) ;
#3487 = VECTOR ( 'NONE', #4235, 1000.000000000000000 ) ;
#3488 = DIRECTION ( 'NONE',  ( 1.521687259628780000E-016, -1.000000000000000000, 0.0000000000000000000 ) ) ;
#3489 = EDGE_CURVE ( 'NONE', #741, #9567, #7679, .T. ) ;
#3490 = DIRECTION ( 'NONE',  ( 1.387778780781445900E-016, -1.000000000000000000, 0.0000000000000000000 ) ) ;
#3491 = CIRCLE ( 'NONE', #6128, 3.500000000000003100 ) ;
#3492 = ORIENTED_EDGE ( 'NONE', *, *, #8516, .F. ) ;
#3493 = AXIS2_PLACEMENT_3D ( 'NONE', #1087, #7173, #1966 ) ;
#3494 = ORIENTED_EDGE ( 'NONE', *, *, #10652, .F. ) ;
#3495 = DIRECTION ( 'NONE',  ( -0.0000000000000000000, 0.0000000000000000000, 1.000000000000000000 ) ) ;
#3496 = AXIS2_PLACEMENT_3D ( 'NONE', #5948, #764, #6837 ) ;
#3497 = LINE ( 'NONE', #3625, #7859 ) ;
#3498 = ORIENTED_EDGE ( 'NONE', *, *, #7015, .T. ) ;
#3499 = DIRECTION ( 'NONE',  ( 1.000000000000000000, 7.610399765575671300E-015, 0.0000000000000000000 ) ) ;
#3500 = FACE_OUTER_BOUND ( 'NONE', #9799, .T. ) ;
#3501 = ORIENTED_EDGE ( 'NONE', *, *, #8888, .T. ) ;
#3502 = PERSON_AND_ORGANIZATION ( #9810, #4463 ) ;
#3503 = ORIENTED_EDGE ( 'NONE', *, *, #2426, .T. ) ;
#3504 = AXIS2_PLACEMENT_3D ( 'NONE', #7401, #3025, #2190 ) ;
#3505 = DIRECTION ( 'NONE',  ( 0.0000000000000000000, -1.000000000000000000, -0.0000000000000000000 ) ) ;
#3506 = SECURITY_CLASSIFICATION_LEVEL ( 'unclassified' ) ;
#3507 = EDGE_LOOP ( 'NONE', ( #8949, #8259, #5342, #4400 ) ) ;
#3508 = DIRECTION ( 'NONE',  ( 1.000000000000000000, 0.0000000000000000000, -3.491481338843135300E-015 ) ) ;
#3509 = CARTESIAN_POINT ( 'NONE',  ( -3.555000258646219700, -0.9553798049339870000, 0.5000000000000000000 ) ) ;
#3510 = CARTESIAN_POINT ( 'NONE',  ( -2.721447687268542900, -17.94999999999999600, 248.0000000000000000 ) ) ;
#3511 = CALENDAR_DATE ( 2023, 9, 11 ) ;
#3512 = PERSON ( 'NAUO-PER9', 'UNSPECIFIED', 'UNSPECIFIED', ('UNSPECIFIED'), ('UNSPECIFIED'), ('UNSPECIFIED') ) ;
#3513 = ORIENTED_EDGE ( 'NONE', *, *, #3665, .F. ) ;
#3514 = CYLINDRICAL_SURFACE ( 'NONE', #1762, 0.1999999999999999800 ) ;
#3515 = ORIENTED_EDGE ( 'NONE', *, *, #6518, .T. ) ;
#3516 = CARTESIAN_POINT ( 'NONE',  ( -0.4000000000000000200, 3.125000000000000000, 72.00000000000001400 ) ) ;
#3517 = AXIS2_PLACEMENT_3D ( 'NONE', #1651, #7736, #2523 ) ;
#3518 = AXIS2_PLACEMENT_3D ( 'NONE', #317, #1209, #7280 ) ;
#3519 = AXIS2_PLACEMENT_3D ( 'NONE', #10023, #4786, #10880 ) ;
#3520 = CARTESIAN_POINT ( 'NONE',  ( 0.8000000000000001600, -9.199999999999999300, 248.0000000000000000 ) ) ;
#3521 = CARTESIAN_POINT ( 'NONE',  ( 3.189320317493042500, -1.838209278353782200, 0.4999999999999998900 ) ) ;
#3522 = LOCAL_TIME ( 11, 17, 25.00000000000000000, #5811 ) ;
#3523 = EDGE_CURVE ( 'NONE', #7480, #2342, #1006, .T. ) ;
#3524 = EDGE_CURVE ( 'NONE', #5160, #7495, #5341, .T. ) ;
#3525 = CARTESIAN_POINT ( 'NONE',  ( 2.597313342352047800, -1.772609963075401800, 0.5000000000000002200 ) ) ;
#3526 = DIRECTION ( 'NONE',  ( 0.0000000000000000000, -1.000000000000000000, -0.0000000000000000000 ) ) ;
#3527 = ORIENTED_EDGE ( 'NONE', *, *, #10739, .T. ) ;
#3528 = APPROVAL ( #3093, 'UNSPECIFIED' ) ;
#3529 = EDGE_CURVE ( 'NONE', #11136, #1010, #10257, .T. ) ;
#3530 = ORIENTED_EDGE ( 'NONE', *, *, #4880, .T. ) ;
#3531 = DIRECTION ( 'NONE',  ( 0.0000000000000000000, 0.0000000000000000000, 1.000000000000000000 ) ) ;
#3532 = ORIENTED_EDGE ( 'NONE', *, *, #4576, .T. ) ;
#3534 = ORIENTED_EDGE ( 'NONE', *, *, #3960, .T. ) ;
#3533 =( REPRESENTATION_RELATIONSHIP ('NONE','NONE', #9710, #5900 ) REPRESENTATION_RELATIONSHIP_WITH_TRANSFORMATION ( #3820 )SHAPE_REPRESENTATION_RELATIONSHIP( ) );
#3535 = CARTESIAN_POINT ( 'NONE',  ( 90.00000000000001400, 0.1500000000000005200, 0.0000000000000000000 ) ) ;
#3536 =( NAMED_UNIT ( * ) SI_UNIT ( $, .STERADIAN. ) SOLID_ANGLE_UNIT ( ) );
#3537 = CARTESIAN_POINT ( 'NONE',  ( 3.025711744395987800, -2.912517625789006200, -0.5000000000004173300 ) ) ;
#3538 = EDGE_LOOP ( 'NONE', ( #5294, #7716, #197, #11161 ) ) ;
#3539 = CARTESIAN_POINT ( 'NONE',  ( 3.555000258646204600, -0.9553798049340239700, 0.5000000000000000000 ) ) ;
#3540 = CARTESIAN_POINT ( 'NONE',  ( 3.950000000000000200, 11.97500000000000100, 72.00000000000001400 ) ) ;
#3541 = ORIENTED_EDGE ( 'NONE', *, *, #9976, .T. ) ;
#3542 = EDGE_CURVE ( 'NONE', #7414, #637, #743, .T. ) ;
#3543 = EDGE_CURVE ( 'NONE', #8787, #7411, #2775, .T. ) ;
#3544 = CIRCLE ( 'NONE', #1476, 2.149999999999999000 ) ;
#3545 = DIRECTION ( 'NONE',  ( 0.0000000000000000000, 0.0000000000000000000, -1.000000000000000000 ) ) ;
#3546 = ORIENTED_EDGE ( 'NONE', *, *, #1515, .F. ) ;
#3547 = ORIENTED_EDGE ( 'NONE', *, *, #8226, .T. ) ;
#3548 = EDGE_LOOP ( 'NONE', ( #2003, #10286, #9739, #4122 ) ) ;
#3549 = DIRECTION ( 'NONE',  ( 0.0000000000000000000, 0.0000000000000000000, 1.000000000000000000 ) ) ;
#3550 = AXIS2_PLACEMENT_3D ( 'NONE', #5958, #818, #6894 ) ;
#3551 = DIRECTION ( 'NONE',  ( -1.000000000000000000, 0.0000000000000000000, 0.0000000000000000000 ) ) ;
#3552 = CARTESIAN_POINT ( 'NONE',  ( -3.650000000000000800, -0.4777838827334482400, 0.5000000000000001100 ) ) ;
#3553 = DIRECTION ( 'NONE',  ( -0.0000000000000000000, -0.0000000000000000000, -1.000000000000000000 ) ) ;
#3554 = LINE ( 'NONE', #7332, #7920 ) ;
#3555 = ORIENTED_EDGE ( 'NONE', *, *, #533, .F. ) ;
#3556 = ORIENTED_EDGE ( 'NONE', *, *, #4466, .F. ) ;
#3557 = ORIENTED_EDGE ( 'NONE', *, *, #6759, .T. ) ;
#3558 = LINE ( 'NONE', #6742, #10227 ) ;
#3559 = CALENDAR_DATE ( 2023, 9, 11 ) ;
#3560 = CARTESIAN_POINT ( 'NONE',  ( -1.249999999999999800, 6.056226450798924400E-017, -7.500000000000000000 ) ) ;
#3561 = CARTESIAN_POINT ( 'NONE',  ( -2.000000000000000000, 2.449293598294706400E-016, 1.000000000000000000 ) ) ;
#3562 = LINE ( 'NONE', #3717, #7930 ) ;
#3563 = CARTESIAN_POINT ( 'NONE',  ( 2.918783974753359300, 2.243095527908438600, 0.5000000000000001100 ) ) ;
#3564 = CARTESIAN_POINT ( 'NONE',  ( 1.200000000000000000, -8.800000000000000700, -0.001000000000000999900 ) ) ;
#3565 = LINE ( 'NONE', #6441, #1268 ) ;
#3566 = CARTESIAN_POINT ( 'NONE',  ( -0.4999999999999996700, -4.000000000000000000, -2.449489742783179700 ) ) ;
#3567 = CARTESIAN_POINT ( 'NONE',  ( -1.649999999999999900, 4.253864881893545600E-014, 1.500000000000000000 ) ) ;
#3568 = APPLICATION_CONTEXT ( 'configuration controlled 3d designs of mechanical parts and assemblies' ) ;
#3569 = DIRECTION ( 'NONE',  ( 0.0000000000000000000, -1.000000000000000000, -0.0000000000000000000 ) ) ;
#3570 = CARTESIAN_POINT ( 'NONE',  ( -2.295053150231559900, -3.999999999999999600, -1.499508677096028200 ) ) ;
#3571 = ORIENTED_EDGE ( 'NONE', *, *, #2530, .F. ) ;
#3572 = FACE_OUTER_BOUND ( 'NONE', #7705, .T. ) ;
#3573 = CARTESIAN_POINT ( 'NONE',  ( 0.6999999999999999600, -9.199999999999999300, 248.0000000000000000 ) ) ;
#3574 = AXIS2_PLACEMENT_3D ( 'NONE', #6762, #1561, #7637 ) ;
#3575 = AXIS2_PLACEMENT_3D ( 'NONE', #9517, #4274, #10374 ) ;
#3576 = CIRCLE ( 'NONE', #3834, 1.550000000000000300 ) ;
#3577 = PRODUCT_DEFINITION_SHAPE ( 'NONE', 'NONE',  #11310 ) ;
#3578 = CARTESIAN_POINT ( 'NONE',  ( -4.500000000000000900, -9.275000000000000400, 72.00000000000001400 ) ) ;
#3579 = EDGE_CURVE ( 'NONE', #2556, #6812, #7405, .T. ) ;
#3580 = FACE_OUTER_BOUND ( 'NONE', #10266, .T. ) ;
#3581 = CONTEXT_DEPENDENT_SHAPE_REPRESENTATION ( #9398, #10358 ) ;
#3582 = EDGE_CURVE ( 'NONE', #5235, #5533, #458, .T. ) ;
#3583 = CARTESIAN_POINT ( 'NONE',  ( 2.449999999999999700, -19.07500000000000300, 71.99899999999999500 ) ) ;
#3584 = CARTESIAN_POINT ( 'NONE',  ( 5.850000000000001400, 15.62500000000000000, 71.99899999999999500 ) ) ;
#3585 = DIRECTION ( 'NONE',  ( 1.000000000000000000, 6.071532165918830700E-016, 0.0000000000000000000 ) ) ;
#3586 = LINE ( 'NONE', #6381, #3315 ) ;
#3587 = CARTESIAN_POINT ( 'NONE',  ( 3.950000000000000200, 2.624999999999998700, 72.00000000000001400 ) ) ;
#3588 = ORIENTED_EDGE ( 'NONE', *, *, #4195, .F. ) ;
#3589 = CIRCLE ( 'NONE', #1313, 2.499999999999998700 ) ;
#3590 = ORIENTED_EDGE ( 'NONE', *, *, #4782, .F. ) ;
#3591 = PRODUCT_RELATED_PRODUCT_CATEGORY ( 'detail', '', ( #1113 ) ) ;
#3592 = PLANE ( 'NONE',  #2319 ) ;
#3593 = ORGANIZATION ( 'NAUO-ORG6', 'UNSPECIFIED', 'UNSPECIFIED' ) ;
#3594 = CARTESIAN_POINT ( 'NONE',  ( 0.6999999999999999600, 5.049999999999999800, -1.510173831053895000 ) ) ;
#3595 = ORIENTED_EDGE ( 'NONE', *, *, #2899, .T. ) ;
#3596 = LINE ( 'NONE', #1272, #7412 ) ;
#3597 = APPROVAL ( #883, 'UNKNOWN' ) ;
#3598 = CIRCLE ( 'NONE', #10368, 2.000000000000000000 ) ;
#3599 = VERTEX_POINT ( 'NONE', #6002 ) ;
#3600 = DIRECTION ( 'NONE',  ( 0.0000000000000000000, -1.000000000000000000, 0.0000000000000000000 ) ) ;
#3601 = LINE ( 'NONE', #6325, #7966 ) ;
#3602 = CALENDAR_DATE ( 2023, 9, 11 ) ;
#3603 = LINE ( 'NONE', #6472, #3866 ) ;
#3604 = DIRECTION ( 'NONE',  ( -0.0000000000000000000, -0.0000000000000000000, -1.000000000000000000 ) ) ;
#3605 = CIRCLE ( 'NONE', #144, 3.500000000000003100 ) ;
#3606 = DIRECTION ( 'NONE',  ( -1.000000000000000000, -0.0000000000000000000, 0.0000000000000000000 ) ) ;
#3607 = FACE_OUTER_BOUND ( 'NONE', #867, .T. ) ;
#3608 = ADVANCED_FACE ( 'NONE', ( #2507 ), #4295, .T. ) ;
#3609 = CYLINDRICAL_SURFACE ( 'NONE', #2419, 0.2000000000000000900 ) ;
#3610 = VERTEX_POINT ( 'NONE', #7765 ) ;
#3611 = PERSON_AND_ORGANIZATION_ROLE ( 'design_supplier' ) ;
#3612 = VERTEX_POINT ( 'NONE', #6040 ) ;
#3613 = CARTESIAN_POINT ( 'NONE',  ( -2.994262304700891600, -3.092303132795074700, -1.956347854927685600 ) ) ;
#3614 = DIRECTION ( 'NONE',  ( -1.000000000000000000, -7.610399765575671300E-015, -0.0000000000000000000 ) ) ;
#3615 = EDGE_CURVE ( 'NONE', #10856, #1106, #186, .T. ) ;
#3616 = EDGE_CURVE ( 'NONE', #374, #5374, #9182, .T. ) ;
#3617 = AXIS2_PLACEMENT_3D ( 'NONE', #10606, #8863, #5388 ) ;
#3618 = ORIENTED_EDGE ( 'NONE', *, *, #2143, .F. ) ;
#3619 = DIRECTION ( 'NONE',  ( 1.000000000000000000, 0.0000000000000000000, 0.0000000000000000000 ) ) ;
#3620 = ORIENTED_EDGE ( 'NONE', *, *, #5027, .F. ) ;
#3621 = CARTESIAN_POINT ( 'NONE',  ( 1.301042606982603900E-015, 4.649999999999999500, 248.0000000000000000 ) ) ;
#3622 = VERTEX_POINT ( 'NONE', #4333 ) ;
#3623 = CALENDAR_DATE ( 2023, 9, 11 ) ;
#3624 = CARTESIAN_POINT ( 'NONE',  ( -73.50000000000000000, 1.500000000000000000, 168.0000000000000000 ) ) ;
#3625 = CARTESIAN_POINT ( 'NONE',  ( 0.6999999999999999600, -9.199999999999999300, 72.00000000000001400 ) ) ;
#3626 = CARTESIAN_POINT ( 'NONE',  ( -5.299999999999998000, -4.574999999999999300, 248.0000000000000000 ) ) ;
#3627 = DIRECTION ( 'NONE',  ( 1.000000000000000000, 0.0000000000000000000, 0.0000000000000000000 ) ) ;
#3628 = DIRECTION ( 'NONE',  ( 1.000000000000000000, 0.0000000000000000000, 0.0000000000000000000 ) ) ;
#3629 = LINE ( 'NONE', #6549, #10039 ) ;
#3630 = VERTEX_POINT ( 'NONE', #9571 ) ;
#3631 = AXIS2_PLACEMENT_3D ( 'NONE', #6975, #10450, #7824 ) ;
#3632 = EDGE_CURVE ( 'NONE', #7051, #11019, #7119, .T. ) ;
#3633 = CARTESIAN_POINT ( 'NONE',  ( 5.850000000000001400, 17.22500000000000100, 72.00000000000001400 ) ) ;
#3634 = AXIS2_PLACEMENT_3D ( 'NONE', #3935, #10050, #4821 ) ;
#3635 = LOCAL_TIME ( 11, 17, 25.00000000000000000, #5937 ) ;
#3636 = DIRECTION ( 'NONE',  ( 0.0000000000000000000, 0.0000000000000000000, 1.000000000000000000 ) ) ;
#3637 = ORIENTED_EDGE ( 'NONE', *, *, #1803, .T. ) ;
#3638 = VECTOR ( 'NONE', #10044, 1000.000000000000000 ) ;
#3639 = ORIENTED_EDGE ( 'NONE', *, *, #3397, .T. ) ;
#3640 = LINE ( 'NONE', #4076, #5671 ) ;
#3641 = VERTEX_POINT ( 'NONE', #3460 ) ;
#3642 = CARTESIAN_POINT ( 'NONE',  ( 2.378146924196519900, -20.29999999999999700, 248.0000000000000000 ) ) ;
#3643 = AXIS2_PLACEMENT_3D ( 'NONE', #4637, #6383, #8157 ) ;
#3644 = COORDINATED_UNIVERSAL_TIME_OFFSET ( 1, 0, .AHEAD. ) ;
#3645 = DIRECTION ( 'NONE',  ( -0.0000000000000000000, 0.0000000000000000000, -1.000000000000000000 ) ) ;
#3646 = PERSON_AND_ORGANIZATION_ROLE ( 'creator' ) ;
#3647 = VECTOR ( 'NONE', #2869, 1000.000000000000000 ) ;
#3648 = DIRECTION ( 'NONE',  ( -0.0000000000000000000, 0.0000000000000000000, 1.000000000000000000 ) ) ;
#3649 = DIRECTION ( 'NONE',  ( 0.0000000000000000000, -0.0000000000000000000, 1.000000000000000000 ) ) ;
#3650 = DIRECTION ( 'NONE',  ( -0.0000000000000000000, -0.0000000000000000000, -1.000000000000000000 ) ) ;
#3651 = APPROVAL_PERSON_ORGANIZATION ( #5956, #1916, #2742 ) ;
#3652 = EDGE_CURVE ( 'NONE', #40, #3405, #6568, .T. ) ;
#3653 = EDGE_CURVE ( 'NONE', #4594, #5765, #6856, .T. ) ;
#3654 = CARTESIAN_POINT ( 'NONE',  ( 5.850000000000001400, 13.57500000000000300, 248.0000000000000000 ) ) ;
#3655 = CC_DESIGN_PERSON_AND_ORGANIZATION_ASSIGNMENT ( #10064, #3611, ( #1344 ) ) ;
#3656 = CARTESIAN_POINT ( 'NONE',  ( 3.555000258646150000, -0.9553798049339777800, 1.499999999999951800 ) ) ;
#3657 = DATE_TIME_ROLE ( 'classification_date' ) ;
#3658 = AXIS2_PLACEMENT_3D ( 'NONE', #180, #7990, #10604 ) ;
#3659 = CARTESIAN_POINT ( 'NONE',  ( 3.750000000000000000, 15.42499999999999900, 72.00000000000001400 ) ) ;
#3660 = CARTESIAN_POINT ( 'NONE',  ( 3.750000000000000400, 15.42499999999999900, 71.99899999999999500 ) ) ;
#3661 = DIRECTION ( 'NONE',  ( 0.0000000000000000000, 0.0000000000000000000, 1.000000000000000000 ) ) ;
#3662 = CARTESIAN_POINT ( 'NONE',  ( 2.242855876012771700, -4.000000000000002700, 1.512295074330874700 ) ) ;
#3663 = EDGE_CURVE ( 'NONE', #9155, #396, #1958, .T. ) ;
#3664 = ADVANCED_FACE ( 'NONE', ( #3966 ), #10663, .T. ) ;
#3665 = EDGE_CURVE ( 'NONE', #8779, #1234, #10930, .T. ) ;
#3666 = CARTESIAN_POINT ( 'NONE',  ( -73.50000000000000000, 2.168404344971008900E-016, 19.50000000000000000 ) ) ;
#3667 = ORIENTED_EDGE ( 'NONE', *, *, #7153, .F. ) ;
#3668 = PLANE ( 'NONE',  #6263 ) ;
#3669 = CC_DESIGN_PERSON_AND_ORGANIZATION_ASSIGNMENT ( #4405, #10159, ( #779 ) ) ;
#3670 = ORIENTED_EDGE ( 'NONE', *, *, #4670, .F. ) ;
#3671 = ORIENTED_EDGE ( 'NONE', *, *, #1996, .F. ) ;
#3672 = ORIENTED_EDGE ( 'NONE', *, *, #11107, .T. ) ;
#3673 = ORIENTED_EDGE ( 'NONE', *, *, #41, .T. ) ;
#3674 = ORIENTED_EDGE ( 'NONE', *, *, #10831, .T. ) ;
#3675 = LINE ( 'NONE', #7523, #1094 ) ;
#3676 = EDGE_LOOP ( 'NONE', ( #10290, #9705 ) ) ;
#3677 = EDGE_CURVE ( 'NONE', #1451, #155, #3122, .T. ) ;
#3678 = ORIENTED_EDGE ( 'NONE', *, *, #8839, .F. ) ;
#3679 = EDGE_CURVE ( 'NONE', #3001, #8660, #8348, .T. ) ;
#3680 =( BOUNDED_SURFACE ( )  B_SPLINE_SURFACE ( 3, 3, ( 
 ( #5938, #4186, #750, #6829 ),
 ( #1631, #7709, #2495, #8577 ),
 ( #3364, #9466, #4223, #10330 ),
 ( #5105, #11209, #5973, #800 ) ),
 .UNSPECIFIED., .F., .F., .F. ) 
 B_SPLINE_SURFACE_WITH_KNOTS ( ( 4, 4 ),
 ( 4, 4 ),
 ( 0.0000000000000000000, 1.000000000000000000 ),
 ( 0.0000000000000000000, 1.000000000000000000 ),
 .UNSPECIFIED. ) 
 GEOMETRIC_REPRESENTATION_ITEM ( )  RATIONAL_B_SPLINE_SURFACE ( (
 ( 1.000000000000000000, 0.8721986298964742300, 0.8721986298964742300, 1.000000000000000000),
 ( 1.000000000000000000, 0.8721986298964742300, 0.8721986298964742300, 1.000000000000000000),
 ( 1.000000000000000000, 0.8721986298964742300, 0.8721986298964742300, 1.000000000000000000),
 ( 1.000000000000000000, 0.8721986298964742300, 0.8721986298964742300, 1.000000000000000000) ) ) 
 REPRESENTATION_ITEM ( '' )  SURFACE ( )  );
#3681 = CARTESIAN_POINT ( 'NONE',  ( 83.39999999999570000, -49.25000000000000000, -0.0009999999999999161000 ) ) ;
#3682 = CARTESIAN_POINT ( 'NONE',  ( 1.200000000000000000, 8.800000000000000700, 72.00000000000001400 ) ) ;
#3683 = DIRECTION ( 'NONE',  ( -0.0000000000000000000, 0.0000000000000000000, 1.000000000000000000 ) ) ;
#3684 = FACE_OUTER_BOUND ( 'NONE', #4882, .T. ) ;
#3685 = ORIENTED_EDGE ( 'NONE', *, *, #4820, .T. ) ;
#3686 = DIRECTION ( 'NONE',  ( -0.0000000000000000000, -0.0000000000000000000, -1.000000000000000000 ) ) ;
#3687 = ORIENTED_EDGE ( 'NONE', *, *, #8289, .F. ) ;
#3688 = ORIENTED_EDGE ( 'NONE', *, *, #10869, .T. ) ;
#3689 = VERTEX_POINT ( 'NONE', #6188 ) ;
#3690 = LINE ( 'NONE', #3578, #3418 ) ;
#3691 = EDGE_CURVE ( 'NONE', #6957, #136, #3713, .T. ) ;
#3692 = DIRECTION ( 'NONE',  ( -1.000000000000000000, 7.610399765575671300E-015, 0.0000000000000000000 ) ) ;
#3693 = AXIS2_PLACEMENT_3D ( 'NONE', #4604, #2906, #9837 ) ;
#3694 = DIRECTION ( 'NONE',  ( 0.0000000000000000000, 0.0000000000000000000, 1.000000000000000000 ) ) ;
#3695 = CARTESIAN_POINT ( 'NONE',  ( -0.9553798049340300700, 3.555000258646199700, 0.5000000000000000000 ) ) ;
#3696 = APPROVAL_ROLE ( '' ) ;
#3697 = DIRECTION ( 'NONE',  ( -1.000000000000000000, -1.387778780781445900E-016, 0.0000000000000000000 ) ) ;
#3698 = FACE_OUTER_BOUND ( 'NONE', #4858, .T. ) ;
#3699 = AXIS2_PLACEMENT_3D ( 'NONE', #9990, #4749, #10850 ) ;
#3700 = DIRECTION ( 'NONE',  ( 0.0000000000000000000, 0.0000000000000000000, -1.000000000000000000 ) ) ;
#3701 = DIRECTION ( 'NONE',  ( -0.0000000000000000000, -0.0000000000000000000, -1.000000000000000000 ) ) ;
#3702 = CARTESIAN_POINT ( 'NONE',  ( -0.1963109229443116300, 0.7304795034938151900, -8.000000000000000000 ) ) ;
#3703 = CIRCLE ( 'NONE', #7802, 0.2000000000000000900 ) ;
#3704 = CALENDAR_DATE ( 2023, 9, 11 ) ;
#3705 = CARTESIAN_POINT ( 'NONE',  ( -3.649999999999999900, 0.0000000000000000000, 1.500000000000000000 ) ) ;
#3706 = CARTESIAN_POINT ( 'NONE',  ( 5.850000000000001400, 4.675000000000001600, 248.0000000000000000 ) ) ;
#3707 = ORIENTED_EDGE ( 'NONE', *, *, #3002, .F. ) ;
#3708 = FACE_OUTER_BOUND ( 'NONE', #11205, .T. ) ;
#3709 = FACE_OUTER_BOUND ( 'NONE', #2186, .T. ) ;
#3710 = LINE ( 'NONE', #6914, #6289 ) ;
#3711 = DATE_AND_TIME ( #6026, #8343 ) ;
#3712 = ORIENTED_EDGE ( 'NONE', *, *, #8950, .F. ) ;
#3713 = LINE ( 'NONE', #9649, #1410 ) ;
#3714 = CARTESIAN_POINT ( 'NONE',  ( 1.145643923738960400, -4.000000000000000000, -0.5000000000000000000 ) ) ;
#3715 = ADVANCED_FACE ( 'N', ( #10397, #6292, #1695 ), #8828, .T. ) ;
#3716 = FACE_OUTER_BOUND ( 'NONE', #1188, .T. ) ;
#3717 = CARTESIAN_POINT ( 'NONE',  ( 0.0000000000000000000, -65.54999999999999700, 1.500000000000000000 ) ) ;
#3718 = VECTOR ( 'NONE', #7392, 1000.000000000000000 ) ;
#3719 = CARTESIAN_POINT ( 'NONE',  ( 3.750000000000000000, -2.824999999999999700, 248.0000000000000000 ) ) ;
#3720 = COORDINATED_UNIVERSAL_TIME_OFFSET ( 1, 0, .AHEAD. ) ;
#3721 = AXIS2_PLACEMENT_3D ( 'NONE', #6596, #1396, #7473 ) ;
#3722 = ORIENTED_EDGE ( 'NONE', *, *, #7939, .T. ) ;
#3723 = AXIS2_PLACEMENT_3D ( 'NONE', #9515, #4271, #10372 ) ;
#3724 = VECTOR ( 'NONE', #3505, 1000.000000000000000 ) ;
#3725 = CIRCLE ( 'NONE', #9589, 2.500000000000000000 ) ;
#3726 = ORIENTED_EDGE ( 'NONE', *, *, #1744, .T. ) ;
#3727 = CARTESIAN_POINT ( 'NONE',  ( 3.222113615446451400, -3.092303132795075200, -0.5062926226404944600 ) ) ;
#3728 = EDGE_CURVE ( 'NONE', #8725, #2211, #8085, .T. ) ;
#3729 = VECTOR ( 'NONE', #4748, 1000.000000000000000 ) ;
#3730 = EDGE_CURVE ( 'NONE', #4068, #11173, #5735, .T. ) ;
#3731 = ADVANCED_FACE ( 'NONE', ( #3447 ), #2777, .T. ) ;
#3732 = CARTESIAN_POINT ( 'NONE',  ( 90.00000000000001400, 23.22500000000001200, 168.0000000000000000 ) ) ;
#3733 = CARTESIAN_POINT ( 'NONE',  ( -0.9553798049339880000, -3.555000258646219700, 0.5000000000000000000 ) ) ;
#3734 = ITEM_DEFINED_TRANSFORMATION ( 'NONE', 'NONE', #2936,  #7819 ) ;
#3735 = APPROVAL_STATUS ( 'not_yet_approved' ) ;
#3736 = DIRECTION ( 'NONE',  ( 1.000000000000000000, 0.0000000000000000000, 0.0000000000000000000 ) ) ;
#3737 = DIRECTION ( 'NONE',  ( -1.000000000000000000, 0.0000000000000000000, 0.0000000000000000000 ) ) ;
#3738 = EDGE_LOOP ( 'NONE', ( #9818, #10896 ) ) ;
#3739 = LINE ( 'NONE', #6398, #8106 ) ;
#3740 = CARTESIAN_POINT ( 'NONE',  ( 1.415169151454763900E-015, -5.049999999999999800, 72.00000000000001400 ) ) ;
#3741 = ORIENTED_EDGE ( 'NONE', *, *, #10042, .F. ) ;
#3742 = CYLINDRICAL_SURFACE ( 'NONE', #6692, 2.250000000000001800 ) ;
#3743 = FACE_OUTER_BOUND ( 'NONE', #9761, .T. ) ;
#3744 = VERTEX_POINT ( 'NONE', #8862 ) ;
#3745 = ORIENTED_EDGE ( 'NONE', *, *, #4636, .T. ) ;
#3746 = ORIENTED_EDGE ( 'NONE', *, *, #5569, .T. ) ;
#3747 = CC_DESIGN_DATE_AND_TIME_ASSIGNMENT ( #10718, #426, ( #1414 ) ) ;
#3748 = ORIENTED_EDGE ( 'NONE', *, *, #2371, .T. ) ;
#3749 = ORIENTED_EDGE ( 'NONE', *, *, #416, .T. ) ;
#3750 = FACE_OUTER_BOUND ( 'NONE', #3273, .T. ) ;
#3751 = CARTESIAN_POINT ( 'NONE',  ( 0.4999999999999968900, -3.026577627125649700, -3.007484986178142100 ) ) ;
#3752 = FACE_BOUND ( 'NONE', #7781, .T. ) ;
#3753 = ORIENTED_EDGE ( 'NONE', *, *, #10011, .F. ) ;
#3754 = VERTEX_POINT ( 'NONE', #1067 ) ;
#3755 = VERTEX_POINT ( 'NONE', #7137 ) ;
#3756 = CARTESIAN_POINT ( 'NONE',  ( -0.6553397952731430100, 0.3777142256033320100, -8.000000000000000000 ) ) ;
#3757 = CARTESIAN_POINT ( 'NONE',  ( 1.804570487845466500, 21.11915204428900200, -6.054130821183109700 ) ) ;
#3758 = VECTOR ( 'NONE', #9699, 1000.000000000000000 ) ;
#3759 = VERTEX_POINT ( 'NONE', #918 ) ;
#3760 = EDGE_CURVE ( 'NONE', #3612, #6992, #869, .T. ) ;
#3761 = EDGE_CURVE ( 'NONE', #2375, #214, #10118, .T. ) ;
#3762 = COORDINATED_UNIVERSAL_TIME_OFFSET ( 1, 0, .AHEAD. ) ;
#3763 = PLANE ( 'NONE',  #10265 ) ;
#3764 = FACE_OUTER_BOUND ( 'NONE', #1602, .T. ) ;
#3765 = VERTEX_POINT ( 'NONE', #8898 ) ;
#3766 = APPLICATION_PROTOCOL_DEFINITION ( 'international standard', 'config_control_design', 1994, #7044 ) ;
#3767 = DIRECTION ( 'NONE',  ( -1.000000000000000000, 0.0000000000000000000, 0.0000000000000000000 ) ) ;
#3768 = DIRECTION ( 'NONE',  ( 1.000000000000000000, 0.0000000000000000000, 0.0000000000000000000 ) ) ;
#3769 = PERSON_AND_ORGANIZATION ( #9810, #4463 ) ;
#3770 = DIRECTION ( 'NONE',  ( 0.0000000000000000000, 0.0000000000000000000, 1.000000000000000000 ) ) ;
#3771 = ADVANCED_FACE ( 'NONE', ( #7812 ), #5206, .T. ) ;
#3772 = ORIENTED_EDGE ( 'NONE', *, *, #4476, .F. ) ;
#3773 = DIRECTION ( 'NONE',  ( -1.000000000000000000, -0.0000000000000000000, 0.0000000000000000000 ) ) ;
#3774 = DIRECTION ( 'NONE',  ( 1.000000000000000000, 0.0000000000000000000, 0.0000000000000000000 ) ) ;
#3775 = LINE ( 'NONE', #7916, #5545 ) ;
#3776 = EDGE_LOOP ( 'NONE', ( #1717, #10048, #2324, #8935 ) ) ;
#3777 = DIRECTION ( 'NONE',  ( 0.0000000000000000000, 0.0000000000000000000, -1.000000000000000000 ) ) ;
#3778 = AXIS2_PLACEMENT_3D ( 'NONE', #4994, #11105, #5867 ) ;
#3779 = PLANE ( 'NONE',  #4421 ) ;
#3780 = DIRECTION ( 'NONE',  ( 0.0000000000000000000, 0.0000000000000000000, 1.000000000000000000 ) ) ;
#3781 = APPROVAL_DATE_TIME ( #6109, #535 ) ;
#3782 = ADVANCED_FACE ( 'NONE', ( #7515 ), #594, .F. ) ;
#3783 = CARTESIAN_POINT ( 'NONE',  ( 0.7500000000000000000, 0.09817475995270590100, -8.000000000000000000 ) ) ;
#3784 = AXIS2_PLACEMENT_3D ( 'NONE', #8528, #9408, #2445 ) ;
#3785 = VERTEX_POINT ( 'NONE', #3714 ) ;
#3786 = DIRECTION ( 'NONE',  ( 1.000000000000000000, 0.0000000000000000000, 0.0000000000000000000 ) ) ;
#3787 = ORIENTED_EDGE ( 'NONE', *, *, #3111, .T. ) ;
#3788 = EDGE_LOOP ( 'NONE', ( #7302, #2073, #10017, #7248 ) ) ;
#3789 = DIRECTION ( 'NONE',  ( -1.000000000000000000, -0.0000000000000000000, 0.0000000000000000000 ) ) ;
#3790 = ORIENTED_EDGE ( 'NONE', *, *, #7968, .T. ) ;
#3791 = DIRECTION ( 'NONE',  ( -1.000000000000000000, 0.0000000000000000000, 0.0000000000000000000 ) ) ;
#3792 = ORIENTED_EDGE ( 'NONE', *, *, #9031, .F. ) ;
#3793 = CC_DESIGN_APPROVAL ( #3220, ( #1475 ) ) ;
#3794 = SECURITY_CLASSIFICATION_LEVEL ( 'unclassified' ) ;
#3795 = CARTESIAN_POINT ( 'NONE',  ( 6.250000000000000000, 9.924999999999998900, 72.00000000000001400 ) ) ;
#3796 = AXIS2_PLACEMENT_3D ( 'NONE', #8049, #3697, #9812 ) ;
#3797 = CARTESIAN_POINT ( 'NONE',  ( 6.250000000000000000, -4.675000000000001600, 71.99899999999999500 ) ) ;
#3798 = DIRECTION ( 'NONE',  ( -0.0000000000000000000, -0.0000000000000000000, -1.000000000000000000 ) ) ;
#3799 = DIRECTION ( 'NONE',  ( -1.000000000000000000, 0.0000000000000000000, 0.0000000000000000000 ) ) ;
#3800 = CARTESIAN_POINT ( 'NONE',  ( 5.850000000000001400, 19.67500000000000100, 71.99899999999999500 ) ) ;
#3801 = CARTESIAN_POINT ( 'NONE',  ( 90.00000000000000000, 25.37500000000001100, 168.0000000000000000 ) ) ;
#3802 = CC_DESIGN_SECURITY_CLASSIFICATION ( #3223, ( #11304 ) ) ;
#3803 = CARTESIAN_POINT ( 'NONE',  ( -86.42000000000000200, -63.64999999999999900, 0.0000000000000000000 ) ) ;
#3804 = CARTESIAN_POINT ( 'NONE',  ( -0.2000000000000000100, 14.50000000000000000, 65.07035354437189800 ) ) ;
#3805 = ORIENTED_EDGE ( 'NONE', *, *, #10163, .T. ) ;
#3806 = DIRECTION ( 'NONE',  ( 1.000000000000000000, 0.0000000000000000000, -0.0000000000000000000 ) ) ;
#3807 = CYLINDRICAL_SURFACE ( 'NONE', #909, 0.4000000000000001900 ) ;
#3808 = ORIENTED_EDGE ( 'NONE', *, *, #6746, .F. ) ;
#3809 = DIRECTION ( 'NONE',  ( -1.000000000000000000, 0.0000000000000000000, 0.0000000000000000000 ) ) ;
#3810 = EDGE_LOOP ( 'NONE', ( #1739, #3183 ) ) ;
#3811 = ORIENTED_EDGE ( 'NONE', *, *, #6570, .F. ) ;
#3812 = CARTESIAN_POINT ( 'NONE',  ( 0.0000000000000000000, -2.625000000000000000, 248.0000000000000000 ) ) ;
#3813 = EDGE_CURVE ( 'NONE', #6673, #2860, #2909, .T. ) ;
#3814 = EDGE_CURVE ( 'NONE', #396, #11122, #1139, .T. ) ;
#3815 = CIRCLE ( 'NONE', #5406, 0.2000000000000000900 ) ;
#3816 = ORIENTED_EDGE ( 'NONE', *, *, #6160, .F. ) ;
#3817 = ORIENTED_EDGE ( 'NONE', *, *, #6670, .T. ) ;
#3818 = VECTOR ( 'NONE', #10134, 1000.000000000000000 ) ;
#3819 = ADVANCED_FACE ( 'NONE', ( #3171 ), #3881, .T. ) ;
#3821 = CARTESIAN_POINT ( 'NONE',  ( 1.441747545844436400, 0.8309713053962702900, 1.500000000000000200 ) ) ;
#3820 = ITEM_DEFINED_TRANSFORMATION ( 'NONE', 'NONE', #2137,  #7819 ) ;
#3822 = VECTOR ( 'NONE', #9321, 1000.000000000000000 ) ;
#3823 = EDGE_CURVE ( 'NONE', #4124, #10976, #316, .T. ) ;
#3824 = CARTESIAN_POINT ( 'NONE',  ( -0.2000000000000000100, 14.50000000000000000, 248.0000000000000000 ) ) ;
#3825 = LINE ( 'NONE', #6399, #10520 ) ;
#3826 = PERSON_AND_ORGANIZATION ( #9658, #6153 ) ;
#3827 = ADVANCED_FACE ( 'NONE', ( #5478 ), #7793, .T. ) ;
#3828 = DIRECTION ( 'NONE',  ( 1.000000000000000000, -7.610399765575671300E-015, -0.0000000000000000000 ) ) ;
#3829 = CARTESIAN_POINT ( 'NONE',  ( 0.0000000000000000000, 9.924999999999998900, 248.0000000000000000 ) ) ;
#3830 = DATE_TIME_ROLE ( 'creation_date' ) ;
#3831 = VERTEX_POINT ( 'NONE', #6917 ) ;
#3832 = EDGE_CURVE ( 'NONE', #9723, #640, #6986, .T. ) ;
#3833 = DIRECTION ( 'NONE',  ( 0.0000000000000000000, -1.000000000000000000, -0.0000000000000000000 ) ) ;
#3834 = AXIS2_PLACEMENT_3D ( 'NONE', #3359, #9460, #4217 ) ;
#3835 = CIRCLE ( 'NONE', #270, 0.4000000000000000200 ) ;
#3836 = DIRECTION ( 'NONE',  ( 0.0000000000000000000, 0.0000000000000000000, 1.000000000000000000 ) ) ;
#3837 = CARTESIAN_POINT ( 'NONE',  ( 90.00000000000001400, 3.500000000000000000, 185.0000000000000000 ) ) ;
#3838 = CARTESIAN_POINT ( 'NONE',  ( -86.50000000000001400, 29.00000000000000000, 0.0000000000000000000 ) ) ;
#3839 = DIRECTION ( 'NONE',  ( 0.0000000000000000000, 0.0000000000000000000, 1.000000000000000000 ) ) ;
#3840 = LINE ( 'NONE', #5848, #8221 ) ;
#3841 = FACE_OUTER_BOUND ( 'NONE', #415, .T. ) ;
#3842 = CARTESIAN_POINT ( 'NONE',  ( 88.50000000000000000, 25.37500000000000000, 17.00000000000000000 ) ) ;
#3843 = DATE_AND_TIME ( #6165, #8479 ) ;
#3844 = DIRECTION ( 'NONE',  ( 1.000000000000000000, 0.0000000000000000000, 0.0000000000000000000 ) ) ;
#3845 = CARTESIAN_POINT ( 'NONE',  ( -86.50000000000001400, 29.00000000000000000, 0.0000000000000000000 ) ) ;
#3846 = VERTEX_POINT ( 'NONE', #445 ) ;
#3847 = LINE ( 'NONE', #3757, #7948 ) ;
#3848 = FACE_OUTER_BOUND ( 'NONE', #333, .T. ) ;
#3849 = ORIENTED_EDGE ( 'NONE', *, *, #1562, .T. ) ;
#3850 = AXIS2_PLACEMENT_3D ( 'NONE', #8659, #3431, #9550 ) ;
#3851 = CIRCLE ( 'NONE', #9112, 0.2000000000000000900 ) ;
#3852 = EDGE_LOOP ( 'NONE', ( #9193, #10841, #7143, #2271 ) ) ;
#3853 = COORDINATED_UNIVERSAL_TIME_OFFSET ( 1, 0, .AHEAD. ) ;
#3854 = EDGE_LOOP ( 'NONE', ( #7989, #5031, #10691, #2430 ) ) ;
#3855 = VECTOR ( 'NONE', #8998, 1000.000000000000000 ) ;
#3856 = CARTESIAN_POINT ( 'NONE',  ( 5.850000000000001400, 2.624999999999999600, 71.99899999999999500 ) ) ;
#3857 = FACE_OUTER_BOUND ( 'NONE', #2905, .T. ) ;
#3858 = VERTEX_POINT ( 'NONE', #868 ) ;
#3859 = EDGE_LOOP ( 'NONE', ( #5721, #6485, #8122, #2921, #563 ) ) ;
#3860 = CARTESIAN_POINT ( 'NONE',  ( 88.50000000000001400, 3.500000000000000000, 185.0000000000000000 ) ) ;
#3861 = FACE_OUTER_BOUND ( 'NONE', #11044, .T. ) ;
#3862 = EDGE_CURVE ( 'NONE', #3622, #194, #9298, .T. ) ;
#3863 = EDGE_CURVE ( 'NONE', #4196, #6470, #6312, .T. ) ;
#3864 = AXIS2_PLACEMENT_3D ( 'NONE', #4402, #10500, #5283 ) ;
#3865 = AXIS2_PLACEMENT_3D ( 'NONE', #11031, #2366, #8445 ) ;
#3866 = VECTOR ( 'NONE', #398, 1000.000000000000000 ) ;
#3867 = DIRECTION ( 'NONE',  ( -1.000000000000000000, 0.0000000000000000000, 0.0000000000000000000 ) ) ;
#3868 = EDGE_CURVE ( 'NONE', #1769, #2211, #52, .T. ) ;
#3869 = CARTESIAN_POINT ( 'NONE',  ( 6.250000000000000000, -5.875000000000000000, 248.0000000000000000 ) ) ;
#3870 = VECTOR ( 'NONE', #192, 1000.000000000000000 ) ;
#3871 = EDGE_CURVE ( 'NONE', #6500, #7897, #2638, .T. ) ;
#3872 = ORIENTED_EDGE ( 'NONE', *, *, #1498, .F. ) ;
#3873 = ORIENTED_EDGE ( 'NONE', *, *, #2136, .T. ) ;
#3874 = DIRECTION ( 'NONE',  ( 0.0000000000000000000, -1.000000000000000000, 0.0000000000000000000 ) ) ;
#3875 = APPLICATION_CONTEXT ( 'configuration controlled 3d designs of mechanical parts and assemblies' ) ;
#3876 = CARTESIAN_POINT ( 'NONE',  ( 5.850000000000001400, 6.275000000000000400, 72.00000000000001400 ) ) ;
#3877 = DIRECTION ( 'NONE',  ( 0.0000000000000000000, 1.000000000000000000, 0.0000000000000000000 ) ) ;
#3878 = DIRECTION ( 'NONE',  ( -0.0000000000000000000, 1.000000000000000000, 0.0000000000000000000 ) ) ;
#3879 = CARTESIAN_POINT ( 'NONE',  ( -88.50000000000000000, 32.34999999999999400, 185.0000000000000000 ) ) ;
#3880 = DIRECTION ( 'NONE',  ( 0.0000000000000000000, 0.0000000000000000000, -1.000000000000000000 ) ) ;
#3881 =( BOUNDED_SURFACE ( )  B_SPLINE_SURFACE ( 2, 3, ( 
 ( #2892, #264, #8984, #3756, #9858, #4624, #10724, #5501, #296, #6380, #1184, #7257, #2051, #8149, #2927, #9022, #3783, #9898, #8394, #3180, #9271, #4038, #10146, #4913, #11012, #5790, #603, #6675, #1471, #7552, #2346, #8427, #3213, #9304 ),
 ( #4072, #10185, #4949, #11051, #5823, #646, #6715, #1509, #7596, #2391, #8466, #3249, #9351, #4115, #10218, #4991, #11101, #5862, #679, #6756, #1553, #7633, #2431, #8508, #3292, #9390, #4155, #10256, #5023, #11141, #5905, #720, #6799, #1603 ),
 ( #7678, #2464, #8552, #3332, #9428, #4192, #10300, #5065, #11177, #5947, #763, #6834, #1637, #7718, #2505, #8589, #3375, #9476, #4232, #10336, #5115, #11217, #5988, #809, #6876, #1672, #7757, #2551, #8630, #3406, #9525, #4280, #10378, #5148 ) ),
 .UNSPECIFIED., .F., .T., .F. ) 
 B_SPLINE_SURFACE_WITH_KNOTS ( ( 3, 3 ),
 ( 4, 2, 2, 2, 2, 2, 2, 2, 2, 2, 2, 2, 2, 2, 2, 2, 4 ),
 ( 0.0000000000000000000, 1.000000000000000000 ),
 ( 0.0000000000000000000, 0.3926990816987240300, 0.7853981633974479500, 1.178097245096172000, 1.570796326794895000, 1.963495408493620000, 2.356194490192344800, 2.748893571891069900, 3.141592653589795300, 3.534291735288519900, 3.926990816987240100, 4.319689898685965100, 4.712388980384689700, 5.105088062083409800, 5.497787143782139700, 5.890486225480859900, 6.283185307179590700 ),
 .UNSPECIFIED. ) 
 GEOMETRIC_REPRESENTATION_ITEM ( )  RATIONAL_B_SPLINE_SURFACE ( (
 ( 1.000000000000000000, 1.000000000000000000, 1.000000000000000000, 1.000000000000000000, 1.000000000000000000, 1.000000000000000000, 1.000000000000000000, 1.000000000000000000, 1.000000000000000000, 1.000000000000000000, 1.000000000000000000, 1.000000000000000000, 1.000000000000000000, 1.000000000000000000, 1.000000000000000000, 1.000000000000000000, 1.000000000000000000, 1.000000000000000000, 1.000000000000000000, 1.000000000000000000, 1.000000000000000000, 1.000000000000000000, 1.000000000000000000, 1.000000000000000000, 1.000000000000000000, 1.000000000000000000, 1.000000000000000000, 1.000000000000000000, 1.000000000000000000, 1.000000000000000000, 1.000000000000000000, 1.000000000000000000, 1.000000000000000000, 1.000000000000000000),
 ( 0.7071067811865480200, 0.7071067811865480200, 0.7071067811865480200, 0.7071067811865480200, 0.7071067811865480200, 0.7071067811865480200, 0.7071067811865480200, 0.7071067811865480200, 0.7071067811865480200, 0.7071067811865480200, 0.7071067811865480200, 0.7071067811865480200, 0.7071067811865480200, 0.7071067811865480200, 0.7071067811865480200, 0.7071067811865480200, 0.7071067811865480200, 0.7071067811865480200, 0.7071067811865480200, 0.7071067811865480200, 0.7071067811865480200, 0.7071067811865480200, 0.7071067811865480200, 0.7071067811865480200, 0.7071067811865480200, 0.7071067811865480200, 0.7071067811865480200, 0.7071067811865480200, 0.7071067811865480200, 0.7071067811865480200, 0.7071067811865480200, 0.7071067811865480200, 0.7071067811865480200, 0.7071067811865480200),
 ( 1.000000000000000000, 1.000000000000000000, 1.000000000000000000, 1.000000000000000000, 1.000000000000000000, 1.000000000000000000, 1.000000000000000000, 1.000000000000000000, 1.000000000000000000, 1.000000000000000000, 1.000000000000000000, 1.000000000000000000, 1.000000000000000000, 1.000000000000000000, 1.000000000000000000, 1.000000000000000000, 1.000000000000000000, 1.000000000000000000, 1.000000000000000000, 1.000000000000000000, 1.000000000000000000, 1.000000000000000000, 1.000000000000000000, 1.000000000000000000, 1.000000000000000000, 1.000000000000000000, 1.000000000000000000, 1.000000000000000000, 1.000000000000000000, 1.000000000000000000, 1.000000000000000000, 1.000000000000000000, 1.000000000000000000, 1.000000000000000000) ) ) 
 REPRESENTATION_ITEM ( '' )  SURFACE ( )  );
#3882 = ORIENTED_EDGE ( 'NONE', *, *, #5411, .T. ) ;
#3883 = ADVANCED_FACE ( 'NONE', ( #4385 ), #8757, .T. ) ;
#3884 = ORIENTED_EDGE ( 'NONE', *, *, #9730, .T. ) ;
#3885 = CC_DESIGN_DATE_AND_TIME_ASSIGNMENT ( #7419, #543, ( #1572 ) ) ;
#3886 = CARTESIAN_POINT ( 'NONE',  ( 2.378146924196519900, 20.29999999999999700, -6.054130821183109700 ) ) ;
#3887 = ORIENTED_EDGE ( 'NONE', *, *, #5288, .F. ) ;
#3888 = DIRECTION ( 'NONE',  ( -0.0000000000000000000, 0.0000000000000000000, -1.000000000000000000 ) ) ;
#3889 = EDGE_CURVE ( 'NONE', #4065, #19, #2090, .T. ) ;
#3890 = ORIENTED_EDGE ( 'NONE', *, *, #5570, .F. ) ;
#3891 = VERTEX_POINT ( 'NONE', #6178 ) ;
#3892 = PERSON_AND_ORGANIZATION ( #9810, #4463 ) ;
#3893 = DIRECTION ( 'NONE',  ( -1.176083712526651900E-016, 1.000000000000000000, 0.0000000000000000000 ) ) ;
#3894 = FACE_OUTER_BOUND ( 'NONE', #8058, .T. ) ;
#3895 = ORIENTED_EDGE ( 'NONE', *, *, #1350, .T. ) ;
#3896 = ADVANCED_FACE ( 'NONE', ( #6436 ), #10792, .F. ) ;
#3897 = CALENDAR_DATE ( 2023, 9, 11 ) ;
#3898 = ORIENTED_EDGE ( 'NONE', *, *, #8137, .T. ) ;
#3899 = LINE ( 'NONE', #414, #1611 ) ;
#3900 = DIRECTION ( 'NONE',  ( 0.0000000000000000000, 0.0000000000000000000, 1.000000000000000000 ) ) ;
#3901 = EDGE_LOOP ( 'NONE', ( #2146, #7423 ) ) ;
#3902 = CIRCLE ( 'NONE', #9317, 1.000000000000000900 ) ;
#3903 = ORIENTED_EDGE ( 'NONE', *, *, #3313, .F. ) ;
#3904 = EDGE_CURVE ( 'NONE', #7154, #6458, #4104, .T. ) ;
#3905 = AXIS2_PLACEMENT_3D ( 'NONE', #5825, #4951, #9307 ) ;
#3906 = LOCAL_TIME ( 11, 17, 25.00000000000000000, #6225 ) ;
#3907 = DIRECTION ( 'NONE',  ( 0.0000000000000000000, 0.0000000000000000000, 1.000000000000000000 ) ) ;
#3908 = VECTOR ( 'NONE', #9529, 1000.000000000000100 ) ;
#3909 = APPROVAL_STATUS ( 'not_yet_approved' ) ;
#3910 = DIRECTION ( 'NONE',  ( -1.000000000000000000, 0.0000000000000000000, 0.0000000000000000000 ) ) ;
#3911 = CARTESIAN_POINT ( 'NONE',  ( 6.250000000000000000, 5.875000000000000000, 72.00000000000001400 ) ) ;
#3912 = CARTESIAN_POINT ( 'NONE',  ( -88.50000000000001400, 29.00000000000000000, 367.9104972384030200 ) ) ;
#3913 = CARTESIAN_POINT ( 'NONE',  ( -1.700000000000000000, 0.0000000000000000000, 72.00000000000001400 ) ) ;
#3914 = CARTESIAN_POINT ( 'NONE',  ( -2.896839542379694900, -3.347875045883621100, -0.4999999999999998900 ) ) ;
#3915 = DIRECTION ( 'NONE',  ( 4.783244878612519700E-017, -1.000000000000000000, -0.0000000000000000000 ) ) ;
#3916 = COORDINATED_UNIVERSAL_TIME_OFFSET ( 1, 0, .AHEAD. ) ;
#3917 = CARTESIAN_POINT ( 'NONE',  ( -0.1636246173744685900, 1.250000000000000200, -7.500000000000000900 ) ) ;
#3918 = AXIS2_PLACEMENT_3D ( 'NONE', #7849, #4361, #10466 ) ;
#3919 = CARTESIAN_POINT ( 'NONE',  ( 3.950000000000000200, -4.474999999999999600, 248.0000000000000000 ) ) ;
#3920 = CARTESIAN_POINT ( 'NONE',  ( 3.950000000000000200, 4.474999999999999600, 72.00000000000001400 ) ) ;
#3921 = CARTESIAN_POINT ( 'NONE',  ( -88.50000000000000000, 7.125000000000000000, 19.14999999999999900 ) ) ;
#3922 = ORIENTED_EDGE ( 'NONE', *, *, #4408, .F. ) ;
#3923 = ADVANCED_FACE ( 'NONE', ( #11063 ), #7940, .T. ) ;
#3924 = CARTESIAN_POINT ( 'NONE',  ( 0.0000000000000000000, -4.000000000000000000, 0.0000000000000000000 ) ) ;
#3925 = EDGE_CURVE ( 'NONE', #8326, #8994, #6161, .T. ) ;
#3926 = DIRECTION ( 'NONE',  ( 0.0000000000000000000, -0.0000000000000000000, -1.000000000000000000 ) ) ;
#3927 = ORIENTED_EDGE ( 'NONE', *, *, #643, .T. ) ;
#3928 = ORIENTED_EDGE ( 'NONE', *, *, #1149, .T. ) ;
#3929 = VERTEX_POINT ( 'NONE', #8817 ) ;
#3930 = EDGE_CURVE ( 'NONE', #3, #1557, #3835, .T. ) ;
#3931 = EDGE_LOOP ( 'NONE', ( #69, #8190, #3143, #7380 ) ) ;
#3932 = VECTOR ( 'NONE', #4892, 1000.000000000000000 ) ;
#3933 = ORIENTED_EDGE ( 'NONE', *, *, #2470, .F. ) ;
#3934 = VERTEX_POINT ( 'NONE', #3633 ) ;
#3935 = CARTESIAN_POINT ( 'NONE',  ( 3.950000000000000200, 6.474999999999999600, 72.00000000000001400 ) ) ;
#3936 = ADVANCED_FACE ( 'NONE', ( #1539 ), #1057, .F. ) ;
#3937 = CC_DESIGN_APPROVAL ( #3382, ( #2808 ) ) ;
#3938 = PERSON_AND_ORGANIZATION_ROLE ( 'creator' ) ;
#3939 = CARTESIAN_POINT ( 'NONE',  ( -0.5000000000000000000, -4.001000000000000300, 4.000000000000000000 ) ) ;
#3940 = LINE ( 'NONE', #3284, #3412 ) ;
#3941 = CARTESIAN_POINT ( 'NONE',  ( -1.145643923738960400, 0.0000000000000000000, -0.5000000000000000000 ) ) ;
#3942 = CARTESIAN_POINT ( 'NONE',  ( 3.750000000000000000, -4.675000000000001600, 71.99899999999999500 ) ) ;
#3943 = CARTESIAN_POINT ( 'NONE',  ( -1.249999999999999800, 6.056226450798924400E-017, -7.500000000000000000 ) ) ;
#3944 = CARTESIAN_POINT ( 'NONE',  ( 2.242855901493496300, -4.000000000000001800, -1.512294949501322300 ) ) ;
#3945 = EDGE_LOOP ( 'NONE', ( #6662, #2595 ) ) ;
#3946 = ORIENTED_EDGE ( 'NONE', *, *, #11272, .F. ) ;
#3947 = ORIENTED_EDGE ( 'NONE', *, *, #10682, .T. ) ;
#3948 = LINE ( 'NONE', #897, #1669 ) ;
#3949 = CC_DESIGN_DATE_AND_TIME_ASSIGNMENT ( #1263, #5281, ( #1644 ) ) ;
#3950 = CARTESIAN_POINT ( 'NONE',  ( -0.7304795034937871000, 0.1963109229443025000, -8.000000000000000000 ) ) ;
#3951 = CARTESIAN_POINT ( 'NONE',  ( 0.5000000000004165600, -2.687700889676373400, 3.025913700171607900 ) ) ;
#3952 = LINE ( 'NONE', #7649, #10638 ) ;
#3953 = CARTESIAN_POINT ( 'NONE',  ( 6.250000000000000000, -15.62500000000000000, 71.99899999999999500 ) ) ;
#3954 = ORIENTED_EDGE ( 'NONE', *, *, #1793, .T. ) ;
#3955 = DIRECTION ( 'NONE',  ( 0.0000000000000000000, -1.000000000000000000, -0.0000000000000000000 ) ) ;
#3956 = FACE_OUTER_BOUND ( 'NONE', #3134, .T. ) ;
#3957 = PRODUCT_DEFINITION_SHAPE ( 'NONE', 'NONE',  #11298 ) ;
#3958 = LOCAL_TIME ( 11, 17, 25.00000000000000000, #6283 ) ;
#3959 = EDGE_LOOP ( 'NONE', ( #8267, #754, #4745, #2593 ) ) ;
#3960 = EDGE_CURVE ( 'NONE', #11122, #11036, #10526, .T. ) ;
#3961 = FACE_BOUND ( 'NONE', #8652, .T. ) ;
#3962 = VERTEX_POINT ( 'NONE', #2810 ) ;
#3963 = LINE ( 'NONE', #6347, #1684 ) ;
#3964 = FACE_OUTER_BOUND ( 'NONE', #4037, .T. ) ;
#3965 = ORIENTED_EDGE ( 'NONE', *, *, #1299, .F. ) ;
#3966 = FACE_OUTER_BOUND ( 'NONE', #6368, .T. ) ;
#3967 = CYLINDRICAL_SURFACE ( 'NONE', #6395, 3.649999999999999900 ) ;
#3968 = CARTESIAN_POINT ( 'NONE',  ( -83.39999999999570000, -49.25000000000000000, 0.0000000000000000000 ) ) ;
#3969 = CIRCLE ( 'NONE', #4663, 2.499999999999998700 ) ;
#3970 = APPROVAL_PERSON_ORGANIZATION ( #6298, #1134, #1522 ) ;
#3971 = EDGE_CURVE ( 'NONE', #3116, #9723, #2774, .T. ) ;
#3972 = CARTESIAN_POINT ( 'NONE',  ( -81.14999999999548700, -20.25000000000000000, -0.0009999999999999161000 ) ) ;
#3973 = AXIS2_PLACEMENT_3D ( 'NONE', #7260, #2053, #8151 ) ;
#3974 = DIRECTION ( 'NONE',  ( 0.0000000000000000000, 1.000000000000000000, 0.0000000000000000000 ) ) ;
#3975 = CARTESIAN_POINT ( 'NONE',  ( 5.850000000000001400, 5.074999999999999300, 248.0000000000000000 ) ) ;
#3976 = DIRECTION ( 'NONE',  ( -0.0000000000000000000, 1.000000000000000000, 0.0000000000000000000 ) ) ;
#3977 = DIRECTION ( 'NONE',  ( 1.219727444046192000E-016, 0.0000000000000000000, -1.000000000000000000 ) ) ;
#3978 = ORIENTED_EDGE ( 'NONE', *, *, #8714, .F. ) ;
#3979 = LINE ( 'NONE', #2519, #10674 ) ;
#3980 = ADVANCED_FACE ( 'NONE', ( #4656 ), #10086, .T. ) ;
#3981 = LINE ( 'NONE', #3626, #1423 ) ;
#3982 = VERTEX_POINT ( 'NONE', #6578 ) ;
#3983 = CARTESIAN_POINT ( 'NONE',  ( -0.1963109229443030200, 0.7304795034937828800, -8.000000000000000000 ) ) ;
#3984 = CIRCLE ( 'NONE', #355, 2.500000000000000000 ) ;
#3985 = CARTESIAN_POINT ( 'NONE',  ( 3.950000000000000200, 13.77500000000000000, 71.99899999999999500 ) ) ;
#3986 = APPROVAL_DATE_TIME ( #6309, #6219 ) ;
#3987 = DIRECTION ( 'NONE',  ( 6.071532165918830700E-016, -1.000000000000000000, 0.0000000000000000000 ) ) ;
#3988 = ORIENTED_EDGE ( 'NONE', *, *, #9627, .T. ) ;
#3989 = AXIS2_PLACEMENT_3D ( 'NONE', #3800, #9878, #9922 ) ;
#3990 = CYLINDRICAL_SURFACE ( 'NONE', #2850, 0.2000000000000000900 ) ;
#3991 = ORIENTED_EDGE ( 'NONE', *, *, #9427, .F. ) ;
#3992 = VECTOR ( 'NONE', #9585, 1000.000000000000000 ) ;
#3993 = CYLINDRICAL_SURFACE ( 'NONE', #10580, 2.149999999999999000 ) ;
#3994 = ORIENTED_EDGE ( 'NONE', *, *, #2284, .T. ) ;
#3995 = VERTEX_POINT ( 'NONE', #5723 ) ;
#3996 = ADVANCED_FACE ( 'NONE', ( #3572 ), #7942, .F. ) ;
#3997 = ORIENTED_EDGE ( 'NONE', *, *, #10294, .T. ) ;
#3998 = ORIENTED_EDGE ( 'NONE', *, *, #3472, .F. ) ;
#3999 = VERTEX_POINT ( 'NONE', #9251 ) ;
#4000 = LINE ( 'NONE', #8005, #1731 ) ;
#4001 = CARTESIAN_POINT ( 'NONE',  ( -73.50000000000000000, 1.500000000000000000, 19.50000000000000000 ) ) ;
#4002 = FACE_BOUND ( 'NONE', #5566, .T. ) ;
#4003 = EDGE_CURVE ( 'NONE', #6893, #832, #1277, .T. ) ;
#4004 = ORIENTED_EDGE ( 'NONE', *, *, #452, .T. ) ;
#4005 = ORIENTED_EDGE ( 'NONE', *, *, #9808, .T. ) ;
#4006 = CC_DESIGN_DATE_AND_TIME_ASSIGNMENT ( #10186, #3657, ( #2861 ) ) ;
#4007 = AXIS2_PLACEMENT_3D ( 'NONE', #5729, #550, #6625 ) ;
#4008 = EDGE_LOOP ( 'NONE', ( #5712, #2321, #2712, #5449 ) ) ;
#4009 = AXIS2_PLACEMENT_3D ( 'NONE', #11089, #10211, #9342 ) ;
#4010 = B_SPLINE_CURVE_WITH_KNOTS ( 'NONE', 3,
 ( #2183, #3017, #9153, #3914, #10026, #4789, #10883, #5665, #468, #6540, #1358, #7430, #2223, #8301 ),
 .UNSPECIFIED., .F., .F.,
 ( 4, 2, 2, 2, 2, 2, 4 ),
 ( 9.697399036122160600E-019, 0.0006778294705365068000, 0.001016744205804759700, 0.001355658941073013200, 0.001694573676341266200, 0.002033488411609519400, 0.002711317882146025900 ),
 .UNSPECIFIED. ) ;
#4011 = EDGE_CURVE ( 'NONE', #8796, #1918, #5870, .T. ) ;
#4012 = SECURITY_CLASSIFICATION ( '', '', #10317 ) ;
#4013 = CIRCLE ( 'NONE', #10733, 0.1999999999999999800 ) ;
#4014 = ORIENTED_EDGE ( 'NONE', *, *, #7673, .F. ) ;
#4015 = EDGE_CURVE ( 'NONE', #7822, #9395, #8220, .T. ) ;
#4016 = PERSON_AND_ORGANIZATION_ROLE ( 'classification_officer' ) ;
#4017 = DIRECTION ( 'NONE',  ( -1.000000000000000000, -0.0000000000000000000, 0.0000000000000000000 ) ) ;
#4018 = CARTESIAN_POINT ( 'NONE',  ( 3.750000000000000000, -2.824999999999999700, 72.00000000000001400 ) ) ;
#4019 = CARTESIAN_POINT ( 'NONE',  ( 6.250000000000000000, 11.97500000000000000, 71.99899999999999500 ) ) ;
#4020 = CARTESIAN_POINT ( 'NONE',  ( -3.222112493736329200, -3.092303132795075200, 0.5062997613013849900 ) ) ;
#4021 = CARTESIAN_POINT ( 'NONE',  ( -2.943334083476182500, -2.356394625395345200, 0.4999999999999975000 ) ) ;
#4022 = LOCAL_TIME ( 11, 17, 25.00000000000000000, #6344 ) ;
#4023 = CARTESIAN_POINT ( 'NONE',  ( -3.600000000000000500, -8.699999999999999300, -0.001000000000000999900 ) ) ;
#4024 = VECTOR ( 'NONE', #2006, 1000.000000000000000 ) ;
#4025 = CC_DESIGN_SECURITY_CLASSIFICATION ( #3462, ( #11297 ) ) ;
#4026 = CARTESIAN_POINT ( 'NONE',  ( 0.5997501243938249100, -0.4609100473859779600, -8.000000000000000000 ) ) ;
#4027 = VECTOR ( 'NONE', #2623, 1000.000000000000000 ) ;
#4028 = EDGE_LOOP ( 'NONE', ( #1076, #9263, #9885, #5512 ) ) ;
#4029 = CARTESIAN_POINT ( 'NONE',  ( -5.647037742799590800, 16.33308878441255300, 72.00000000000001400 ) ) ;
#4030 = DIRECTION ( 'NONE',  ( -0.0000000000000000000, 0.0000000000000000000, -1.000000000000000000 ) ) ;
#4031 = EDGE_CURVE ( 'NONE', #11128, #253, #3304, .T. ) ;
#4032 = EDGE_CURVE ( 'NONE', #2954, #2995, #995, .T. ) ;
#4033 = COORDINATED_UNIVERSAL_TIME_OFFSET ( 1, 0, .AHEAD. ) ;
#4034 = DIRECTION ( 'NONE',  ( 0.0000000000000000000, -0.0000000000000000000, -1.000000000000000000 ) ) ;
#4035 = ORIENTED_EDGE ( 'NONE', *, *, #1897, .F. ) ;
#4036 = LINE ( 'NONE', #11032, #1469 ) ;
#4037 = EDGE_LOOP ( 'NONE', ( #4801, #6175, #9695, #4634 ) ) ;
#4038 = CARTESIAN_POINT ( 'NONE',  ( 0.4609100473859950000, -0.5997501243938440100, -8.000000000000000000 ) ) ;
#4039 = ADVANCED_FACE ( 'NONE', ( #10250 ), #11027, .F. ) ;
#4040 = ORIENTED_EDGE ( 'NONE', *, *, #6212, .T. ) ;
#4041 = EDGE_CURVE ( 'NONE', #6470, #9692, #732, .T. ) ;
#4042 = APPROVAL_PERSON_ORGANIZATION ( #6375, #535, #10607 ) ;
#4043 = CARTESIAN_POINT ( 'NONE',  ( -0.5999999999999998700, -10.62500000000000000, 72.00000000000001400 ) ) ;
#4044 = AXIS2_PLACEMENT_3D ( 'NONE', #9745, #1056, #7125 ) ;
#4045 = EDGE_CURVE ( 'NONE', #1863, #6458, #9724, .T. ) ;
#4046 = ADVANCED_FACE ( 'NONE', ( #7663 ), #10191, .T. ) ;
#4047 = DATE_TIME_ROLE ( 'classification_date' ) ;
#4048 = DIRECTION ( 'NONE',  ( -1.000000000000000000, 0.0000000000000000000, 0.0000000000000000000 ) ) ;
#4049 = DIRECTION ( 'NONE',  ( 0.0000000000000000000, -1.000000000000000000, -0.0000000000000000000 ) ) ;
#4050 = CARTESIAN_POINT ( 'NONE',  ( 73.50000000000000000, 1.500000000000000000, 19.50000000000000000 ) ) ;
#4051 = DIRECTION ( 'NONE',  ( 1.000000000000000000, 0.0000000000000000000, 0.0000000000000000000 ) ) ;
#4052 = DIRECTION ( 'NONE',  ( 1.000000000000000000, 0.0000000000000000000, 0.0000000000000000000 ) ) ;
#4053 = DIRECTION ( 'NONE',  ( 0.0000000000000000000, 0.0000000000000000000, -1.000000000000000000 ) ) ;
#4054 = ORIENTED_EDGE ( 'NONE', *, *, #5320, .F. ) ;
#4055 = AXIS2_PLACEMENT_3D ( 'NONE', #8284, #4796, #10889 ) ;
#4056 = VERTEX_POINT ( 'NONE', #8440 ) ;
#4057 = CARTESIAN_POINT ( 'NONE',  ( -0.7500000000000000000, -7.300770222279489800E-032, -8.000000000000000000 ) ) ;
#4058 = EDGE_LOOP ( 'NONE', ( #8424, #3790, #4080, #91 ) ) ;
#4059 = CARTESIAN_POINT ( 'NONE',  ( 90.00000000000000000, 31.00000000000000000, 367.9104972384030200 ) ) ;
#4060 = SHAPE_REPRESENTATION_RELATIONSHIP ( 'NONE' , 'NONE' ,  #9676, #1330 ) ;
#4061 = ORIENTED_EDGE ( 'NONE', *, *, #1515, .T. ) ;
#4062 = CARTESIAN_POINT ( 'NONE',  ( 6.250000000000000000, 17.22500000000000100, 72.00000000000001400 ) ) ;
#4063 = CARTESIAN_POINT ( 'NONE',  ( 0.0000000000000000000, 2.000000000000000000, 0.0000000000000000000 ) ) ;
#4064 = DESIGN_CONTEXT ( 'detailed design', #5308, 'design' ) ;
#4065 = VERTEX_POINT ( 'NONE', #8480 ) ;
#4066 = ORIENTED_EDGE ( 'NONE', *, *, #2586, .T. ) ;
#4067 = VECTOR ( 'NONE', #4454, 1000.000000000000000 ) ;
#4068 = VERTEX_POINT ( 'NONE', #1523 ) ;
#4069 = AXIS2_PLACEMENT_3D ( 'NONE', #8603, #3391, #9497 ) ;
#4070 = AXIS2_PLACEMENT_3D ( 'NONE', #2980, #9083, #3836 ) ;
#4071 = ORIENTED_EDGE ( 'NONE', *, *, #3823, .T. ) ;
#4072 = CARTESIAN_POINT ( 'NONE',  ( -1.249999999999998200, 1.530808498934189600E-016, -7.999999999999994700 ) ) ;
#4073 = EDGE_LOOP ( 'NONE', ( #1569, #11123, #3402, #6822 ) ) ;
#4074 = EDGE_CURVE ( 'NONE', #5656, #8547, #7391, .T. ) ;
#4075 = CARTESIAN_POINT ( 'NONE',  ( -0.5999999999999999800, -3.625000000000000000, 72.00000000000001400 ) ) ;
#4076 = CARTESIAN_POINT ( 'NONE',  ( -4.873576436351050300, -16.87467222170135300, 248.0000000000000000 ) ) ;
#4077 = EDGE_CURVE ( 'NONE', #4867, #8595, #2765, .T. ) ;
#4078 = FACE_OUTER_BOUND ( 'NONE', #1324, .T. ) ;
#4079 = ORIENTED_EDGE ( 'NONE', *, *, #2682, .F. ) ;
#4080 = ORIENTED_EDGE ( 'NONE', *, *, #1996, .T. ) ;
#4081 = CIRCLE ( 'NONE', #7579, 1.250000000000000000 ) ;
#4082 = CARTESIAN_POINT ( 'NONE',  ( 6.250000000000000000, 0.0000000000000000000, 72.00000000000001400 ) ) ;
#4083 = APPROVAL_DATE_TIME ( #6417, #10601 ) ;
#4084 = CC_DESIGN_APPROVAL ( #3528, ( #2955 ) ) ;
#4085 = APPROVAL_ROLE ( '' ) ;
#4086 = CARTESIAN_POINT ( 'NONE',  ( -90.00100000000000500, 7.125000000000000000, 170.1500000000000300 ) ) ;
#4087 = DIRECTION ( 'NONE',  ( 0.0000000000000000000, 0.0000000000000000000, 1.000000000000000000 ) ) ;
#4088 = CARTESIAN_POINT ( 'NONE',  ( -4.000000000000000000, -4.000000000000000000, -0.5000000000000000000 ) ) ;
#4089 = DIRECTION ( 'NONE',  ( 1.000000000000000000, -6.071532165918830700E-016, -0.0000000000000000000 ) ) ;
#4090 = DIRECTION ( 'NONE',  ( -2.090376711493954900E-035, 2.008366886175605200E-019, 1.000000000000000000 ) ) ;
#4091 = CARTESIAN_POINT ( 'NONE',  ( 3.750000000000000000, 0.0000000000000000000, 248.0000000000000000 ) ) ;
#4092 = DIRECTION ( 'NONE',  ( 0.0000000000000000000, 0.0000000000000000000, 1.000000000000000000 ) ) ;
#4093 = EDGE_CURVE ( 'NONE', #5828, #11244, #447, .T. ) ;
#4094 = CARTESIAN_POINT ( 'NONE',  ( 83.39999999999570000, -49.25000000000000000, 1.500000000000000000 ) ) ;
#4095 = ADVANCED_FACE ( 'NONE', ( #9172, #9440, #4784 ), #8523, .F. ) ;
#4096 = CYLINDRICAL_SURFACE ( 'NONE', #9488, 0.2000000000000000900 ) ;
#4097 = LINE ( 'NONE', #2041, #2084 ) ;
#4098 = CARTESIAN_POINT ( 'NONE',  ( 0.7681834123099646700, 0.9995835406563929900, -7.999999999999994700 ) ) ;
#4099 = LOCAL_TIME ( 11, 17, 25.00000000000000000, #6430 ) ;
#4100 = DIRECTION ( 'NONE',  ( -1.000000000000000000, 0.0000000000000000000, 0.0000000000000000000 ) ) ;
#4101 = PLANE ( 'NONE',  #10842 ) ;
#4102 = CARTESIAN_POINT ( 'NONE',  ( 3.750000000000000000, 0.0000000000000000000, 248.0000000000000000 ) ) ;
#4103 = ORIENTED_EDGE ( 'NONE', *, *, #8839, .T. ) ;
#4104 = CIRCLE ( 'NONE', #9244, 2.150000000000012800 ) ;
#4105 = CARTESIAN_POINT ( 'NONE',  ( -2.000000000000000400, 14.50000000000000000, 72.00000000000001400 ) ) ;
#4106 = DIRECTION ( 'NONE',  ( 1.000000000000000000, 1.982541115402063300E-015, 0.0000000000000000000 ) ) ;
#4107 = VECTOR ( 'NONE', #6703, 1000.000000000000000 ) ;
#4108 = CARTESIAN_POINT ( 'NONE',  ( -1.319450280607509700, -1.014002097308097600, 1.500000000000000400 ) ) ;
#4109 = ADVANCED_FACE ( 'NONE', ( #177 ), #8890, .F. ) ;
#4110 = VECTOR ( 'NONE', #11069, 1000.000000000000000 ) ;
#4111 = CALENDAR_DATE ( 2023, 9, 11 ) ;
#4112 = EDGE_CURVE ( 'NONE', #216, #2541, #2219, .T. ) ;
#4113 = EDGE_CURVE ( 'NONE', #1745, #9324, #11207, .T. ) ;
#4114 = ORIENTED_EDGE ( 'NONE', *, *, #184, .T. ) ;
#4115 = CARTESIAN_POINT ( 'NONE',  ( 0.9995835406564028700, 0.7681834123099734500, -7.999999999999994700 ) ) ;
#4116 = CYLINDRICAL_SURFACE ( 'NONE', #4187, 3.500000000000003100 ) ;
#4117 = CIRCLE ( 'NONE', #3519, 0.2000000000000000900 ) ;
#4118 = ORIENTED_EDGE ( 'NONE', *, *, #5994, .F. ) ;
#4119 = CARTESIAN_POINT ( 'NONE',  ( -3.649999999999999500, -1.533293416683372900E-016, 1.499999999999996900 ) ) ;
#4120 = FACE_OUTER_BOUND ( 'NONE', #1847, .T. ) ;
#4121 = DIRECTION ( 'NONE',  ( -4.783244878612519700E-017, -1.000000000000000000, 0.0000000000000000000 ) ) ;
#4122 = ORIENTED_EDGE ( 'NONE', *, *, #11140, .F. ) ;
#4123 = ORIENTED_EDGE ( 'NONE', *, *, #9730, .F. ) ;
#4124 = VERTEX_POINT ( 'NONE', #5920 ) ;
#4125 = VECTOR ( 'NONE', #7196, 1000.000000000000000 ) ;
#4126 = VECTOR ( 'NONE', #516, 1000.000000000000000 ) ;
#4127 = ORIENTED_EDGE ( 'NONE', *, *, #10981, .F. ) ;
#4128 = VERTEX_POINT ( 'NONE', #2479 ) ;
#4129 = VECTOR ( 'NONE', #1896, 1000.000000000000000 ) ;
#4130 = APPROVAL_STATUS ( 'not_yet_approved' ) ;
#4131 = DIRECTION ( 'NONE',  ( -1.000000000000000000, -0.0000000000000000000, -0.0000000000000000000 ) ) ;
#4132 =( NAMED_UNIT ( * ) SI_UNIT ( $, .STERADIAN. ) SOLID_ANGLE_UNIT ( ) );
#4133 = AXIS2_PLACEMENT_3D ( 'NONE', #310, #8160, #2947 ) ;
#4134 = DIRECTION ( 'NONE',  ( -0.0000000000000000000, -0.0000000000000000000, -1.000000000000000000 ) ) ;
#4135 = PLANE ( 'NONE',  #9917 ) ;
#4136 = CARTESIAN_POINT ( 'NONE',  ( -0.4318840214085246100, 1.607054911442800100, 1.500000000000000000 ) ) ;
#4137 = CARTESIAN_POINT ( 'NONE',  ( 2.449999999999999700, 0.8249999999999999600, 72.00000000000001400 ) ) ;
#4138 = PLANE ( 'NONE',  #5453 ) ;
#4139 = VECTOR ( 'NONE', #11162, 1000.000000000000000 ) ;
#4140 = CARTESIAN_POINT ( 'NONE',  ( -0.1636245999211787500, -1.249999999999981600, -7.999999999999994700 ) ) ;
#4141 = VECTOR ( 'NONE', #7959, 1000.000000000000000 ) ;
#4142 = ORIENTED_EDGE ( 'NONE', *, *, #416, .F. ) ;
#4143 = ORIENTED_EDGE ( 'NONE', *, *, #3904, .F. ) ;
#4144 = CARTESIAN_POINT ( 'NONE',  ( 1.707778744716765200E-017, -7.300770222279489800E-032, -8.000000000000000000 ) ) ;
#4145 = AXIS2_PLACEMENT_3D ( 'NONE', #10261, #5028, #11146 ) ;
#4146 = AXIS2_PLACEMENT_3D ( 'NONE', #5975, #5941, #802 ) ;
#4147 = DIRECTION ( 'NONE',  ( 0.0000000000000000000, 0.0000000000000000000, 1.000000000000000000 ) ) ;
#4148 = ORIENTED_EDGE ( 'NONE', *, *, #11172, .T. ) ;
#4149 = VERTEX_POINT ( 'NONE', #5084 ) ;
#4150 = EDGE_CURVE ( 'NONE', #879, #3077, #1946, .T. ) ;
#4151 = EDGE_CURVE ( 'NONE', #744, #8056, #6555, .T. ) ;
#4152 = ORIENTED_EDGE ( 'NONE', *, *, #5764, .T. ) ;
#4153 = VERTEX_POINT ( 'NONE', #7735 ) ;
#4154 = ORIENTED_EDGE ( 'NONE', *, *, #9098, .T. ) ;
#4155 = CARTESIAN_POINT ( 'NONE',  ( -0.3271848715738441300, -1.217465839156320200, -7.999999999999994700 ) ) ;
#4156 = COORDINATED_UNIVERSAL_TIME_OFFSET ( 1, 0, .AHEAD. ) ;
#4157 = ADVANCED_FACE ( 'N', ( #6287, #8617, #3961 ), #11192, .T. ) ;
#4158 = DIRECTION ( 'NONE',  ( 0.0000000000000000000, 0.0000000000000000000, 1.000000000000000000 ) ) ;
#4159 =( BOUNDED_CURVE ( )  B_SPLINE_CURVE ( 2, ( #7905, #1830, #3560 ),
 .UNSPECIFIED., .F., .F. ) 
 B_SPLINE_CURVE_WITH_KNOTS ( ( 3, 3 ),
 ( 0.0000000000000000000, 1.000000000000000000 ),
 .UNSPECIFIED. ) 
 CURVE ( )  GEOMETRIC_REPRESENTATION_ITEM ( )  RATIONAL_B_SPLINE_CURVE ( ( 1.000000000000000000, 0.7071067811865480200, 1.000000000000000000 ) ) 
 REPRESENTATION_ITEM ( '' )  );
#4160 = LINE ( 'NONE', #2083, #4710 ) ;
#4161 = VERTEX_POINT ( 'NONE', #3390 ) ;
#4162 = PRODUCT_DEFINITION ( 'UNKNOWN', '', #7089, #6098 ) ;
#4163 = PERSON_AND_ORGANIZATION ( #9810, #4463 ) ;
#4164 = CC_DESIGN_APPROVAL ( #3597, ( #2437 ) ) ;
#4165 = ORIENTED_EDGE ( 'NONE', *, *, #7511, .T. ) ;
#4166 = ADVANCED_FACE ( 'NONE', ( #1683 ), #11234, .F. ) ;
#4167 = VECTOR ( 'NONE', #2131, 1000.000000000000000 ) ;
#4168 = DIRECTION ( 'NONE',  ( 0.0000000000000000000, 0.0000000000000000000, 1.000000000000000000 ) ) ;
#4169 = ORIENTED_EDGE ( 'NONE', *, *, #8957, .F. ) ;
#4170 = VECTOR ( 'NONE', #8115, 1000.000000000000000 ) ;
#4172 = ORIENTED_EDGE ( 'NONE', *, *, #4737, .F. ) ;
#4171 = SECURITY_CLASSIFICATION_LEVEL ( 'unclassified' ) ;
#4173 = ORIENTED_EDGE ( 'NONE', *, *, #120, .T. ) ;
#4174 = CARTESIAN_POINT ( 'NONE',  ( 90.00100000000000500, 7.125000000000000000, 17.00000000000000000 ) ) ;
#4175 = CARTESIAN_POINT ( 'NONE',  ( 5.850000000000001400, -2.624999999999999600, 72.00000000000001400 ) ) ;
#4176 = CARTESIAN_POINT ( 'NONE',  ( 5.850000000000001400, -6.275000000000000400, 72.00000000000001400 ) ) ;
#4177 = CARTESIAN_POINT ( 'NONE',  ( -0.4318840214085200600, -1.607054911442810300, 1.500000000000000000 ) ) ;
#4178 = DIRECTION ( 'NONE',  ( 1.000000000000000000, -6.071532165918830700E-016, -0.0000000000000000000 ) ) ;
#4179 = CARTESIAN_POINT ( 'NONE',  ( -88.50000000000000000, 31.00000000000000000, 367.9104972384030200 ) ) ;
#4180 = APPROVAL_DATE_TIME ( #6503, #10454 ) ;
#4181 = CARTESIAN_POINT ( 'NONE',  ( -0.9995835406563959900, 0.7681834123099728900, -7.500000000000000000 ) ) ;
#4182 = CARTESIAN_POINT ( 'NONE',  ( 5.850000000000001400, 15.62500000000000000, 248.0000000000000000 ) ) ;
#4183 = CARTESIAN_POINT ( 'NONE',  ( 6.250000000000000000, 0.0000000000000000000, 248.0000000000000000 ) ) ;
#4184 = EDGE_CURVE ( 'NONE', #6131, #2678, #4511, .T. ) ;
#4185 = EDGE_CURVE ( 'NONE', #1666, #2995, #6018, .T. ) ;
#4186 = CARTESIAN_POINT ( 'NONE',  ( 2.295056433026239100, -4.000000000000000000, 1.499503652646089200 ) ) ;
#4187 = AXIS2_PLACEMENT_3D ( 'NONE', #1069, #1940, #6260 ) ;
#4188 = PLANE ( 'NONE',  #4313 ) ;
#4189 = CARTESIAN_POINT ( 'NONE',  ( -90.00000000000000000, 32.50000000000000000, 0.0000000000000000000 ) ) ;
#4190 = LOCAL_TIME ( 11, 17, 25.00000000000000000, #6511 ) ;
#4191 = PLANE ( 'NONE',  #1345 ) ;
#4192 = CARTESIAN_POINT ( 'NONE',  ( -0.7681834123099718900, 0.9995835406563959900, -7.500000000000000000 ) ) ;
#4193 = CARTESIAN_POINT ( 'NONE',  ( 0.1636246173744682100, -1.250000000000000400, -7.499999999999999100 ) ) ;
#4194 = DIRECTION ( 'NONE',  ( 1.000000000000000000, 0.0000000000000000000, -0.0000000000000000000 ) ) ;
#4195 = EDGE_CURVE ( 'NONE', #6458, #7154, #6839, .T. ) ;
#4196 = VERTEX_POINT ( 'NONE', #5159 ) ;
#4197 = AXIS2_PLACEMENT_3D ( 'NONE', #10839, #2176, #8270 ) ;
#4198 = DIRECTION ( 'NONE',  ( -1.000000000000000000, 0.0000000000000000000, 0.0000000000000000000 ) ) ;
#4199 = ORIENTED_EDGE ( 'NONE', *, *, #4003, .F. ) ;
#4201 = ORIENTED_EDGE ( 'NONE', *, *, #6223, .T. ) ;
#4200 =( REPRESENTATION_RELATIONSHIP ('NONE','NONE', #9710, #2159 ) REPRESENTATION_RELATIONSHIP_WITH_TRANSFORMATION ( #9446 )SHAPE_REPRESENTATION_RELATIONSHIP( ) );
#4202 = ORIENTED_EDGE ( 'NONE', *, *, #1897, .T. ) ;
#4203 = DIRECTION ( 'NONE',  ( 0.0000000000000000000, 0.0000000000000000000, 1.000000000000000000 ) ) ;
#4204 = ORIENTED_EDGE ( 'NONE', *, *, #3728, .T. ) ;
#4205 = DIRECTION ( 'NONE',  ( 1.000000000000000000, 0.0000000000000000000, 0.0000000000000000000 ) ) ;
#4206 = VECTOR ( 'NONE', #507, 1000.000000000000000 ) ;
#4207 = ORIENTED_EDGE ( 'NONE', *, *, #7764, .T. ) ;
#4208 = DIRECTION ( 'NONE',  ( 0.0000000000000000000, 0.0000000000000000000, 1.000000000000000000 ) ) ;
#4209 = CARTESIAN_POINT ( 'NONE',  ( 3.555000258646298300, 0.9553798049340356300, 1.499999999999996900 ) ) ;
#4210 = EDGE_LOOP ( 'NONE', ( #2538, #8945, #5869, #1490 ) ) ;
#4211 = CARTESIAN_POINT ( 'NONE',  ( -4.899999999999999500, -9.274999999999998600, 248.0000000000000000 ) ) ;
#4212 = ORIENTED_EDGE ( 'NONE', *, *, #173, .F. ) ;
#4213 = ADVANCED_FACE ( 'NONE', ( #3708 ), #11285, .F. ) ;
#4214 = AXIS2_PLACEMENT_3D ( 'NONE', #2940, #6426, #1233 ) ;
#4215 = CARTESIAN_POINT ( 'NONE',  ( 1.250000000000000000, -0.1636245999212139800, -7.500000000000000000 ) ) ;
#4216 = CARTESIAN_POINT ( 'NONE',  ( -0.4999999999999996700, -4.000000000000000000, -1.145643923738960400 ) ) ;
#4217 = DIRECTION ( 'NONE',  ( 1.000000000000000000, 0.0000000000000000000, 0.0000000000000000000 ) ) ;
#4218 = VECTOR ( 'NONE', #4034, 1000.000000000000000 ) ;
#4219 = CARTESIAN_POINT ( 'NONE',  ( 0.8309713053962719500, 1.441747545844422200, 1.500000000000000000 ) ) ;
#4220 = ORIENTED_EDGE ( 'NONE', *, *, #3089, .T. ) ;
#4221 = VERTEX_POINT ( 'NONE', #6045 ) ;
#4222 = VERTEX_POINT ( 'NONE', #4337 ) ;
#4223 = CARTESIAN_POINT ( 'NONE',  ( 1.949312622948258000, -2.493718516972145400, 2.983494623550645200 ) ) ;
#4224 = CIRCLE ( 'NONE', #6783, 3.649999999999999900 ) ;
#4225 = CARTESIAN_POINT ( 'NONE',  ( 6.250000000000000000, 8.724999999999999600, 72.00000000000001400 ) ) ;
#4226 = CARTESIAN_POINT ( 'NONE',  ( -90.00000000000000000, 32.35000000000000900, 185.0000000000000000 ) ) ;
#4227 = CARTESIAN_POINT ( 'NONE',  ( 5.850000000000001400, -12.37500000000000000, 248.0000000000000000 ) ) ;
#4228 = EDGE_CURVE ( 'NONE', #3116, #2543, #9659, .T. ) ;
#4229 = EDGE_CURVE ( 'NONE', #9979, #10976, #657, .T. ) ;
#4230 = SECURITY_CLASSIFICATION ( '', '', #9719 ) ;
#4231 = AXIS2_PLACEMENT_3D ( 'NONE', #11258, #830, #3401 ) ;
#4232 = CARTESIAN_POINT ( 'NONE',  ( 1.217465839156305800, -0.3271848715738434600, -7.500000000000000000 ) ) ;
#4233 = LINE ( 'NONE', #10195, #8880 ) ;
#4234 = DIRECTION ( 'NONE',  ( 0.0000000000000000000, 0.0000000000000000000, -1.000000000000000000 ) ) ;
#4235 = DIRECTION ( 'NONE',  ( 0.0000000000000000000, -1.000000000000000000, -0.0000000000000000000 ) ) ;
#4236 = DIRECTION ( 'NONE',  ( 0.0000000000000000000, 0.0000000000000000000, 1.000000000000000000 ) ) ;
#4237 = VERTEX_POINT ( 'NONE', #10433 ) ;
#4238 = EDGE_CURVE ( 'NONE', #11094, #6683, #9364, .T. ) ;
#4239 = CYLINDRICAL_SURFACE ( 'NONE', #6355, 0.2000000000000000900 ) ;
#4240 = CONTEXT_DEPENDENT_SHAPE_REPRESENTATION ( #2594, #9823 ) ;
#4241 = DIRECTION ( 'NONE',  ( 1.387778780781445900E-016, -1.000000000000000000, 0.0000000000000000000 ) ) ;
#4242 = EDGE_CURVE ( 'NONE', #8548, #1975, #382, .T. ) ;
#4243 = VERTEX_POINT ( 'NONE', #2631 ) ;
#4244 = VECTOR ( 'NONE', #11151, 1000.000000000000000 ) ;
#4245 = LINE ( 'NONE', #8118, #9173 ) ;
#4246 = DIRECTION ( 'NONE',  ( -0.0000000000000000000, -1.000000000000000000, -0.0000000000000000000 ) ) ;
#4247 = VECTOR ( 'NONE', #1634, 1000.000000000000000 ) ;
#4248 = SECURITY_CLASSIFICATION ( '', '', #5803 ) ;
#4249 = ORGANIZATION ( 'NAUO-ORG13', 'UNSPECIFIED', 'UNSPECIFIED' ) ;
#4250 = DIRECTION ( 'NONE',  ( 8.953411488912540800E-016, -1.000000000000000000, 0.0000000000000000000 ) ) ;
#4251 = CARTESIAN_POINT ( 'NONE',  ( -73.50000000000000000, 2.168404344971009900E-016, 17.00000000000000000 ) ) ;
#4252 = CARTESIAN_POINT ( 'NONE',  ( -0.3777142256033259000, -0.6553397952731465600, -8.000000000000000000 ) ) ;
#4253 = CARTESIAN_POINT ( 'NONE',  ( 3.750000000000000400, -13.77500000000000000, 71.99899999999999500 ) ) ;
#4254 = CARTESIAN_POINT ( 'NONE',  ( -3.555000258646186000, 0.9553798049340285200, 1.499999999999996900 ) ) ;
#4255 = CARTESIAN_POINT ( 'NONE',  ( 3.950000000000000200, -4.474999999999999600, 72.00000000000001400 ) ) ;
#4256 = EDGE_CURVE ( 'NONE', #7690, #7561, #2425, .T. ) ;
#4257 = ORIENTED_EDGE ( 'NONE', *, *, #6608, .T. ) ;
#4258 = EDGE_CURVE ( 'NONE', #5854, #7822, #2968, .T. ) ;
#4259 = VECTOR ( 'NONE', #2628, 1000.000000000000000 ) ;
#4260 = VERTEX_POINT ( 'NONE', #3535 ) ;
#4261 = CARTESIAN_POINT ( 'NONE',  ( -1.092232992121904100, -0.6295237093388910100, -7.500000000000000000 ) ) ;
#4262 = VECTOR ( 'NONE', #3407, 1000.000000000000000 ) ;
#4263 = DIRECTION ( 'NONE',  ( 6.071532165918830700E-016, -1.000000000000000000, 0.0000000000000000000 ) ) ;
#4264 = VECTOR ( 'NONE', #9003, 1000.000000000000000 ) ;
#4265 = CARTESIAN_POINT ( 'NONE',  ( -86.50000000000001400, 32.50000000000000000, 0.0000000000000000000 ) ) ;
#4266 = CALENDAR_DATE ( 2023, 9, 11 ) ;
#4267 = CARTESIAN_POINT ( 'NONE',  ( -1.441747545844446000, -0.8309713053962701800, 1.500000000000000000 ) ) ;
#4268 = ORIENTED_EDGE ( 'NONE', *, *, #5471, .T. ) ;
#4269 = CARTESIAN_POINT ( 'NONE',  ( 3.950000000000000200, -13.57500000000000100, 72.00000000000001400 ) ) ;
#4270 = FACE_OUTER_BOUND ( 'NONE', #9559, .T. ) ;
#4271 = DIRECTION ( 'NONE',  ( 0.0000000000000000000, 0.0000000000000000000, 1.000000000000000000 ) ) ;
#4272 = LINE ( 'NONE', #5293, #6303 ) ;
#4273 = ORIENTED_EDGE ( 'NONE', *, *, #10665, .F. ) ;
#4274 = DIRECTION ( 'NONE',  ( -0.0000000000000000000, -0.0000000000000000000, -1.000000000000000000 ) ) ;
#4275 = EDGE_CURVE ( 'NONE', #712, #2300, #4986, .T. ) ;
#4276 = PLANE ( 'NONE',  #3086 ) ;
#4277 = LINE ( 'NONE', #6581, #8102 ) ;
#4278 = AXIS2_PLACEMENT_3D ( 'NONE', #9001, #9874, #2038 ) ;
#4279 = DATE_AND_TIME ( #6593, #8917 ) ;
#4280 = CARTESIAN_POINT ( 'NONE',  ( -1.217465839156310000, -0.3271848715738360800, -7.500000000000000000 ) ) ;
#4281 = AXIS2_PLACEMENT_3D ( 'NONE', #3913, #10025, #4788 ) ;
#4282 = CARTESIAN_POINT ( 'NONE',  ( -3.189320328686155100, -1.838209251331147700, 1.499999999999996900 ) ) ;
#4283 = DIRECTION ( 'NONE',  ( -1.000000000000000000, 0.0000000000000000000, 0.0000000000000000000 ) ) ;
#4284 = ORIENTED_EDGE ( 'NONE', *, *, #6951, .T. ) ;
#4285 = CIRCLE ( 'NONE', #521, 0.2000000000000000900 ) ;
#4286 = EDGE_LOOP ( 'NONE', ( #593, #7190, #6125, #76 ) ) ;
#4287 = LINE ( 'NONE', #860, #6320 ) ;
#4288 = FACE_OUTER_BOUND ( 'NONE', #6267, .T. ) ;
#4289 = ORIENTED_EDGE ( 'NONE', *, *, #7385, .T. ) ;
#4290 = ORIENTED_EDGE ( 'NONE', *, *, #9389, .T. ) ;
#4291 = ORIENTED_EDGE ( 'NONE', *, *, #6101, .F. ) ;
#4292 = ORIENTED_EDGE ( 'NONE', *, *, #10906, .T. ) ;
#4293 = ORIENTED_EDGE ( 'NONE', *, *, #9376, .F. ) ;
#4294 = CIRCLE ( 'NONE', #8584, 1.800000000000000300 ) ;
#4295 = PLANE ( 'NONE',  #9467 ) ;
#4296 = AXIS2_PLACEMENT_3D ( 'NONE', #6736, #11125, #5883 ) ;
#4297 = PERSON_AND_ORGANIZATION_ROLE ( 'classification_officer' ) ;
#4298 = CYLINDRICAL_SURFACE ( 'NONE', #3208, 1.250000000000000000 ) ;
#4299 = VERTEX_POINT ( 'NONE', #922 ) ;
#4300 = DIRECTION ( 'NONE',  ( 2.775557561562895000E-017, -1.000000000000000000, -2.220446049250315100E-016 ) ) ;
#4301 = VERTEX_POINT ( 'NONE', #6154 ) ;
#4302 = CARTESIAN_POINT ( 'NONE',  ( 6.250000000000000000, 12.50000000000000000, 248.0000000000000000 ) ) ;
#4303 = CARTESIAN_POINT ( 'NONE',  ( 2.243095548590673200, -2.918783954071121100, 1.499999999999996900 ) ) ;
#4304 = ORIENTED_EDGE ( 'NONE', *, *, #8163, .T. ) ;
#4305 = VERTEX_POINT ( 'NONE', #85 ) ;
#4306 = CARTESIAN_POINT ( 'NONE',  ( 3.950000000000000200, -8.125000000000000000, 72.00000000000001400 ) ) ;
#4307 = VECTOR ( 'NONE', #7120, 1000.000000000000000 ) ;
#4308 = VERTEX_POINT ( 'NONE', #10499 ) ;
#4309 = CARTESIAN_POINT ( 'NONE',  ( 0.0000000000000000000, -3.949999999999945600, 1.500000000000000000 ) ) ;
#4310 = AXIS2_PLACEMENT_3D ( 'NONE', #10879, #2179, #1354 ) ;
#4311 = CARTESIAN_POINT ( 'NONE',  ( 1.649999999999999900, -0.2159844817122110200, 1.500000000000000000 ) ) ;
#4312 = AXIS2_PLACEMENT_3D ( 'NONE', #7406, #3069, #5642 ) ;
#4313 = AXIS2_PLACEMENT_3D ( 'NONE', #6831, #1632, #7711 ) ;
#4314 = CALENDAR_DATE ( 2023, 9, 11 ) ;
#4315 = CARTESIAN_POINT ( 'NONE',  ( -0.4999999999999488200, -3.346637281128670900, -2.897408614015467800 ) ) ;
#4316 = CARTESIAN_POINT ( 'NONE',  ( -0.4000000000000000200, 10.12500000000000000, -1.510173831053895000 ) ) ;
#4317 = CYLINDRICAL_SURFACE ( 'NONE', #6241, 1.250000000000000000 ) ;
#4318 = CARTESIAN_POINT ( 'NONE',  ( -4.899999999999999500, -4.975000000000000500, 248.0000000000000000 ) ) ;
#4319 = EDGE_CURVE ( 'NONE', #2556, #680, #4444, .T. ) ;
#4320 = VECTOR ( 'NONE', #6920, 1000.000000000000000 ) ;
#4321 = ORIENTED_EDGE ( 'NONE', *, *, #5043, .F. ) ;
#4322 = EDGE_CURVE ( 'NONE', #10202, #6250, #8422, .T. ) ;
#4323 = DIRECTION ( 'NONE',  ( 0.0000000000000000000, -1.000000000000000000, 0.0000000000000000000 ) ) ;
#4324 = DIRECTION ( 'NONE',  ( 0.0000000000000000000, 0.0000000000000000000, -1.000000000000000000 ) ) ;
#4325 = LOCAL_TIME ( 11, 17, 25.00000000000000000, #6634 ) ;
#4326 = DIRECTION ( 'NONE',  ( -1.000000000000000000, -1.387778780781445900E-016, 0.0000000000000000000 ) ) ;
#4327 = PRODUCT_DEFINITION_FORMATION_WITH_SPECIFIED_SOURCE ( 'ANY', '', #6056, .NOT_KNOWN. ) ;
#4328 = ORIENTED_EDGE ( 'NONE', *, *, #8288, .F. ) ;
#4329 = FACE_OUTER_BOUND ( 'NONE', #9337, .T. ) ;
#4330 = ORIENTED_EDGE ( 'NONE', *, *, #2845, .F. ) ;
#4331 = ORIENTED_EDGE ( 'NONE', *, *, #8995, .T. ) ;
#4332 = ORIENTED_EDGE ( 'NONE', *, *, #9015, .F. ) ;
#4333 = CARTESIAN_POINT ( 'NONE',  ( 5.850000000000001400, 9.924999999999998900, 72.00000000000001400 ) ) ;
#4334 = COORDINATED_UNIVERSAL_TIME_OFFSET ( 1, 0, .AHEAD. ) ;
#4335 = CARTESIAN_POINT ( 'NONE',  ( 6.250000000000000000, 12.37500000000000000, 72.00000000000001400 ) ) ;
#4336 = DATE_TIME_ROLE ( 'classification_date' ) ;
#4337 = CARTESIAN_POINT ( 'NONE',  ( 5.850000000000001400, 2.624999999999999600, 72.00000000000001400 ) ) ;
#4338 = DIRECTION ( 'NONE',  ( -3.491481338843135300E-015, 0.0000000000000000000, -1.000000000000000000 ) ) ;
#4339 = CARTESIAN_POINT ( 'NONE',  ( -0.4999999999999960000, -3.243396590459965500, 2.942896425152004000 ) ) ;
#4340 = CARTESIAN_POINT ( 'NONE',  ( 0.9553798049339908800, 3.555000258646219700, 0.5000000000000000000 ) ) ;
#4341 = DIRECTION ( 'NONE',  ( -1.000000000000000000, 0.0000000000000000000, 0.0000000000000000000 ) ) ;
#4342 = EDGE_CURVE ( 'NONE', #7865, #5917, #4722, .T. ) ;
#4343 = EDGE_CURVE ( 'NONE', #6252, #374, #11134, .T. ) ;
#4344 = CARTESIAN_POINT ( 'NONE',  ( 0.8000000000000001600, -9.199999999999999300, -0.001000000000000999900 ) ) ;
#4345 = CARTESIAN_POINT ( 'NONE',  ( -1.838209251331130300, 3.189320328686246200, 1.499999999999951800 ) ) ;
#4346 = CARTESIAN_POINT ( 'NONE',  ( -90.00000000000000000, 3.499999999999999600, 0.0000000000000000000 ) ) ;
#4347 = VERTEX_POINT ( 'NONE', #7043 ) ;
#4348 = ORIENTED_EDGE ( 'NONE', *, *, #120, .F. ) ;
#4349 = ORIENTED_EDGE ( 'NONE', *, *, #5901, .F. ) ;
#4350 = EDGE_LOOP ( 'NONE', ( #9422, #5380, #9154, #8112 ) ) ;
#4351 = CARTESIAN_POINT ( 'NONE',  ( 2.449489742783179200, -3.999999999999999100, 0.4999999999999997800 ) ) ;
#4352 = CARTESIAN_POINT ( 'NONE',  ( -4.899999999999999500, 4.575000000000000200, 72.00000000000001400 ) ) ;
#4353 = CARTESIAN_POINT ( 'NONE',  ( 83.39999999999548700, -20.25000000000000000, 1.500000000000000000 ) ) ;
#4354 = VERTEX_POINT ( 'NONE', #8222 ) ;
#4355 = ORIENTED_EDGE ( 'NONE', *, *, #6832, .F. ) ;
#4356 = CIRCLE ( 'NONE', #9276, 0.2000000000000000900 ) ;
#4357 = ORIENTED_EDGE ( 'NONE', *, *, #5569, .F. ) ;
#4358 = ORIENTED_EDGE ( 'NONE', *, *, #3035, .T. ) ;
#4359 = ORIENTED_EDGE ( 'NONE', *, *, #1199, .F. ) ;
#4360 = CARTESIAN_POINT ( 'NONE',  ( 0.0000000000000000000, 19.27500000000000600, 248.0000000000000000 ) ) ;
#4361 = DIRECTION ( 'NONE',  ( 0.0000000000000000000, 0.0000000000000000000, -1.000000000000000000 ) ) ;
#4362 = ORIENTED_EDGE ( 'NONE', *, *, #10531, .F. ) ;
#4363 = APPROVAL_ROLE ( '' ) ;
#4364 = DIRECTION ( 'NONE',  ( 1.000000000000000000, -7.610399765575671300E-015, -0.0000000000000000000 ) ) ;
#4365 = CARTESIAN_POINT ( 'NONE',  ( -83.79999999999820700, 39.62500000000000000, 168.0000000000000000 ) ) ;
#4366 = DIRECTION ( 'NONE',  ( 1.141265444721581800E-016, -1.000000000000000000, 0.0000000000000000000 ) ) ;
#4367 = CARTESIAN_POINT ( 'NONE',  ( -2.918783954071170000, -2.243095548590625200, 0.5000000000000000000 ) ) ;
#4368 = DIRECTION ( 'NONE',  ( -9.436237713849947000E-020, -1.347634408217957800E-019, -1.000000000000000000 ) ) ;
#4369 = CIRCLE ( 'NONE', #3088, 2.500000000000000000 ) ;
#4370 = MANIFOLD_SOLID_BREP ( 'Import1', #10799 ) ;
#4371 = ORIENTED_EDGE ( 'NONE', *, *, #3410, .T. ) ;
#4372 = FACE_OUTER_BOUND ( 'NONE', #10943, .T. ) ;
#4373 = PERSON ( 'NAUO-PER10', 'UNSPECIFIED', 'UNSPECIFIED', ('UNSPECIFIED'), ('UNSPECIFIED'), ('UNSPECIFIED') ) ;
#4374 = DATE_AND_TIME ( #6686, #9025 ) ;
#4375 = CARTESIAN_POINT ( 'NONE',  ( 0.8000000000000000400, -5.450000000000000200, 248.0000000000000000 ) ) ;
#4376 = DIRECTION ( 'NONE',  ( -0.0000000000000000000, -1.000000000000000000, 0.0000000000000000000 ) ) ;
#4377 = DIRECTION ( 'NONE',  ( -1.521687259628780000E-016, 1.000000000000000000, -0.0000000000000000000 ) ) ;
#4378 = CARTESIAN_POINT ( 'NONE',  ( 2.243095527908439900, -2.918783974753357900, 0.5000000000000000000 ) ) ;
#4379 = LINE ( 'NONE', #10990, #2082 ) ;
#4380 = CARTESIAN_POINT ( 'NONE',  ( -89.99999999999998600, 27.52500000000001300, 168.0000000000000000 ) ) ;
#4381 = LINE ( 'NONE', #5481, #7254 ) ;
#4382 = COORDINATED_UNIVERSAL_TIME_OFFSET ( 1, 0, .AHEAD. ) ;
#4383 = CC_DESIGN_SECURITY_CLASSIFICATION ( #1475, ( #9870 ) ) ;
#4384 = ORIENTED_EDGE ( 'NONE', *, *, #730, .T. ) ;
#4385 = FACE_OUTER_BOUND ( 'NONE', #4700, .T. ) ;
#4386 = APPROVAL ( #8647, 'UNKNOWN' ) ;
#4387 = VECTOR ( 'NONE', #2380, 1000.000000000000000 ) ;
#4388 = CARTESIAN_POINT ( 'NONE',  ( -88.50000000000000000, 25.37500000000000000, 17.00000000000000000 ) ) ;
#4389 = CARTESIAN_POINT ( 'NONE',  ( 3.950000000000000200, 8.325000000000002800, 248.0000000000000000 ) ) ;
#4390 = VECTOR ( 'NONE', #7524, 1000.000000000000000 ) ;
#4391 = ITEM_DEFINED_TRANSFORMATION ( 'NONE', 'NONE', #7017,  #7819 ) ;
#4392 = VERTEX_POINT ( 'NONE', #2998 ) ;
#4393 = VECTOR ( 'NONE', #1098, 1000.000000000000000 ) ;
#4394 = CYLINDRICAL_SURFACE ( 'NONE', #6424, 2.500000000000002200 ) ;
#4395 = VERTEX_POINT ( 'NONE', #7337 ) ;
#4396 = CARTESIAN_POINT ( 'NONE',  ( -3.555000269839353200, 0.9553797779113728500, 0.5000000000000000000 ) ) ;
#4397 = DIRECTION ( 'NONE',  ( -1.000000000000000000, 0.0000000000000000000, -0.0000000000000000000 ) ) ;
#4398 = FACE_BOUND ( 'NONE', #3945, .T. ) ;
#4399 = APPROVAL_STATUS ( 'not_yet_approved' ) ;
#4400 = ORIENTED_EDGE ( 'NONE', *, *, #241, .F. ) ;
#4401 = CARTESIAN_POINT ( 'NONE',  ( 0.0000000000000000000, 17.94999999999999900, 248.0000000000000000 ) ) ;
#4402 = CARTESIAN_POINT ( 'NONE',  ( 0.0000000000000000000, 0.0000000000000000000, 0.0000000000000000000 ) ) ;
#4403 = CARTESIAN_POINT ( 'NONE',  ( 2.942903560859609700, -3.243428153940573800, -0.4999999999999981700 ) ) ;
#4404 = CARTESIAN_POINT ( 'NONE',  ( 3.649999999999999900, 0.0000000000000000000, 0.5000000000000000000 ) ) ;
#4405 = PERSON_AND_ORGANIZATION ( #14, #6722 ) ;
#4406 = DIRECTION ( 'NONE',  ( -0.0000000000000000000, -0.0000000000000000000, -1.000000000000000000 ) ) ;
#4407 = EDGE_CURVE ( 'NONE', #4222, #5171, #1885, .T. ) ;
#4408 = EDGE_CURVE ( 'NONE', #19, #8596, #6497, .T. ) ;
#4409 = EDGE_LOOP ( 'NONE', ( #10182, #7686, #7042, #5981 ) ) ;
#4410 = LINE ( 'NONE', #8962, #6180 ) ;
#4411 = LINE ( 'NONE', #2341, #6182 ) ;
#4412 = VERTEX_POINT ( 'NONE', #6495 ) ;
#4413 = ORIENTED_EDGE ( 'NONE', *, *, #3653, .F. ) ;
#4414 = LINE ( 'NONE', #10598, #4129 ) ;
#4415 = DIRECTION ( 'NONE',  ( 1.000000000000000000, 0.0000000000000000000, -0.0000000000000000000 ) ) ;
#4416 = DIRECTION ( 'NONE',  ( -1.000000000000000000, 6.071532165918830700E-016, 0.0000000000000000000 ) ) ;
#4417 = VECTOR ( 'NONE', #5012, 1000.000000000000000 ) ;
#4418 = EDGE_CURVE ( 'NONE', #8182, #6957, #3899, .T. ) ;
#4419 = CIRCLE ( 'NONE', #10210, 1.250000000000000000 ) ;
#4420 = ORIENTED_EDGE ( 'NONE', *, *, #9146, .T. ) ;
#4421 = AXIS2_PLACEMENT_3D ( 'NONE', #9889, #10753, #5530 ) ;
#4422 = ORIENTED_EDGE ( 'NONE', *, *, #10947, .F. ) ;
#4423 = EDGE_CURVE ( 'NONE', #9405, #9344, #10855, .T. ) ;
#4424 = DIRECTION ( 'NONE',  ( -1.219727444046192000E-016, -0.0000000000000000000, 1.000000000000000000 ) ) ;
#4425 = AXIS2_PLACEMENT_3D ( 'NONE', #2601, #851, #10380 ) ;
#4426 = VERTEX_POINT ( 'NONE', #3039 ) ;
#4427 = EDGE_LOOP ( 'NONE', ( #3414, #9706, #6479, #2317 ) ) ;
#4428 = EDGE_LOOP ( 'NONE', ( #4823, #11262, #8219, #3787 ) ) ;
#4429 = ORIENTED_EDGE ( 'NONE', *, *, #1298, .T. ) ;
#4430 = LOCAL_TIME ( 11, 17, 25.00000000000000000, #6757 ) ;
#4431 = CARTESIAN_POINT ( 'NONE',  ( 3.555000269839353200, 0.9553797779113714100, 0.5000000000000001100 ) ) ;
#4432 = AXIS2_PLACEMENT_3D ( 'NONE', #9510, #4263, #10359 ) ;
#4433 = CARTESIAN_POINT ( 'NONE',  ( 5.850000000000001400, -5.074999999999999300, 72.00000000000001400 ) ) ;
#4434 = CIRCLE ( 'NONE', #7449, 2.250000000000001800 ) ;
#4435 = ORIENTED_EDGE ( 'NONE', *, *, #1936, .T. ) ;
#4436 = CARTESIAN_POINT ( 'NONE',  ( -1.607054911442796300, 0.4318840214085423200, 1.500000000000000200 ) ) ;
#4437 = MECHANICAL_CONTEXT ( 'NONE', #3568, 'mechanical' ) ;
#4438 = CARTESIAN_POINT ( 'NONE',  ( 0.0000000000000000000, 1.136868377216160300E-010, -6.248815809051677700 ) ) ;
#4439 = CARTESIAN_POINT ( 'NONE',  ( -86.50000000000001400, 29.00000000000000000, 367.9104972384030200 ) ) ;
#4440 = CARTESIAN_POINT ( 'NONE',  ( 3.750000000000000400, 4.474999999999999600, 71.99899999999999500 ) ) ;
#4441 = CARTESIAN_POINT ( 'NONE',  ( -3.649999999999999900, 0.0000000000000000000, 0.0000000000000000000 ) ) ;
#4442 = COORDINATED_UNIVERSAL_TIME_OFFSET ( 1, 0, .AHEAD. ) ;
#4443 = EDGE_LOOP ( 'NONE', ( #6409, #10621, #7632, #8938 ) ) ;
#4444 = LINE ( 'NONE', #955, #8821 ) ;
#4445 = EDGE_LOOP ( 'NONE', ( #6542, #8172, #3534, #6144 ) ) ;
#4446 = LINE ( 'NONE', #8955, #2428 ) ;
#4447 = EDGE_CURVE ( 'NONE', #11244, #2823, #6217, .T. ) ;
#4448 = ORIENTED_EDGE ( 'NONE', *, *, #6978, .F. ) ;
#4449 = VERTEX_POINT ( 'NONE', #9101 ) ;
#4450 = EDGE_CURVE ( 'NONE', #5156, #4299, #5943, .T. ) ;
#4451 = CC_DESIGN_PERSON_AND_ORGANIZATION_ASSIGNMENT ( #2583, #7104, ( #10657 ) ) ;
#4452 = AXIS2_PLACEMENT_3D ( 'NONE', #694, #5879, #1577 ) ;
#4453 = AXIS2_PLACEMENT_3D ( 'NONE', #8481, #3269, #9373 ) ;
#4454 = DIRECTION ( 'NONE',  ( -0.0000000000000000000, 0.0000000000000000000, -1.000000000000000000 ) ) ;
#4455 = CARTESIAN_POINT ( 'NONE',  ( 3.950000000000000200, -8.325000000000002800, 72.00000000000001400 ) ) ;
#4456 = CARTESIAN_POINT ( 'NONE',  ( 88.32000000000000700, -63.64999999999999900, 1.500000000000000000 ) ) ;
#4457 = APPROVAL_PERSON_ORGANIZATION ( #6784, #10454, #3696 ) ;
#4458 = CARTESIAN_POINT ( 'NONE',  ( 2.449999999999999700, 17.42500000000000100, 248.0000000000000000 ) ) ;
#4459 = EDGE_CURVE ( 'NONE', #8316, #6884, #9103, .T. ) ;
#4460 = ADVANCED_FACE ( 'NONE', ( #8279 ), #5668, .T. ) ;
#4461 = EDGE_LOOP ( 'NONE', ( #2429, #8906 ) ) ;
#4462 = EDGE_CURVE ( 'NONE', #615, #1106, #8009, .T. ) ;
#4463 = ORGANIZATION ( 'UNSPECIFIED', 'UNSPECIFIED', '' ) ;
#4464 = CARTESIAN_POINT ( 'NONE',  ( 3.950000000000000200, -2.824999999999999700, 71.99899999999999500 ) ) ;
#4465 = CC_DESIGN_PERSON_AND_ORGANIZATION_ASSIGNMENT ( #2527, #6619, ( #1572 ) ) ;
#4466 = EDGE_CURVE ( 'NONE', #2549, #2932, #1337, .T. ) ;
#4467 = ORIENTED_EDGE ( 'NONE', *, *, #4195, .T. ) ;
#4468 = CARTESIAN_POINT ( 'NONE',  ( 90.00000000000000000, 1.500000000000000000, 185.0000000000000000 ) ) ;
#4469 = DIRECTION ( 'NONE',  ( 0.0000000000000000000, -0.0000000000000000000, 1.000000000000000000 ) ) ;
#4470 = PERSON_AND_ORGANIZATION_ROLE ( 'classification_officer' ) ;
#4471 = CARTESIAN_POINT ( 'NONE',  ( -2.500000000000000000, 10.62500000000000000, -0.001000000000000999900 ) ) ;
#4472 = CARTESIAN_POINT ( 'NONE',  ( -0.5062926649645758100, -3.092303132795074700, -3.222113608796042700 ) ) ;
#4473 = CARTESIAN_POINT ( 'NONE',  ( 2.250000000000000400, -0.8249999999999999600, 248.0000000000000000 ) ) ;
#4474 = ORIENTED_EDGE ( 'NONE', *, *, #10152, .T. ) ;
#4475 = PLANE ( 'NONE',  #9179 ) ;
#4476 = EDGE_CURVE ( 'NONE', #6480, #2823, #10583, .T. ) ;
#4477 = DIRECTION ( 'NONE',  ( -0.0000000000000000000, -0.0000000000000000000, -1.000000000000000000 ) ) ;
#4478 = ORIENTED_EDGE ( 'NONE', *, *, #1688, .F. ) ;
#4479 = ORIENTED_EDGE ( 'NONE', *, *, #9937, .F. ) ;
#4480 = ORIENTED_EDGE ( 'NONE', *, *, #7034, .T. ) ;
#4481 = EDGE_CURVE ( 'NONE', #4574, #7641, #3368, .T. ) ;
#4482 = ORIENTED_EDGE ( 'NONE', *, *, #9215, .T. ) ;
#4483 = FACE_OUTER_BOUND ( 'NONE', #1447, .T. ) ;
#4484 = DIRECTION ( 'NONE',  ( 1.000000000000000000, 0.0000000000000000000, 0.0000000000000000000 ) ) ;
#4485 = VERTEX_POINT ( 'NONE', #4879 ) ;
#4486 = CARTESIAN_POINT ( 'NONE',  ( -2.918783954071170400, -2.243095548590623900, 1.499999999999996900 ) ) ;
#4487 = ORIENTED_EDGE ( 'NONE', *, *, #5684, .T. ) ;
#4488 = ORIENTED_EDGE ( 'NONE', *, *, #10149, .T. ) ;
#4489 = PLANE ( 'NONE',  #2068 ) ;
#4490 = AXIS2_PLACEMENT_3D ( 'NONE', #5906, #722, #6802 ) ;
#4491 = DIRECTION ( 'NONE',  ( 0.0000000000000000000, 0.0000000000000000000, 1.000000000000000000 ) ) ;
#4492 = CARTESIAN_POINT ( 'NONE',  ( 2.449489742783178800, 0.0000000000000000000, 0.5000000000000000000 ) ) ;
#4493 = CARTESIAN_POINT ( 'NONE',  ( -88.50000000000000000, 32.50000000000000000, 0.0000000000000000000 ) ) ;
#4494 = LINE ( 'NONE', #5787, #8594 ) ;
#4495 = VERTEX_POINT ( 'NONE', #10070 ) ;
#4496 = ORIENTED_EDGE ( 'NONE', *, *, #7541, .F. ) ;
#4497 = ORIENTED_EDGE ( 'NONE', *, *, #1880, .T. ) ;
#4498 = CIRCLE ( 'NONE', #6189, 0.2000000000000000900 ) ;
#4499 = AXIS2_PLACEMENT_3D ( 'NONE', #44, #1806, #5241 ) ;
#4500 = VECTOR ( 'NONE', #5771, 1000.000000000000000 ) ;
#4501 = VECTOR ( 'NONE', #3421, 1000.000000000000000 ) ;
#4502 = EDGE_LOOP ( 'NONE', ( #6554, #9645, #2272, #8358 ) ) ;
#4503 = DIRECTION ( 'NONE',  ( 1.000000000000000000, 0.0000000000000000000, 0.0000000000000000000 ) ) ;
#4504 = VECTOR ( 'NONE', #8377, 1000.000000000000000 ) ;
#4505 = ADVANCED_FACE ( 'NONE', ( #10311 ), #5746, .T. ) ;
#4506 = PRODUCT_DEFINITION_SHAPE ( 'NONE', 'NONE',  #11291 ) ;
#4507 = DATE_AND_TIME ( #6842, #9169 ) ;
#4508 = APPROVAL_STATUS ( 'not_yet_approved' ) ;
#4509 = CARTESIAN_POINT ( 'NONE',  ( -85.64999999999570000, -49.25000000000000000, 0.0000000000000000000 ) ) ;
#4510 = ORIENTED_EDGE ( 'NONE', *, *, #4045, .T. ) ;
#4511 = LINE ( 'NONE', #10347, #8334 ) ;
#4512 = CARTESIAN_POINT ( 'NONE',  ( 3.649999999999999900, -4.665622848106282600E-017, 0.5000000000000000000 ) ) ;
#4513 = AXIS2_PLACEMENT_3D ( 'NONE', #3886, #6481, #8248 ) ;
#4514 = LINE ( 'NONE', #9833, #6557 ) ;
#4515 = DIRECTION ( 'NONE',  ( -0.0000000000000000000, -0.0000000000000000000, -1.000000000000000000 ) ) ;
#4516 = EDGE_CURVE ( 'NONE', #7076, #6958, #3103, .T. ) ;
#4517 = VECTOR ( 'NONE', #7714, 1000.000000000000000 ) ;
#4518 = COORDINATED_UNIVERSAL_TIME_OFFSET ( 1, 0, .AHEAD. ) ;
#4519 = EDGE_CURVE ( 'NONE', #5138, #934, #805, .T. ) ;
#4520 = CARTESIAN_POINT ( 'NONE',  ( 3.649999999999999500, 0.0000000000000000000, 1.499999999999996900 ) ) ;
#4521 = APPROVAL_ROLE ( '' ) ;
#4522 = ORIENTED_EDGE ( 'NONE', *, *, #1925, .T. ) ;
#4523 = CARTESIAN_POINT ( 'NONE',  ( 2.378146924196519900, 21.30000000000000100, -6.054130821183109700 ) ) ;
#4524 = VECTOR ( 'NONE', #7801, 1000.000000000000000 ) ;
#4525 = DIRECTION ( 'NONE',  ( 0.0000000000000000000, -0.0000000000000000000, 1.000000000000000000 ) ) ;
#4526 = ORIENTED_EDGE ( 'NONE', *, *, #5934, .F. ) ;
#4527 = CARTESIAN_POINT ( 'NONE',  ( 86.50000000000000000, 32.50000000000001400, 0.0000000000000000000 ) ) ;
#4528 = LINE ( 'NONE', #9527, #4262 ) ;
#4529 = VECTOR ( 'NONE', #4607, 1000.000000000000000 ) ;
#4530 = CC_DESIGN_PERSON_AND_ORGANIZATION_ASSIGNMENT ( #8276, #9082, ( #2808 ) ) ;
#4531 = DIRECTION ( 'NONE',  ( -0.0000000000000000000, 0.0000000000000000000, -1.000000000000000000 ) ) ;
#4532 = LOCAL_TIME ( 11, 17, 25.00000000000000000, #6863 ) ;
#4533 = ORIENTED_EDGE ( 'NONE', *, *, #4911, .T. ) ;
#4534 = VECTOR ( 'NONE', #4168, 1000.000000000000000 ) ;
#4535 = CC_DESIGN_PERSON_AND_ORGANIZATION_ASSIGNMENT ( #7643, #82, ( #1644 ) ) ;
#4536 = DIRECTION ( 'NONE',  ( 0.0000000000000000000, -1.000000000000000000, 0.0000000000000000000 ) ) ;
#4537 = LINE ( 'NONE', #8667, #8908 ) ;
#4538 = ORIENTED_EDGE ( 'NONE', *, *, #2899, .F. ) ;
#4539 = CARTESIAN_POINT ( 'NONE',  ( -3.330125881441345000, -17.95540793510310000, 72.00000000000001400 ) ) ;
#4540 = LINE ( 'NONE', #10744, #2249 ) ;
#4541 = ORIENTED_EDGE ( 'NONE', *, *, #3410, .F. ) ;
#4542 = DIRECTION ( 'NONE',  ( 0.0000000000000000000, 0.0000000000000000000, 1.000000000000000000 ) ) ;
#4543 = VECTOR ( 'NONE', #208, 1000.000000000000000 ) ;
#4544 = CARTESIAN_POINT ( 'NONE',  ( -73.50000000000000000, 1.500000000000000000, 168.0000000000000000 ) ) ;
#4545 = CIRCLE ( 'NONE', #2044, 0.4000000000000001900 ) ;
#4546 = FACE_OUTER_BOUND ( 'NONE', #1249, .T. ) ;
#4547 = ORIENTED_EDGE ( 'NONE', *, *, #5979, .F. ) ;
#4548 = ORIENTED_EDGE ( 'NONE', *, *, #4112, .F. ) ;
#4549 = ORIENTED_EDGE ( 'NONE', *, *, #7754, .F. ) ;
#4550 = CARTESIAN_POINT ( 'NONE',  ( 5.850000000000001400, 5.875000000000000000, 248.0000000000000000 ) ) ;
#4551 = DIRECTION ( 'NONE',  ( 0.0000000000000000000, 0.0000000000000000000, 1.000000000000000000 ) ) ;
#4552 = EDGE_CURVE ( 'NONE', #2334, #5500, #5395, .T. ) ;
#4553 = CARTESIAN_POINT ( 'NONE',  ( -1.249999999999999800, 6.056226450798924400E-017, -7.500000000000000000 ) ) ;
#4554 = ORIENTED_EDGE ( 'NONE', *, *, #7373, .T. ) ;
#4555 = AXIS2_PLACEMENT_3D ( 'NONE', #1939, #4542, #8029 ) ;
#4556 = ORIENTED_EDGE ( 'NONE', *, *, #10098, .F. ) ;
#4557 = LINE ( 'NONE', #7960, #9212 ) ;
#4558 = DIRECTION ( 'NONE',  ( -0.0000000000000000000, 1.000000000000000000, 0.0000000000000000000 ) ) ;
#4559 = DIRECTION ( 'NONE',  ( 1.000000000000000000, 0.0000000000000000000, 0.0000000000000000000 ) ) ;
#4560 = CIRCLE ( 'NONE', #10440, 0.2000000000000000900 ) ;
#4561 = ORIENTED_EDGE ( 'NONE', *, *, #7764, .F. ) ;
#4562 = EDGE_LOOP ( 'NONE', ( #10000, #9062, #5838, #845 ) ) ;
#4563 = CARTESIAN_POINT ( 'NONE',  ( -2.243095548590674900, 2.918783954071125600, 0.5000000000000000000 ) ) ;
#4564 = PERSON_AND_ORGANIZATION_ROLE ( 'design_supplier' ) ;
#4565 = ORIENTED_EDGE ( 'NONE', *, *, #4093, .T. ) ;
#4566 = CARTESIAN_POINT ( 'NONE',  ( 6.250000000000000000, 16.82499999999999900, 72.00000000000001400 ) ) ;
#4567 = DIRECTION ( 'NONE',  ( -0.0000000000000000000, 0.0000000000000000000, 1.000000000000000000 ) ) ;
#4568 = CARTESIAN_POINT ( 'NONE',  ( 73.50000000000000000, 1.500000000000000000, 19.50000000000000000 ) ) ;
#4569 = PLANE ( 'NONE',  #1097 ) ;
#4570 = ORIENTED_EDGE ( 'NONE', *, *, #10073, .F. ) ;
#4571 = CARTESIAN_POINT ( 'NONE',  ( -0.4609100473860072200, 0.5997501243938603300, -8.000000000000000000 ) ) ;
#4572 = ADVANCED_FACE ( 'NONE', ( #5123 ), #9273, .F. ) ;
#4573 = FACE_OUTER_BOUND ( 'NONE', #9972, .T. ) ;
#4574 = VERTEX_POINT ( 'NONE', #6679 ) ;
#4575 = PLANE ( 'NONE',  #5798 ) ;
#4576 = EDGE_CURVE ( 'NONE', #9344, #2932, #2830, .T. ) ;
#4577 = AXIS2_PLACEMENT_3D ( 'NONE', #8114, #2896, #8986 ) ;
#4578 = PERSON_AND_ORGANIZATION ( #9810, #4463 ) ;
#4579 = DIRECTION ( 'NONE',  ( 1.000000000000000000, 0.0000000000000000000, 0.0000000000000000000 ) ) ;
#4580 = FACE_OUTER_BOUND ( 'NONE', #10189, .T. ) ;
#4581 = PLANE ( 'NONE',  #5989 ) ;
#4582 = LINE ( 'NONE', #2558, #2282 ) ;
#4583 = ORIENTED_EDGE ( 'NONE', *, *, #6427, .T. ) ;
#4584 = ADVANCED_FACE ( 'NONE', ( #7453 ), #2561, .F. ) ;
#4585 = CARTESIAN_POINT ( 'NONE',  ( 5.850000000000001400, 19.27500000000000600, 71.99899999999999500 ) ) ;
#4586 = AXIS2_PLACEMENT_3D ( 'NONE', #9045, #6440, #1246 ) ;
#4587 = APPROVAL_DATE_TIME ( #6919, #9080 ) ;
#4588 = DIRECTION ( 'NONE',  ( 1.000000000000000000, 0.0000000000000000000, -0.0000000000000000000 ) ) ;
#4589 = ORIENTED_EDGE ( 'NONE', *, *, #5109, .T. ) ;
#4590 = DIRECTION ( 'NONE',  ( -0.0000000000000000000, 1.000000000000000000, 0.0000000000000000000 ) ) ;
#4591 = FACE_OUTER_BOUND ( 'NONE', #5755, .T. ) ;
#4592 = ORIENTED_EDGE ( 'NONE', *, *, #9144, .F. ) ;
#4593 = VERTEX_POINT ( 'NONE', #2393 ) ;
#4594 = VERTEX_POINT ( 'NONE', #8468 ) ;
#4595 = CARTESIAN_POINT ( 'NONE',  ( 1.949308969713319700, -2.493718516972145000, -2.983498458241763600 ) ) ;
#4596 = LOCAL_TIME ( 11, 17, 25.00000000000000000, #6927 ) ;
#4597 = CARTESIAN_POINT ( 'NONE',  ( 0.0000000000000000000, 0.0000000000000000000, 1.000000000000000000 ) ) ;
#4598 = EDGE_CURVE ( 'NONE', #1568, #5156, #235, .T. ) ;
#4599 = CARTESIAN_POINT ( 'NONE',  ( -4.899999999999999500, 9.674999999999998900, 248.0000000000000000 ) ) ;
#4600 = APPROVAL ( #9776, 'UNSPECIFIED' ) ;
#4601 = CARTESIAN_POINT ( 'NONE',  ( 0.4777838534843650300, -3.649999999999999900, 0.5000000000000000000 ) ) ;
#4602 = AXIS2_PLACEMENT_3D ( 'NONE', #11003, #5775, #584 ) ;
#4603 = PERSON_AND_ORGANIZATION_ROLE ( 'creator' ) ;
#4604 = CARTESIAN_POINT ( 'NONE',  ( -3.799999999999999800, 9.475000000000001400, -0.001000000000000999900 ) ) ;
#4605 = AXIS2_PLACEMENT_3D ( 'NONE', #6790, #4147, #1593 ) ;
#4606 = CARTESIAN_POINT ( 'NONE',  ( -86.50000000000001400, -1.301042606982605300E-015, 185.0000000000000000 ) ) ;
#4607 = DIRECTION ( 'NONE',  ( 1.000000000000000000, 0.0000000000000000000, -0.0000000000000000000 ) ) ;
#4608 = CARTESIAN_POINT ( 'NONE',  ( 2.449999999999999700, 19.07500000000000300, 248.0000000000000000 ) ) ;
#4609 = CARTESIAN_POINT ( 'NONE',  ( 0.5000000000000000000, -4.000000000000000000, -2.449489742783179200 ) ) ;
#4610 = DIRECTION ( 'NONE',  ( -0.0000000000000000000, 0.0000000000000000000, 1.000000000000000000 ) ) ;
#4611 = EDGE_CURVE ( 'NONE', #1165, #9284, #515, .T. ) ;
#4612 = CC_DESIGN_SECURITY_CLASSIFICATION ( #4012, ( #11301 ) ) ;
#4613 = EDGE_CURVE ( 'NONE', #1766, #1648, #7176, .T. ) ;
#4614 = CARTESIAN_POINT ( 'NONE',  ( 5.850000000000001400, -2.225000000000000100, 71.99899999999999500 ) ) ;
#4615 = CARTESIAN_POINT ( 'NONE',  ( -0.5999999999999999800, -3.625000000000000000, 248.0000000000000000 ) ) ;
#4616 = CARTESIAN_POINT ( 'NONE',  ( 0.5000000000005104800, -2.687306062678937100, -3.025874995459997100 ) ) ;
#4617 = APPROVAL ( #4130, 'UNKNOWN' ) ;
#4618 = ORIENTED_EDGE ( 'NONE', *, *, #5063, .T. ) ;
#4619 = ORIENTED_EDGE ( 'NONE', *, *, #7919, .T. ) ;
#4620 = ORIENTED_EDGE ( 'NONE', *, *, #8867, .T. ) ;
#4621 = EDGE_LOOP ( 'NONE', ( #917, #434, #7712, #153 ) ) ;
#4622 = EDGE_CURVE ( 'NONE', #5942, #1445, #6913, .T. ) ;
#4623 = EDGE_CURVE ( 'NONE', #6468, #7256, #4850, .T. ) ;
#4624 = CARTESIAN_POINT ( 'NONE',  ( -0.4609100473859870700, 0.5997501243938340200, -8.000000000000000000 ) ) ;
#4625 = CARTESIAN_POINT ( 'NONE',  ( -0.5999999999999998700, 10.62500000000000000, -0.001000000000000999900 ) ) ;
#4626 = ADVANCED_FACE ( 'NONE', ( #4580 ), #4317, .F. ) ;
#4627 = DIRECTION ( 'NONE',  ( -1.000000000000000000, 0.0000000000000000000, 0.0000000000000000000 ) ) ;
#4628 = CARTESIAN_POINT ( 'NONE',  ( -4.899999999999999500, -9.674999999999998900, 248.0000000000000000 ) ) ;
#4629 = DESIGN_CONTEXT ( 'detailed design', #6274, 'design' ) ;
#4630 = ORIENTED_EDGE ( 'NONE', *, *, #5263, .T. ) ;
#4631 = VERTEX_POINT ( 'NONE', #2468 ) ;
#4632 = CYLINDRICAL_SURFACE ( 'NONE', #10456, 0.4000000000000001900 ) ;
#4633 = EDGE_LOOP ( 'NONE', ( #2518, #2178, #8992, #9138 ) ) ;
#4634 = ORIENTED_EDGE ( 'NONE', *, *, #8426, .F. ) ;
#4635 = ORIENTED_EDGE ( 'NONE', *, *, #1583, .T. ) ;
#4636 = EDGE_CURVE ( 'NONE', #4299, #11036, #6627, .T. ) ;
#4637 = CARTESIAN_POINT ( 'NONE',  ( 5.850000000000001400, -8.724999999999999600, 248.0000000000000000 ) ) ;
#4638 = ADVANCED_FACE ( 'NONE', ( #10985 ), #2432, .F. ) ;
#4639 = PERSON_AND_ORGANIZATION_ROLE ( 'design_owner' ) ;
#4640 = EDGE_CURVE ( 'NONE', #8368, #2446, #8684, .T. ) ;
#4641 = DIRECTION ( 'NONE',  ( -1.000000000000000000, 0.0000000000000000000, 0.0000000000000000000 ) ) ;
#4642 = FACE_OUTER_BOUND ( 'NONE', #6674, .T. ) ;
#4643 = AXIS2_PLACEMENT_3D ( 'NONE', #2553, #4234, #8631 ) ;
#4644 = DIRECTION ( 'NONE',  ( 0.0000000000000000000, 0.0000000000000000000, -1.000000000000000000 ) ) ;
#4645 = CARTESIAN_POINT ( 'NONE',  ( 86.50000000000000000, 1.499999999999999100, 0.0000000000000000000 ) ) ;
#4646 = EDGE_LOOP ( 'NONE', ( #3432, #1872, #3494, #9611 ) ) ;
#4647 = VECTOR ( 'NONE', #9124, 1000.000000000000000 ) ;
#4648 = ORIENTED_EDGE ( 'NONE', *, *, #6075, .T. ) ;
#4649 = CARTESIAN_POINT ( 'NONE',  ( -88.50000000000000000, 31.00000000000000000, 185.0000000000000000 ) ) ;
#4650 = DIRECTION ( 'NONE',  ( -1.000000000000000000, 7.610399765575671300E-015, 0.0000000000000000000 ) ) ;
#4651 = LINE ( 'NONE', #9220, #2349 ) ;
#4652 = CARTESIAN_POINT ( 'NONE',  ( 0.0000000000000000000, 0.0000000000000000000, 1.250000000000000000 ) ) ;
#4653 = CYLINDRICAL_SURFACE ( 'NONE', #9524, 2.150000000000012800 ) ;
#4654 = APPROVAL_PERSON_ORGANIZATION ( #6980, #910, #6005 ) ;
#4655 = EDGE_LOOP ( 'NONE', ( #1600, #3063, #7069, #4881 ) ) ;
#4656 = FACE_OUTER_BOUND ( 'NONE', #5748, .T. ) ;
#4657 = CYLINDRICAL_SURFACE ( 'NONE', #4425, 0.4000000000000000800 ) ;
#4658 = CARTESIAN_POINT ( 'NONE',  ( 4.465201052473198100E-016, 9.199999999999999300, 72.00000000000001400 ) ) ;
#4659 = VECTOR ( 'NONE', #2328, 1000.000000000000000 ) ;
#4660 = APPROVAL_DATE_TIME ( #6990, #8143 ) ;
#4661 = ORIENTED_EDGE ( 'NONE', *, *, #10332, .F. ) ;
#4662 = AXIS2_PLACEMENT_3D ( 'NONE', #4251, #10349, #5128 ) ;
#4663 = AXIS2_PLACEMENT_3D ( 'NONE', #10814, #5586, #400 ) ;
#4664 = ORIENTED_EDGE ( 'NONE', *, *, #5901, .T. ) ;
#4665 = AXIS2_PLACEMENT_3D ( 'NONE', #2071, #2910, #9919 ) ;
#4666 = LINE ( 'NONE', #5345, #2373 ) ;
#4667 = VECTOR ( 'NONE', #5587, 1000.000000000000000 ) ;
#4668 = ORIENTED_EDGE ( 'NONE', *, *, #10184, .T. ) ;
#4669 = PLANE ( 'NONE',  #4214 ) ;
#4670 = EDGE_CURVE ( 'NONE', #8994, #9465, #11278, .T. ) ;
#4671 = CIRCLE ( 'NONE', #4997, 3.500000000000003100 ) ;
#4672 = EDGE_CURVE ( 'NONE', #10619, #7076, #2280, .T. ) ;
#4673 = ORIENTED_EDGE ( 'NONE', *, *, #9943, .F. ) ;
#4674 = LOCAL_TIME ( 11, 17, 25.00000000000000000, #7005 ) ;
#4675 = DATE_TIME_ROLE ( 'classification_date' ) ;
#4676 = DIRECTION ( 'NONE',  ( 0.0000000000000000000, 1.000000000000000000, 0.0000000000000000000 ) ) ;
#4677 = DIRECTION ( 'NONE',  ( 1.000000000000000000, 6.071532165918830700E-016, 0.0000000000000000000 ) ) ;
#4678 = CARTESIAN_POINT ( 'NONE',  ( -0.3999999999999999700, -10.42500000000000100, 248.0000000000000000 ) ) ;
#4679 = PLANE ( 'NONE',  #1378 ) ;
#4680 = VERTEX_POINT ( 'NONE', #5118 ) ;
#4681 = DIRECTION ( 'NONE',  ( -6.454785026890447800E-015, 1.000000000000000000, 0.0000000000000000000 ) ) ;
#4682 = FACE_BOUND ( 'NONE', #7180, .T. ) ;
#4683 = ADVANCED_FACE ( 'NONE', ( #8397 ), #5993, .T. ) ;
#4684 = FACE_BOUND ( 'NONE', #5829, .T. ) ;
#4685 = ORIENTED_EDGE ( 'NONE', *, *, #10473, .T. ) ;
#4686 = ORIENTED_EDGE ( 'NONE', *, *, #4032, .F. ) ;
#4687 = VERTEX_POINT ( 'NONE', #8634 ) ;
#4688 = CC_DESIGN_PERSON_AND_ORGANIZATION_ASSIGNMENT ( #3892, #3938, ( #2955 ) ) ;
#4689 = CARTESIAN_POINT ( 'NONE',  ( 6.250000000000000900, -19.67500000000000100, 248.0000000000000000 ) ) ;
#4690 = CARTESIAN_POINT ( 'NONE',  ( 1.530808498934191600E-016, 2.000000000000000000, -1.250000000000000000 ) ) ;
#4691 = CARTESIAN_POINT ( 'NONE',  ( 83.39999999999548700, -20.25000000000000000, -0.0009999999999999161000 ) ) ;
#4692 = EDGE_CURVE ( 'NONE', #4680, #8316, #10719, .T. ) ;
#4693 = DIRECTION ( 'NONE',  ( -1.000000000000000000, 0.0000000000000000000, 0.0000000000000000000 ) ) ;
#4694 = LINE ( 'NONE', #6789, #2670 ) ;
#4695 = VECTOR ( 'NONE', #5310, 1000.000000000000000 ) ;
#4696 = ORIENTED_EDGE ( 'NONE', *, *, #3374, .F. ) ;
#4697 = ADVANCED_FACE ( 'NONE', ( #6345 ), #8287, .T. ) ;
#4698 = EDGE_LOOP ( 'NONE', ( #8040, #9608 ) ) ;
#4699 = CARTESIAN_POINT ( 'NONE',  ( 1.649999999999998600, 0.2159844817122108000, 1.500000000000000200 ) ) ;
#4700 = EDGE_LOOP ( 'NONE', ( #1667, #3248, #5567, #3557 ) ) ;
#4701 = DIRECTION ( 'NONE',  ( -1.000000000000000000, -0.0000000000000000000, 0.0000000000000000000 ) ) ;
#4702 = EDGE_CURVE ( 'NONE', #1148, #1826, #1628, .T. ) ;
#4703 = EDGE_CURVE ( 'NONE', #695, #3083, #10599, .T. ) ;
#4704 = ORIENTED_EDGE ( 'NONE', *, *, #11104, .T. ) ;
#4705 = VERTEX_POINT ( 'NONE', #8087 ) ;
#4706 = CALENDAR_DATE ( 2023, 9, 11 ) ;
#4707 = AXIS2_PLACEMENT_3D ( 'NONE', #9616, #4364, #10468 ) ;
#4708 = DIRECTION ( 'NONE',  ( 1.000000000000000000, 0.0000000000000000000, 0.0000000000000000000 ) ) ;
#4709 = DIRECTION ( 'NONE',  ( -1.000000000000000000, 0.0000000000000000000, 0.0000000000000000000 ) ) ;
#4710 = VECTOR ( 'NONE', #9058, 1000.000000000000000 ) ;
#4711 = ORIENTED_EDGE ( 'NONE', *, *, #5799, .F. ) ;
#4712 = CARTESIAN_POINT ( 'NONE',  ( 1.145643923738960400, 0.0000000000000000000, -0.5000000000000000000 ) ) ;
#4713 = APPROVAL_ROLE ( '' ) ;
#4714 = DIRECTION ( 'NONE',  ( -0.0000000000000000000, -0.0000000000000000000, -1.000000000000000000 ) ) ;
#4715 = CARTESIAN_POINT ( 'NONE',  ( 2.449489742783178800, 0.0000000000000000000, -0.5000000000000000000 ) ) ;
#4716 = DIRECTION ( 'NONE',  ( 0.0000000000000000000, 0.0000000000000000000, 1.000000000000000000 ) ) ;
#4717 = CARTESIAN_POINT ( 'NONE',  ( 88.50000000000000000, 0.1499999999999999900, 367.9104972384030200 ) ) ;
#4718 = DIRECTION ( 'NONE',  ( 1.000000000000000000, 0.0000000000000000000, 0.0000000000000000000 ) ) ;
#4719 = LOCAL_TIME ( 11, 17, 25.00000000000000000, #7045 ) ;
#4720 = DIRECTION ( 'NONE',  ( -1.000000000000000000, -0.0000000000000000000, 0.0000000000000000000 ) ) ;
#4721 = ORIENTED_EDGE ( 'NONE', *, *, #6573, .F. ) ;
#4722 = LINE ( 'NONE', #9683, #2158 ) ;
#4723 = ORIENTED_EDGE ( 'NONE', *, *, #4840, .F. ) ;
#4724 = CARTESIAN_POINT ( 'NONE',  ( 6.250000000000000900, -8.724999999999999600, 248.0000000000000000 ) ) ;
#4725 = FACE_OUTER_BOUND ( 'NONE', #371, .T. ) ;
#4726 = ORIENTED_EDGE ( 'NONE', *, *, #269, .T. ) ;
#4727 = ORIENTED_EDGE ( 'NONE', *, *, #11272, .T. ) ;
#4728 = DIRECTION ( 'NONE',  ( 0.5735764363510518200, -0.8191520442889878000, 1.645157840493055400E-019 ) ) ;
#4729 = AXIS2_PLACEMENT_3D ( 'NONE', #9912, #10772, #3791 ) ;
#4730 = DIRECTION ( 'NONE',  ( 1.000000000000000000, 0.0000000000000000000, 0.0000000000000000000 ) ) ;
#4731 = COORDINATED_UNIVERSAL_TIME_OFFSET ( 1, 0, .AHEAD. ) ;
#4732 = DIRECTION ( 'NONE',  ( 0.0000000000000000000, 0.0000000000000000000, -1.000000000000000000 ) ) ;
#4733 = ORIENTED_EDGE ( 'NONE', *, *, #5622, .F. ) ;
#4734 = AXIS2_PLACEMENT_3D ( 'NONE', #1754, #7829, #2617 ) ;
#4735 = ADVANCED_FACE ( 'NONE', ( #1352 ), #1072, .T. ) ;
#4736 = SHAPE_DEFINITION_REPRESENTATION ( #146, #9691 ) ;
#4737 = EDGE_CURVE ( 'NONE', #17, #5340, #5953, .T. ) ;
#4738 = CARTESIAN_POINT ( 'NONE',  ( 88.50000000000000000, 29.00000000000000000, 0.0000000000000000000 ) ) ;
#4739 = EDGE_CURVE ( 'NONE', #6039, #7485, #3383, .T. ) ;
#4740 = EDGE_LOOP ( 'NONE', ( #2336, #3687, #3988, #3373 ) ) ;
#4741 = ADVANCED_FACE ( 'NONE', ( #10328 ), #5413, .F. ) ;
#4742 = DIRECTION ( 'NONE',  ( 1.000000000000000000, 6.071532165918830700E-016, 0.0000000000000000000 ) ) ;
#4743 = APPROVAL ( #312, 'UNSPECIFIED' ) ;
#4744 = APPROVAL_STATUS ( 'not_yet_approved' ) ;
#4745 = ORIENTED_EDGE ( 'NONE', *, *, #5722, .F. ) ;
#4746 = CARTESIAN_POINT ( 'NONE',  ( 5.850000000000001400, 19.27500000000000600, 72.00000000000001400 ) ) ;
#4747 = CARTESIAN_POINT ( 'NONE',  ( 0.0000000000000000000, -9.924999999999998900, 248.0000000000000000 ) ) ;
#4748 = DIRECTION ( 'NONE',  ( -0.0000000000000000000, 1.000000000000000000, 0.0000000000000000000 ) ) ;
#4749 = DIRECTION ( 'NONE',  ( -1.000000000000000000, 0.0000000000000000000, 0.0000000000000000000 ) ) ;
#4750 = DIRECTION ( 'NONE',  ( -1.000000000000000000, 0.0000000000000000000, 0.0000000000000000000 ) ) ;
#4751 = CC_DESIGN_DATE_AND_TIME_ASSIGNMENT ( #10643, #1774, ( #2437 ) ) ;
#4752 = ORIENTED_EDGE ( 'NONE', *, *, #5614, .F. ) ;
#4753 = DIRECTION ( 'NONE',  ( 0.0000000000000000000, 0.0000000000000000000, -1.000000000000000000 ) ) ;
#4754 = ORIENTED_EDGE ( 'NONE', *, *, #7265, .F. ) ;
#4755 = CARTESIAN_POINT ( 'NONE',  ( 73.50000000000000000, 1.500000000000000000, 170.5000000000000000 ) ) ;
#4756 = VERTEX_POINT ( 'NONE', #4609 ) ;
#4757 = FACE_BOUND ( 'NONE', #2508, .T. ) ;
#4758 = ORIENTED_EDGE ( 'NONE', *, *, #8724, .F. ) ;
#4759 = CARTESIAN_POINT ( 'NONE',  ( 0.5999999999999999800, -3.625000000000000000, -0.001000000000000999900 ) ) ;
#4760 = ORIENTED_EDGE ( 'NONE', *, *, #707, .F. ) ;
#4761 = ORIENTED_EDGE ( 'NONE', *, *, #5400, .F. ) ;
#4762 = CARTESIAN_POINT ( 'NONE',  ( -88.50000000000001400, 23.22500000000000100, 17.00000000000000000 ) ) ;
#4763 = CARTESIAN_POINT ( 'NONE',  ( -90.00100000000000500, 7.125000000000000000, 17.00000000000000000 ) ) ;
#4764 = EDGE_CURVE ( 'NONE', #772, #10157, #10051, .T. ) ;
#4765 = EDGE_CURVE ( 'NONE', #9569, #8779, #7746, .T. ) ;
#4766 = CIRCLE ( 'NONE', #9526, 0.4000000000000001900 ) ;
#4767 = VERTEX_POINT ( 'NONE', #1212 ) ;
#4768 = ORIENTED_EDGE ( 'NONE', *, *, #5614, .T. ) ;
#4769 = ORIENTED_EDGE ( 'NONE', *, *, #5420, .T. ) ;
#4770 = AXIS2_PLACEMENT_3D ( 'NONE', #2021, #8108, #2893 ) ;
#4771 = CIRCLE ( 'NONE', #951, 0.2000000000000000900 ) ;
#4772 = CARTESIAN_POINT ( 'NONE',  ( 3.750000000000000000, 8.125000000000000000, 248.0000000000000000 ) ) ;
#4773 = LINE ( 'NONE', #10123, #4500 ) ;
#4774 = VECTOR ( 'NONE', #1959, 1000.000000000000000 ) ;
#4775 = ORIENTED_EDGE ( 'NONE', *, *, #1343, .T. ) ;
#4776 = LINE ( 'NONE', #10166, #10912 ) ;
#4777 = DIRECTION ( 'NONE',  ( -0.0000000000000000000, 0.0000000000000000000, 1.000000000000000000 ) ) ;
#4778 = CALENDAR_DATE ( 2023, 9, 11 ) ;
#4779 = AXIS2_PLACEMENT_3D ( 'NONE', #3624, #9736, #5067 ) ;
#4780 = APPLICATION_PROTOCOL_DEFINITION ( 'international standard', 'config_control_design', 1994, #2713 ) ;
#4781 = ORIENTED_EDGE ( 'NONE', *, *, #10609, .T. ) ;
#4782 = EDGE_CURVE ( 'NONE', #2446, #5828, #3115, .T. ) ;
#4783 = DIRECTION ( 'NONE',  ( -1.000000000000000000, 6.071532165918830700E-016, 0.0000000000000000000 ) ) ;
#4784 = FACE_BOUND ( 'NONE', #1468, .T. ) ;
#4785 = DIRECTION ( 'NONE',  ( 0.0000000000000000000, 0.0000000000000000000, 1.000000000000000000 ) ) ;
#4786 = DIRECTION ( 'NONE',  ( -0.0000000000000000000, -0.0000000000000000000, 1.000000000000000000 ) ) ;
#4787 = DIRECTION ( 'NONE',  ( -0.0000000000000000000, -1.000000000000000000, -0.0000000000000000000 ) ) ;
#4788 = DIRECTION ( 'NONE',  ( 1.000000000000000000, 0.0000000000000000000, 0.0000000000000000000 ) ) ;
#4789 = CARTESIAN_POINT ( 'NONE',  ( -3.007484986178143000, -3.026577627125650100, -0.4999999999999961100 ) ) ;
#4790 = CARTESIAN_POINT ( 'NONE',  ( 0.6999999999999999600, 9.199999999999999300, -1.510173831053895000 ) ) ;
#4791 = ADVANCED_FACE ( 'NONE', ( #5137, #6231 ), #4679, .T. ) ;
#4792 = VECTOR ( 'NONE', #4559, 1000.000000000000000 ) ;
#4793 = FACE_OUTER_BOUND ( 'NONE', #345, .T. ) ;
#4794 = CARTESIAN_POINT ( 'NONE',  ( -0.6295237254636246700, 1.092232985442822500, -7.500000000000002700 ) ) ;
#4795 = CARTESIAN_POINT ( 'NONE',  ( 3.649999999999999500, 0.4777838534845876300, 1.499999999999996900 ) ) ;
#4796 = DIRECTION ( 'NONE',  ( 0.0000000000000000000, 1.000000000000000000, 0.0000000000000000000 ) ) ;
#4797 = DIRECTION ( 'NONE',  ( -1.000000000000000000, 0.0000000000000000000, 0.0000000000000000000 ) ) ;
#4798 = ORIENTED_EDGE ( 'NONE', *, *, #2173, .F. ) ;
#4799 = VECTOR ( 'NONE', #8599, 1000.000000000000000 ) ;
#4800 = DIRECTION ( 'NONE',  ( -1.000000000000000000, 0.0000000000000000000, 0.0000000000000000000 ) ) ;
#4801 = ORIENTED_EDGE ( 'NONE', *, *, #131, .F. ) ;
#4802 = AXIS2_PLACEMENT_3D ( 'NONE', #6465, #1267, #7340 ) ;
#4803 = LINE ( 'NONE', #9477, #460 ) ;
#4804 = ADVANCED_FACE ( 'NONE', ( #812 ), #2112, .F. ) ;
#4805 = LINE ( 'NONE', #6277, #2513 ) ;
#4806 = CONTEXT_DEPENDENT_SHAPE_REPRESENTATION ( #8437, #7444 ) ;
#4807 = ORIENTED_EDGE ( 'NONE', *, *, #2109, .T. ) ;
#4808 = FACE_OUTER_BOUND ( 'NONE', #6329, .T. ) ;
#4809 = DIRECTION ( 'NONE',  ( 0.0000000000000000000, 0.0000000000000000000, 1.000000000000000000 ) ) ;
#4810 = CIRCLE ( 'NONE', #4878, 2.250000000000001800 ) ;
#4811 = ORIENTED_EDGE ( 'NONE', *, *, #831, .T. ) ;
#4812 = CARTESIAN_POINT ( 'NONE',  ( -88.50000000000000000, 1.500000000000000000, 0.0000000000000000000 ) ) ;
#4813 = VECTOR ( 'NONE', #9926, 1000.000000000000000 ) ;
#4814 = EDGE_CURVE ( 'NONE', #7677, #9652, #2843, .T. ) ;
#4815 = EDGE_CURVE ( 'NONE', #6957, #7100, #9535, .T. ) ;
#4816 = CC_DESIGN_PERSON_AND_ORGANIZATION_ASSIGNMENT ( #7751, #4470, ( #4230 ) ) ;
#4817 = ORGANIZATION ( 'NAUO-ORG2', 'UNSPECIFIED', 'UNSPECIFIED' ) ;
#4818 = AXIS2_PLACEMENT_3D ( 'NONE', #3437, #7791, #8671 ) ;
#4819 = VECTOR ( 'NONE', #5366, 1000.000000000000000 ) ;
#4820 = EDGE_CURVE ( 'NONE', #5265, #209, #525, .T. ) ;
#4821 = DIRECTION ( 'NONE',  ( -1.000000000000000000, 0.0000000000000000000, 0.0000000000000000000 ) ) ;
#4822 = VECTOR ( 'NONE', #5180, 1000.000000000000000 ) ;
#4823 = ORIENTED_EDGE ( 'NONE', *, *, #6805, .F. ) ;
#4824 = EDGE_CURVE ( 'NONE', #5160, #1375, #7460, .T. ) ;
#4825 = ORIENTED_EDGE ( 'NONE', *, *, #237, .T. ) ;
#4826 = EDGE_LOOP ( 'NONE', ( #9825, #3685 ) ) ;
#4827 = SECURITY_CLASSIFICATION_LEVEL ( 'unclassified' ) ;
#4828 = DIRECTION ( 'NONE',  ( 0.0000000000000000000, 0.0000000000000000000, 1.000000000000000000 ) ) ;
#4829 = CARTESIAN_POINT ( 'NONE',  ( 1.804570487845476200, -21.11915204428899200, 248.0000000000000000 ) ) ;
#4830 = PLANE ( 'NONE',  #391 ) ;
#4831 = DIRECTION ( 'NONE',  ( -0.0000000000000000000, -0.0000000000000000000, 1.000000000000000000 ) ) ;
#4832 = VERTEX_POINT ( 'NONE', #6507 ) ;
#4833 = CARTESIAN_POINT ( 'NONE',  ( 3.950000000000000200, 6.274999999999998600, 71.99899999999999500 ) ) ;
#4834 = LINE ( 'NONE', #3573, #2814 ) ;
#4835 = CC_DESIGN_SECURITY_CLASSIFICATION ( #4248, ( #11294 ) ) ;
#4836 = LINE ( 'NONE', #2407, #2270 ) ;
#4837 = CLOSED_SHELL ( 'NONE', ( #2348, #8396, #10688, #9899, #5498, #6800, #9211, #10120, #3048, #6469, #10748, #8294, #10179, #2412, #1861, #5540, #263, #2129, #1901, #4095, #3327, #6687, #8930, #8258, #9063, #6635, #5482, #9797, #10807, #3715 ) ) ;
#4838 = PLANE ( 'NONE',  #5810 ) ;
#4839 = ORIENTED_EDGE ( 'NONE', *, *, #4031, .F. ) ;
#4840 = EDGE_CURVE ( 'NONE', #2847, #2473, #9240, .T. ) ;
#4841 = ORIENTED_EDGE ( 'NONE', *, *, #6983, .T. ) ;
#4842 = EDGE_CURVE ( 'NONE', #492, #518, #256, .T. ) ;
#4843 = ORIENTED_EDGE ( 'NONE', *, *, #1499, .T. ) ;
#4844 = CIRCLE ( 'NONE', #6641, 0.2000000000000000900 ) ;
#4845 = ORIENTED_EDGE ( 'NONE', *, *, #2292, .F. ) ;
#4846 = COORDINATED_UNIVERSAL_TIME_OFFSET ( 1, 0, .AHEAD. ) ;
#4847 = ADVANCED_FACE ( 'N', ( #4859 ), #9120, .F. ) ;
#4848 = CARTESIAN_POINT ( 'NONE',  ( -0.5999999999999999800, -3.824999999999999700, 248.0000000000000000 ) ) ;
#4849 = EDGE_CURVE ( 'NONE', #2789, #8354, #6035, .T. ) ;
#4850 = CIRCLE ( 'NONE', #4490, 0.4000000000000001900 ) ;
#4851 = FACE_OUTER_BOUND ( 'NONE', #1749, .T. ) ;
#4852 = EDGE_LOOP ( 'NONE', ( #4054, #6482, #10269, #8530 ) ) ;
#4853 = AXIS2_PLACEMENT_3D ( 'NONE', #4982, #11086, #5850 ) ;
#4854 = APPROVAL_PERSON_ORGANIZATION ( #7184, #9080, #278 ) ;
#4855 = B_SPLINE_CURVE_WITH_KNOTS ( 'NONE', 3,
 ( #6939, #9592, #8732, #3521, #9631, #4378, #10479, #5260, #64, #6139, #938, #7023, #1822, #7896, #2692, #8772, #3552, #9669 ),
 .UNSPECIFIED., .F., .F.,
 ( 4, 2, 2, 2, 2, 2, 2, 2, 4 ),
 ( 0.0000000000000000000, 0.1250000000000000300, 0.2500000000000000600, 0.3750000000000001100, 0.5000000000000001100, 0.6250000000000001100, 0.7500000000000002200, 0.8750000000000001100, 1.000000000000000000 ),
 .UNSPECIFIED. ) ;
#4856 = DIRECTION ( 'NONE',  ( 1.000000000000000000, 0.0000000000000000000, 0.0000000000000000000 ) ) ;
#4857 = ADVANCED_FACE ( 'NONE', ( #4591, #2294, #8975 ), #9152, .F. ) ;
#4858 = EDGE_LOOP ( 'NONE', ( #1089, #3532, #3556, #4884 ) ) ;
#4859 = FACE_OUTER_BOUND ( 'NONE', #8741, .T. ) ;
#4861 = ORIENTED_EDGE ( 'NONE', *, *, #759, .T. ) ;
#4860 = SECURITY_CLASSIFICATION_LEVEL ( 'unclassified' ) ;
#4862 = DIRECTION ( 'NONE',  ( 1.000000000000000000, 0.0000000000000000000, 1.219727444046192000E-016 ) ) ;
#4863 = DIRECTION ( 'NONE',  ( 0.0000000000000000000, 0.0000000000000000000, 1.000000000000000000 ) ) ;
#4864 = DIRECTION ( 'NONE',  ( 6.071532165918830700E-016, 1.000000000000000000, 0.0000000000000000000 ) ) ;
#4865 = DIRECTION ( 'NONE',  ( 1.000000000000000000, 0.0000000000000000000, 0.0000000000000000000 ) ) ;
#4866 = CARTESIAN_POINT ( 'NONE',  ( -3.600000000000000500, -3.225000000000000100, 72.00000000000001400 ) ) ;
#4867 = VERTEX_POINT ( 'NONE', #1357 ) ;
#4868 = CARTESIAN_POINT ( 'NONE',  ( -1.499506462899409900, -4.000000000000000000, 2.295053483194846100 ) ) ;
#4869 = DIRECTION ( 'NONE',  ( -0.0000000000000000000, -0.0000000000000000000, 1.000000000000000000 ) ) ;
#4870 = ORIENTED_EDGE ( 'NONE', *, *, #10293, .T. ) ;
#4871 = APPROVAL_DATE_TIME ( #7193, #5986 ) ;
#4872 = CARTESIAN_POINT ( 'NONE',  ( 0.09817475995270583100, 0.7500000000000089900, -8.000000000000000000 ) ) ;
#4873 = DIRECTION ( 'NONE',  ( 0.0000000000000000000, 0.0000000000000000000, 1.000000000000000000 ) ) ;
#4874 = CARTESIAN_POINT ( 'NONE',  ( -3.599999999999999600, -10.42500000000000100, 72.00000000000001400 ) ) ;
#4875 = DIRECTION ( 'NONE',  ( -0.0000000000000000000, -0.0000000000000000000, -1.000000000000000000 ) ) ;
#4876 = PRODUCT_DEFINITION_SHAPE ( 'NONE', 'NONE',  #11307 ) ;
#4877 = AXIS2_PLACEMENT_3D ( 'NONE', #1416, #7488, #2298 ) ;
#4878 = AXIS2_PLACEMENT_3D ( 'NONE', #6021, #828, #6911 ) ;
#4879 = CARTESIAN_POINT ( 'NONE',  ( 3.750000000000000000, 15.42499999999999900, 248.0000000000000000 ) ) ;
#4880 = EDGE_CURVE ( 'NONE', #3077, #1446, #2025, .T. ) ;
#4881 = ORIENTED_EDGE ( 'NONE', *, *, #2607, .T. ) ;
#4882 = EDGE_LOOP ( 'NONE', ( #6640, #387, #6867, #8536 ) ) ;
#4883 = EDGE_CURVE ( 'NONE', #3858, #10791, #10992, .T. ) ;
#4884 = ORIENTED_EDGE ( 'NONE', *, *, #6378, .F. ) ;
#4885 = ORIENTED_EDGE ( 'NONE', *, *, #6073, .F. ) ;
#4886 = APPROVAL ( #6505, 'UNSPECIFIED' ) ;
#4887 = ADVANCED_FACE ( 'NONE', ( #4329 ), #3128, .T. ) ;
#4888 =( REPRESENTATION_RELATIONSHIP ('NONE','NONE', #9710, #2133 ) REPRESENTATION_RELATIONSHIP_WITH_TRANSFORMATION ( #3734 )SHAPE_REPRESENTATION_RELATIONSHIP( ) );
#4889 = ORIENTED_EDGE ( 'NONE', *, *, #3297, .T. ) ;
#4890 = ORIENTED_EDGE ( 'NONE', *, *, #3814, .F. ) ;
#4891 = DIRECTION ( 'NONE',  ( 0.0000000000000000000, 0.0000000000000000000, 1.000000000000000000 ) ) ;
#4892 = DIRECTION ( 'NONE',  ( -8.953411488912540800E-016, 1.000000000000000000, -0.0000000000000000000 ) ) ;
#4893 = LINE ( 'NONE', #9629, #6955 ) ;
#4894 = CARTESIAN_POINT ( 'NONE',  ( 2.378146924196519900, -21.30000000000000100, -6.054130821183109700 ) ) ;
#4895 = ORIENTED_EDGE ( 'NONE', *, *, #6299, .F. ) ;
#4896 = DIRECTION ( 'NONE',  ( 6.071532165918830700E-016, 1.000000000000000000, 0.0000000000000000000 ) ) ;
#4897 = CARTESIAN_POINT ( 'NONE',  ( -1.949309744564501100, -2.493718516972145000, 2.983495056392113200 ) ) ;
#4898 = CARTESIAN_POINT ( 'NONE',  ( -3.025913700171606100, -2.687700889676372600, 0.5000000000004164400 ) ) ;
#4899 = ORIENTED_EDGE ( 'NONE', *, *, #7790, .F. ) ;
#4900 = CARTESIAN_POINT ( 'NONE',  ( -3.799999999999999800, -4.774999999999999500, -0.001000000000000999900 ) ) ;
#4901 = EDGE_LOOP ( 'NONE', ( #9927, #469 ) ) ;
#4902 = ADVANCED_FACE ( 'NONE', ( #1767 ), #8409, .T. ) ;
#4903 = CARTESIAN_POINT ( 'NONE',  ( 0.3777142256033324500, -0.6553397952731461200, -8.000000000000000000 ) ) ;
#4904 = CARTESIAN_POINT ( 'NONE',  ( 5.850000000000001400, -21.30000000000000100, -6.054130821183109700 ) ) ;
#4905 = LINE ( 'NONE', #2769, #573 ) ;
#4906 = DIRECTION ( 'NONE',  ( -0.0000000000000000000, -0.0000000000000000000, 1.000000000000000000 ) ) ;
#4907 = CIRCLE ( 'NONE', #1771, 1.250000000000000000 ) ;
#4908 = ORGANIZATION ( 'NAUO-ORG20', 'UNSPECIFIED', 'UNSPECIFIED' ) ;
#4909 = ADVANCED_FACE ( 'NONE', ( #6637 ), #10458, .T. ) ;
#4910 = EDGE_LOOP ( 'NONE', ( #87, #10802, #9869, #4357 ) ) ;
#4911 = EDGE_CURVE ( 'NONE', #7938, #9102, #6097, .T. ) ;
#4912 = EDGE_CURVE ( 'NONE', #10088, #6078, #4036, .T. ) ;
#4913 = CARTESIAN_POINT ( 'NONE',  ( 0.1963109229443039900, -0.7304795034937828800, -8.000000000000000000 ) ) ;
#4914 = AXIS2_PLACEMENT_3D ( 'NONE', #3196, #9285, #4048 ) ;
#4915 = CIRCLE ( 'NONE', #5378, 2.250000000000001800 ) ;
#4916 = CARTESIAN_POINT ( 'NONE',  ( -4.299999999999999800, -16.05552017741234700, 248.0000000000000000 ) ) ;
#4917 = DIRECTION ( 'NONE',  ( -0.0000000000000000000, -0.0000000000000000000, -1.000000000000000000 ) ) ;
#4918 = VECTOR ( 'NONE', #7898, 1000.000000000000100 ) ;
#4919 = CALENDAR_DATE ( 2023, 9, 11 ) ;
#4920 = CARTESIAN_POINT ( 'NONE',  ( -4.299999999999999800, 16.05552017741234700, 248.0000000000000000 ) ) ;
#4921 = VERTEX_POINT ( 'NONE', #1485 ) ;
#4922 = VECTOR ( 'NONE', #8676, 1000.000000000000000 ) ;
#4923 = FACE_OUTER_BOUND ( 'NONE', #4350, .T. ) ;
#4924 = CARTESIAN_POINT ( 'NONE',  ( 88.49999999999975800, 32.34999999999999400, 185.0000000000000000 ) ) ;
#4925 = LINE ( 'NONE', #4894, #9604 ) ;
#4926 = DATE_AND_TIME ( #7263, #9606 ) ;
#4927 = CARTESIAN_POINT ( 'NONE',  ( -4.750000000000000000, -3.700000000000000200, 3.000000000000000000 ) ) ;
#4928 = DIRECTION ( 'NONE',  ( 0.0000000000000000000, 1.000000000000000000, 0.0000000000000000000 ) ) ;
#4929 = DIRECTION ( 'NONE',  ( 0.0000000000000000000, 0.0000000000000000000, -1.000000000000000000 ) ) ;
#4930 = ORIENTED_EDGE ( 'NONE', *, *, #5400, .T. ) ;
#4931 = CIRCLE ( 'NONE', #5674, 0.4000000000000001900 ) ;
#4932 = FACE_OUTER_BOUND ( 'NONE', #5019, .T. ) ;
#4933 = ORIENTED_EDGE ( 'NONE', *, *, #7053, .T. ) ;
#4934 = CARTESIAN_POINT ( 'NONE',  ( -1.249999999999981600, 0.1636245999211583800, -7.999999999999994700 ) ) ;
#4935 = FACE_BOUND ( 'NONE', #6544, .T. ) ;
#4936 = VERTEX_POINT ( 'NONE', #10161 ) ;
#4937 = DIRECTION ( 'NONE',  ( -0.0000000000000000000, -0.0000000000000000000, 1.000000000000000000 ) ) ;
#4938 = COORDINATED_UNIVERSAL_TIME_OFFSET ( 1, 0, .AHEAD. ) ;
#4939 = DIRECTION ( 'NONE',  ( -0.0000000000000000000, -1.000000000000000000, -0.0000000000000000000 ) ) ;
#4940 = ORIENTED_EDGE ( 'NONE', *, *, #8495, .T. ) ;
#4941 = AXIS2_PLACEMENT_3D ( 'NONE', #1622, #5924, #7698 ) ;
#4942 = DIRECTION ( 'NONE',  ( 0.0000000000000000000, 0.0000000000000000000, 1.000000000000000000 ) ) ;
#4943 = LINE ( 'NONE', #10590, #2662 ) ;
#4944 = FACE_OUTER_BOUND ( 'NONE', #5789, .T. ) ;
#4945 = EDGE_LOOP ( 'NONE', ( #10951, #8083, #3385, #276 ) ) ;
#4946 = ORIENTED_EDGE ( 'NONE', *, *, #6983, .F. ) ;
#4947 = CARTESIAN_POINT ( 'NONE',  ( 1.607054911442784800, -0.4318840214085200600, 1.500000000000000400 ) ) ;
#4948 = VERTEX_POINT ( 'NONE', #2368 ) ;
#4949 = CARTESIAN_POINT ( 'NONE',  ( -1.217465839156310000, 0.3271848715738270900, -7.999999999999994700 ) ) ;
#4950 = ADVANCED_FACE ( 'NONE', ( #10730 ), #3514, .F. ) ;
#4951 = DIRECTION ( 'NONE',  ( 0.0000000000000000000, 0.0000000000000000000, -1.000000000000000000 ) ) ;
#4952 = LINE ( 'NONE', #3795, #349 ) ;
#4953 = DIRECTION ( 'NONE',  ( -0.0000000000000000000, -0.0000000000000000000, -1.000000000000000000 ) ) ;
#4954 = CARTESIAN_POINT ( 'NONE',  ( 3.750000000000000000, -11.77500000000000000, 72.00000000000001400 ) ) ;
#4955 = LINE ( 'NONE', #3510, #2674 ) ;
#4956 = EDGE_LOOP ( 'NONE', ( #6603, #7327, #4565, #1590 ) ) ;
#4957 = EDGE_LOOP ( 'NONE', ( #11249, #662 ) ) ;
#4958 = PRODUCT_RELATED_PRODUCT_CATEGORY ( 'detail', '', ( #244 ) ) ;
#4959 = CC_DESIGN_APPROVAL ( #4386, ( #3223 ) ) ;
#4960 = CARTESIAN_POINT ( 'NONE',  ( 3.750000000000000000, 9.924999999999998900, 71.99899999999999500 ) ) ;
#4961 = VERTEX_POINT ( 'NONE', #10197 ) ;
#4962 = ADVANCED_FACE ( 'NONE', ( #1220 ), #6749, .T. ) ;
#4963 = PERSON_AND_ORGANIZATION_ROLE ( 'classification_officer' ) ;
#4964 = DIRECTION ( 'NONE',  ( 1.000000000000000000, 0.0000000000000000000, 0.0000000000000000000 ) ) ;
#4965 =( NAMED_UNIT ( * ) SI_UNIT ( $, .STERADIAN. ) SOLID_ANGLE_UNIT ( ) );
#4966 = CARTESIAN_POINT ( 'NONE',  ( -2.721447687268495800, 17.95000000000000300, 72.00000000000001400 ) ) ;
#4967 = DIRECTION ( 'NONE',  ( 6.071532165918830700E-016, 1.000000000000000000, 0.0000000000000000000 ) ) ;
#4968 = CARTESIAN_POINT ( 'NONE',  ( 1.649999999999999900, 0.0000000000000000000, 1.500000000000000000 ) ) ;
#4969 = DIRECTION ( 'NONE',  ( 0.0000000000000000000, -0.0000000000000000000, 1.000000000000000000 ) ) ;
#4970 = EDGE_LOOP ( 'NONE', ( #11221, #10262, #140, #1804 ) ) ;
#4971 = ORIENTED_EDGE ( 'NONE', *, *, #10611, .T. ) ;
#4972 = PERSON_AND_ORGANIZATION ( #9810, #4463 ) ;
#4973 = DIRECTION ( 'NONE',  ( 1.000000000000000000, 0.0000000000000000000, 0.0000000000000000000 ) ) ;
#4974 = ORIENTED_EDGE ( 'NONE', *, *, #1136, .T. ) ;
#4975 = CARTESIAN_POINT ( 'NONE',  ( 1.092232992121912500, 0.6295237093388708100, -7.999999999999994700 ) ) ;
#4976 = CIRCLE ( 'NONE', #5678, 2.149999999999999000 ) ;
#4977 = ORIENTED_EDGE ( 'NONE', *, *, #2793, .T. ) ;
#4978 = CARTESIAN_POINT ( 'NONE',  ( 3.449999999999999700, 3.700000000000000200, 3.000000000000000000 ) ) ;
#4979 = DIRECTION ( 'NONE',  ( -0.0000000000000000000, 1.000000000000000000, 0.0000000000000000000 ) ) ;
#4980 = EDGE_CURVE ( 'NONE', #155, #9354, #8154, .T. ) ;
#4981 = EDGE_CURVE ( 'NONE', #8660, #4961, #3775, .T. ) ;
#4982 = CARTESIAN_POINT ( 'NONE',  ( 88.50000000000000000, 25.37500000000000000, 17.00000000000000000 ) ) ;
#4983 = CARTESIAN_POINT ( 'NONE',  ( -90.00000000000000000, 7.125000000000000000, 168.0000000000000000 ) ) ;
#4984 = APPROVAL_DATE_TIME ( #7318, #7684 ) ;
#4985 = CARTESIAN_POINT ( 'NONE',  ( -1.607054911442802300, -0.4318840214085163900, 1.500000000000000700 ) ) ;
#4986 = LINE ( 'NONE', #4401, #6769 ) ;
#4987 = ORIENTED_EDGE ( 'NONE', *, *, #2109, .F. ) ;
#4988 = LINE ( 'NONE', #1071, #7049 ) ;
#4989 = ORIENTED_EDGE ( 'NONE', *, *, #5203, .T. ) ;
#4990 = ORIENTED_EDGE ( 'NONE', *, *, #1909, .T. ) ;
#4991 = CARTESIAN_POINT ( 'NONE',  ( 1.217465839156301600, 0.3271848715738561200, -7.999999999999994700 ) ) ;
#4992 = EDGE_CURVE ( 'NONE', #712, #10107, #10181, .T. ) ;
#4993 = LOCAL_TIME ( 11, 17, 25.00000000000000000, #7331 ) ;
#4994 = CARTESIAN_POINT ( 'NONE',  ( -3.399999999999999900, -3.824999999999999700, 72.00000000000001400 ) ) ;
#4995 = EDGE_LOOP ( 'NONE', ( #4775, #2961, #4769, #6991, #2203, #9202, #4173, #10439, #775, #9183, #8234, #2736 ) ) ;
#4996 = CARTESIAN_POINT ( 'NONE',  ( 6.250000000000000000, 13.17499999999999900, 248.0000000000000000 ) ) ;
#4997 = AXIS2_PLACEMENT_3D ( 'NONE', #3845, #9961, #4730 ) ;
#4998 = EDGE_CURVE ( 'NONE', #3205, #1256, #3226, .T. ) ;
#4999 = AXIS2_PLACEMENT_3D ( 'NONE', #592, #6664, #1463 ) ;
#5000 = DATE_TIME_ROLE ( 'classification_date' ) ;
#5001 =( LENGTH_UNIT ( ) NAMED_UNIT ( * ) SI_UNIT ( .MILLI., .METRE. ) );
#5002 = CARTESIAN_POINT ( 'NONE',  ( -1.014002097308122100, 1.319450280607483900, 1.500000000000000000 ) ) ;
#5003 = DIRECTION ( 'NONE',  ( -1.000000000000000000, 0.0000000000000000000, 0.0000000000000000000 ) ) ;
#5004 = PLANE ( 'NONE',  #4296 ) ;
#5005 = ADVANCED_FACE ( 'NONE', ( #7878 ), #7586, .T. ) ;
#5006 = ORIENTED_EDGE ( 'NONE', *, *, #9547, .F. ) ;
#5007 = AXIS2_PLACEMENT_3D ( 'NONE', #5169, #7277, #6060 ) ;
#5008 = CARTESIAN_POINT ( 'NONE',  ( -0.6295237093388764700, -1.092232992121895800, -7.999999999999994700 ) ) ;
#5009 = CARTESIAN_POINT ( 'NONE',  ( -0.1499999999999997400, 0.0000000000000000000, 65.07035354437189800 ) ) ;
#5010 = SHAPE_REPRESENTATION_RELATIONSHIP ( 'NONE' , 'NONE' ,  #5873, #3336 ) ;
#5011 = ORIENTED_EDGE ( 'NONE', *, *, #4408, .T. ) ;
#5012 = DIRECTION ( 'NONE',  ( 0.0000000000000000000, 0.0000000000000000000, 1.000000000000000000 ) ) ;
#5013 = DIRECTION ( 'NONE',  ( 0.0000000000000000000, 0.0000000000000000000, 1.000000000000000000 ) ) ;
#5014 = ADVANCED_FACE ( 'NONE', ( #5273 ), #7325, .F. ) ;
#5015 = EDGE_CURVE ( 'NONE', #4347, #5224, #659, .T. ) ;
#5016 = ORIENTED_EDGE ( 'NONE', *, *, #7542, .F. ) ;
#5017 = EDGE_CURVE ( 'NONE', #4948, #6519, #2970, .T. ) ;
#5018 = FACE_OUTER_BOUND ( 'NONE', #6826, .T. ) ;
#5019 = EDGE_LOOP ( 'NONE', ( #5006, #9773, #11230, #8575 ) ) ;
#5020 = CC_DESIGN_PERSON_AND_ORGANIZATION_ASSIGNMENT ( #2976, #203, ( #244 ) ) ;
#5021 = AXIS2_PLACEMENT_3D ( 'NONE', #6815, #1620, #7696 ) ;
#5022 = VERTEX_POINT ( 'NONE', #8031 ) ;
#5023 = CARTESIAN_POINT ( 'NONE',  ( -0.7681834123099718900, -0.9995835406563956500, -7.999999999999994700 ) ) ;
#5024 = AXIS2_PLACEMENT_3D ( 'NONE', #3232, #4929, #2330 ) ;
#5025 = ORIENTED_EDGE ( 'NONE', *, *, #9163, .F. ) ;
#5026 = DIRECTION ( 'NONE',  ( 0.0000000000000000000, 1.000000000000000000, 0.0000000000000000000 ) ) ;
#5027 = EDGE_CURVE ( 'NONE', #4705, #1446, #4988, .T. ) ;
#5028 = DIRECTION ( 'NONE',  ( 0.0000000000000000000, 0.0000000000000000000, -1.000000000000000000 ) ) ;
#5029 = EDGE_CURVE ( 'NONE', #11094, #9056, #9662, .T. ) ;
#5030 = VECTOR ( 'NONE', #443, 1000.000000000000000 ) ;
#5031 = ORIENTED_EDGE ( 'NONE', *, *, #5186, .F. ) ;
#5032 = VERTEX_POINT ( 'NONE', #5427 ) ;
#5033 = VERTEX_POINT ( 'NONE', #1101 ) ;
#5034 = VECTOR ( 'NONE', #5932, 1000.000000000000000 ) ;
#5035 = CARTESIAN_POINT ( 'NONE',  ( 90.00100000000000500, 7.125000000000000000, 19.14999999999999900 ) ) ;
#5036 = CARTESIAN_POINT ( 'NONE',  ( 2.000000000000000000, 0.0000000000000000000, -0.0009999999999999161000 ) ) ;
#5037 = SECURITY_CLASSIFICATION ( '', '', #2296 ) ;
#5038 = APPROVAL_ROLE ( '' ) ;
#5039 =( NAMED_UNIT ( * ) PLANE_ANGLE_UNIT ( ) SI_UNIT ( $, .RADIAN. ) );
#5040 = DIRECTION ( 'NONE',  ( 0.0000000000000000000, 1.000000000000000000, 0.0000000000000000000 ) ) ;
#5041 = CARTESIAN_POINT ( 'NONE',  ( 0.2159844817121100200, -1.649999999999999900, 1.500000000000000000 ) ) ;
#5042 = CARTESIAN_POINT ( 'NONE',  ( 0.0000000000000000000, -21.30000000000000100, 72.00000000000001400 ) ) ;
#5043 = EDGE_CURVE ( 'NONE', #4936, #3205, #9105, .T. ) ;
#5044 = VECTOR ( 'NONE', #9227, 1000.000000000000000 ) ;
#5045 = LINE ( 'NONE', #9935, #7654 ) ;
#5046 = ORIENTED_EDGE ( 'NONE', *, *, #708, .F. ) ;
#5047 = CIRCLE ( 'NONE', #2864, 2.499999999999998700 ) ;
#5048 = CARTESIAN_POINT ( 'NONE',  ( -0.6295237093388839100, 1.092232992121907800, -7.500000000000000000 ) ) ;
#5049 = PRODUCT_DEFINITION_SHAPE ( 'NONE', 'NONE',  #6946 ) ;
#5050 = ITEM_DEFINED_TRANSFORMATION ( 'NONE', 'NONE', #11100,  #7819 ) ;
#5051 = CARTESIAN_POINT ( 'NONE',  ( -2.000000000000000400, -14.50000000000000000, 72.00000000000001400 ) ) ;
#5052 = VERTEX_POINT ( 'NONE', #1986 ) ;
#5053 = VECTOR ( 'NONE', #4964, 1000.000000000000000 ) ;
#5054 = ORIENTED_EDGE ( 'NONE', *, *, #4623, .T. ) ;
#5055 = ADVANCED_BREP_SHAPE_REPRESENTATION ( '', ( #5415, #7819 ), #20 ) ;
#5056 = DIRECTION ( 'NONE',  ( -0.0000000000000000000, -0.0000000000000000000, -1.000000000000000000 ) ) ;
#5057 = CARTESIAN_POINT ( 'NONE',  ( 0.0000000000000000000, 3.700000000000000200, 3.000000000000000000 ) ) ;
#5058 = CIRCLE ( 'NONE', #6766, 0.4000000000000001900 ) ;
#5059 = EDGE_CURVE ( 'NONE', #274, #4153, #111, .T. ) ;
#5060 = DIRECTION ( 'NONE',  ( 7.610399765575671300E-015, -1.000000000000000000, 0.0000000000000000000 ) ) ;
#5061 = VECTOR ( 'NONE', #148, 1000.000000000000000 ) ;
#5062 = PERSON_AND_ORGANIZATION ( #6129, #7400 ) ;
#5063 = EDGE_CURVE ( 'NONE', #10714, #11169, #4446, .T. ) ;
#5064 = ORIENTED_EDGE ( 'NONE', *, *, #7919, .F. ) ;
#5065 = CARTESIAN_POINT ( 'NONE',  ( -0.3271848715738389600, 1.217465839156310000, -7.500000000000000000 ) ) ;
#5067 = DIRECTION ( 'NONE',  ( 0.0000000000000000000, 0.0000000000000000000, 1.000000000000000000 ) ) ;
#5066 = AXIS2_PLACEMENT_3D ( 'NONE', #9478, #4236, #10339 ) ;
#5068 = VECTOR ( 'NONE', #777, 1000.000000000000000 ) ;
#5069 = ADVANCED_FACE ( 'NONE', ( #4725 ), #5460, .F. ) ;
#5070 = CARTESIAN_POINT ( 'NONE',  ( 0.6295237254636246700, -1.092232985442822300, -7.499999999999999100 ) ) ;
#5071 = DIRECTION ( 'NONE',  ( 6.071532165918830700E-016, -1.000000000000000000, 0.0000000000000000000 ) ) ;
#5072 = ORIENTED_EDGE ( 'NONE', *, *, #3653, .T. ) ;
#5073 = FACE_OUTER_BOUND ( 'NONE', #2859, .T. ) ;
#5074 = CARTESIAN_POINT ( 'NONE',  ( -5.299999999999998900, 4.574999999999999300, 72.00000000000001400 ) ) ;
#5075 = DATE_AND_TIME ( #7410, #9746 ) ;
#5076 = ORIENTED_EDGE ( 'NONE', *, *, #9914, .F. ) ;
#5077 = FACE_OUTER_BOUND ( 'NONE', #2926, .T. ) ;
#5078 = FACE_OUTER_BOUND ( 'NONE', #2647, .T. ) ;
#5079 = ORIENTED_EDGE ( 'NONE', *, *, #6949, .F. ) ;
#5080 = DIRECTION ( 'NONE',  ( -1.000000000000000000, -0.0000000000000000000, 0.0000000000000000000 ) ) ;
#5081 = DIRECTION ( 'NONE',  ( 0.0000000000000000000, 0.0000000000000000000, -1.000000000000000000 ) ) ;
#5082 = CYLINDRICAL_SURFACE ( 'NONE', #6981, 0.2000000000000000900 ) ;
#5083 = APPROVAL_STATUS ( 'not_yet_approved' ) ;
#5084 = CARTESIAN_POINT ( 'NONE',  ( -2.449489742783179700, -1.599999999999999900, -0.5000000000000000000 ) ) ;
#5085 = DIRECTION ( 'NONE',  ( 1.355252715606880100E-020, -2.865422577772219800E-022, -1.000000000000000000 ) ) ;
#5086 = AXIS2_PLACEMENT_3D ( 'NONE', #10497, #7040, #3531 ) ;
#5087 = DIRECTION ( 'NONE',  ( 0.0000000000000000000, 0.0000000000000000000, -1.000000000000000000 ) ) ;
#5088 = CARTESIAN_POINT ( 'NONE',  ( 0.0000000000000000000, 0.0000000000000000000, 0.0000000000000000000 ) ) ;
#5089 = CARTESIAN_POINT ( 'NONE',  ( 2.918783954071106500, 2.243095548590687400, 1.499999999999996900 ) ) ;
#5090 = COORDINATED_UNIVERSAL_TIME_OFFSET ( 1, 0, .AHEAD. ) ;
#5091 = PLANE ( 'NONE',  #8380 ) ;
#5092 = CIRCLE ( 'NONE', #7138, 1.250000000000000000 ) ;
#5093 = LINE ( 'NONE', #6647, #7140 ) ;
#5094 = CARTESIAN_POINT ( 'NONE',  ( 1.092232992121910100, -0.6295237093388780200, -7.500000000000000000 ) ) ;
#5095 = FACE_OUTER_BOUND ( 'NONE', #107, .T. ) ;
#5096 = VERTEX_POINT ( 'NONE', #6343 ) ;
#5097 = ORIENTED_EDGE ( 'NONE', *, *, #3052, .T. ) ;
#5098 = PLANE ( 'NONE',  #4432 ) ;
#5099 = ORIENTED_EDGE ( 'NONE', *, *, #1726, .F. ) ;
#5100 = CARTESIAN_POINT ( 'NONE',  ( 3.449999999999999700, 3.700000000000000200, 1.000000000000000000 ) ) ;
#5101 = CARTESIAN_POINT ( 'NONE',  ( 0.2159844817121075200, 1.649999999999999900, 1.500000000000000000 ) ) ;
#5102 = AXIS2_PLACEMENT_3D ( 'NONE', #1060, #8026, #2813 ) ;
#5103 = EDGE_LOOP ( 'NONE', ( #964, #7842, #10660, #3102 ) ) ;
#5104 = AXIS2_PLACEMENT_3D ( 'NONE', #9123, #3105, #9197 ) ;
#5105 = CARTESIAN_POINT ( 'NONE',  ( 2.469697453246349800, -1.600000000000000100, 0.3880650582421681400 ) ) ;
#5106 = CARTESIAN_POINT ( 'NONE',  ( 3.950000000000000200, 9.924999999999998900, 248.0000000000000000 ) ) ;
#5107 = LINE ( 'NONE', #11071, #2544 ) ;
#5108 = DIRECTION ( 'NONE',  ( 1.000000000000000000, 0.0000000000000000000, 0.0000000000000000000 ) ) ;
#5109 = EDGE_CURVE ( 'NONE', #1061, #7366, #2163, .T. ) ;
#5110 = CYLINDRICAL_SURFACE ( 'NONE', #890, 0.4000000000000001900 ) ;
#5111 = EDGE_CURVE ( 'NONE', #6300, #2334, #8824, .T. ) ;
#5112 = ORIENTED_EDGE ( 'NONE', *, *, #1881, .T. ) ;
#5113 = ORIENTED_EDGE ( 'NONE', *, *, #8776, .T. ) ;
#5114 = ORIENTED_EDGE ( 'NONE', *, *, #2209, .T. ) ;
#5115 = CARTESIAN_POINT ( 'NONE',  ( 0.9995835406563852200, -0.7681834123099839900, -7.500000000000000000 ) ) ;
#5116 = DIRECTION ( 'NONE',  ( -1.000000000000000000, -0.0000000000000000000, 0.0000000000000000000 ) ) ;
#5117 = DIRECTION ( 'NONE',  ( 0.0000000000000000000, 0.0000000000000000000, -1.000000000000000000 ) ) ;
#5118 = CARTESIAN_POINT ( 'NONE',  ( -2.721447687268542500, -17.94999999999999900, 71.99999999999994300 ) ) ;
#5119 = FACE_OUTER_BOUND ( 'NONE', #10410, .T. ) ;
#5120 = ORIENTED_EDGE ( 'NONE', *, *, #6199, .T. ) ;
#5121 = CC_DESIGN_DATE_AND_TIME_ASSIGNMENT ( #10309, #3830, ( #2808 ) ) ;
#5122 = LOCAL_TIME ( 11, 17, 25.00000000000000000, #7450 ) ;
#5123 = FACE_OUTER_BOUND ( 'NONE', #3255, .T. ) ;
#5124 = CARTESIAN_POINT ( 'NONE',  ( 0.0000000000000000000, 0.0000000000000000000, 0.0000000000000000000 ) ) ;
#5125 = VECTOR ( 'NONE', #6843, 1000.000000000000000 ) ;
#5126 = SECURITY_CLASSIFICATION_LEVEL ( 'unclassified' ) ;
#5127 = ORIENTED_EDGE ( 'NONE', *, *, #7604, .F. ) ;
#5128 = DIRECTION ( 'NONE',  ( 0.9205172879356964300, -5.551115123125782700E-017, 0.3907018333864206700 ) ) ;
#5129 = CARTESIAN_POINT ( 'NONE',  ( -0.09817475995270709400, -0.7499999999999909000, -8.000000000000000000 ) ) ;
#5130 = DIRECTION ( 'NONE',  ( -0.0000000000000000000, -0.0000000000000000000, -1.000000000000000000 ) ) ;
#5131 = CARTESIAN_POINT ( 'NONE',  ( -3.649999999999999500, -0.4777838534843578100, 1.499999999999996900 ) ) ;
#5132 = DIRECTION ( 'NONE',  ( -1.000000000000000000, 0.0000000000000000000, 0.0000000000000000000 ) ) ;
#5133 = DIRECTION ( 'NONE',  ( -0.0000000000000000000, -0.0000000000000000000, -1.000000000000000000 ) ) ;
#5134 = COORDINATED_UNIVERSAL_TIME_OFFSET ( 1, 0, .AHEAD. ) ;
#5135 = CARTESIAN_POINT ( 'NONE',  ( -1.250000000000000000, -0.1636245999211584900, -7.500000000000000000 ) ) ;
#5136 = CARTESIAN_POINT ( 'NONE',  ( 1.145643923738960400, -4.001000000000000300, 0.5000000000000000000 ) ) ;
#5137 = FACE_OUTER_BOUND ( 'NONE', #3137, .T. ) ;
#5138 = VERTEX_POINT ( 'NONE', #302 ) ;
#5139 = EDGE_CURVE ( 'NONE', #9366, #4395, #1887, .T. ) ;
#5140 = CARTESIAN_POINT ( 'NONE',  ( -1.014002097308096300, -1.319450280607509900, 1.500000000000000000 ) ) ;
#5141 = DIRECTION ( 'NONE',  ( 1.000000000000000000, 0.0000000000000000000, 0.0000000000000000000 ) ) ;
#5142 = AXIS2_PLACEMENT_3D ( 'NONE', #7183, #8065, #1096 ) ;
#5143 = CARTESIAN_POINT ( 'NONE',  ( 3.950000000000000200, -15.62500000000000000, 71.99899999999999500 ) ) ;
#5144 = VERTEX_POINT ( 'NONE', #3719 ) ;
#5145 = PLANE ( 'NONE',  #7071 ) ;
#5146 = APPROVAL_PERSON_ORGANIZATION ( #7470, #5986, #147 ) ;
#5147 = DIRECTION ( 'NONE',  ( -4.783244878612519700E-017, 1.000000000000000000, 0.0000000000000000000 ) ) ;
#5148 = CARTESIAN_POINT ( 'NONE',  ( -1.250000000000000000, 1.530808498934190100E-016, -7.500000000000000000 ) ) ;
#5149 = CARTESIAN_POINT ( 'NONE',  ( 6.250000000000000900, 12.37500000000000000, 71.99899999999999500 ) ) ;
#5150 = PLANE ( 'NONE',  #1374 ) ;
#5151 = DIRECTION ( 'NONE',  ( 0.0000000000000000000, -1.000000000000000000, 0.0000000000000000000 ) ) ;
#5152 = EDGE_CURVE ( 'NONE', #8887, #4936, #11137, .T. ) ;
#5153 = AXIS2_PLACEMENT_3D ( 'NONE', #2172, #8265, #3040 ) ;
#5154 = DIRECTION ( 'NONE',  ( 1.000000000000000000, 0.0000000000000000000, -0.0000000000000000000 ) ) ;
#5155 = DIRECTION ( 'NONE',  ( 1.000000000000000000, 1.040834085586083900E-016, 0.0000000000000000000 ) ) ;
#5156 = VERTEX_POINT ( 'NONE', #7262 ) ;
#5158 = ORIENTED_EDGE ( 'NONE', *, *, #3542, .F. ) ;
#5157 =( REPRESENTATION_RELATIONSHIP ('NONE','NONE', #9710, #5900 ) REPRESENTATION_RELATIONSHIP_WITH_TRANSFORMATION ( #8218 )SHAPE_REPRESENTATION_RELATIONSHIP( ) );
#5159 = CARTESIAN_POINT ( 'NONE',  ( 2.449489742783179200, -3.999999999999999100, 0.4999999999999997800 ) ) ;
#5160 = VERTEX_POINT ( 'NONE', #8153 ) ;
#5161 = CARTESIAN_POINT ( 'NONE',  ( -73.50000000000000000, -2.000000000000000000, 17.00000000000000000 ) ) ;
#5162 = PLANE ( 'NONE',  #7376 ) ;
#5163 = ORIENTED_EDGE ( 'NONE', *, *, #1439, .F. ) ;
#5164 = DIRECTION ( 'NONE',  ( -0.0000000000000000000, -0.0000000000000000000, -1.000000000000000000 ) ) ;
#5165 = CARTESIAN_POINT ( 'NONE',  ( 3.189320328686239900, -1.838209251331187200, 1.500000000000045500 ) ) ;
#5166 = CARTESIAN_POINT ( 'NONE',  ( 5.850000000000001400, -12.37500000000000000, 72.00000000000001400 ) ) ;
#5167 = AXIS2_PLACEMENT_3D ( 'NONE', #1280, #7352, #2154 ) ;
#5168 = DIRECTION ( 'NONE',  ( -1.000000000000000000, 0.0000000000000000000, 0.0000000000000000000 ) ) ;
#5169 = CARTESIAN_POINT ( 'NONE',  ( 4.593593415004379500E-016, 9.599999999999999600, 72.00000000000001400 ) ) ;
#5170 = ORIENTED_EDGE ( 'NONE', *, *, #5203, .F. ) ;
#5171 = VERTEX_POINT ( 'NONE', #10762 ) ;
#5172 = LINE ( 'NONE', #1785, #287 ) ;
#5173 = DIRECTION ( 'NONE',  ( -1.000000000000000000, -0.0000000000000000000, -0.0000000000000000000 ) ) ;
#5174 = ORIENTED_EDGE ( 'NONE', *, *, #5793, .F. ) ;
#5175 = CARTESIAN_POINT ( 'NONE',  ( 3.649999999999999500, 0.0000000000000000000, 1.499999999999996900 ) ) ;
#5176 = ORIENTED_EDGE ( 'NONE', *, *, #6563, .T. ) ;
#5177 = ORIENTED_EDGE ( 'NONE', *, *, #4981, .F. ) ;
#5178 = ORIENTED_EDGE ( 'NONE', *, *, #11204, .F. ) ;
#5179 = CARTESIAN_POINT ( 'NONE',  ( -0.4999999999999991700, -3.827395536133986200, -2.597308632815514600 ) ) ;
#5180 = DIRECTION ( 'NONE',  ( 0.0000000000000000000, -0.0000000000000000000, 1.000000000000000000 ) ) ;
#5181 = CARTESIAN_POINT ( 'NONE',  ( 6.250000000000000000, 12.50000000000000000, 248.0000000000000000 ) ) ;
#5182 = EDGE_CURVE ( 'NONE', #9366, #7897, #6499, .T. ) ;
#5183 = CC_DESIGN_APPROVAL ( #4600, ( #2861 ) ) ;
#5184 = AXIS2_PLACEMENT_3D ( 'NONE', #631, #6697, #1488 ) ;
#5185 = LINE ( 'NONE', #8788, #9839 ) ;
#5186 = EDGE_CURVE ( 'NONE', #6638, #7360, #10857, .T. ) ;
#5187 = LINE ( 'NONE', #1325, #9024 ) ;
#5188 = APPROVAL ( #5083, 'UNKNOWN' ) ;
#5189 = COORDINATED_UNIVERSAL_TIME_OFFSET ( 1, 0, .AHEAD. ) ;
#5190 = DIRECTION ( 'NONE',  ( -0.0000000000000000000, -0.0000000000000000000, -1.000000000000000000 ) ) ;
#5191 = EDGE_CURVE ( 'NONE', #2423, #7783, #3902, .T. ) ;
#5192 = EDGE_LOOP ( 'NONE', ( #5763, #905, #9171, #7065 ) ) ;
#5193 = FACE_BOUND ( 'NONE', #6855, .T. ) ;
#5194 = CARTESIAN_POINT ( 'NONE',  ( 1.200000000000000200, -5.450000000000000200, -0.001000000000000999900 ) ) ;
#5195 = DIRECTION ( 'NONE',  ( 1.000000000000000000, -7.610399765575671300E-015, -0.0000000000000000000 ) ) ;
#5196 = CYLINDRICAL_SURFACE ( 'NONE', #7756, 2.149999999999999000 ) ;
#5197 = CC_DESIGN_APPROVAL ( #4617, ( #3462 ) ) ;
#5198 = LOCAL_TIME ( 11, 17, 25.00000000000000000, #7509 ) ;
#5199 = DIRECTION ( 'NONE',  ( -1.000000000000000000, 0.0000000000000000000, 1.047444401652940200E-014 ) ) ;
#5200 = CARTESIAN_POINT ( 'NONE',  ( -0.5000000000005093700, -2.912149102440377400, 3.025751002451789500 ) ) ;
#5201 = CARTESIAN_POINT ( 'NONE',  ( -0.4777838534843580300, 3.649999999999999900, 0.5000000000000000000 ) ) ;
#5202 = CARTESIAN_POINT ( 'NONE',  ( -3.600000000000000100, -4.774999999999999500, 248.0000000000000000 ) ) ;
#5203 = EDGE_CURVE ( 'NONE', #9856, #4687, #1615, .T. ) ;
#5204 = ORIENTED_EDGE ( 'NONE', *, *, #4041, .F. ) ;
#5205 = EDGE_CURVE ( 'NONE', #4243, #5144, #8545, .T. ) ;
#5206 = CYLINDRICAL_SURFACE ( 'NONE', #4555, 1.899999999999999000 ) ;
#5207 = B_SPLINE_CURVE_WITH_KNOTS ( 'NONE', 3,
 ( #4553, #10612, #8035, #1605, #7680, #2467, #8554, #3334, #9431, #4193, #10303, #5070, #11180, #5949, #766, #6838, #1639, #7722 ),
 .UNSPECIFIED., .F., .F.,
 ( 4, 2, 2, 2, 2, 2, 2, 2, 4 ),
 ( 0.0000000000000000000, 0.1250000000000000000, 0.2500000000000000000, 0.3750000000000000000, 0.5000000000000000000, 0.6250000000000000000, 0.7500000000000000000, 0.8750000000000000000, 1.000000000000000000 ),
 .UNSPECIFIED. ) ;
#5208 = DIRECTION ( 'NONE',  ( -0.0000000000000000000, 1.000000000000000000, 0.0000000000000000000 ) ) ;
#5209 = LINE ( 'NONE', #4253, #596 ) ;
#5210 = CARTESIAN_POINT ( 'NONE',  ( 3.950000000000000200, 13.77500000000000000, 248.0000000000000000 ) ) ;
#5211 = FACE_OUTER_BOUND ( 'NONE', #1327, .T. ) ;
#5212 = CARTESIAN_POINT ( 'NONE',  ( 3.950000000000000200, 4.675000000000002500, 248.0000000000000000 ) ) ;
#5213 = CARTESIAN_POINT ( 'NONE',  ( -2.918783954071170400, 2.243095548590666100, 1.499999999999996900 ) ) ;
#5214 = EDGE_LOOP ( 'NONE', ( #5079, #2451 ) ) ;
#5215 = CARTESIAN_POINT ( 'NONE',  ( -73.50000000000000000, 1.500000000000000000, 17.00000000000000000 ) ) ;
#5216 = LINE ( 'NONE', #3564, #9609 ) ;
#5217 = CARTESIAN_POINT ( 'NONE',  ( 2.449999999999999700, 17.22499999999999800, 72.00000000000001400 ) ) ;
#5218 = VECTOR ( 'NONE', #1162, 1000.000000000000000 ) ;
#5219 = EDGE_LOOP ( 'NONE', ( #6184, #2140, #5698, #9143 ) ) ;
#5220 = CARTESIAN_POINT ( 'NONE',  ( 4.837354856632045100E-016, 2.000000000000000000, -3.950000000000000200 ) ) ;
#5221 = EDGE_CURVE ( 'NONE', #6519, #9366, #8282, .T. ) ;
#5222 = CARTESIAN_POINT ( 'NONE',  ( 88.50000000000001400, 29.00000000000000000, 367.9104972384030200 ) ) ;
#5223 = FACE_OUTER_BOUND ( 'NONE', #2559, .T. ) ;
#5224 = VERTEX_POINT ( 'NONE', #7510 ) ;
#5225 = AXIS2_PLACEMENT_3D ( 'NONE', #2809, #8055, #2842 ) ;
#5226 = APPROVAL_PERSON_ORGANIZATION ( #7540, #9753, #577 ) ;
#5227 = EDGE_CURVE ( 'NONE', #5138, #2556, #3640, .T. ) ;
#5228 = CARTESIAN_POINT ( 'NONE',  ( 2.896839542379692700, -3.347875045883621100, 0.5000000000000000000 ) ) ;
#5229 = AXIS2_PLACEMENT_3D ( 'NONE', #7795, #8677, #3446 ) ;
#5230 = EDGE_LOOP ( 'NONE', ( #9764, #6858, #5888, #419 ) ) ;
#5231 = FACE_OUTER_BOUND ( 'NONE', #11271, .T. ) ;
#5232 = DIRECTION ( 'NONE',  ( 1.000000000000000000, 0.0000000000000000000, 0.0000000000000000000 ) ) ;
#5233 = LINE ( 'NONE', #4724, #9322 ) ;
#5234 = ORIENTED_EDGE ( 'NONE', *, *, #6199, .F. ) ;
#5235 = VERTEX_POINT ( 'NONE', #4954 ) ;
#5236 = ORIENTED_EDGE ( 'NONE', *, *, #3730, .F. ) ;
#5237 = DIRECTION ( 'NONE',  ( 1.000000000000000000, 0.0000000000000000000, 0.0000000000000000000 ) ) ;
#5238 = CIRCLE ( 'NONE', #808, 2.500000000000000000 ) ;
#5239 = DIRECTION ( 'NONE',  ( 1.000000000000000000, 0.0000000000000000000, -0.0000000000000000000 ) ) ;
#5240 = AXIS2_PLACEMENT_3D ( 'NONE', #10097, #4873, #10973 ) ;
#5241 = DIRECTION ( 'NONE',  ( 1.000000000000000000, 0.0000000000000000000, 0.0000000000000000000 ) ) ;
#5242 = PERSON_AND_ORGANIZATION_ROLE ( 'classification_officer' ) ;
#5243 = LINE ( 'NONE', #7858, #634 ) ;
#5244 = ORIENTED_EDGE ( 'NONE', *, *, #9137, .F. ) ;
#5245 = DIRECTION ( 'NONE',  ( 1.047444401652940200E-014, 0.0000000000000000000, 1.000000000000000000 ) ) ;
#5246 = ORIENTED_EDGE ( 'NONE', *, *, #963, .F. ) ;
#5247 = CARTESIAN_POINT ( 'NONE',  ( -1.838209251331180300, -3.189320328686169800, 0.5000000000000000000 ) ) ;
#5248 = CARTESIAN_POINT ( 'NONE',  ( 6.250000000000000000, -2.225000000000000100, 248.0000000000000000 ) ) ;
#5249 = PERSON ( 'NAUO-PER11', 'UNSPECIFIED', 'UNSPECIFIED', ('UNSPECIFIED'), ('UNSPECIFIED'), ('UNSPECIFIED') ) ;
#5250 = ORIENTED_EDGE ( 'NONE', *, *, #4242, .F. ) ;
#5251 = DIRECTION ( 'NONE',  ( -1.000000000000000000, 0.0000000000000000000, 0.0000000000000000000 ) ) ;
#5252 = CARTESIAN_POINT ( 'NONE',  ( 1.301042606982605300E-015, 5.049999999999999800, -1.510173831053895000 ) ) ;
#5253 = AXIS2_PLACEMENT_3D ( 'NONE', #11235, #6007, #819 ) ;
#5254 = AXIS2_PLACEMENT_3D ( 'NONE', #7350, #2150, #8238 ) ;
#5255 = ORIENTED_EDGE ( 'NONE', *, *, #158, .F. ) ;
#5256 = AXIS2_PLACEMENT_3D ( 'NONE', #5523, #6438, #1243 ) ;
#5257 = COORDINATED_UNIVERSAL_TIME_OFFSET ( 1, 0, .AHEAD. ) ;
#5258 = DIRECTION ( 'NONE',  ( 1.000000000000000000, 0.0000000000000000000, 0.0000000000000000000 ) ) ;
#5259 = CARTESIAN_POINT ( 'NONE',  ( 2.250000000000000400, 0.8249999999999999600, 248.0000000000000000 ) ) ;
#5260 = CARTESIAN_POINT ( 'NONE',  ( 0.9553797779113747400, -3.555000269839351500, 0.4999999999999998900 ) ) ;
#5261 = EDGE_LOOP ( 'NONE', ( #8816, #1508, #7431, #4035 ) ) ;
#5262 = DIRECTION ( 'NONE',  ( -6.454785026890447800E-015, -1.000000000000000000, 0.0000000000000000000 ) ) ;
#5263 = EDGE_CURVE ( 'NONE', #10929, #8439, #10316, .T. ) ;
#5264 = VECTOR ( 'NONE', #7944, 1000.000000000000000 ) ;
#5265 = VERTEX_POINT ( 'NONE', #1191 ) ;
#5266 = EDGE_CURVE ( 'NONE', #3405, #5820, #1065, .T. ) ;
#5267 = DIRECTION ( 'NONE',  ( 0.0000000000000000000, 0.0000000000000000000, -1.000000000000000000 ) ) ;
#5268 = APPROVAL_PERSON_ORGANIZATION ( #7585, #7684, #8162 ) ;
#5269 = DIRECTION ( 'NONE',  ( -1.000000000000000000, 0.0000000000000000000, 0.0000000000000000000 ) ) ;
#5270 = DIRECTION ( 'NONE',  ( -0.0000000000000000000, -0.0000000000000000000, -1.000000000000000000 ) ) ;
#5271 = CC_DESIGN_PERSON_AND_ORGANIZATION_ASSIGNMENT ( #1604, #10052, ( #2955 ) ) ;
#5272 = ORIENTED_EDGE ( 'NONE', *, *, #6447, .T. ) ;
#5273 = FACE_OUTER_BOUND ( 'NONE', #8370, .T. ) ;
#5274 = VERTEX_POINT ( 'NONE', #9358 ) ;
#5275 = ORIENTED_EDGE ( 'NONE', *, *, #11099, .F. ) ;
#5276 = EDGE_CURVE ( 'NONE', #6050, #3158, #8011, .T. ) ;
#5277 = MANIFOLD_SOLID_BREP ( 'Import1', #4837 ) ;
#5278 = CARTESIAN_POINT ( 'NONE',  ( -2.918783974753357500, 2.243095527908439500, 0.5000000000000000000 ) ) ;
#5279 = APPROVAL_DATE_TIME ( #7600, #4600 ) ;
#5280 = DIRECTION ( 'NONE',  ( -1.000000000000000000, -6.071532165918830700E-016, -0.0000000000000000000 ) ) ;
#5281 = DATE_TIME_ROLE ( 'classification_date' ) ;
#5282 = DIRECTION ( 'NONE',  ( -1.000000000000000000, -0.0000000000000000000, 0.0000000000000000000 ) ) ;
#5283 = DIRECTION ( 'NONE',  ( 1.000000000000000000, 0.0000000000000000000, 0.0000000000000000000 ) ) ;
#5284 = CARTESIAN_POINT ( 'NONE',  ( 2.735483122786361900, -3.645797574289105600, -0.4999999999999498200 ) ) ;
#5285 = CARTESIAN_POINT ( 'NONE',  ( 0.6999999999999999600, -5.049999999999999800, 72.00000000000001400 ) ) ;
#5286 = ORIENTED_EDGE ( 'NONE', *, *, #1341, .T. ) ;
#5287 = EDGE_CURVE ( 'NONE', #11263, #6017, #7732, .T. ) ;
#5288 = EDGE_CURVE ( 'NONE', #8548, #5156, #10587, .T. ) ;
#5289 = CARTESIAN_POINT ( 'NONE',  ( 0.8000000000000001600, -9.199999999999999300, 72.00000000000001400 ) ) ;
#5290 = CARTESIAN_POINT ( 'NONE',  ( -3.337849213179365100, 17.95000000000000300, 248.0000000000000000 ) ) ;
#5292 = CARTESIAN_POINT ( 'NONE',  ( -1.700000000000000000, 0.0000000000000000000, 65.07035354437189800 ) ) ;
#5291 = AXIS2_PLACEMENT_3D ( 'NONE', #6006, #2596, #8689 ) ;
#5293 = CARTESIAN_POINT ( 'NONE',  ( -0.5208101435769449900, 19.49090299696015200, 72.00000000000001400 ) ) ;
#5294 = ORIENTED_EDGE ( 'NONE', *, *, #3823, .F. ) ;
#5295 = DIRECTION ( 'NONE',  ( 1.000000000000000000, 0.0000000000000000000, 0.0000000000000000000 ) ) ;
#5296 = ORIENTED_EDGE ( 'NONE', *, *, #3679, .T. ) ;
#5297 = VERTEX_POINT ( 'NONE', #4996 ) ;
#5298 = DIRECTION ( 'NONE',  ( 1.000000000000000000, 0.0000000000000000000, 0.0000000000000000000 ) ) ;
#5299 = CARTESIAN_POINT ( 'NONE',  ( 3.950000000000000200, -11.97500000000000100, 72.00000000000001400 ) ) ;
#5300 = ORIENTED_EDGE ( 'NONE', *, *, #10247, .T. ) ;
#5301 = FACE_OUTER_BOUND ( 'NONE', #6166, .T. ) ;
#5302 = ORIENTED_EDGE ( 'NONE', *, *, #1635, .F. ) ;
#5303 = ORIENTED_EDGE ( 'NONE', *, *, #8661, .T. ) ;
#5304 = EDGE_LOOP ( 'NONE', ( #497, #11060, #6373, #685 ) ) ;
#5305 = CARTESIAN_POINT ( 'NONE',  ( 3.649999999999999900, -4.665622848106282600E-017, 0.5000000000000000000 ) ) ;
#5306 = DIRECTION ( 'NONE',  ( 1.000000000000000000, 0.0000000000000000000, 0.0000000000000000000 ) ) ;
#5307 = ADVANCED_FACE ( 'NONE', ( #806 ), #9394, .F. ) ;
#5308 = APPLICATION_CONTEXT ( 'configuration controlled 3d designs of mechanical parts and assemblies' ) ;
#5309 = CARTESIAN_POINT ( 'NONE',  ( 1.200000000000000000, 0.0000000000000000000, 248.0000000000000000 ) ) ;
#5310 = DIRECTION ( 'NONE',  ( -0.0000000000000000000, -0.0000000000000000000, 1.000000000000000000 ) ) ;
#5311 = VECTOR ( 'NONE', #9129, 1000.000000000000000 ) ;
#5312 = CARTESIAN_POINT ( 'NONE',  ( 0.0000000000000000000, 0.0000000000000000000, 72.00000000000001400 ) ) ;
#5313 = ORIENTED_EDGE ( 'NONE', *, *, #5191, .T. ) ;
#5314 = ORIENTED_EDGE ( 'NONE', *, *, #4459, .F. ) ;
#5315 = AXIS2_PLACEMENT_3D ( 'NONE', #6023, #2582, #8670 ) ;
#5316 = ORIENTED_EDGE ( 'NONE', *, *, #2791, .F. ) ;
#5317 = LINE ( 'NONE', #11159, #5034 ) ;
#5318 = APPROVAL_PERSON_ORGANIZATION ( #7643, #2812, #10498 ) ;
#5319 = DIRECTION ( 'NONE',  ( -1.000000000000000000, -0.0000000000000000000, 0.0000000000000000000 ) ) ;
#5320 = EDGE_CURVE ( 'NONE', #11019, #1945, #3372, .T. ) ;
#5321 = EDGE_CURVE ( 'NONE', #4056, #5913, #9794, .T. ) ;
#5322 = CARTESIAN_POINT ( 'NONE',  ( -3.799999999999999800, -9.275000000000000400, 72.00000000000001400 ) ) ;
#5323 = CARTESIAN_POINT ( 'NONE',  ( 4.750000000000000000, 0.0000000000000000000, 0.0000000000000000000 ) ) ;
#5324 = CARTESIAN_POINT ( 'NONE',  ( 1.420875478678372000E-015, -4.649999999999999500, -1.510173831053895000 ) ) ;
#5325 = VECTOR ( 'NONE', #9975, 1000.000000000000000 ) ;
#5326 = VERTEX_POINT ( 'NONE', #8558 ) ;
#5327 = DIRECTION ( 'NONE',  ( -1.000000000000000000, 0.0000000000000000000, 0.0000000000000000000 ) ) ;
#5328 = VECTOR ( 'NONE', #9231, 1000.000000000000000 ) ;
#5329 = APPROVAL_DATE_TIME ( #7658, #7904 ) ;
#5330 = VECTOR ( 'NONE', #1040, 1000.000000000000000 ) ;
#5331 = CC_DESIGN_APPROVAL ( #4743, ( #4162 ) ) ;
#5332 = DIRECTION ( 'NONE',  ( 6.071532165918830700E-016, -1.000000000000000000, 0.0000000000000000000 ) ) ;
#5333 = VERTEX_POINT ( 'NONE', #9437 ) ;
#5334 = DIRECTION ( 'NONE',  ( 1.000000000000000000, 0.0000000000000000000, 0.0000000000000000000 ) ) ;
#5335 = VECTOR ( 'NONE', #5805, 1000.000000000000000 ) ;
#5336 = CC_DESIGN_PERSON_AND_ORGANIZATION_ASSIGNMENT ( #5719, #7850, ( #2437 ) ) ;
#5337 = LINE ( 'NONE', #6824, #3038 ) ;
#5338 = VECTOR ( 'NONE', #10540, 999.9999999999998900 ) ;
#5339 = LOCAL_TIME ( 11, 17, 25.00000000000000000, #7675 ) ;
#5340 = VERTEX_POINT ( 'NONE', #5074 ) ;
#5341 = LINE ( 'NONE', #1612, #9737 ) ;
#5342 = ORIENTED_EDGE ( 'NONE', *, *, #3448, .T. ) ;
#5343 = DIRECTION ( 'NONE',  ( -7.610399765575671300E-015, 1.000000000000000000, 0.0000000000000000000 ) ) ;
#5344 = ADVANCED_BREP_SHAPE_REPRESENTATION ( '', ( #6400, #7819 ), #9586 ) ;
#5345 = CARTESIAN_POINT ( 'NONE',  ( -3.400000000000000400, -3.625000000000000000, -0.001000000000000999900 ) ) ;
#5346 = VECTOR ( 'NONE', #124, 1000.000000000000000 ) ;
#5347 = APPROVAL_STATUS ( 'not_yet_approved' ) ;
#5348 = DIRECTION ( 'NONE',  ( 0.0000000000000000000, -0.0000000000000000000, 1.000000000000000000 ) ) ;
#5349 = CARTESIAN_POINT ( 'NONE',  ( -2.983494623550646500, -2.493718516972144500, -1.949312622948256500 ) ) ;
#5350 = CALENDAR_DATE ( 2023, 9, 11 ) ;
#5351 = CARTESIAN_POINT ( 'NONE',  ( 0.0000000000000000000, 0.0000000000000000000, 0.0000000000000000000 ) ) ;
#5352 = EDGE_CURVE ( 'NONE', #7424, #1445, #7455, .T. ) ;
#5353 = EDGE_CURVE ( 'NONE', #4243, #4767, #9519, .T. ) ;
#5354 = CARTESIAN_POINT ( 'NONE',  ( 5.850000000000001400, -13.17499999999999900, 248.0000000000000000 ) ) ;
#5355 = ORIENTED_EDGE ( 'NONE', *, *, #11121, .T. ) ;
#5356 = AXIS2_PLACEMENT_3D ( 'NONE', #3681, #1978, #8066 ) ;
#5357 = CIRCLE ( 'NONE', #1834, 2.149999999999999000 ) ;
#5358 = VECTOR ( 'NONE', #5974, 1000.000000000000000 ) ;
#5359 = ORIENTED_EDGE ( 'NONE', *, *, #4242, .T. ) ;
#5360 = LINE ( 'NONE', #8094, #3065 ) ;
#5361 = DIRECTION ( 'NONE',  ( 1.000000000000000000, 0.0000000000000000000, -0.0000000000000000000 ) ) ;
#5362 = CARTESIAN_POINT ( 'NONE',  ( -1.838209251331187200, -3.189320328686147600, 1.499999999999996900 ) ) ;
#5363 = DIRECTION ( 'NONE',  ( -1.000000000000000000, -0.0000000000000000000, 0.0000000000000000000 ) ) ;
#5364 = CARTESIAN_POINT ( 'NONE',  ( 88.50000000000000000, 25.37500000000000000, 168.0000000000000000 ) ) ;
#5365 = CARTESIAN_POINT ( 'NONE',  ( 5.850000000000001400, -1.025000000000000400, 72.00000000000001400 ) ) ;
#5366 = DIRECTION ( 'NONE',  ( -1.000000000000000000, -0.0000000000000000000, 0.0000000000000000000 ) ) ;
#5367 = LINE ( 'NONE', #8812, #9479 ) ;
#5368 = DIRECTION ( 'NONE',  ( 0.0000000000000000000, 0.0000000000000000000, 1.000000000000000000 ) ) ;
#5369 = CIRCLE ( 'NONE', #10997, 0.2000000000000000900 ) ;
#5370 = ADVANCED_FACE ( 'NONE', ( #4851 ), #3381, .F. ) ;
#5371 = FACE_OUTER_BOUND ( 'NONE', #1107, .T. ) ;
#5372 = ORIENTED_EDGE ( 'NONE', *, *, #6011, .T. ) ;
#5373 = AXIS2_PLACEMENT_3D ( 'NONE', #7021, #9667, #4416 ) ;
#5374 = VERTEX_POINT ( 'NONE', #5952 ) ;
#5375 = CARTESIAN_POINT ( 'NONE',  ( 5.850000000000001400, -5.875000000000000000, 248.0000000000000000 ) ) ;
#5376 = EDGE_CURVE ( 'NONE', #6812, #11173, #517, .T. ) ;
#5377 = CARTESIAN_POINT ( 'NONE',  ( 2.059984127722460000E-015, -9.599999999999999600, 72.00000000000001400 ) ) ;
#5378 = AXIS2_PLACEMENT_3D ( 'NONE', #3968, #10082, #4856 ) ;
#5379 = CARTESIAN_POINT ( 'NONE',  ( 0.8000000000000000400, 5.450000000000000200, 72.00000000000001400 ) ) ;
#5380 = ORIENTED_EDGE ( 'NONE', *, *, #758, .F. ) ;
#5381 = CYLINDRICAL_SURFACE ( 'NONE', #8694, 2.150000000000012800 ) ;
#5382 = ORIENTED_EDGE ( 'NONE', *, *, #3615, .F. ) ;
#5383 = ORIENTED_EDGE ( 'NONE', *, *, #3397, .F. ) ;
#5384 = EDGE_LOOP ( 'NONE', ( #1505, #3746 ) ) ;
#5385 = ITEM_DEFINED_TRANSFORMATION ( 'NONE', 'NONE', #1193,  #7819 ) ;
#5386 = DIRECTION ( 'NONE',  ( 0.0000000000000000000, 0.0000000000000000000, 1.000000000000000000 ) ) ;
#5387 = AXIS2_PLACEMENT_3D ( 'NONE', #2757, #8846, #3627 ) ;
#5388 = DIRECTION ( 'NONE',  ( 1.000000000000000000, 0.0000000000000000000, 0.0000000000000000000 ) ) ;
#5389 = FACE_OUTER_BOUND ( 'NONE', #10974, .T. ) ;
#5390 = ORIENTED_EDGE ( 'NONE', *, *, #965, .T. ) ;
#5391 = CARTESIAN_POINT ( 'NONE',  ( 6.250000000000000000, -9.525000000000000400, 72.00000000000001400 ) ) ;
#5392 = DIRECTION ( 'NONE',  ( 0.0000000000000000000, -1.000000000000000000, -0.0000000000000000000 ) ) ;
#5393 = APPROVAL_DATE_TIME ( #7728, #6284 ) ;
#5394 = ORIENTED_EDGE ( 'NONE', *, *, #643, .F. ) ;
#5395 = CIRCLE ( 'NONE', #1004, 2.500000000000000000 ) ;
#5396 = CARTESIAN_POINT ( 'NONE',  ( -3.449999999999999700, -3.700000000000000200, 3.000000000000000000 ) ) ;
#5397 = VECTOR ( 'NONE', #684, 1000.000000000000000 ) ;
#5398 = EDGE_CURVE ( 'NONE', #9969, #5654, #239, .T. ) ;
#5399 = ORIENTED_EDGE ( 'NONE', *, *, #6978, .T. ) ;
#5400 = EDGE_CURVE ( 'NONE', #772, #8994, #4582, .T. ) ;
#5401 = CARTESIAN_POINT ( 'NONE',  ( 6.250000000000000000, 6.275000000000000400, 72.00000000000001400 ) ) ;
#5402 = CC_DESIGN_DATE_AND_TIME_ASSIGNMENT ( #9805, #10576, ( #4230 ) ) ;
#5403 = CARTESIAN_POINT ( 'NONE',  ( 3.649999999999999900, 0.4777838534845880200, 0.5000000000000000000 ) ) ;
#5404 = AXIS2_PLACEMENT_3D ( 'NONE', #7870, #2655, #8734 ) ;
#5405 = MECHANICAL_CONTEXT ( 'NONE', #6155, 'mechanical' ) ;
#5406 = AXIS2_PLACEMENT_3D ( 'NONE', #2124, #8216, #2991 ) ;
#5407 = CARTESIAN_POINT ( 'NONE',  ( 3.950000000000000200, 11.77500000000000000, 71.99899999999999500 ) ) ;
#5408 = CARTESIAN_POINT ( 'NONE',  ( 86.42000000000000200, -63.64999999999999900, 1.500000000000000000 ) ) ;
#5409 = LOCAL_TIME ( 11, 17, 25.00000000000000000, #7741 ) ;
#5410 = EDGE_CURVE ( 'NONE', #8640, #7046, #9234, .T. ) ;
#5411 = EDGE_CURVE ( 'NONE', #209, #8595, #11282, .T. ) ;
#5412 = DIRECTION ( 'NONE',  ( -0.0000000000000000000, -0.0000000000000000000, -1.000000000000000000 ) ) ;
#5413 = CYLINDRICAL_SURFACE ( 'NONE', #205, 0.2000000000000000900 ) ;
#5414 = ORIENTED_EDGE ( 'NONE', *, *, #6365, .F. ) ;
#5415 = MANIFOLD_SOLID_BREP ( 'Import1', #10575 ) ;
#5416 = ORIENTED_EDGE ( 'NONE', *, *, #10308, .T. ) ;
#5417 = COORDINATED_UNIVERSAL_TIME_OFFSET ( 1, 0, .AHEAD. ) ;
#5418 = DIRECTION ( 'NONE',  ( 0.8191520442889882500, -0.5735764363510511600, -0.0000000000000000000 ) ) ;
#5419 = APPROVAL ( #623, 'UNKNOWN' ) ;
#5420 = EDGE_CURVE ( 'NONE', #9410, #3962, #2564, .T. ) ;
#5421 = EDGE_CURVE ( 'NONE', #1648, #6121, #6630, .T. ) ;
#5422 = CARTESIAN_POINT ( 'NONE',  ( 86.50000000000001400, 29.00000000000000000, 0.0000000000000000000 ) ) ;
#5423 = DIRECTION ( 'NONE',  ( 0.0000000000000000000, 0.0000000000000000000, 1.000000000000000000 ) ) ;
#5424 = ADVANCED_FACE ( 'NONE', ( #2017 ), #10722, .T. ) ;
#5425 = PRODUCT_DEFINITION_SHAPE ( 'NONE', 'NONE',  #11300 ) ;
#5426 = DIRECTION ( 'NONE',  ( 1.000000000000000000, 0.0000000000000000000, 0.0000000000000000000 ) ) ;
#5427 = CARTESIAN_POINT ( 'NONE',  ( 6.250000000000000000, 16.82499999999999900, 248.0000000000000000 ) ) ;
#5428 = EDGE_CURVE ( 'NONE', #8782, #3765, #8686, .T. ) ;
#5429 = CARTESIAN_POINT ( 'NONE',  ( 4.465201052473198100E-016, 9.199999999999999300, 248.0000000000000000 ) ) ;
#5430 = ORIENTED_EDGE ( 'NONE', *, *, #9598, .T. ) ;
#5431 = CARTESIAN_POINT ( 'NONE',  ( 6.250000000000000000, 0.0000000000000000000, 72.00000000000001400 ) ) ;
#5432 = ORIENTED_EDGE ( 'NONE', *, *, #1755, .T. ) ;
#5433 = AXIS2_PLACEMENT_3D ( 'NONE', #1205, #7276, #2065 ) ;
#5434 = CIRCLE ( 'NONE', #6639, 2.499999999999998700 ) ;
#5435 = CARTESIAN_POINT ( 'NONE',  ( 86.50000000000001400, 29.00000000000000000, 185.0000000000000000 ) ) ;
#5436 = ORIENTED_EDGE ( 'NONE', *, *, #768, .F. ) ;
#5437 = CARTESIAN_POINT ( 'NONE',  ( -3.189320328686189800, 1.838209251331130100, 0.5000000000000000000 ) ) ;
#5438 = PERSON_AND_ORGANIZATION_ROLE ( 'classification_officer' ) ;
#5439 = DIRECTION ( 'NONE',  ( 1.000000000000000000, 0.0000000000000000000, 0.0000000000000000000 ) ) ;
#5440 = CARTESIAN_POINT ( 'NONE',  ( -4.500000000000000900, -17.94999999999999900, 248.0000000000000000 ) ) ;
#5441 = CARTESIAN_POINT ( 'NONE',  ( 3.750000000000000000, -15.42499999999999900, 72.00000000000001400 ) ) ;
#5442 = CARTESIAN_POINT ( 'NONE',  ( 5.850000000000001400, -16.02500000000000200, 248.0000000000000000 ) ) ;
#5443 = CARTESIAN_POINT ( 'NONE',  ( -0.6553397952731719900, 0.3777142256033485500, -8.000000000000000000 ) ) ;
#5444 = CARTESIAN_POINT ( 'NONE',  ( 3.950000000000000200, 13.57500000000000100, 71.99899999999999500 ) ) ;
#5445 = DIRECTION ( 'NONE',  ( 0.5735764363510400500, -0.8191520442889961300, 1.645157840493075600E-019 ) ) ;
#5446 = EDGE_LOOP ( 'NONE', ( #1617, #2877, #5099, #2235 ) ) ;
#5447 = CIRCLE ( 'NONE', #1714, 0.4000000000000000800 ) ;
#5448 = ORIENTED_EDGE ( 'NONE', *, *, #9548, .F. ) ;
#5449 = ORIENTED_EDGE ( 'NONE', *, *, #6796, .F. ) ;
#5450 = ORIENTED_EDGE ( 'NONE', *, *, #7555, .F. ) ;
#5451 = ORIENTED_EDGE ( 'NONE', *, *, #5017, .T. ) ;
#5452 = CARTESIAN_POINT ( 'NONE',  ( -4.899999999999999500, 4.575000000000000200, 248.0000000000000000 ) ) ;
#5453 = AXIS2_PLACEMENT_3D ( 'NONE', #6782, #8532, #3314 ) ;
#5454 = CARTESIAN_POINT ( 'NONE',  ( 0.5000000000000000000, -4.000000000000000000, -2.449489742783179200 ) ) ;
#5455 = LINE ( 'NONE', #6113, #3151 ) ;
#5456 = DIRECTION ( 'NONE',  ( 1.040834085586083900E-016, -1.000000000000000000, -0.0000000000000000000 ) ) ;
#5457 = FACE_OUTER_BOUND ( 'NONE', #5261, .T. ) ;
#5458 = ORIENTED_EDGE ( 'NONE', *, *, #2452, .T. ) ;
#5459 = PLANE ( 'NONE',  #3413 ) ;
#5460 = PLANE ( 'NONE',  #6985 ) ;
#5461 = ORIENTED_EDGE ( 'NONE', *, *, #4258, .T. ) ;
#5462 = AXIS2_PLACEMENT_3D ( 'NONE', #6579, #1381, #7464 ) ;
#5463 = AXIS2_PLACEMENT_3D ( 'NONE', #5703, #10897, #520 ) ;
#5464 = AXIS2_PLACEMENT_3D ( 'NONE', #2915, #6069, #864 ) ;
#5465 = LINE ( 'NONE', #10015, #7800 ) ;
#5466 = CARTESIAN_POINT ( 'NONE',  ( 3.210526557096043300, -2.493718516972145000, -0.5044719412924524300 ) ) ;
#5467 = EDGE_CURVE ( 'NONE', #9016, #5340, #6348, .T. ) ;
#5468 = VECTOR ( 'NONE', #6140, 999.9999999999998900 ) ;
#5469 = DIRECTION ( 'NONE',  ( 1.000000000000000000, 0.0000000000000000000, 0.0000000000000000000 ) ) ;
#5470 = CONTEXT_DEPENDENT_SHAPE_REPRESENTATION ( #1647, #6904 ) ;
#5471 = EDGE_CURVE ( 'NONE', #10702, #8861, #8400, .T. ) ;
#5472 = DIRECTION ( 'NONE',  ( -1.000000000000000000, -0.0000000000000000000, 0.0000000000000000000 ) ) ;
#5473 = CARTESIAN_POINT ( 'NONE',  ( 1.838209251331130100, -3.189320328686189800, 0.5000000000000000000 ) ) ;
#5474 = APPROVAL_STATUS ( 'not_yet_approved' ) ;
#5475 = EDGE_LOOP ( 'NONE', ( #10216, #2882, #442, #9906 ) ) ;
#5476 = CARTESIAN_POINT ( 'NONE',  ( 5.850000000000001400, -13.57500000000000300, 71.99899999999999500 ) ) ;
#5477 = CARTESIAN_POINT ( 'NONE',  ( -0.5999999999999998700, 10.62500000000000000, 248.0000000000000000 ) ) ;
#5478 = FACE_OUTER_BOUND ( 'NONE', #137, .T. ) ;
#5479 = DIRECTION ( 'NONE',  ( -1.000000000000000000, 0.0000000000000000000, 0.0000000000000000000 ) ) ;
#5480 = CARTESIAN_POINT ( 'NONE',  ( -3.399999999999999900, 10.42500000000000100, 72.00000000000001400 ) ) ;
#5481 = CARTESIAN_POINT ( 'NONE',  ( 0.0000000000000000000, 10.62500000000000000, 248.0000000000000000 ) ) ;
#5482 = ADVANCED_FACE ( 'NONE', ( #1758 ), #8144, .F. ) ;
#5483 = LINE ( 'NONE', #787, #10119 ) ;
#5484 = VECTOR ( 'NONE', #3126, 1000.000000000000000 ) ;
#5485 = CC_DESIGN_APPROVAL ( #4886, ( #4327 ) ) ;
#5486 = CARTESIAN_POINT ( 'NONE',  ( 3.750000000000000400, -6.474999999999999600, 71.99899999999999500 ) ) ;
#5487 = DIRECTION ( 'NONE',  ( 0.0000000000000000000, 1.000000000000000000, 0.0000000000000000000 ) ) ;
#5488 = ORGANIZATION ( 'NAUO-ORG9', 'UNSPECIFIED', 'UNSPECIFIED' ) ;
#5489 = DIRECTION ( 'NONE',  ( -0.0000000000000000000, -0.0000000000000000000, -1.000000000000000000 ) ) ;
#5490 = EDGE_CURVE ( 'NONE', #8595, #4867, #10452, .T. ) ;
#5491 = ORIENTED_EDGE ( 'NONE', *, *, #397, .F. ) ;
#5492 = FACE_OUTER_BOUND ( 'NONE', #7117, .T. ) ;
#5493 = PLANE ( 'NONE',  #10365 ) ;
#5494 = CIRCLE ( 'NONE', #604, 1.899999999999999000 ) ;
#5495 = VERTEX_POINT ( 'NONE', #9641 ) ;
#5496 = CARTESIAN_POINT ( 'NONE',  ( 0.4999999999999991700, -2.356332379780691400, -2.943331757292034600 ) ) ;
#5497 = VECTOR ( 'NONE', #7249, 1000.000000000000000 ) ;
#5498 = ADVANCED_FACE ( 'NONE', ( #3764 ), #1201, .F. ) ;
#5499 = CALENDAR_DATE ( 2023, 9, 11 ) ;
#5500 = VERTEX_POINT ( 'NONE', #7031 ) ;
#5501 = CARTESIAN_POINT ( 'NONE',  ( -0.1963109229443030200, 0.7304795034937828800, -8.000000000000000000 ) ) ;
#5502 = DIRECTION ( 'NONE',  ( 0.0000000000000000000, 0.0000000000000000000, 1.000000000000000000 ) ) ;
#5503 = FACE_OUTER_BOUND ( 'NONE', #3859, .T. ) ;
#5504 = VECTOR ( 'NONE', #2079, 1000.000000000000000 ) ;
#5505 = EDGE_LOOP ( 'NONE', ( #4207, #8193, #9489, #3772 ) ) ;
#5506 = ORIENTED_EDGE ( 'NONE', *, *, #7779, .F. ) ;
#5507 = EDGE_LOOP ( 'NONE', ( #4478, #10219 ) ) ;
#5508 = DIRECTION ( 'NONE',  ( 1.000000000000000000, -6.071532165918830700E-016, -0.0000000000000000000 ) ) ;
#5509 = DIRECTION ( 'NONE',  ( -1.000000000000000000, 0.0000000000000000000, 0.0000000000000000000 ) ) ;
#5510 = EDGE_CURVE ( 'NONE', #10085, #879, #4159, .T. ) ;
#5511 = EDGE_CURVE ( 'NONE', #9569, #1563, #5795, .T. ) ;
#5512 = ORIENTED_EDGE ( 'NONE', *, *, #7264, .T. ) ;
#5513 = AXIS2_PLACEMENT_3D ( 'NONE', #3939, #4862, #10960 ) ;
#5514 = FACE_OUTER_BOUND ( 'NONE', #7769, .T. ) ;
#5515 = CARTESIAN_POINT ( 'NONE',  ( -0.3999999999999999700, -10.42500000000000100, 72.00000000000001400 ) ) ;
#5516 = LINE ( 'NONE', #10438, #3204 ) ;
#5517 = ORIENTED_EDGE ( 'NONE', *, *, #491, .F. ) ;
#5518 = ORIENTED_EDGE ( 'NONE', *, *, #570, .T. ) ;
#5519 = DIRECTION ( 'NONE',  ( 2.090376711493954900E-035, -2.008366886175605200E-019, -1.000000000000000000 ) ) ;
#5520 = APPLICATION_PROTOCOL_DEFINITION ( 'international standard', 'config_control_design', 1994, #10741 ) ;
#5521 = DIRECTION ( 'NONE',  ( -0.0000000000000000000, -0.0000000000000000000, -1.000000000000000000 ) ) ;
#5522 = PLANE ( 'NONE',  #3518 ) ;
#5523 = CARTESIAN_POINT ( 'NONE',  ( -3.600000000000000500, 3.225000000000000100, -0.001000000000000999900 ) ) ;
#5524 = CARTESIAN_POINT ( 'NONE',  ( 6.250000000000000900, 5.875000000000000000, 248.0000000000000000 ) ) ;
#5525 = LINE ( 'NONE', #3660, #9900 ) ;
#5526 = ORIENTED_EDGE ( 'NONE', *, *, #3813, .F. ) ;
#5527 = DIRECTION ( 'NONE',  ( 1.000000000000000000, 0.0000000000000000000, 0.0000000000000000000 ) ) ;
#5528 = PLANE ( 'NONE',  #7560 ) ;
#5529 = PLANE ( 'NONE',  #10720 ) ;
#5530 = DIRECTION ( 'NONE',  ( 1.000000000000000000, 0.0000000000000000000, -0.0000000000000000000 ) ) ;
#5531 = EDGE_LOOP ( 'NONE', ( #8515, #10259, #7001, #3808 ) ) ;
#5532 = LOCAL_TIME ( 11, 17, 25.00000000000000000, #7866 ) ;
#5533 = VERTEX_POINT ( 'NONE', #5299 ) ;
#5534 = DIRECTION ( 'NONE',  ( 0.0000000000000000000, 1.000000000000000000, 0.0000000000000000000 ) ) ;
#5535 = DIRECTION ( 'NONE',  ( -0.0000000000000000000, -0.0000000000000000000, -1.000000000000000000 ) ) ;
#5536 = LINE ( 'NONE', #9750, #9650 ) ;
#5537 = ORIENTED_EDGE ( 'NONE', *, *, #612, .T. ) ;
#5538 = AXIS2_PLACEMENT_3D ( 'NONE', #5963, #6854, #1657 ) ;
#5539 = COORDINATED_UNIVERSAL_TIME_OFFSET ( 1, 0, .AHEAD. ) ;
#5540 = ADVANCED_FACE ( 'NONE', ( #6086 ), #919, .F. ) ;
#5541 = CARTESIAN_POINT ( 'NONE',  ( -1.014002097308121200, 1.319450280607482400, 1.500000000000000200 ) ) ;
#5542 = CARTESIAN_POINT ( 'NONE',  ( -83.39999999999548700, -20.25000000000000000, 0.0000000000000000000 ) ) ;
#5543 = ORIENTED_EDGE ( 'NONE', *, *, #3760, .T. ) ;
#5544 = CARTESIAN_POINT ( 'NONE',  ( 5.850000000000001400, -19.67500000000000100, 72.00000000000001400 ) ) ;
#5545 = VECTOR ( 'NONE', #8797, 1000.000000000000000 ) ;
#5546 = ORIENTED_EDGE ( 'NONE', *, *, #7346, .F. ) ;
#5547 = ORIENTED_EDGE ( 'NONE', *, *, #975, .F. ) ;
#5548 = DIRECTION ( 'NONE',  ( 0.0000000000000000000, 0.0000000000000000000, -1.000000000000000000 ) ) ;
#5549 = APPROVAL_PERSON_ORGANIZATION ( #7883, #4600, #4521 ) ;
#5550 = ADVANCED_FACE ( 'NONE', ( #1460 ), #7581, .T. ) ;
#5551 = CARTESIAN_POINT ( 'NONE',  ( -3.600000000000000100, 4.774999999999999500, 72.00000000000001400 ) ) ;
#5552 = PRODUCT_DEFINITION ( 'UNKNOWN', '', #8473, #11011 ) ;
#5553 = DIRECTION ( 'NONE',  ( -0.0000000000000000000, -0.0000000000000000000, 1.000000000000000000 ) ) ;
#5554 = APPROVAL_ROLE ( '' ) ;
#5555 = PLANE ( 'NONE',  #5256 ) ;
#5556 = DIRECTION ( 'NONE',  ( 0.0000000000000000000, -1.000000000000000000, -0.0000000000000000000 ) ) ;
#5557 = DIRECTION ( 'NONE',  ( 0.0000000000000000000, -1.000000000000000000, 0.0000000000000000000 ) ) ;
#5558 = CARTESIAN_POINT ( 'NONE',  ( 0.7999999999999999300, 5.049999999999999800, -0.001000000000000999900 ) ) ;
#5559 = CC_DESIGN_DATE_AND_TIME_ASSIGNMENT ( #8750, #9542, ( #3223 ) ) ;
#5560 = ORIENTED_EDGE ( 'NONE', *, *, #8041, .F. ) ;
#5561 = CARTESIAN_POINT ( 'NONE',  ( 0.0000000000000000000, -4.675000000000001600, 248.0000000000000000 ) ) ;
#5562 = CARTESIAN_POINT ( 'NONE',  ( -0.4000000000000000200, 4.649999999999999500, 248.0000000000000000 ) ) ;
#5563 = VERTEX_POINT ( 'NONE', #10565 ) ;
#5564 = DIRECTION ( 'NONE',  ( 0.0000000000000000000, 0.0000000000000000000, 1.000000000000000000 ) ) ;
#5565 = DIRECTION ( 'NONE',  ( 1.000000000000000000, 0.0000000000000000000, -0.0000000000000000000 ) ) ;
#5566 = EDGE_LOOP ( 'NONE', ( #978, #8934 ) ) ;
#5567 = ORIENTED_EDGE ( 'NONE', *, *, #9826, .T. ) ;
#5568 = ORIENTED_EDGE ( 'NONE', *, *, #7790, .T. ) ;
#5569 = EDGE_CURVE ( 'NONE', #10938, #1792, #9909, .T. ) ;
#5570 = EDGE_CURVE ( 'NONE', #6500, #7822, #3218, .T. ) ;
#5571 = DIRECTION ( 'NONE',  ( -0.0000000000000000000, -0.0000000000000000000, 1.000000000000000000 ) ) ;
#5572 = ORIENTED_EDGE ( 'NONE', *, *, #7415, .F. ) ;
#5573 = CIRCLE ( 'NONE', #6864, 2.250000000000001800 ) ;
#5574 = VERTEX_POINT ( 'NONE', #2768 ) ;
#5575 = ORIENTED_EDGE ( 'NONE', *, *, #1222, .T. ) ;
#5576 = EDGE_LOOP ( 'NONE', ( #6253, #2008 ) ) ;
#5577 = EDGE_CURVE ( 'NONE', #2550, #8354, #7871, .T. ) ;
#5578 = AXIS2_PLACEMENT_3D ( 'NONE', #4691, #10786, #9055 ) ;
#5579 = DIRECTION ( 'NONE',  ( -0.0000000000000000000, -0.0000000000000000000, -1.000000000000000000 ) ) ;
#5580 = DIRECTION ( 'NONE',  ( 1.000000000000000000, 0.0000000000000000000, -0.0000000000000000000 ) ) ;
#5581 = PERSON_AND_ORGANIZATION_ROLE ( 'design_supplier' ) ;
#5582 = EDGE_CURVE ( 'NONE', #3274, #2994, #5536, .T. ) ;
#5583 = CARTESIAN_POINT ( 'NONE',  ( 0.0000000000000000000, 11.97500000000000000, 248.0000000000000000 ) ) ;
#5584 = LINE ( 'NONE', #411, #5311 ) ;
#5585 = AXIS2_PLACEMENT_3D ( 'NONE', #6862, #1661, #7745 ) ;
#5586 = DIRECTION ( 'NONE',  ( 0.0000000000000000000, 1.000000000000000000, 0.0000000000000000000 ) ) ;
#5587 = DIRECTION ( 'NONE',  ( 0.0000000000000000000, -1.000000000000000000, -0.0000000000000000000 ) ) ;
#5588 = DIRECTION ( 'NONE',  ( 0.0000000000000000000, -0.0000000000000000000, -1.000000000000000000 ) ) ;
#5589 = CARTESIAN_POINT ( 'NONE',  ( 88.50000000000000000, 25.37500000000000000, 17.00000000000000000 ) ) ;
#5590 = ORIENTED_EDGE ( 'NONE', *, *, #1688, .T. ) ;
#5591 = ORIENTED_EDGE ( 'NONE', *, *, #3033, .T. ) ;
#5592 = CARTESIAN_POINT ( 'NONE',  ( 6.250000000000000900, -20.89999999999999900, -6.054130821183109700 ) ) ;
#5593 = ORIENTED_EDGE ( 'NONE', *, *, #1408, .T. ) ;
#5594 = LINE ( 'NONE', #1494, #3285 ) ;
#5595 = ADVANCED_FACE ( 'NONE', ( #7309 ), #10602, .F. ) ;
#5596 = CALENDAR_DATE ( 2023, 9, 11 ) ;
#5597 = CARTESIAN_POINT ( 'NONE',  ( -90.00000000000001400, 23.22500000000001200, 168.0000000000000000 ) ) ;
#5598 = CARTESIAN_POINT ( 'NONE',  ( -85.64999999999570000, -49.25000000000000000, -0.0009999999999999161000 ) ) ;
#5599 = CARTESIAN_POINT ( 'NONE',  ( -0.3999999999999999700, -3.824999999999999700, 248.0000000000000000 ) ) ;
#5600 = FACE_OUTER_BOUND ( 'NONE', #7437, .T. ) ;
#5601 = CARTESIAN_POINT ( 'NONE',  ( 0.0000000000000000000, 1.136868377216160300E-010, 0.0000000000000000000 ) ) ;
#5602 = EDGE_LOOP ( 'NONE', ( #223, #8643, #1367, #1491 ) ) ;
#5603 = AXIS2_PLACEMENT_3D ( 'NONE', #8697, #3479, #9582 ) ;
#5604 = VECTOR ( 'NONE', #3839, 1000.000000000000000 ) ;
#5605 = DATE_AND_TIME ( #7934, #10243 ) ;
#5606 = ADVANCED_FACE ( 'NONE', ( #651 ), #3668, .T. ) ;
#5607 = LINE ( 'NONE', #157, #9983 ) ;
#5608 = ORIENTED_EDGE ( 'NONE', *, *, #4150, .T. ) ;
#5609 = VECTOR ( 'NONE', #4891, 1000.000000000000000 ) ;
#5610 = CIRCLE ( 'NONE', #5585, 1.250000000000000000 ) ;
#5611 = FACE_OUTER_BOUND ( 'NONE', #6754, .T. ) ;
#5612 = COORDINATED_UNIVERSAL_TIME_OFFSET ( 1, 0, .AHEAD. ) ;
#5613 = EDGE_CURVE ( 'NONE', #9056, #9216, #4976, .T. ) ;
#5614 = EDGE_CURVE ( 'NONE', #3641, #9663, #2696, .T. ) ;
#5615 = CC_DESIGN_PERSON_AND_ORGANIZATION_ASSIGNMENT ( #3380, #8082, ( #1113 ) ) ;
#5616 = AXIS2_PLACEMENT_3D ( 'NONE', #2589, #8681, #3453 ) ;
#5617 = LINE ( 'NONE', #9396, #9998 ) ;
#5618 = ORIENTED_EDGE ( 'NONE', *, *, #1405, .F. ) ;
#5619 = EDGE_CURVE ( 'NONE', #3142, #3858, #377, .T. ) ;
#5620 = CIRCLE ( 'NONE', #3049, 0.4000000000000001900 ) ;
#5621 = DIRECTION ( 'NONE',  ( 6.071532165918830700E-016, -1.000000000000000000, 0.0000000000000000000 ) ) ;
#5622 = EDGE_CURVE ( 'NONE', #8316, #11173, #7041, .T. ) ;
#5623 = PLANE ( 'NONE',  #7064 ) ;
#5624 = ITEM_DEFINED_TRANSFORMATION ( 'NONE', 'NONE', #4662,  #7819 ) ;
#5625 = PERSON_AND_ORGANIZATION_ROLE ( 'creator' ) ;
#5626 = CARTESIAN_POINT ( 'NONE',  ( 5.850000000000001400, -15.62500000000000000, 72.00000000000001400 ) ) ;
#5627 = DIRECTION ( 'NONE',  ( 0.0000000000000000000, -0.0000000000000000000, 1.000000000000000000 ) ) ;
#5628 = CARTESIAN_POINT ( 'NONE',  ( 88.50000000000000000, 1.500000000000000000, 185.0000000000000000 ) ) ;
#5629 = CARTESIAN_POINT ( 'NONE',  ( -2.242855926974222800, -4.000000000000004400, -1.512294824671758700 ) ) ;
#5630 = EDGE_LOOP ( 'NONE', ( #2881, #3187, #6916, #10491 ) ) ;
#5631 = DIRECTION ( 'NONE',  ( -0.0000000000000000000, 1.000000000000000000, 0.0000000000000000000 ) ) ;
#5632 = FACE_OUTER_BOUND ( 'NONE', #8583, .T. ) ;
#5633 = FACE_OUTER_BOUND ( 'NONE', #10362, .T. ) ;
#5634 = ORIENTED_EDGE ( 'NONE', *, *, #4519, .F. ) ;
#5635 = CC_DESIGN_SECURITY_CLASSIFICATION ( #5037, ( #11291 ) ) ;
#5636 = CARTESIAN_POINT ( 'NONE',  ( 1.250000000000000200, 0.1636246173744684600, -7.500000000000000900 ) ) ;
#5637 = LINE ( 'NONE', #4689, #4813 ) ;
#5638 = CARTESIAN_POINT ( 'NONE',  ( 0.0000000000000000000, -4.000000000000000000, 0.0000000000000000000 ) ) ;
#5639 = DIRECTION ( 'NONE',  ( 0.0000000000000000000, -0.0000000000000000000, -1.000000000000000000 ) ) ;
#5640 = PERSON_AND_ORGANIZATION ( #7815, #7971 ) ;
#5641 = EDGE_CURVE ( 'NONE', #7130, #10836, #2964, .T. ) ;
#5642 = DIRECTION ( 'NONE',  ( 1.000000000000000000, 0.0000000000000000000, 0.0000000000000000000 ) ) ;
#5643 = FACE_OUTER_BOUND ( 'NONE', #5647, .T. ) ;
#5644 = CYLINDRICAL_SURFACE ( 'NONE', #3643, 0.4000000000000001900 ) ;
#5645 = LINE ( 'NONE', #453, #3337 ) ;
#5646 = LINE ( 'NONE', #11166, #7702 ) ;
#5647 = EDGE_LOOP ( 'NONE', ( #10631, #5591, #8997, #2857 ) ) ;
#5648 = ORIENTED_EDGE ( 'NONE', *, *, #3253, .T. ) ;
#5649 = ADVANCED_FACE ( 'NONE', ( #101 ), #11127, .F. ) ;
#5650 = CARTESIAN_POINT ( 'NONE',  ( 88.50000000000000000, 25.37500000000000000, 168.0000000000000000 ) ) ;
#5651 = ORIENTED_EDGE ( 'NONE', *, *, #3177, .F. ) ;
#5652 = EDGE_CURVE ( 'NONE', #3132, #9752, #2145, .T. ) ;
#5653 = PLANE ( 'NONE',  #10426 ) ;
#5654 = VERTEX_POINT ( 'NONE', #2884 ) ;
#5655 = EDGE_CURVE ( 'NONE', #6448, #7122, #4434, .T. ) ;
#5656 = VERTEX_POINT ( 'NONE', #293 ) ;
#5657 = ORIENTED_EDGE ( 'NONE', *, *, #1341, .F. ) ;
#5658 = COORDINATED_UNIVERSAL_TIME_OFFSET ( 1, 0, .AHEAD. ) ;
#5659 = VECTOR ( 'NONE', #6515, 1000.000000000000000 ) ;
#5660 = VERTEX_POINT ( 'NONE', #2045 ) ;
#5661 = ADVANCED_FACE ( 'NONE', ( #6761 ), #5493, .T. ) ;
#5662 = PERSON_AND_ORGANIZATION_ROLE ( 'design_owner' ) ;
#5663 = CARTESIAN_POINT ( 'NONE',  ( 6.250000000000000000, -16.02500000000000200, 248.0000000000000000 ) ) ;
#5664 = DIRECTION ( 'NONE',  ( -1.000000000000000000, 0.0000000000000000000, -0.0000000000000000000 ) ) ;
#5665 = CARTESIAN_POINT ( 'NONE',  ( -3.025874995459997900, -2.687306062678934900, -0.5000000000005097000 ) ) ;
#5666 = APPROVAL_PERSON_ORGANIZATION ( #8006, #6284, #4713 ) ;
#5667 = ORIENTED_EDGE ( 'NONE', *, *, #3616, .T. ) ;
#5668 = CYLINDRICAL_SURFACE ( 'NONE', #9977, 2.500000000000000000 ) ;
#5669 = VERTEX_POINT ( 'NONE', #9851 ) ;
#5670 = CARTESIAN_POINT ( 'NONE',  ( -0.9995835529977256100, 0.7681833999686436000, -7.500000000000001800 ) ) ;
#5671 = VECTOR ( 'NONE', #11058, 1000.000000000000000 ) ;
#5672 = VERTEX_POINT ( 'NONE', #7294 ) ;
#5673 = CARTESIAN_POINT ( 'NONE',  ( -90.00000000000001400, 32.34999999999999400, 184.9999999999999700 ) ) ;
#5674 = AXIS2_PLACEMENT_3D ( 'NONE', #145, #6226, #1026 ) ;
#5675 = APPROVAL_DATE_TIME ( #8020, #3220 ) ;
#5676 = PLANE ( 'NONE',  #10079 ) ;
#5677 = VECTOR ( 'NONE', #1163, 1000.000000000000000 ) ;
#5678 = AXIS2_PLACEMENT_3D ( 'NONE', #1970, #8063, #2848 ) ;
#5679 = AXIS2_PLACEMENT_3D ( 'NONE', #4306, #10398, #5168 ) ;
#5680 = ORIENTED_EDGE ( 'NONE', *, *, #10844, .F. ) ;
#5681 = DATE_AND_TIME ( #8027, #10333 ) ;
#5682 = EDGE_CURVE ( 'NONE', #1694, #5500, #6490, .T. ) ;
#5683 = DIRECTION ( 'NONE',  ( 1.000000000000000000, 0.0000000000000000000, 0.0000000000000000000 ) ) ;
#5684 = EDGE_CURVE ( 'NONE', #7051, #10818, #4160, .T. ) ;
#5685 = ADVANCED_BREP_SHAPE_REPRESENTATION ( '', ( #5277, #7819 ), #7224 ) ;
#5686 = DIRECTION ( 'NONE',  ( 0.0000000000000000000, -0.0000000000000000000, -1.000000000000000000 ) ) ;
#5687 = PRODUCT_DEFINITION_FORMATION_WITH_SPECIFIED_SOURCE ( 'ANY', '', #2863, .NOT_KNOWN. ) ;
#5688 = DATE_TIME_ROLE ( 'classification_date' ) ;
#5689 = EDGE_LOOP ( 'NONE', ( #2611, #11186, #10475, #8181 ) ) ;
#5690 = CARTESIAN_POINT ( 'NONE',  ( -2.449489742783178300, -4.000000000000000000, 0.5000000000000000000 ) ) ;
#5691 = CARTESIAN_POINT ( 'NONE',  ( 88.50000000000000000, 7.125000000000000000, 19.14999999999999900 ) ) ;
#5692 = PLANE ( 'NONE',  #10513 ) ;
#5693 = DIRECTION ( 'NONE',  ( -1.000000000000000000, 0.0000000000000000000, 0.0000000000000000000 ) ) ;
#5694 = DIRECTION ( 'NONE',  ( 1.000000000000000000, 0.0000000000000000000, -0.0000000000000000000 ) ) ;
#5695 = CARTESIAN_POINT ( 'NONE',  ( 1.200000000000000200, 5.450000000000000200, 72.00000000000001400 ) ) ;
#5696 = CARTESIAN_POINT ( 'NONE',  ( 73.50000000000000000, 1.500000000000000000, 17.00000000000000000 ) ) ;
#5697 = ADVANCED_FACE ( 'NONE', ( #8815 ), #1607, .F. ) ;
#5698 = ORIENTED_EDGE ( 'NONE', *, *, #10332, .T. ) ;
#5699 = DIRECTION ( 'NONE',  ( 1.000000000000000000, 0.0000000000000000000, -0.0000000000000000000 ) ) ;
#5700 = ORIENTED_EDGE ( 'NONE', *, *, #4764, .F. ) ;
#5701 = CARTESIAN_POINT ( 'NONE',  ( 0.0000000000000000000, 0.0000000000000000000, 0.0000000000000000000 ) ) ;
#5702 = VERTEX_POINT ( 'NONE', #1257 ) ;
#5703 = CARTESIAN_POINT ( 'NONE',  ( -86.42000000000000200, -5.850000000000001400, 0.0000000000000000000 ) ) ;
#5704 = DIRECTION ( 'NONE',  ( -0.0000000000000000000, -0.0000000000000000000, 1.000000000000000000 ) ) ;
#5705 = ADVANCED_FACE ( 'NONE', ( #3894 ), #8271, .T. ) ;
#5706 = ORIENTED_EDGE ( 'NONE', *, *, #7034, .F. ) ;
#5707 = EDGE_CURVE ( 'NONE', #5333, #7618, #10574, .T. ) ;
#5708 = CYLINDRICAL_SURFACE ( 'NONE', #4009, 2.500000000000000000 ) ;
#5709 = VERTEX_POINT ( 'NONE', #2990 ) ;
#5710 = ORIENTED_EDGE ( 'NONE', *, *, #11098, .T. ) ;
#5711 = ORIENTED_EDGE ( 'NONE', *, *, #2941, .T. ) ;
#5712 = ORIENTED_EDGE ( 'NONE', *, *, #4702, .T. ) ;
#5713 = VECTOR ( 'NONE', #998, 1000.000000000000000 ) ;
#5714 = DIRECTION ( 'NONE',  ( -1.000000000000000000, 0.0000000000000000000, 0.0000000000000000000 ) ) ;
#5715 = DIRECTION ( 'NONE',  ( -0.0000000000000000000, -0.0000000000000000000, 1.000000000000000000 ) ) ;
#5716 = LINE ( 'NONE', #7843, #8064 ) ;
#5717 = LINE ( 'NONE', #6821, #3428 ) ;
#5718 = DIRECTION ( 'NONE',  ( 1.000000000000000000, 0.0000000000000000000, 0.0000000000000000000 ) ) ;
#5719 = PERSON_AND_ORGANIZATION ( #961, #8069 ) ;
#5720 = APPROVAL_ROLE ( '' ) ;
#5721 = ORIENTED_EDGE ( 'NONE', *, *, #4228, .F. ) ;
#5722 = EDGE_CURVE ( 'NONE', #10836, #2994, #8535, .T. ) ;
#5723 = CARTESIAN_POINT ( 'NONE',  ( 6.250000000000000000, -5.074999999999999300, 248.0000000000000000 ) ) ;
#5724 = AXIS2_PLACEMENT_3D ( 'NONE', #5542, #347, #6419 ) ;
#5725 = CARTESIAN_POINT ( 'NONE',  ( -73.50000000000000000, 1.500000000000000000, 165.5000000000000000 ) ) ;
#5726 = DIRECTION ( 'NONE',  ( -1.000000000000000000, -1.387778780781445900E-016, 0.0000000000000000000 ) ) ;
#5727 = DIRECTION ( 'NONE',  ( 0.0000000000000000000, 1.000000000000000000, 0.0000000000000000000 ) ) ;
#5728 = DIRECTION ( 'NONE',  ( -1.000000000000000000, 0.0000000000000000000, 0.0000000000000000000 ) ) ;
#5729 = CARTESIAN_POINT ( 'NONE',  ( 5.850000000000001400, 9.525000000000000400, 248.0000000000000000 ) ) ;
#5730 = FACE_OUTER_BOUND ( 'NONE', #1664, .T. ) ;
#5731 = LINE ( 'NONE', #4318, #1133 ) ;
#5732 = CARTESIAN_POINT ( 'NONE',  ( 0.3777142256033270100, 0.6553397952731289100, -8.000000000000000000 ) ) ;
#5733 = DATE_AND_TIME ( #8078, #10391 ) ;
#5734 = ORIENTED_EDGE ( 'NONE', *, *, #7707, .F. ) ;
#5735 = CIRCLE ( 'NONE', #493, 1.000000000000000000 ) ;
#5736 = CARTESIAN_POINT ( 'NONE',  ( 2.449489742783179700, -4.001000000000000300, -0.5000000000000000000 ) ) ;
#5737 = AXIS2_PLACEMENT_3D ( 'NONE', #9121, #3880, #9991 ) ;
#5738 = CARTESIAN_POINT ( 'NONE',  ( -1.700000000000000000, 0.0000000000000000000, 65.07035354437189800 ) ) ;
#5739 = LINE ( 'NONE', #6817, #8091 ) ;
#5740 = LINE ( 'NONE', #4747, #10121 ) ;
#5741 = COORDINATED_UNIVERSAL_TIME_OFFSET ( 1, 0, .AHEAD. ) ;
#5742 = ADVANCED_FACE ( 'NONE', ( #5930 ), #3356, .T. ) ;
#5743 = ORIENTED_EDGE ( 'NONE', *, *, #2389, .T. ) ;
#5744 = FACE_OUTER_BOUND ( 'NONE', #8585, .T. ) ;
#5745 = ADVANCED_FACE ( 'NONE', ( #1332 ), #3027, .T. ) ;
#5746 = PLANE ( 'NONE',  #422 ) ;
#5747 = CIRCLE ( 'NONE', #24, 0.2000000000000000900 ) ;
#5748 = EDGE_LOOP ( 'NONE', ( #8820, #8587, #10217, #9209, #5802 ) ) ;
#5749 = DIRECTION ( 'NONE',  ( 0.0000000000000000000, 0.0000000000000000000, 1.000000000000000000 ) ) ;
#5750 = CIRCLE ( 'NONE', #2104, 1.250000000000000000 ) ;
#5751 = EDGE_CURVE ( 'NONE', #274, #9663, #10306, .T. ) ;
#5752 = CC_DESIGN_SECURITY_CLASSIFICATION ( #2861, ( #11264 ) ) ;
#5753 = LOCAL_TIME ( 11, 17, 25.00000000000000000, #8103 ) ;
#5754 = AXIS2_PLACEMENT_3D ( 'NONE', #1855, #7928, #2723 ) ;
#5755 = EDGE_LOOP ( 'NONE', ( #10505, #1869, #7921, #4548 ) ) ;
#5756 = FACE_OUTER_BOUND ( 'NONE', #10966, .T. ) ;
#5757 = ORIENTED_EDGE ( 'NONE', *, *, #3862, .T. ) ;
#5758 = EDGE_CURVE ( 'NONE', #3630, #1769, #6210, .T. ) ;
#5759 = VECTOR ( 'NONE', #7864, 1000.000000000000000 ) ;
#5760 = CC_DESIGN_APPROVAL ( #5188, ( #4012 ) ) ;
#5761 = CARTESIAN_POINT ( 'NONE',  ( 5.850000000000001400, 5.875000000000000000, 72.00000000000001400 ) ) ;
#5762 = VECTOR ( 'NONE', #10715, 1000.000000000000000 ) ;
#5763 = ORIENTED_EDGE ( 'NONE', *, *, #2500, .F. ) ;
#5764 = EDGE_CURVE ( 'NONE', #9486, #9455, #7999, .T. ) ;
#5765 = VERTEX_POINT ( 'NONE', #2198 ) ;
#5766 = ADVANCED_FACE ( 'NONE', ( #5389 ), #795, .F. ) ;
#5767 = ORIENTED_EDGE ( 'NONE', *, *, #2500, .T. ) ;
#5768 = APPROVAL_STATUS ( 'not_yet_approved' ) ;
#5769 = DIRECTION ( 'NONE',  ( -0.0000000000000000000, -1.000000000000000000, -0.0000000000000000000 ) ) ;
#5770 = CARTESIAN_POINT ( 'NONE',  ( 86.50000000000000000, 32.50000000000002100, 367.9104972384030200 ) ) ;
#5771 = DIRECTION ( 'NONE',  ( -0.0000000000000000000, 1.000000000000000000, 0.0000000000000000000 ) ) ;
#5772 = CARTESIAN_POINT ( 'NONE',  ( -3.210525439419708700, -2.493718516972145000, 0.5044790542819700400 ) ) ;
#5773 = CARTESIAN_POINT ( 'NONE',  ( -3.007585135165836000, -3.026185824819446000, 0.4999999999999983900 ) ) ;
#5774 = ORIENTED_EDGE ( 'NONE', *, *, #3243, .T. ) ;
#5775 = DIRECTION ( 'NONE',  ( -0.0000000000000000000, -0.0000000000000000000, -1.000000000000000000 ) ) ;
#5776 = CYLINDRICAL_SURFACE ( 'NONE', #10908, 0.4000000000000001900 ) ;
#5777 = CC_DESIGN_DATE_AND_TIME_ASSIGNMENT ( #8095, #5000, ( #3462 ) ) ;
#5778 = CARTESIAN_POINT ( 'NONE',  ( 0.09817475995270480400, -0.7500000000000089900, -8.000000000000000000 ) ) ;
#5779 = CIRCLE ( 'NONE', #6707, 0.4000000000000001900 ) ;
#5780 = ORIENTED_EDGE ( 'NONE', *, *, #1348, .F. ) ;
#5781 = EDGE_LOOP ( 'NONE', ( #949, #1044, #4811, #4474 ) ) ;
#5782 = DIRECTION ( 'NONE',  ( 0.0000000000000000000, -1.000000000000000000, -0.0000000000000000000 ) ) ;
#5783 = EDGE_CURVE ( 'NONE', #19, #10224, #3629, .T. ) ;
#5784 = ORIENTED_EDGE ( 'NONE', *, *, #3080, .T. ) ;
#5785 = EDGE_CURVE ( 'NONE', #2897, #3599, #7724, .T. ) ;
#5786 = CARTESIAN_POINT ( 'NONE',  ( -0.3999999999999998600, -4.649999999999999500, 72.00000000000001400 ) ) ;
#5787 = CARTESIAN_POINT ( 'NONE',  ( -1.145643923738960400, -4.001000000000000300, -0.5000000000000000000 ) ) ;
#5788 = FACE_OUTER_BOUND ( 'NONE', #9359, .T. ) ;
#5789 = EDGE_LOOP ( 'NONE', ( #8280, #2575, #1850, #5912 ) ) ;
#5790 = CARTESIAN_POINT ( 'NONE',  ( -0.09817475995270710800, -0.7499999999999910100, -8.000000000000000000 ) ) ;
#5791 = APPROVAL_DATE_TIME ( #8141, #4886 ) ;
#5792 = DIRECTION ( 'NONE',  ( -2.602085213965208300E-015, -1.000000000000000000, 0.0000000000000000000 ) ) ;
#5793 = EDGE_CURVE ( 'NONE', #3641, #4153, #9786, .T. ) ;
#5794 = DIRECTION ( 'NONE',  ( 0.0000000000000000000, 1.000000000000000000, 0.0000000000000000000 ) ) ;
#5795 = LINE ( 'NONE', #946, #10170 ) ;
#5796 = DIRECTION ( 'NONE',  ( 0.0000000000000000000, 1.000000000000000000, 0.0000000000000000000 ) ) ;
#5797 = ORIENTED_EDGE ( 'NONE', *, *, #6158, .T. ) ;
#5798 = AXIS2_PLACEMENT_3D ( 'NONE', #8937, #5445, #255 ) ;
#5799 = EDGE_CURVE ( 'NONE', #11110, #112, #3090, .T. ) ;
#5800 = AXIS2_PLACEMENT_3D ( 'NONE', #1484, #7572, #2367 ) ;
#5801 = LOCAL_TIME ( 11, 17, 25.00000000000000000, #8150 ) ;
#5802 = ORIENTED_EDGE ( 'NONE', *, *, #5682, .T. ) ;
#5804 = ORIENTED_EDGE ( 'NONE', *, *, #1935, .T. ) ;
#5803 = SECURITY_CLASSIFICATION_LEVEL ( 'unclassified' ) ;
#5805 = DIRECTION ( 'NONE',  ( 0.0000000000000000000, 0.0000000000000000000, -1.000000000000000000 ) ) ;
#5806 = PLANE ( 'NONE',  #3865 ) ;
#5807 = CARTESIAN_POINT ( 'NONE',  ( 5.850000000000001400, 16.02500000000000200, 72.00000000000001400 ) ) ;
#5808 = CARTESIAN_POINT ( 'NONE',  ( 6.250000000000000000, -2.225000000000000100, 72.00000000000001400 ) ) ;
#5809 = ADVANCED_FACE ( 'NONE', ( #502 ), #2557, .T. ) ;
#5810 = AXIS2_PLACEMENT_3D ( 'NONE', #3108, #1394, #7472 ) ;
#5811 = COORDINATED_UNIVERSAL_TIME_OFFSET ( 1, 0, .AHEAD. ) ;
#5812 = CARTESIAN_POINT ( 'NONE',  ( -1.092232992121904500, 0.6295237093388969000, -7.999999999999994700 ) ) ;
#5813 = DIRECTION ( 'NONE',  ( 1.000000000000000000, 0.0000000000000000000, 0.0000000000000000000 ) ) ;
#5814 = CARTESIAN_POINT ( 'NONE',  ( 5.850000000000001400, -8.325000000000001100, 71.99899999999999500 ) ) ;
#5815 = CARTESIAN_POINT ( 'NONE',  ( 5.850000000000001400, 5.074999999999999300, 71.99899999999999500 ) ) ;
#5816 = DIRECTION ( 'NONE',  ( 0.0000000000000000000, 0.0000000000000000000, 1.000000000000000000 ) ) ;
#5817 = DIRECTION ( 'NONE',  ( 0.0000000000000000000, -0.0000000000000000000, -1.000000000000000000 ) ) ;
#5818 = CARTESIAN_POINT ( 'NONE',  ( 1.319450280607487700, -1.014002097308119900, 1.500000000000000400 ) ) ;
#5819 = ADVANCED_FACE ( 'NONE', ( #5119 ), #8349, .F. ) ;
#5820 = VERTEX_POINT ( 'NONE', #9236 ) ;
#5821 = AXIS2_PLACEMENT_3D ( 'NONE', #6895, #1689, #7771 ) ;
#5822 = AXIS2_PLACEMENT_3D ( 'NONE', #8298, #3095, #9189 ) ;
#5823 = CARTESIAN_POINT ( 'NONE',  ( -0.9995835406563873300, 0.7681834123099718900, -7.999999999999994700 ) ) ;
#5824 = ORIENTED_EDGE ( 'NONE', *, *, #9938, .F. ) ;
#5825 = CARTESIAN_POINT ( 'NONE',  ( 0.8000000000000000400, -5.450000000000000200, -1.510173831053895000 ) ) ;
#5826 = EDGE_CURVE ( 'NONE', #2103, #11170, #228, .T. ) ;
#5827 = CARTESIAN_POINT ( 'NONE',  ( -3.337849213179395300, -17.95000000000000300, 248.0000000000000000 ) ) ;
#5828 = VERTEX_POINT ( 'NONE', #4874 ) ;
#5829 = EDGE_LOOP ( 'NONE', ( #1095, #9409 ) ) ;
#5830 = EDGE_CURVE ( 'NONE', #9663, #5672, #4844, .T. ) ;
#5831 = ORIENTED_EDGE ( 'NONE', *, *, #8516, .T. ) ;
#5832 = DIRECTION ( 'NONE',  ( -1.000000000000000000, 0.0000000000000000000, 0.0000000000000000000 ) ) ;
#5833 = SECURITY_CLASSIFICATION ( '', '', #4827 ) ;
#5834 =( REPRESENTATION_RELATIONSHIP ('NONE','NONE', #9710, #5873 ) REPRESENTATION_RELATIONSHIP_WITH_TRANSFORMATION ( #2514 )SHAPE_REPRESENTATION_RELATIONSHIP( ) );
#5835 = ORIENTED_EDGE ( 'NONE', *, *, #1912, .F. ) ;
#5836 = CARTESIAN_POINT ( 'NONE',  ( 0.0000000000000000000, 0.0000000000000000000, 0.0000000000000000000 ) ) ;
#5837 = VECTOR ( 'NONE', #1921, 1000.000000000000000 ) ;
#5838 = ORIENTED_EDGE ( 'NONE', *, *, #7918, .T. ) ;
#5839 = CARTESIAN_POINT ( 'NONE',  ( 1.649999999999999900, 0.2159844817122110200, 1.500000000000000000 ) ) ;
#5840 = DIRECTION ( 'NONE',  ( -0.0000000000000000000, 0.0000000000000000000, 1.000000000000000000 ) ) ;
#5841 = CARTESIAN_POINT ( 'NONE',  ( 0.0000000000000000000, 4.500000000000000900, 3.950000000000000200 ) ) ;
#5842 = EDGE_CURVE ( 'NONE', #110, #6218, #7169, .T. ) ;
#5843 = EDGE_LOOP ( 'NONE', ( #6924, #2114 ) ) ;
#5844 = DIRECTION ( 'NONE',  ( -1.000000000000000000, -1.387778780781445900E-016, 0.0000000000000000000 ) ) ;
#5845 = ORIENTED_EDGE ( 'NONE', *, *, #4481, .F. ) ;
#5846 = CARTESIAN_POINT ( 'NONE',  ( 1.249999999999998200, 0.1636245999212138100, -7.999999999999994700 ) ) ;
#5847 = DIRECTION ( 'NONE',  ( 6.071532165918830700E-016, 1.000000000000000000, 0.0000000000000000000 ) ) ;
#5848 = CARTESIAN_POINT ( 'NONE',  ( 6.250000000000000900, -9.525000000000000400, 71.99899999999999500 ) ) ;
#5849 = VECTOR ( 'NONE', #7296, 1000.000000000000000 ) ;
#5850 = DIRECTION ( 'NONE',  ( -6.454785026890447800E-015, 1.000000000000000000, 0.0000000000000000000 ) ) ;
#5851 = DIRECTION ( 'NONE',  ( 0.0000000000000000000, 0.0000000000000000000, -1.000000000000000000 ) ) ;
#5852 = VERTEX_POINT ( 'NONE', #5786 ) ;
#5853 = EDGE_LOOP ( 'NONE', ( #846, #2434, #566, #889 ) ) ;
#5854 = VERTEX_POINT ( 'NONE', #6665 ) ;
#5855 = CARTESIAN_POINT ( 'NONE',  ( 0.0000000000000000000, 2.000000000000000000, 0.0000000000000000000 ) ) ;
#5856 = FACE_BOUND ( 'NONE', #4826, .T. ) ;
#5857 = CARTESIAN_POINT ( 'NONE',  ( 6.250000000000000000, 12.50000000000000000, 248.0000000000000000 ) ) ;
#5858 = LOCAL_TIME ( 11, 17, 25.00000000000000000, #8210 ) ;
#5859 = CARTESIAN_POINT ( 'NONE',  ( -1.649999999999999900, 4.253864881893545600E-014, 1.499999999999999800 ) ) ;
#5860 = EDGE_CURVE ( 'NONE', #8306, #8805, #11274, .T. ) ;
#5861 = EDGE_CURVE ( 'NONE', #5224, #6218, #9508, .T. ) ;
#5862 = CARTESIAN_POINT ( 'NONE',  ( 1.249999999999998200, -0.1636245999212135300, -7.999999999999994700 ) ) ;
#5863 = AXIS2_PLACEMENT_3D ( 'NONE', #7886, #2676, #8751 ) ;
#5864 = ADVANCED_FACE ( 'NONE', ( #4573 ), #2010, .F. ) ;
#5865 = CIRCLE ( 'NONE', #1682, 2.250000000000001800 ) ;
#5866 = CARTESIAN_POINT ( 'NONE',  ( -0.2000000000000000100, 14.50000000000000000, 248.0000000000000000 ) ) ;
#5867 = DIRECTION ( 'NONE',  ( -1.000000000000000000, 0.0000000000000000000, 0.0000000000000000000 ) ) ;
#5868 = LINE ( 'NONE', #5592, #5604 ) ;
#5869 = ORIENTED_EDGE ( 'NONE', *, *, #10652, .T. ) ;
#5870 = LINE ( 'NONE', #7487, #5609 ) ;
#5871 = LINE ( 'NONE', #9415, #7669 ) ;
#5872 = ADVANCED_FACE ( 'NONE', ( #2276 ), #8679, .T. ) ;
#5873 = SHAPE_REPRESENTATION ( 'Cover', ( #7819 ), #8987 ) ;
#5874 = VECTOR ( 'NONE', #666, 1000.000000000000000 ) ;
#5875 = APPROVAL_PERSON_ORGANIZATION ( #8225, #9532, #5038 ) ;
#5876 = DIRECTION ( 'NONE',  ( -6.546126324440770800E-016, 1.000000000000000000, 0.0000000000000000000 ) ) ;
#5877 =( NAMED_UNIT ( * ) SI_UNIT ( $, .STERADIAN. ) SOLID_ANGLE_UNIT ( ) );
#5878 = AXIS2_PLACEMENT_3D ( 'NONE', #9113, #9984, #4742 ) ;
#5879 = DIRECTION ( 'NONE',  ( 0.0000000000000000000, 0.0000000000000000000, 1.000000000000000000 ) ) ;
#5880 = DIRECTION ( 'NONE',  ( 0.0000000000000000000, -0.0000000000000000000, -1.000000000000000000 ) ) ;
#5881 = CARTESIAN_POINT ( 'NONE',  ( -1.441747545844444000, 0.8309713053962629600, 1.500000000000000000 ) ) ;
#5882 = CARTESIAN_POINT ( 'NONE',  ( 2.059984127722459200E-015, -9.199999999999999300, 248.0000000000000000 ) ) ;
#5883 = DIRECTION ( 'NONE',  ( -1.000000000000000000, -1.568643360214134800E-016, 0.0000000000000000000 ) ) ;
#5884 = LINE ( 'NONE', #4625, #1290 ) ;
#5885 = VERTEX_POINT ( 'NONE', #2382 ) ;
#5886 = CARTESIAN_POINT ( 'NONE',  ( -0.9995835406563916600, -0.7681834123099760000, -7.999999999999994700 ) ) ;
#5887 = FACE_OUTER_BOUND ( 'NONE', #5214, .T. ) ;
#5888 = ORIENTED_EDGE ( 'NONE', *, *, #7754, .T. ) ;
#5889 = DIRECTION ( 'NONE',  ( 0.0000000000000000000, 0.0000000000000000000, 1.000000000000000000 ) ) ;
#5890 = DIRECTION ( 'NONE',  ( -1.000000000000000000, 0.0000000000000000000, -0.0000000000000000000 ) ) ;
#5891 = CARTESIAN_POINT ( 'NONE',  ( 1.600000000000000100, -14.50000000000000000, 248.0000000000000000 ) ) ;
#5892 = APPROVAL_DATE_TIME ( #8235, #5419 ) ;
#5893 = AXIS2_PLACEMENT_3D ( 'NONE', #5910, #726, #6804 ) ;
#5894 = ORIENTED_EDGE ( 'NONE', *, *, #3082, .F. ) ;
#5895 = CYLINDRICAL_SURFACE ( 'NONE', #2988, 0.4000000000000001900 ) ;
#5896 = DIRECTION ( 'NONE',  ( 0.0000000000000000000, -0.0000000000000000000, -1.000000000000000000 ) ) ;
#5897 = VECTOR ( 'NONE', #10177, 1000.000000000000000 ) ;
#5898 = ORIENTED_EDGE ( 'NONE', *, *, #9595, .T. ) ;
#5899 = CARTESIAN_POINT ( 'NONE',  ( 0.0000000000000000000, 0.0000000000000000000, 1.250000000000000000 ) ) ;
#5900 = SHAPE_REPRESENTATION ( 'Blokada_v2', ( #7819 ), #10732 ) ;
#5901 = EDGE_CURVE ( 'NONE', #2356, #1863, #10978, .T. ) ;
#5902 = LINE ( 'NONE', #2876, #8249 ) ;
#5903 = EDGE_CURVE ( 'NONE', #10494, #10949, #6617, .T. ) ;
#5904 = LOCAL_TIME ( 11, 17, 25.00000000000000000, #8251 ) ;
#5905 = CARTESIAN_POINT ( 'NONE',  ( -1.092232992121877900, -0.6295237093388836900, -7.999999999999994700 ) ) ;
#5906 = CARTESIAN_POINT ( 'NONE',  ( 5.850000000000001400, -2.225000000000000100, 72.00000000000001400 ) ) ;
#5907 = FACE_OUTER_BOUND ( 'NONE', #3107, .T. ) ;
#5908 = VECTOR ( 'NONE', #5548, 1000.000000000000000 ) ;
#5909 = LINE ( 'NONE', #4812, #10282 ) ;
#5910 = CARTESIAN_POINT ( 'NONE',  ( 3.750000000000000000, -15.62500000000000000, 71.99899999999999500 ) ) ;
#5911 = LINE ( 'NONE', #6261, #10284 ) ;
#5912 = ORIENTED_EDGE ( 'NONE', *, *, #8266, .F. ) ;
#5913 = VERTEX_POINT ( 'NONE', #1500 ) ;
#5914 = CC_DESIGN_PERSON_AND_ORGANIZATION_ASSIGNMENT ( #7875, #1206, ( #4162 ) ) ;
#5915 = VERTEX_POINT ( 'NONE', #4105 ) ;
#5916 = SECURITY_CLASSIFICATION ( '', '', #3506 ) ;
#5917 = VERTEX_POINT ( 'NONE', #1821 ) ;
#5918 = CARTESIAN_POINT ( 'NONE',  ( 5.850000000000001400, 1.025000000000000400, 248.0000000000000000 ) ) ;
#5919 = PERSON_AND_ORGANIZATION_ROLE ( 'classification_officer' ) ;
#5920 = CARTESIAN_POINT ( 'NONE',  ( 3.750000000000000000, -8.125000000000000000, 248.0000000000000000 ) ) ;
#5921 = VERTEX_POINT ( 'NONE', #8456 ) ;
#5922 = CARTESIAN_POINT ( 'NONE',  ( -3.799999999999999800, -9.275000000000000400, 248.0000000000000000 ) ) ;
#5923 = CARTESIAN_POINT ( 'NONE',  ( 0.8309713053962639600, -1.441747545844460200, 1.500000000000000000 ) ) ;
#5924 = DIRECTION ( 'NONE',  ( 0.0000000000000000000, 0.0000000000000000000, 1.000000000000000000 ) ) ;
#5925 = ORIENTED_EDGE ( 'NONE', *, *, #4447, .F. ) ;
#5926 = LOCAL_TIME ( 11, 17, 25.00000000000000000, #8269 ) ;
#5927 = DIRECTION ( 'NONE',  ( -1.000000000000000000, -1.176083712526651900E-016, 0.0000000000000000000 ) ) ;
#5928 = ADVANCED_FACE ( 'NONE', ( #1748 ), #6748, .F. ) ;
#5929 = CARTESIAN_POINT ( 'NONE',  ( -0.1636245999211765100, 1.250000000000000000, -7.500000000000000000 ) ) ;
#5930 = FACE_OUTER_BOUND ( 'NONE', #7144, .T. ) ;
#5931 = ORIENTED_EDGE ( 'NONE', *, *, #7779, .T. ) ;
#5932 = DIRECTION ( 'NONE',  ( 1.000000000000000000, -6.071532165918830700E-016, -0.0000000000000000000 ) ) ;
#5933 = CARTESIAN_POINT ( 'NONE',  ( 3.950000000000000200, -2.624999999999998700, 72.00000000000001400 ) ) ;
#5934 = EDGE_CURVE ( 'NONE', #2539, #1990, #4013, .T. ) ;
#5935 = EDGE_CURVE ( 'NONE', #8803, #7703, #9221, .T. ) ;
#5936 = CARTESIAN_POINT ( 'NONE',  ( -4.750000000000000000, -3.700000000000000200, 3.000000000000000000 ) ) ;
#5937 = COORDINATED_UNIVERSAL_TIME_OFFSET ( 1, 0, .AHEAD. ) ;
#5938 = CARTESIAN_POINT ( 'NONE',  ( 2.469697453246349800, -4.000000000000000000, 0.3880650582421681400 ) ) ;
#5939 = AXIS2_PLACEMENT_3D ( 'NONE', #10726, #5502, #298 ) ;
#5940 = DIRECTION ( 'NONE',  ( 1.000000000000000000, -0.0000000000000000000, 0.0000000000000000000 ) ) ;
#5941 = DIRECTION ( 'NONE',  ( 1.000000000000000000, 0.0000000000000000000, 0.0000000000000000000 ) ) ;
#5942 = VERTEX_POINT ( 'NONE', #99 ) ;
#5943 = LINE ( 'NONE', #10866, #3638 ) ;
#5944 = ORIENTED_EDGE ( 'NONE', *, *, #707, .T. ) ;
#5945 = VECTOR ( 'NONE', #9274, 1000.000000000000000 ) ;
#5946 = EDGE_LOOP ( 'NONE', ( #7347, #6058, #1181, #9439 ) ) ;
#5947 = CARTESIAN_POINT ( 'NONE',  ( 0.1636245999211760100, 1.250000000000000000, -7.500000000000000000 ) ) ;
#5948 = CARTESIAN_POINT ( 'NONE',  ( 0.6999999999999999600, -5.049999999999999800, -1.510173831053895000 ) ) ;
#5949 = CARTESIAN_POINT ( 'NONE',  ( 0.9995835529977247200, -0.7681833999686440400, -7.499999999999999100 ) ) ;
#5950 = CARTESIAN_POINT ( 'NONE',  ( 0.6999999999999999600, -5.049999999999999800, 248.0000000000000000 ) ) ;
#5951 = APPROVAL_PERSON_ORGANIZATION ( #8285, #3220, #1114 ) ;
#5952 = CARTESIAN_POINT ( 'NONE',  ( 6.250000000000000000, 5.074999999999999300, 248.0000000000000000 ) ) ;
#5953 = LINE ( 'NONE', #6361, #5677 ) ;
#5954 = EDGE_CURVE ( 'NONE', #112, #6050, #6340, .T. ) ;
#5955 = AXIS2_PLACEMENT_3D ( 'NONE', #9185, #10913, #5686 ) ;
#5956 = PERSON_AND_ORGANIZATION ( #9810, #4463 ) ;
#5957 = DATE_TIME_ROLE ( 'classification_date' ) ;
#5958 = CARTESIAN_POINT ( 'NONE',  ( 0.5000000000000000000, -4.001000000000000300, 4.000000000000000000 ) ) ;
#5959 = CARTESIAN_POINT ( 'NONE',  ( 73.50000000000000000, 2.168404344971009900E-016, 168.0000000000000000 ) ) ;
#5960 = DIRECTION ( 'NONE',  ( 0.0000000000000000000, 0.0000000000000000000, 1.000000000000000000 ) ) ;
#5961 = DIRECTION ( 'NONE',  ( 0.0000000000000000000, -1.000000000000000000, -0.0000000000000000000 ) ) ;
#5962 = CARTESIAN_POINT ( 'NONE',  ( 1.838209251331150300, 3.189320328686155100, 1.500000000000045500 ) ) ;
#5963 = CARTESIAN_POINT ( 'NONE',  ( 0.0000000000000000000, 0.0000000000000000000, 0.0000000000000000000 ) ) ;
#5964 = CARTESIAN_POINT ( 'NONE',  ( -3.400000000000000400, -3.625000000000000000, 248.0000000000000000 ) ) ;
#5965 = AXIS2_PLACEMENT_3D ( 'NONE', #9504, #1858, #7931 ) ;
#5966 = CARTESIAN_POINT ( 'NONE',  ( 0.7681834123099818800, -0.9995835406563859900, -7.500000000000000000 ) ) ;
#5967 = PRODUCT_DEFINITION_SHAPE ( 'NONE', 'NONE',  #11293 ) ;
#5968 = DIRECTION ( 'NONE',  ( 0.0000000000000000000, 0.0000000000000000000, -1.000000000000000000 ) ) ;
#5969 = SHAPE_REPRESENTATION_RELATIONSHIP ( 'NONE' , 'NONE' ,  #2159, #5055 ) ;
#5970 = CARTESIAN_POINT ( 'NONE',  ( 88.32000000000000700, -63.64999999999999900, 0.0000000000000000000 ) ) ;
#5971 = VERTEX_POINT ( 'NONE', #7929 ) ;
#5972 = CARTESIAN_POINT ( 'NONE',  ( -0.4318840214085246100, 1.607054911442800100, 1.500000000000000000 ) ) ;
#5973 = CARTESIAN_POINT ( 'NONE',  ( 1.499508677096029100, -1.600000000000000100, 2.295053150231559400 ) ) ;
#5974 = DIRECTION ( 'NONE',  ( -0.0000000000000000000, 0.0000000000000000000, 1.000000000000000000 ) ) ;
#5975 = CARTESIAN_POINT ( 'NONE',  ( -90.00100000000000500, 7.125000000000000000, 17.00000000000000000 ) ) ;
#5976 = CARTESIAN_POINT ( 'NONE',  ( 2.250000000000000000, 17.42500000000000100, 71.99899999999999500 ) ) ;
#5977 = VERTEX_POINT ( 'NONE', #3587 ) ;
#5978 = ORIENTED_EDGE ( 'NONE', *, *, #8321, .F. ) ;
#5979 = EDGE_CURVE ( 'NONE', #7122, #6448, #6079, .T. ) ;
#5980 = VERTEX_POINT ( 'NONE', #8810 ) ;
#5981 = ORIENTED_EDGE ( 'NONE', *, *, #560, .F. ) ;
#5982 = EDGE_CURVE ( 'NONE', #3001, #10, #10443, .T. ) ;
#5983 = VERTEX_POINT ( 'NONE', #2754 ) ;
#5984 = VECTOR ( 'NONE', #4017, 1000.000000000000000 ) ;
#5985 = ORIENTED_EDGE ( 'NONE', *, *, #5613, .T. ) ;
#5986 = APPROVAL ( #5347, 'UNSPECIFIED' ) ;
#5987 = AXIS2_PLACEMENT_3D ( 'NONE', #5181, #8709, #3490 ) ;
#5988 = CARTESIAN_POINT ( 'NONE',  ( 0.6295237093388860200, -1.092232992121907800, -7.500000000000000000 ) ) ;
#5989 = AXIS2_PLACEMENT_3D ( 'NONE', #8142, #2922, #9019 ) ;
#5990 = ORIENTED_EDGE ( 'NONE', *, *, #4481, .T. ) ;
#5991 = ADVANCED_FACE ( 'NONE', ( #5788 ), #1187, .T. ) ;
#5992 = CARTESIAN_POINT ( 'NONE',  ( 5.850000000000001400, 9.924999999999998900, 248.0000000000000000 ) ) ;
#5993 = PLANE ( 'NONE',  #8591 ) ;
#5994 = EDGE_CURVE ( 'NONE', #3087, #2566, #8389, .T. ) ;
#5995 = EDGE_CURVE ( 'NONE', #2818, #3, #3497, .T. ) ;
#5996 = CIRCLE ( 'NONE', #2287, 3.950000000000000200 ) ;
#5997 = VERTEX_POINT ( 'NONE', #5365 ) ;
#5998 = VERTEX_POINT ( 'NONE', #1922 ) ;
#5999 = ORIENTED_EDGE ( 'NONE', *, *, #57, .T. ) ;
#6000 = ORIENTED_EDGE ( 'NONE', *, *, #2314, .F. ) ;
#6001 = VECTOR ( 'NONE', #7014, 1000.000000000000000 ) ;
#6002 = CARTESIAN_POINT ( 'NONE',  ( 3.950000000000000200, 13.57500000000000100, 248.0000000000000000 ) ) ;
#6003 = DIRECTION ( 'NONE',  ( 0.0000000000000000000, 0.0000000000000000000, -1.000000000000000000 ) ) ;
#6004 = CC_DESIGN_APPROVAL ( #5419, ( #4248 ) ) ;
#6005 = APPROVAL_ROLE ( '' ) ;
#6006 = CARTESIAN_POINT ( 'NONE',  ( -3.600000000000000500, 8.699999999999999300, -0.001000000000000999900 ) ) ;
#6007 = DIRECTION ( 'NONE',  ( 0.0000000000000000000, 0.0000000000000000000, 1.000000000000000000 ) ) ;
#6008 = CARTESIAN_POINT ( 'NONE',  ( 0.1963109229443039700, -0.7304795034937826600, -8.000000000000000000 ) ) ;
#6009 = CARTESIAN_POINT ( 'NONE',  ( -3.189320328686155100, -1.838209251331147700, 1.499999999999996900 ) ) ;
#6010 = EDGE_CURVE ( 'NONE', #10770, #4056, #3209, .T. ) ;
#6011 = EDGE_CURVE ( 'NONE', #10949, #4485, #5525, .T. ) ;
#6012 = FACE_OUTER_BOUND ( 'NONE', #7081, .T. ) ;
#6013 = ORIENTED_EDGE ( 'NONE', *, *, #8868, .T. ) ;
#6014 = FACE_OUTER_BOUND ( 'NONE', #3416, .T. ) ;
#6015 = LOCAL_TIME ( 11, 17, 25.00000000000000000, #8330 ) ;
#6016 = DIRECTION ( 'NONE',  ( -0.0000000000000000000, 0.0000000000000000000, -1.000000000000000000 ) ) ;
#6017 = VERTEX_POINT ( 'NONE', #1083 ) ;
#6018 = LINE ( 'NONE', #2567, #4501 ) ;
#6019 = CARTESIAN_POINT ( 'NONE',  ( -0.4318840214085200600, -1.607054911442810300, 1.500000000000000000 ) ) ;
#6020 = DIRECTION ( 'NONE',  ( -1.000000000000000000, 7.610399765575671300E-015, 0.0000000000000000000 ) ) ;
#6021 = CARTESIAN_POINT ( 'NONE',  ( 83.39999999999570000, -49.25000000000000000, 0.0000000000000000000 ) ) ;
#6022 = VECTOR ( 'NONE', #3789, 1000.000000000000000 ) ;
#6023 = CARTESIAN_POINT ( 'NONE',  ( 2.250000000000000400, 17.22500000000000100, 71.99899999999999500 ) ) ;
#6024 = EDGE_CURVE ( 'NONE', #6669, #6531, #10647, .T. ) ;
#6025 = CYLINDRICAL_SURFACE ( 'NONE', #4231, 3.500000000000003100 ) ;
#6026 = CALENDAR_DATE ( 2023, 9, 11 ) ;
#6027 = ORIENTED_EDGE ( 'NONE', *, *, #408, .F. ) ;
#6029 = CARTESIAN_POINT ( 'NONE',  ( 90.00000000000000000, 29.00000000000000000, 0.0000000000000000000 ) ) ;
#6028 = AXIS2_PLACEMENT_3D ( 'NONE', #3057, #10882, #5664 ) ;
#6030 = VECTOR ( 'NONE', #143, 1000.000000000000000 ) ;
#6031 = DIRECTION ( 'NONE',  ( -0.0000000000000000000, -0.0000000000000000000, 1.000000000000000000 ) ) ;
#6032 = VECTOR ( 'NONE', #667, 1000.000000000000000 ) ;
#6033 = CARTESIAN_POINT ( 'NONE',  ( 90.00100000000000500, 7.125000000000000000, 170.1500000000000300 ) ) ;
#6034 = LINE ( 'NONE', #6475, #10400 ) ;
#6035 = LINE ( 'NONE', #7429, #7187 ) ;
#6036 = ORIENTED_EDGE ( 'NONE', *, *, #1149, .F. ) ;
#6037 = CIRCLE ( 'NONE', #1022, 2.149999999999999000 ) ;
#6038 = CYLINDRICAL_SURFACE ( 'NONE', #10147, 0.4000000000000000200 ) ;
#6039 = VERTEX_POINT ( 'NONE', #2837 ) ;
#6040 = CARTESIAN_POINT ( 'NONE',  ( 86.42000000000000200, -3.949999999999974400, 0.0000000000000000000 ) ) ;
#6041 = AXIS2_PLACEMENT_3D ( 'NONE', #8571, #3354, #9453 ) ;
#6042 = PLANE ( 'NONE',  #2772 ) ;
#6043 = LINE ( 'NONE', #2221, #3729 ) ;
#6044 = APPROVAL_STATUS ( 'not_yet_approved' ) ;
#6045 = CARTESIAN_POINT ( 'NONE',  ( -0.3999999999999999700, 9.599999999999999600, 248.0000000000000000 ) ) ;
#6046 = DIRECTION ( 'NONE',  ( 0.9205172879356965400, -6.120374704698027300E-017, 0.3907018333864203400 ) ) ;
#6047 = CARTESIAN_POINT ( 'NONE',  ( 3.649999999999999500, -0.4777838534845882900, 1.499999999999996900 ) ) ;
#6048 = CONTEXT_DEPENDENT_SHAPE_REPRESENTATION ( #7484, #4506 ) ;
#6049 = DIRECTION ( 'NONE',  ( 1.000000000000000000, 0.0000000000000000000, 0.0000000000000000000 ) ) ;
#6050 = VERTEX_POINT ( 'NONE', #206 ) ;
#6051 = VECTOR ( 'NONE', #321, 1000.000000000000000 ) ;
#6052 =( BOUNDED_CURVE ( )  B_SPLINE_CURVE ( 3, ( #1923, #7121, #3662, #9783 ),
 .UNSPECIFIED., .F., .F. ) 
 B_SPLINE_CURVE_WITH_KNOTS ( ( 4, 4 ),
 ( 3.252606517456513300E-019, 0.002903465366866331600 ),
 .UNSPECIFIED. ) 
 CURVE ( )  GEOMETRIC_REPRESENTATION_ITEM ( )  RATIONAL_B_SPLINE_CURVE ( ( 0.9858562044061073300, 0.8769134446985754600, 0.8769132284282010700, 0.9858555555949841700 ) ) 
 REPRESENTATION_ITEM ( '' )  );
#6053 = EDGE_LOOP ( 'NONE', ( #11199, #7038, #8873, #490 ) ) ;
#6054 = LINE ( 'NONE', #4344, #3992 ) ;
#6055 = CARTESIAN_POINT ( 'NONE',  ( 3.750000000000000000, 6.275000000000000400, 71.99899999999999500 ) ) ;
#6056 = PRODUCT ( 'Front', 'Front', '', ( #3010 ) ) ;
#6057 = FACE_OUTER_BOUND ( 'NONE', #4621, .T. ) ;
#6058 = ORIENTED_EDGE ( 'NONE', *, *, #6350, .T. ) ;
#6059 = ORIENTED_EDGE ( 'NONE', *, *, #8546, .F. ) ;
#6060 = DIRECTION ( 'NONE',  ( 1.000000000000000000, 0.0000000000000000000, 0.0000000000000000000 ) ) ;
#6061 = EDGE_LOOP ( 'NONE', ( #3303, #1232, #10296, #474 ) ) ;
#6062 = CARTESIAN_POINT ( 'NONE',  ( 4.336808689942017700E-016, 9.199999999999999300, -1.510173831053895000 ) ) ;
#6063 = AXIS2_PLACEMENT_3D ( 'NONE', #580, #6653, #1454 ) ;
#6064 = CARTESIAN_POINT ( 'NONE',  ( 3.555000258646298300, 0.9553798049340356300, 1.499999999999996900 ) ) ;
#6065 = AXIS2_PLACEMENT_3D ( 'NONE', #3953, #3987, #10101 ) ;
#6066 = ORIENTED_EDGE ( 'NONE', *, *, #4739, .T. ) ;
#6067 = AXIS2_PLACEMENT_3D ( 'NONE', #7826, #2616, #8705 ) ;
#6068 = CARTESIAN_POINT ( 'NONE',  ( -5.299999999999998900, -4.574999999999999300, 248.0000000000000000 ) ) ;
#6069 = DIRECTION ( 'NONE',  ( 0.0000000000000000000, 0.0000000000000000000, 1.000000000000000000 ) ) ;
#6070 = ORIENTED_EDGE ( 'NONE', *, *, #4702, .F. ) ;
#6071 = VECTOR ( 'NONE', #1947, 1000.000000000000000 ) ;
#6072 = CARTESIAN_POINT ( 'NONE',  ( -4.899999999999999500, 4.975000000000000500, 72.00000000000001400 ) ) ;
#6073 = EDGE_CURVE ( 'NONE', #3999, #1727, #911, .T. ) ;
#6074 = FACE_BOUND ( 'NONE', #6741, .T. ) ;
#6075 = EDGE_CURVE ( 'NONE', #4260, #5096, #4805, .T. ) ;
#6076 = ORIENTED_EDGE ( 'NONE', *, *, #6765, .T. ) ;
#6077 = VERTEX_POINT ( 'NONE', #5441 ) ;
#6078 = VERTEX_POINT ( 'NONE', #6313 ) ;
#6079 = CIRCLE ( 'NONE', #601, 2.250000000000001800 ) ;
#6080 = ORIENTED_EDGE ( 'NONE', *, *, #10042, .T. ) ;
#6081 = PLANE ( 'NONE',  #8553 ) ;
#6082 = CC_DESIGN_PERSON_AND_ORGANIZATION_ASSIGNMENT ( #3502, #7388, ( #4327 ) ) ;
#6083 = EDGE_CURVE ( 'NONE', #2459, #4124, #1450, .T. ) ;
#6084 = APPROVAL_PERSON_ORGANIZATION ( #8395, #4886, #1316 ) ;
#6085 = DIRECTION ( 'NONE',  ( 6.071532165918830700E-016, 1.000000000000000000, 0.0000000000000000000 ) ) ;
#6086 = FACE_OUTER_BOUND ( 'NONE', #10214, .T. ) ;
#6087 = SECURITY_CLASSIFICATION_LEVEL ( 'unclassified' ) ;
#6088 = ORIENTED_EDGE ( 'NONE', *, *, #3092, .T. ) ;
#6089 = DIRECTION ( 'NONE',  ( -1.000000000000000000, -0.0000000000000000000, 0.0000000000000000000 ) ) ;
#6090 = CARTESIAN_POINT ( 'NONE',  ( 83.79999999999999700, 39.62500000000000000, 16.99999999999969800 ) ) ;
#6091 = CARTESIAN_POINT ( 'NONE',  ( -0.4999999999999977200, -2.573680597284261600, 3.007916731306022200 ) ) ;
#6092 = CARTESIAN_POINT ( 'NONE',  ( -1.838209251331130100, 3.189320328686189800, 0.5000000000000000000 ) ) ;
#6093 = CARTESIAN_POINT ( 'NONE',  ( -3.799999999999999800, 4.975000000000000500, 72.00000000000001400 ) ) ;
#6094 = APPROVAL_DATE_TIME ( #8404, #1865 ) ;
#6095 = DIRECTION ( 'NONE',  ( -1.000000000000000000, 0.0000000000000000000, 0.0000000000000000000 ) ) ;
#6096 = VERTEX_POINT ( 'NONE', #9813 ) ;
#6097 = CIRCLE ( 'NONE', #9561, 0.4000000000000001900 ) ;
#6098 = DESIGN_CONTEXT ( 'detailed design', #10741, 'design' ) ;
#6099 = ORIENTED_EDGE ( 'NONE', *, *, #1662, .F. ) ;
#6100 = EDGE_CURVE ( 'NONE', #346, #4196, #6861, .T. ) ;
#6101 = EDGE_CURVE ( 'NONE', #6371, #4767, #7124, .T. ) ;
#6102 = CARTESIAN_POINT ( 'NONE',  ( -3.555000258646186000, 0.9553798049340285200, 1.499999999999996900 ) ) ;
#6103 = CARTESIAN_POINT ( 'NONE',  ( 73.50000000000000000, 1.500000000000000000, 165.5000000000000000 ) ) ;
#6105 = DIRECTION ( 'NONE',  ( 0.0000000000000000000, 0.0000000000000000000, 1.000000000000000000 ) ) ;
#6104 = AXIS2_PLACEMENT_3D ( 'NONE', #10995, #5769, #579 ) ;
#6106 = DIRECTION ( 'NONE',  ( 0.0000000000000000000, 0.0000000000000000000, -1.000000000000000000 ) ) ;
#6107 = VERTEX_POINT ( 'NONE', #247 ) ;
#6108 = CARTESIAN_POINT ( 'NONE',  ( 0.0000000000000000000, -1.599999999999999900, 0.0000000000000000000 ) ) ;
#6109 = DATE_AND_TIME ( #8418, #10736 ) ;
#6110 = DIRECTION ( 'NONE',  ( -0.0000000000000000000, -0.0000000000000000000, -1.000000000000000000 ) ) ;
#6111 = CARTESIAN_POINT ( 'NONE',  ( 3.007484986178142100, -3.026577627125649700, 0.4999999999999954500 ) ) ;
#6112 = CARTESIAN_POINT ( 'NONE',  ( 88.50000000000000000, 25.37500000000000000, 17.00000000000000000 ) ) ;
#6113 = CARTESIAN_POINT ( 'NONE',  ( -0.3999999999999999700, 10.42500000000000100, -0.001000000000000999900 ) ) ;
#6114 = ORIENTED_EDGE ( 'NONE', *, *, #8288, .T. ) ;
#6115 = AXIS2_PLACEMENT_3D ( 'NONE', #2686, #8764, #3545 ) ;
#6116 = ORIENTED_EDGE ( 'NONE', *, *, #9937, .T. ) ;
#6117 = DIRECTION ( 'NONE',  ( 1.000000000000000000, 0.0000000000000000000, 0.0000000000000000000 ) ) ;
#6118 = CARTESIAN_POINT ( 'NONE',  ( 5.850000000000001400, -19.27500000000000600, 248.0000000000000000 ) ) ;
#6119 = ORIENTED_EDGE ( 'NONE', *, *, #7052, .F. ) ;
#6121 = VERTEX_POINT ( 'NONE', #1119 ) ;
#6120 =( REPRESENTATION_RELATIONSHIP ('NONE','NONE', #9710, #5900 ) REPRESENTATION_RELATIONSHIP_WITH_TRANSFORMATION ( #6972 )SHAPE_REPRESENTATION_RELATIONSHIP( ) );
#6122 = DIRECTION ( 'NONE',  ( -0.0000000000000000000, -0.0000000000000000000, 1.000000000000000000 ) ) ;
#6123 = DIRECTION ( 'NONE',  ( 1.000000000000000000, 0.0000000000000000000, -3.491481338843135300E-015 ) ) ;
#6124 = PLANE ( 'NONE',  #8551 ) ;
#6125 = ORIENTED_EDGE ( 'NONE', *, *, #5059, .F. ) ;
#6126 = CARTESIAN_POINT ( 'NONE',  ( -0.4777838534843530400, -3.649999999999999900, 0.5000000000000000000 ) ) ;
#6127 = CARTESIAN_POINT ( 'NONE',  ( 2.250000000000000400, 0.0000000000000000000, 72.00000000000001400 ) ) ;
#6128 = AXIS2_PLACEMENT_3D ( 'NONE', #1693, #7777, #2571 ) ;
#6129 = PERSON ( 'NAUO-PER12', 'UNSPECIFIED', 'UNSPECIFIED', ('UNSPECIFIED'), ('UNSPECIFIED'), ('UNSPECIFIED') ) ;
#6130 = DIRECTION ( 'NONE',  ( 0.0000000000000000000, -1.000000000000000000, -0.0000000000000000000 ) ) ;
#6131 = VERTEX_POINT ( 'NONE', #1161 ) ;
#6132 = CIRCLE ( 'NONE', #314, 2.149999999999999000 ) ;
#6133 = CARTESIAN_POINT ( 'NONE',  ( -4.000000000000000000, -4.001000000000000300, 0.5000000000000000000 ) ) ;
#6134 = ORIENTED_EDGE ( 'NONE', *, *, #7107, .T. ) ;
#6135 = ORIENTED_EDGE ( 'NONE', *, *, #642, .T. ) ;
#6136 = ORIENTED_EDGE ( 'NONE', *, *, #773, .F. ) ;
#6137 = CARTESIAN_POINT ( 'NONE',  ( 5.850000000000001400, 17.22500000000000100, 248.0000000000000000 ) ) ;
#6138 = DIRECTION ( 'NONE',  ( 0.0000000000000000000, 0.0000000000000000000, 1.000000000000000000 ) ) ;
#6139 = CARTESIAN_POINT ( 'NONE',  ( -0.4777838827334471800, -3.650000000000000400, 0.4999999999999998900 ) ) ;
#6140 = DIRECTION ( 'NONE',  ( 8.023335458992511000E-018, -0.9978515513277540500, 0.06551550589589318100 ) ) ;
#6141 = APPROVAL ( #3735, 'UNSPECIFIED' ) ;
#6142 = VECTOR ( 'NONE', #5535, 1000.000000000000000 ) ;
#6143 = EDGE_LOOP ( 'NONE', ( #7061, #5176, #7835, #9235 ) ) ;
#6144 = ORIENTED_EDGE ( 'NONE', *, *, #533, .T. ) ;
#6145 = FACE_OUTER_BOUND ( 'NONE', #4409, .T. ) ;
#6146 = CC_DESIGN_PERSON_AND_ORGANIZATION_ASSIGNMENT ( #3826, #4297, ( #3223 ) ) ;
#6147 = CONTEXT_DEPENDENT_SHAPE_REPRESENTATION ( #6120, #8502 ) ;
#6148 = DIRECTION ( 'NONE',  ( -1.000000000000000000, 7.610399765575671300E-015, 0.0000000000000000000 ) ) ;
#6149 = DIRECTION ( 'NONE',  ( 1.000000000000000000, 0.0000000000000000000, 0.0000000000000000000 ) ) ;
#6150 = FACE_OUTER_BOUND ( 'NONE', #6751, .T. ) ;
#6151 = CARTESIAN_POINT ( 'NONE',  ( -1.838209278353782400, 3.189320317493042000, 0.5000000000000000000 ) ) ;
#6152 = CIRCLE ( 'NONE', #11265, 2.149999999999999000 ) ;
#6153 = ORGANIZATION ( 'NAUO-ORG16', 'UNSPECIFIED', 'UNSPECIFIED' ) ;
#6154 = CARTESIAN_POINT ( 'NONE',  ( -86.50000000000001400, 32.50000000000000000, 185.0000000000000000 ) ) ;
#6155 = APPLICATION_CONTEXT ( 'configuration controlled 3d designs of mechanical parts and assemblies' ) ;
#6156 = CARTESIAN_POINT ( 'NONE',  ( 2.449489742783179200, -4.000000000000000000, -0.4999999999999997800 ) ) ;
#6157 = CARTESIAN_POINT ( 'NONE',  ( -90.00100000000000500, 7.125000000000000000, 14.85000000000000100 ) ) ;
#6158 = EDGE_CURVE ( 'NONE', #5574, #1768, #2238, .T. ) ;
#6159 = ORIENTED_EDGE ( 'NONE', *, *, #6608, .F. ) ;
#6160 = EDGE_CURVE ( 'NONE', #518, #969, #8903, .T. ) ;
#6161 = LINE ( 'NONE', #2764, #1828 ) ;
#6162 = VECTOR ( 'NONE', #4979, 1000.000000000000000 ) ;
#6163 = DIRECTION ( 'NONE',  ( 0.0000000000000000000, 1.000000000000000000, 0.0000000000000000000 ) ) ;
#6164 = VECTOR ( 'NONE', #10234, 1000.000000000000000 ) ;
#6165 = CALENDAR_DATE ( 2023, 9, 11 ) ;
#6166 = EDGE_LOOP ( 'NONE', ( #4413, #9350, #10615, #5025 ) ) ;
#6167 = CARTESIAN_POINT ( 'NONE',  ( 6.250000000000000000, -19.67500000000000100, 248.0000000000000000 ) ) ;
#6168 = CIRCLE ( 'NONE', #4770, 0.4000000000000000200 ) ;
#6169 = CARTESIAN_POINT ( 'NONE',  ( 5.850000000000001400, 11.97500000000000000, 71.99899999999999500 ) ) ;
#6170 = LINE ( 'NONE', #3912, #2762 ) ;
#6171 = ORIENTED_EDGE ( 'NONE', *, *, #4516, .T. ) ;
#6172 = EDGE_CURVE ( 'NONE', #8782, #10, #11224, .T. ) ;
#6173 = ADVANCED_FACE ( 'NONE', ( #6575 ), #5522, .F. ) ;
#6174 = CIRCLE ( 'NONE', #1895, 0.4000000000000001900 ) ;
#6175 = ORIENTED_EDGE ( 'NONE', *, *, #7109, .T. ) ;
#6176 = DATE_AND_TIME ( #8494, #10811 ) ;
#6177 = EDGE_CURVE ( 'NONE', #11248, #8408, #6297, .T. ) ;
#6178 = CARTESIAN_POINT ( 'NONE',  ( -0.3999999999999999700, 9.599999999999999600, 72.00000000000001400 ) ) ;
#6179 = ORIENTED_EDGE ( 'NONE', *, *, #8186, .F. ) ;
#6180 = VECTOR ( 'NONE', #10703, 1000.000000000000000 ) ;
#6181 = DIRECTION ( 'NONE',  ( 0.0000000000000000000, 1.000000000000000000, 0.0000000000000000000 ) ) ;
#6182 = VECTOR ( 'NONE', #5817, 1000.000000000000000 ) ;
#6183 = VERTEX_POINT ( 'NONE', #9918 ) ;
#6184 = ORIENTED_EDGE ( 'NONE', *, *, #6534, .T. ) ;
#6185 = CARTESIAN_POINT ( 'NONE',  ( -1.649999999999999900, 4.253864881893545600E-014, 1.500000000000000000 ) ) ;
#6186 = CYLINDRICAL_SURFACE ( 'NONE', #4044, 0.4000000000000001900 ) ;
#6187 = CIRCLE ( 'NONE', #5433, 3.950000000000000200 ) ;
#6188 = CARTESIAN_POINT ( 'NONE',  ( 3.449999999999999700, -3.700000000000000200, 3.000000000000000000 ) ) ;
#6189 = AXIS2_PLACEMENT_3D ( 'NONE', #5210, #15, #6095 ) ;
#6190 = DIRECTION ( 'NONE',  ( 1.000000000000000000, 0.0000000000000000000, 0.0000000000000000000 ) ) ;
#6191 = FACE_OUTER_BOUND ( 'NONE', #3854, .T. ) ;
#6192 = ORIENTED_EDGE ( 'NONE', *, *, #804, .T. ) ;
#6193 = APPROVAL_STATUS ( 'not_yet_approved' ) ;
#6194 = ORIENTED_EDGE ( 'NONE', *, *, #7968, .F. ) ;
#6195 = CARTESIAN_POINT ( 'NONE',  ( 2.449489742783179200, -1.599999999999999900, -0.5000000000000001100 ) ) ;
#6196 = VERTEX_POINT ( 'NONE', #9041 ) ;
#6197 = ORIENTED_EDGE ( 'NONE', *, *, #5979, .T. ) ;
#6198 = CARTESIAN_POINT ( 'NONE',  ( 2.449999999999999700, 1.025000000000002600, 72.00000000000001400 ) ) ;
#6199 = EDGE_CURVE ( 'NONE', #10858, #687, #1964, .T. ) ;
#6200 = EDGE_CURVE ( 'NONE', #8861, #10702, #1699, .T. ) ;
#6201 = ORIENTED_EDGE ( 'NONE', *, *, #3290, .T. ) ;
#6202 = CC_DESIGN_PERSON_AND_ORGANIZATION_ASSIGNMENT ( #3769, #4639, ( #2001 ) ) ;
#6203 = ORIENTED_EDGE ( 'NONE', *, *, #10009, .T. ) ;
#6204 = ORIENTED_EDGE ( 'NONE', *, *, #2470, .T. ) ;
#6205 = APPROVAL_DATE_TIME ( #8531, #3528 ) ;
#6206 = DIRECTION ( 'NONE',  ( 1.000000000000000000, 0.0000000000000000000, 0.0000000000000000000 ) ) ;
#6207 = CARTESIAN_POINT ( 'NONE',  ( 1.420875478678372000E-015, -4.649999999999999500, 72.00000000000001400 ) ) ;
#6208 = CARTESIAN_POINT ( 'NONE',  ( 0.0000000000000000000, 2.000000000000000000, 0.0000000000000000000 ) ) ;
#6209 = EDGE_CURVE ( 'NONE', #555, #2256, #3969, .T. ) ;
#6210 = LINE ( 'NONE', #4762, #1053 ) ;
#6211 = ORIENTED_EDGE ( 'NONE', *, *, #10874, .T. ) ;
#6212 = EDGE_CURVE ( 'NONE', #1446, #3077, #8353, .T. ) ;
#6213 = CARTESIAN_POINT ( 'NONE',  ( 6.250000000000000900, 19.67500000000000100, 71.99899999999999500 ) ) ;
#6214 = DIRECTION ( 'NONE',  ( 0.0000000000000000000, 1.000000000000000000, 0.0000000000000000000 ) ) ;
#6215 = LOCAL_TIME ( 11, 17, 25.00000000000000000, #8539 ) ;
#6216 = ORIENTED_EDGE ( 'NONE', *, *, #5227, .F. ) ;
#6217 = CIRCLE ( 'NONE', #7635, 0.2000000000000000900 ) ;
#6218 = VERTEX_POINT ( 'NONE', #4715 ) ;
#6219 = APPROVAL ( #8371, 'UNKNOWN' ) ;
#6220 = VECTOR ( 'NONE', #9903, 1000.000000000000000 ) ;
#6221 = ORIENTED_EDGE ( 'NONE', *, *, #11041, .T. ) ;
#6222 = VERTEX_POINT ( 'NONE', #363 ) ;
#6223 = EDGE_CURVE ( 'NONE', #687, #7414, #6034, .T. ) ;
#6224 = CARTESIAN_POINT ( 'NONE',  ( -88.49999999999998600, 27.52500000000000200, 17.00000000000000000 ) ) ;
#6225 = COORDINATED_UNIVERSAL_TIME_OFFSET ( 1, 0, .AHEAD. ) ;
#6226 = DIRECTION ( 'NONE',  ( -0.0000000000000000000, -0.0000000000000000000, -1.000000000000000000 ) ) ;
#6227 = ADVANCED_FACE ( 'NONE', ( #10669 ), #3454, .T. ) ;
#6228 = APPLICATION_PROTOCOL_DEFINITION ( 'international standard', 'config_control_design', 1994, #86 ) ;
#6229 = CARTESIAN_POINT ( 'NONE',  ( -4.500000000000000900, -9.275000000000000400, 248.0000000000000000 ) ) ;
#6230 = CARTESIAN_POINT ( 'NONE',  ( -0.5044719834643315300, -2.493718516972144500, -3.210526550469550200 ) ) ;
#6231 = FACE_BOUND ( 'NONE', #11108, .T. ) ;
#6232 = DIRECTION ( 'NONE',  ( 0.0000000000000000000, 0.0000000000000000000, 1.000000000000000000 ) ) ;
#6233 = DIRECTION ( 'NONE',  ( 1.000000000000000000, 0.0000000000000000000, 0.0000000000000000000 ) ) ;
#6234 = EDGE_CURVE ( 'NONE', #3083, #187, #8092, .T. ) ;
#6235 = CARTESIAN_POINT ( 'NONE',  ( -88.31999999999999300, -63.64999999999999900, 1.500000000000000000 ) ) ;
#6236 = PERSON_AND_ORGANIZATION ( #9810, #4463 ) ;
#6237 = EDGE_CURVE ( 'NONE', #7641, #2667, #5740, .T. ) ;
#6238 = CARTESIAN_POINT ( 'NONE',  ( 0.0000000000000000000, 0.0000000000000000000, 1.500000000000000000 ) ) ;
#6239 = CARTESIAN_POINT ( 'NONE',  ( -0.4777838534843528700, -3.649999999999999500, 1.499999999999996900 ) ) ;
#6240 = DIRECTION ( 'NONE',  ( -6.454785026890447800E-015, 1.000000000000000000, 0.0000000000000000000 ) ) ;
#6241 = AXIS2_PLACEMENT_3D ( 'NONE', #8510, #5026, #3295 ) ;
#6242 = DIRECTION ( 'NONE',  ( 0.0000000000000000000, 1.000000000000000000, -0.0000000000000000000 ) ) ;
#6243 = DIRECTION ( 'NONE',  ( -1.000000000000000000, 0.0000000000000000000, 0.0000000000000000000 ) ) ;
#6244 = CARTESIAN_POINT ( 'NONE',  ( 0.7500000000000319700, 0.09817475995271553200, -8.000000000000000000 ) ) ;
#6245 = DIRECTION ( 'NONE',  ( 1.000000000000000000, 0.0000000000000000000, 0.0000000000000000000 ) ) ;
#6246 = ORIENTED_EDGE ( 'NONE', *, *, #9806, .T. ) ;
#6247 = DIRECTION ( 'NONE',  ( 1.000000000000000000, 0.0000000000000000000, 0.0000000000000000000 ) ) ;
#6248 = DIRECTION ( 'NONE',  ( 1.000000000000000000, 0.0000000000000000000, 0.0000000000000000000 ) ) ;
#6249 = CARTESIAN_POINT ( 'NONE',  ( -3.799999999999999800, -4.774999999999999500, 248.0000000000000000 ) ) ;
#6250 = VERTEX_POINT ( 'NONE', #2180 ) ;
#6251 = ORIENTED_EDGE ( 'NONE', *, *, #10765, .F. ) ;
#6252 = VERTEX_POINT ( 'NONE', #3911 ) ;
#6253 = ORIENTED_EDGE ( 'NONE', *, *, #10668, .T. ) ;
#6254 = LINE ( 'NONE', #3972, #1652 ) ;
#6255 = AXIS2_PLACEMENT_3D ( 'NONE', #952, #115, #6190 ) ;
#6256 = ORIENTED_EDGE ( 'NONE', *, *, #3089, .F. ) ;
#6257 = EDGE_LOOP ( 'NONE', ( #1389, #5286, #5296, #3283 ) ) ;
#6258 = ORIENTED_EDGE ( 'NONE', *, *, #5376, .T. ) ;
#6259 = CARTESIAN_POINT ( 'NONE',  ( 88.47000000000001300, -3.949999999999945600, 0.0000000000000000000 ) ) ;
#6260 = DIRECTION ( 'NONE',  ( 1.000000000000000000, 0.0000000000000000000, 0.0000000000000000000 ) ) ;
#6261 = CARTESIAN_POINT ( 'NONE',  ( -3.399999999999999900, -10.62500000000000000, -0.001000000000000999900 ) ) ;
#6262 = LINE ( 'NONE', #10139, #10630 ) ;
#6263 = AXIS2_PLACEMENT_3D ( 'NONE', #8852, #4536, #10636 ) ;
#6264 = ORIENTED_EDGE ( 'NONE', *, *, #5994, .T. ) ;
#6265 = VERTEX_POINT ( 'NONE', #9150 ) ;
#6266 = AXIS2_PLACEMENT_3D ( 'NONE', #10065, #2228, #5699 ) ;
#6267 = EDGE_LOOP ( 'NONE', ( #558, #11176, #10427, #9104 ) ) ;
#6268 = LINE ( 'NONE', #2685, #6001 ) ;
#6269 = CARTESIAN_POINT ( 'NONE',  ( 0.3880650258014504100, -4.000000000000000000, -2.469697458343778500 ) ) ;
#6270 = EDGE_CURVE ( 'NONE', #5022, #2049, #7817, .T. ) ;
#6271 = CARTESIAN_POINT ( 'NONE',  ( 5.850000000000001400, 13.17499999999999900, 248.0000000000000000 ) ) ;
#6272 = EDGE_CURVE ( 'NONE', #6077, #5971, #1142, .T. ) ;
#6273 = CARTESIAN_POINT ( 'NONE',  ( 3.189320328686184900, 1.838209251331140100, 0.5000000000000000000 ) ) ;
#6274 = APPLICATION_CONTEXT ( 'configuration controlled 3d designs of mechanical parts and assemblies' ) ;
#6275 = DIRECTION ( 'NONE',  ( -1.000000000000000000, 0.0000000000000000000, 0.0000000000000000000 ) ) ;
#6276 = VECTOR ( 'NONE', #1526, 1000.000000000000000 ) ;
#6277 = CARTESIAN_POINT ( 'NONE',  ( 90.00000000000000000, 0.1499999999999999900, 367.9104972384030200 ) ) ;
#6278 = DIRECTION ( 'NONE',  ( 1.000000000000000000, 0.0000000000000000000, 0.0000000000000000000 ) ) ;
#6279 = ORIENTED_EDGE ( 'NONE', *, *, #4229, .F. ) ;
#6280 = CARTESIAN_POINT ( 'NONE',  ( 0.6553397952731749900, 0.3777142256033490500, -8.000000000000000000 ) ) ;
#6281 = FACE_OUTER_BOUND ( 'NONE', #6335, .T. ) ;
#6282 = ADVANCED_FACE ( 'NONE', ( #1413 ), #7521, .T. ) ;
#6283 = COORDINATED_UNIVERSAL_TIME_OFFSET ( 1, 0, .AHEAD. ) ;
#6284 = APPROVAL ( #9950, 'UNSPECIFIED' ) ;
#6285 = DIRECTION ( 'NONE',  ( -1.000000000000000000, -1.387778780781445900E-016, 0.0000000000000000000 ) ) ;
#6286 = ORIENTED_EDGE ( 'NONE', *, *, #505, .F. ) ;
#6287 = FACE_OUTER_BOUND ( 'NONE', #9266, .T. ) ;
#6288 = FACE_OUTER_BOUND ( 'NONE', #10560, .T. ) ;
#6289 = VECTOR ( 'NONE', #2584, 1000.000000000000000 ) ;
#6290 = ITEM_DEFINED_TRANSFORMATION ( 'NONE', 'NONE', #8765,  #7819 ) ;
#6291 = ORIENTED_EDGE ( 'NONE', *, *, #8549, .F. ) ;
#6292 = FACE_BOUND ( 'NONE', #10900, .T. ) ;
#6293 = DIRECTION ( 'NONE',  ( 1.000000000000000000, 0.0000000000000000000, 0.0000000000000000000 ) ) ;
#6294 = DIRECTION ( 'NONE',  ( -1.000000000000000000, -0.0000000000000000000, 0.0000000000000000000 ) ) ;
#6295 = CIRCLE ( 'NONE', #5800, 0.4000000000000001900 ) ;
#6296 = DIRECTION ( 'NONE',  ( -1.000000000000000000, -0.0000000000000000000, 0.0000000000000000000 ) ) ;
#6297 = LINE ( 'NONE', #2070, #8637 ) ;
#6298 = PERSON_AND_ORGANIZATION ( #2641, #8639 ) ;
#6299 = EDGE_CURVE ( 'NONE', #5921, #969, #873, .T. ) ;
#6300 = VERTEX_POINT ( 'NONE', #3941 ) ;
#6301 = AXIS2_PLACEMENT_3D ( 'NONE', #944, #7030, #1827 ) ;
#6302 = CIRCLE ( 'NONE', #9996, 0.2000000000000000900 ) ;
#6303 = VECTOR ( 'NONE', #8811, 1000.000000000000000 ) ;
#6304 = EDGE_LOOP ( 'NONE', ( #11178, #5506 ) ) ;
#6305 = DIRECTION ( 'NONE',  ( 1.000000000000000000, 0.0000000000000000000, 0.0000000000000000000 ) ) ;
#6306 = VECTOR ( 'NONE', #3878, 1000.000000000000000 ) ;
#6307 = DIRECTION ( 'NONE',  ( 1.000000000000000000, 0.0000000000000000000, 0.0000000000000000000 ) ) ;
#6308 = CARTESIAN_POINT ( 'NONE',  ( -3.649999999999999900, 0.4777838534843590300, 0.5000000000000000000 ) ) ;
#6309 = DATE_AND_TIME ( #8651, #10948 ) ;
#6310 = APPROVAL_STATUS ( 'not_yet_approved' ) ;
#6311 = DIRECTION ( 'NONE',  ( 1.000000000000000000, 0.0000000000000000000, -0.0000000000000000000 ) ) ;
#6312 = B_SPLINE_CURVE_WITH_KNOTS ( 'NONE', 3,
 ( #4351, #2619, #9600, #5228, #34, #6111, #908, #6984, #1795, #7873, #2660, #8738, #3525, #9638 ),
 .UNSPECIFIED., .F., .F.,
 ( 4, 2, 2, 2, 2, 2, 4 ),
 ( 4.336808689942017700E-019, 0.0006778294705365070200, 0.001016744205804759900, 0.001355658941073013000, 0.001694573676341266200, 0.002033488411609519000, 0.002711317882146025000 ),
 .UNSPECIFIED. ) ;
#6313 = CARTESIAN_POINT ( 'NONE',  ( -4.750000000000000000, 3.700000000000000200, 0.0000000000000000000 ) ) ;
#6314 = CARTESIAN_POINT ( 'NONE',  ( 73.50000000000000000, 1.500000000000000000, 165.5000000000000000 ) ) ;
#6315 = DIRECTION ( 'NONE',  ( 1.000000000000000000, 0.0000000000000000000, 0.0000000000000000000 ) ) ;
#6316 = ORIENTED_EDGE ( 'NONE', *, *, #6646, .F. ) ;
#6317 = VECTOR ( 'NONE', #4610, 1000.000000000000000 ) ;
#6318 = CARTESIAN_POINT ( 'NONE',  ( -0.7500000000000238700, 0.09817475995271980600, -8.000000000000000000 ) ) ;
#6319 = ORIENTED_EDGE ( 'NONE', *, *, #11098, .F. ) ;
#6320 = VECTOR ( 'NONE', #5173, 1000.000000000000000 ) ;
#6321 = VECTOR ( 'NONE', #10670, 1000.000000000000000 ) ;
#6322 = ORIENTED_EDGE ( 'NONE', *, *, #1109, .T. ) ;
#6323 = ORIENTED_EDGE ( 'NONE', *, *, #1343, .F. ) ;
#6324 = ORIENTED_EDGE ( 'NONE', *, *, #7250, .F. ) ;
#6325 = CARTESIAN_POINT ( 'NONE',  ( 0.0000000000000000000, 3.700000000000000200, 0.0000000000000000000 ) ) ;
#6326 = EDGE_CURVE ( 'NONE', #687, #1333, #9860, .T. ) ;
#6327 = AXIS2_PLACEMENT_3D ( 'NONE', #1189, #2023, #4627 ) ;
#6328 = ORIENTED_EDGE ( 'NONE', *, *, #6832, .T. ) ;
#6329 = EDGE_LOOP ( 'NONE', ( #9672, #10092, #10416, #7456 ) ) ;
#6330 = DIRECTION ( 'NONE',  ( 1.000000000000000000, 0.0000000000000000000, 0.0000000000000000000 ) ) ;
#6331 = LINE ( 'NONE', #193, #10969 ) ;
#6332 = CARTESIAN_POINT ( 'NONE',  ( 0.0000000000000000000, -1.599999999999999900, 0.0000000000000000000 ) ) ;
#6333 = FACE_OUTER_BOUND ( 'NONE', #9261, .T. ) ;
#6334 = ORIENTED_EDGE ( 'NONE', *, *, #9547, .T. ) ;
#6335 = EDGE_LOOP ( 'NONE', ( #11275, #7547 ) ) ;
#6336 = ORIENTED_EDGE ( 'NONE', *, *, #11172, .F. ) ;
#6337 = CARTESIAN_POINT ( 'NONE',  ( -4.299999999999999800, -16.05552017741234700, 72.00000000000001400 ) ) ;
#6338 = DIRECTION ( 'NONE',  ( -0.0000000000000000000, 0.0000000000000000000, -1.000000000000000000 ) ) ;
#6339 = ADVANCED_FACE ( 'NONE', ( #5211 ), #5692, .F. ) ;
#6340 = LINE ( 'NONE', #6169, #3758 ) ;
#6341 = EDGE_LOOP ( 'NONE', ( #4496, #6114, #1493, #1814 ) ) ;
#6342 = DIRECTION ( 'NONE',  ( 0.0000000000000000000, 0.0000000000000000000, -1.000000000000000000 ) ) ;
#6343 = CARTESIAN_POINT ( 'NONE',  ( 90.00000000000001400, 0.1500000000000005200, 184.9999999999999700 ) ) ;
#6344 = COORDINATED_UNIVERSAL_TIME_OFFSET ( 1, 0, .AHEAD. ) ;
#6345 = FACE_OUTER_BOUND ( 'NONE', #2189, .T. ) ;
#6346 = CARTESIAN_POINT ( 'NONE',  ( 1.499505866845162200, -1.600000000000000500, -2.295056100067587800 ) ) ;
#6347 = CARTESIAN_POINT ( 'NONE',  ( 3.449999999999999300, -3.700000000000000200, 3.000000000000000000 ) ) ;
#6348 = CIRCLE ( 'NONE', #8837, 0.4000000000000001900 ) ;
#6349 = ORIENTED_EDGE ( 'NONE', *, *, #3632, .T. ) ;
#6350 = EDGE_CURVE ( 'NONE', #8861, #10758, #2913, .T. ) ;
#6351 = ADVANCED_FACE ( 'NONE', ( #7261 ), #4830, .F. ) ;
#6352 = DIRECTION ( 'NONE',  ( 0.0000000000000000000, 0.0000000000000000000, 1.000000000000000000 ) ) ;
#6353 = PRODUCT_RELATED_PRODUCT_CATEGORY ( 'detail', '', ( #10657 ) ) ;
#6354 = CARTESIAN_POINT ( 'NONE',  ( 2.918783954071105100, -2.243095548590694900, 0.5000000000000000000 ) ) ;
#6355 = AXIS2_PLACEMENT_3D ( 'NONE', #4900, #10127, #3165 ) ;
#6356 = PERSON_AND_ORGANIZATION_ROLE ( 'creator' ) ;
#6357 = DIRECTION ( 'NONE',  ( -0.0000000000000000000, -0.0000000000000000000, 1.000000000000000000 ) ) ;
#6358 = CARTESIAN_POINT ( 'NONE',  ( 0.5000000000000000000, -4.000000000000000000, 0.0000000000000000000 ) ) ;
#6359 = CARTESIAN_POINT ( 'NONE',  ( -3.600000000000000100, 3.824999999999999700, -0.001000000000000999900 ) ) ;
#6360 = DIRECTION ( 'NONE',  ( -6.454785026890447800E-015, 1.000000000000000000, 0.0000000000000000000 ) ) ;
#6361 = CARTESIAN_POINT ( 'NONE',  ( -5.299999999999999800, 0.0000000000000000000, 72.00000000000001400 ) ) ;
#6362 = DIRECTION ( 'NONE',  ( -1.000000000000000000, 0.0000000000000000000, 0.0000000000000000000 ) ) ;
#6363 = APPROVAL_PERSON_ORGANIZATION ( #8695, #1865, #9000 ) ;
#6364 = CARTESIAN_POINT ( 'NONE',  ( 0.5000000000000003300, -4.000000000000000000, -1.145643923738960400 ) ) ;
#6365 = EDGE_CURVE ( 'NONE', #6884, #4068, #4925, .T. ) ;
#6366 = CC_DESIGN_DATE_AND_TIME_ASSIGNMENT ( #6848, #5957, ( #4012 ) ) ;
#6367 = EDGE_CURVE ( 'NONE', #7897, #4948, #3175, .T. ) ;
#6368 = EDGE_LOOP ( 'NONE', ( #9013, #3946, #5560, #7900 ) ) ;
#6369 = DIRECTION ( 'NONE',  ( 1.000000000000000000, 0.0000000000000000000, 0.0000000000000000000 ) ) ;
#6370 = CARTESIAN_POINT ( 'NONE',  ( 0.0000000000000000000, 2.000000000000000000, 1.250000000000000000 ) ) ;
#6371 = VERTEX_POINT ( 'NONE', #4018 ) ;
#6372 = CARTESIAN_POINT ( 'NONE',  ( 6.250000000000000000, 4.675000000000001600, 72.00000000000001400 ) ) ;
#6373 = ORIENTED_EDGE ( 'NONE', *, *, #9534, .T. ) ;
#6374 = CARTESIAN_POINT ( 'NONE',  ( 73.50000000000000000, 1.500000000000000000, 17.00000000000000000 ) ) ;
#6375 = PERSON_AND_ORGANIZATION ( #9810, #4463 ) ;
#6376 = CARTESIAN_POINT ( 'NONE',  ( 0.4999999999999421000, -1.954121458947977800, -2.735730916456031700 ) ) ;
#6377 = CC_DESIGN_PERSON_AND_ORGANIZATION_ASSIGNMENT ( #3176, #11113, ( #3462 ) ) ;
#6378 = EDGE_CURVE ( 'NONE', #9405, #2549, #598, .T. ) ;
#6379 = EDGE_CURVE ( 'NONE', #1106, #814, #9301, .T. ) ;
#6380 = CARTESIAN_POINT ( 'NONE',  ( 0.09817475995270583100, 0.7500000000000089900, -8.000000000000000000 ) ) ;
#6381 = CARTESIAN_POINT ( 'NONE',  ( -5.299999999999999800, 12.50000000000000000, 72.00000000000001400 ) ) ;
#6382 = EDGE_CURVE ( 'NONE', #6183, #9752, #2361, .T. ) ;
#6383 = DIRECTION ( 'NONE',  ( 0.0000000000000000000, 0.0000000000000000000, 1.000000000000000000 ) ) ;
#6384 = ORIENTED_EDGE ( 'NONE', *, *, #2999, .T. ) ;
#6385 = DIRECTION ( 'NONE',  ( 6.071532165918830700E-016, -1.000000000000000000, 0.0000000000000000000 ) ) ;
#6386 = ORIENTED_EDGE ( 'NONE', *, *, #5995, .F. ) ;
#6387 = CARTESIAN_POINT ( 'NONE',  ( 3.950000000000000200, -6.274999999999998600, 71.99899999999999500 ) ) ;
#6388 = EDGE_LOOP ( 'NONE', ( #568, #8831, #5414, #4940 ) ) ;
#6389 = DIRECTION ( 'NONE',  ( 0.0000000000000000000, 1.000000000000000000, 0.0000000000000000000 ) ) ;
#6390 = APPROVAL_ROLE ( '' ) ;
#6391 = EDGE_CURVE ( 'NONE', #5885, #3785, #2643, .T. ) ;
#6392 = CARTESIAN_POINT ( 'NONE',  ( 6.250000000000000000, 1.425000000000000000, 248.0000000000000000 ) ) ;
#6393 = CARTESIAN_POINT ( 'NONE',  ( 3.750000000000000000, 6.474999999999999600, 248.0000000000000000 ) ) ;
#6395 = AXIS2_PLACEMENT_3D ( 'NONE', #10415, #4324, #836 ) ;
#6394 = AXIS2_PLACEMENT_3D ( 'NONE', #4439, #10608, #9765 ) ;
#6396 = DIRECTION ( 'NONE',  ( 0.0000000000000000000, 1.000000000000000000, 0.0000000000000000000 ) ) ;
#6397 = DIRECTION ( 'NONE',  ( 0.0000000000000000000, 0.0000000000000000000, 1.000000000000000000 ) ) ;
#6398 = CARTESIAN_POINT ( 'NONE',  ( -0.3999999999999998600, -4.649999999999999500, -1.510173831053895000 ) ) ;
#6399 = CARTESIAN_POINT ( 'NONE',  ( -2.449489742783180100, -4.001000000000000300, -0.5000000000000000000 ) ) ;
#6400 = MANIFOLD_SOLID_BREP ( 'Przenieú úcianÍ2', #7298 ) ;
#6401 = ADVANCED_FACE ( 'NONE', ( #6712 ), #626, .F. ) ;
#6402 = CARTESIAN_POINT ( 'NONE',  ( -4.750000000000000000, 3.700000000000000200, 3.000000000000000000 ) ) ;
#6403 = ORIENTED_EDGE ( 'NONE', *, *, #6595, .F. ) ;
#6404 = ORIENTED_EDGE ( 'NONE', *, *, #10149, .F. ) ;
#6405 = FACE_OUTER_BOUND ( 'NONE', #5, .T. ) ;
#6406 = ORIENTED_EDGE ( 'NONE', *, *, #2888, .T. ) ;
#6407 = DIRECTION ( 'NONE',  ( -0.0000000000000000000, -0.0000000000000000000, -1.000000000000000000 ) ) ;
#6408 = ORIENTED_EDGE ( 'NONE', *, *, #8868, .F. ) ;
#6409 = ORIENTED_EDGE ( 'NONE', *, *, #3728, .F. ) ;
#6410 = AXIS2_PLACEMENT_3D ( 'NONE', #6632, #1427, #7499 ) ;
#6411 = CARTESIAN_POINT ( 'NONE',  ( 2.449999999999999700, -19.27500000000000600, 72.00000000000001400 ) ) ;
#6412 = ADVANCED_FACE ( 'NONE', ( #8760 ), #3231, .F. ) ;
#6413 = VECTOR ( 'NONE', #8942, 1000.000000000000000 ) ;
#6414 = ORIENTED_EDGE ( 'NONE', *, *, #3523, .T. ) ;
#6415 = EDGE_LOOP ( 'NONE', ( #9218, #6194 ) ) ;
#6416 = VECTOR ( 'NONE', #7438, 1000.000000000000000 ) ;
#6418 = CARTESIAN_POINT ( 'NONE',  ( -0.4318840214085241700, 1.607054911442798600, 1.500000000000000200 ) ) ;
#6417 = DATE_AND_TIME ( #8744, #11049 ) ;
#6419 = DIRECTION ( 'NONE',  ( 1.000000000000000000, 0.0000000000000000000, 0.0000000000000000000 ) ) ;
#6420 = DIRECTION ( 'NONE',  ( 1.000000000000000000, 0.0000000000000000000, 0.0000000000000000000 ) ) ;
#6421 = EDGE_CURVE ( 'NONE', #4412, #11073, #2094, .T. ) ;
#6422 = AXIS2_PLACEMENT_3D ( 'NONE', #2568, #8648, #3422 ) ;
#6423 = AXIS2_PLACEMENT_3D ( 'NONE', #465, #6537, #1355 ) ;
#6424 = AXIS2_PLACEMENT_3D ( 'NONE', #8204, #9952, #10815 ) ;
#6425 = VECTOR ( 'NONE', #617, 1000.000000000000000 ) ;
#6426 = DIRECTION ( 'NONE',  ( 0.0000000000000000000, 0.0000000000000000000, -1.000000000000000000 ) ) ;
#6427 = EDGE_CURVE ( 'NONE', #1336, #9521, #6443, .T. ) ;
#6428 = VECTOR ( 'NONE', #8972, 1000.000000000000000 ) ;
#6429 = DIRECTION ( 'NONE',  ( 1.000000000000000000, 0.0000000000000000000, 0.0000000000000000000 ) ) ;
#6430 = COORDINATED_UNIVERSAL_TIME_OFFSET ( 1, 0, .AHEAD. ) ;
#6431 = EDGE_CURVE ( 'NONE', #10929, #1557, #11066, .T. ) ;
#6432 = CARTESIAN_POINT ( 'NONE',  ( -4.750000000000000000, -3.700000000000000200, 0.0000000000000000000 ) ) ;
#6433 = DIRECTION ( 'NONE',  ( 1.000000000000000000, 0.0000000000000000000, 0.0000000000000000000 ) ) ;
#6434 = MECHANICAL_CONTEXT ( 'NONE', #1843, 'mechanical' ) ;
#6435 = EDGE_LOOP ( 'NONE', ( #11088, #10453, #7074, #10685 ) ) ;
#6436 = FACE_OUTER_BOUND ( 'NONE', #7073, .T. ) ;
#6437 = CARTESIAN_POINT ( 'NONE',  ( 0.0000000000000000000, 0.0000000000000000000, 0.0000000000000000000 ) ) ;
#6438 = DIRECTION ( 'NONE',  ( -1.000000000000000000, 0.0000000000000000000, 0.0000000000000000000 ) ) ;
#6439 = DIRECTION ( 'NONE',  ( 0.0000000000000000000, -0.0000000000000000000, 1.000000000000000000 ) ) ;
#6440 = DIRECTION ( 'NONE',  ( 0.0000000000000000000, 0.0000000000000000000, 1.000000000000000000 ) ) ;
#6441 = CARTESIAN_POINT ( 'NONE',  ( 0.0000000000000000000, 6.275000000000000400, 248.0000000000000000 ) ) ;
#6442 = LINE ( 'NONE', #1497, #4387 ) ;
#6443 = LINE ( 'NONE', #4088, #4110 ) ;
#6444 = CC_DESIGN_PERSON_AND_ORGANIZATION_ASSIGNMENT ( #10570, #10915, ( #5833 ) ) ;
#6445 = DIRECTION ( 'NONE',  ( 1.040834085586083900E-016, -1.000000000000000000, -0.0000000000000000000 ) ) ;
#6446 = LOCAL_TIME ( 11, 17, 25.00000000000000000, #8761 ) ;
#6447 = EDGE_CURVE ( 'NONE', #7715, #776, #55, .T. ) ;
#6448 = VERTEX_POINT ( 'NONE', #9372 ) ;
#6449 = CIRCLE ( 'NONE', #2193, 2.500000000000002200 ) ;
#6450 = CYLINDRICAL_SURFACE ( 'NONE', #7019, 1.800000000000000300 ) ;
#6451 = ORIENTED_EDGE ( 'NONE', *, *, #9426, .F. ) ;
#6452 = CIRCLE ( 'NONE', #7342, 0.2000000000000000900 ) ;
#6453 = VERTEX_POINT ( 'NONE', #11116 ) ;
#6454 = ORIENTED_EDGE ( 'NONE', *, *, #11099, .T. ) ;
#6455 = LINE ( 'NONE', #10654, #4125 ) ;
#6456 = ADVANCED_FACE ( 'NONE', ( #3841 ), #8224, .T. ) ;
#6457 = CIRCLE ( 'NONE', #5679, 0.2000000000000000900 ) ;
#6458 = VERTEX_POINT ( 'NONE', #2442 ) ;
#6459 = ORIENTED_EDGE ( 'NONE', *, *, #1229, .F. ) ;
#6460 = VECTOR ( 'NONE', #4531, 1000.000000000000000 ) ;
#6461 = EDGE_CURVE ( 'NONE', #8182, #1851, #8478, .T. ) ;
#6462 = EDGE_CURVE ( 'NONE', #4395, #5660, #10528, .T. ) ;
#6463 = AXIS2_PLACEMENT_3D ( 'NONE', #7371, #2170, #8262 ) ;
#6464 = LINE ( 'NONE', #7664, #4139 ) ;
#6465 = CARTESIAN_POINT ( 'NONE',  ( 73.50000000000000000, 2.168404344971008900E-016, 17.00000000000000000 ) ) ;
#6466 = CARTESIAN_POINT ( 'NONE',  ( 5.850000000000001400, 13.17499999999999900, 72.00000000000001400 ) ) ;
#6467 = CIRCLE ( 'NONE', #89, 2.499999999999998700 ) ;
#6468 = VERTEX_POINT ( 'NONE', #4175 ) ;
#6469 = ADVANCED_FACE ( 'NONE', ( #1546 ), #738, .F. ) ;
#6470 = VERTEX_POINT ( 'NONE', #8566 ) ;
#6471 = CARTESIAN_POINT ( 'NONE',  ( 6.250000000000000000, 13.57500000000000300, 72.00000000000001400 ) ) ;
#6472 = CARTESIAN_POINT ( 'NONE',  ( -0.4999999999999996700, -4.001000000000000300, 1.145643923738960400 ) ) ;
#6473 = PERSON_AND_ORGANIZATION_ROLE ( 'classification_officer' ) ;
#6474 = CARTESIAN_POINT ( 'NONE',  ( 86.50000000000001400, 3.500000000000000000, 0.0000000000000000000 ) ) ;
#6475 = CARTESIAN_POINT ( 'NONE',  ( 1.530808498934191600E-016, 0.0000000000000000000, -1.250000000000000000 ) ) ;
#6476 = CARTESIAN_POINT ( 'NONE',  ( -0.2000000000000000100, -14.50000000000000000, 65.07035354437189800 ) ) ;
#6477 = DIRECTION ( 'NONE',  ( -6.454785026890447800E-015, 1.000000000000000000, 0.0000000000000000000 ) ) ;
#6478 = CARTESIAN_POINT ( 'NONE',  ( 2.449999999999999700, 0.8249999999999999600, 71.99899999999999500 ) ) ;
#6479 = ORIENTED_EDGE ( 'NONE', *, *, #4228, .T. ) ;
#6480 = VERTEX_POINT ( 'NONE', #5922 ) ;
#6481 = DIRECTION ( 'NONE',  ( 2.868245165298515100E-019, 0.0000000000000000000, -1.000000000000000000 ) ) ;
#6482 = ORIENTED_EDGE ( 'NONE', *, *, #8710, .T. ) ;
#6483 = AXIS2_PLACEMENT_3D ( 'NONE', #7644, #2439, #8521 ) ;
#6484 = PLANE ( 'NONE',  #6764 ) ;
#6485 = ORIENTED_EDGE ( 'NONE', *, *, #8359, .F. ) ;
#6486 = ORIENTED_EDGE ( 'NONE', *, *, #7335, .F. ) ;
#6487 = APPROVAL_PERSON_ORGANIZATION ( #8807, #3528, #9188 ) ;
#6488 = CARTESIAN_POINT ( 'NONE',  ( 83.39999999999570000, -49.25000000000000000, 1.500000000000000000 ) ) ;
#6489 = CARTESIAN_POINT ( 'NONE',  ( 3.950000000000000200, 15.62500000000000000, 72.00000000000001400 ) ) ;
#6490 = LINE ( 'NONE', #1223, #1876 ) ;
#6491 = ORIENTED_EDGE ( 'NONE', *, *, #2874, .F. ) ;
#6492 = AXIS2_PLACEMENT_3D ( 'NONE', #8636, #3409, #9533 ) ;
#6493 = AXIS2_PLACEMENT_3D ( 'NONE', #6108, #902, #6977 ) ;
#6494 = APPROVAL_DATE_TIME ( #8818, #461 ) ;
#6495 = CARTESIAN_POINT ( 'NONE',  ( 3.950000000000000200, 6.274999999999999500, 248.0000000000000000 ) ) ;
#6496 = ORIENTED_EDGE ( 'NONE', *, *, #1790, .F. ) ;
#6497 = CIRCLE ( 'NONE', #6463, 2.500000000000000000 ) ;
#6498 = EDGE_CURVE ( 'NONE', #3982, #8883, #10255, .T. ) ;
#6499 = LINE ( 'NONE', #2095, #6220 ) ;
#6500 = VERTEX_POINT ( 'NONE', #11154 ) ;
#6501 = VERTEX_POINT ( 'NONE', #10321 ) ;
#6502 = EDGE_CURVE ( 'NONE', #10085, #3929, #1185, .T. ) ;
#6503 = DATE_AND_TIME ( #8829, #11144 ) ;
#6504 = CC_DESIGN_DATE_AND_TIME_ASSIGNMENT ( #9923, #7278, ( #4162 ) ) ;
#6505 = APPROVAL_STATUS ( 'not_yet_approved' ) ;
#6506 = DIRECTION ( 'NONE',  ( 0.0000000000000000000, 0.0000000000000000000, 1.000000000000000000 ) ) ;
#6507 = CARTESIAN_POINT ( 'NONE',  ( 73.50000000000000000, 2.168404344971008900E-016, 165.5000000000000000 ) ) ;
#6508 = CARTESIAN_POINT ( 'NONE',  ( 6.250000000000000000, -16.02500000000000200, 72.00000000000001400 ) ) ;
#6509 = CC_DESIGN_SECURITY_CLASSIFICATION ( #5916, ( #11308 ) ) ;
#6510 = ADVANCED_FACE ( 'NONE', ( #7946 ), #999, .F. ) ;
#6511 = COORDINATED_UNIVERSAL_TIME_OFFSET ( 1, 0, .AHEAD. ) ;
#6512 = CARTESIAN_POINT ( 'NONE',  ( 1.217465845835394600, 0.3271848554491002500, -7.500000000000000000 ) ) ;
#6513 = DIRECTION ( 'NONE',  ( 0.0000000000000000000, 0.0000000000000000000, 1.000000000000000000 ) ) ;
#6514 = CARTESIAN_POINT ( 'NONE',  ( 0.4999999999999997800, -1.772493499892660900, 2.597213602994113300 ) ) ;
#6515 = DIRECTION ( 'NONE',  ( 0.0000000000000000000, -1.000000000000000000, -0.0000000000000000000 ) ) ;
#6516 = PRODUCT_DEFINITION_SHAPE ( 'NONE', 'NONE',  #4162 ) ;
#6517 = ADVANCED_FACE ( 'NONE', ( #5611 ), #5162, .F. ) ;
#6518 = EDGE_CURVE ( 'NONE', #9723, #10224, #3189, .T. ) ;
#6519 = VERTEX_POINT ( 'NONE', #11287 ) ;
#6520 = EDGE_CURVE ( 'NONE', #814, #5852, #3306, .T. ) ;
#6521 = AXIS2_PLACEMENT_3D ( 'NONE', #3343, #9443, #4198 ) ;
#6522 = DIRECTION ( 'NONE',  ( -6.454785026890447800E-015, 1.000000000000000000, 0.0000000000000000000 ) ) ;
#6523 = CARTESIAN_POINT ( 'NONE',  ( -3.330125881441345000, -17.95540793510310000, 248.0000000000000000 ) ) ;
#6524 = ORIENTED_EDGE ( 'NONE', *, *, #4912, .T. ) ;
#6525 = ORIENTED_EDGE ( 'NONE', *, *, #5861, .F. ) ;
#6526 = ORIENTED_EDGE ( 'NONE', *, *, #5152, .T. ) ;
#6527 = ORIENTED_EDGE ( 'NONE', *, *, #6765, .F. ) ;
#6528 = CIRCLE ( 'NONE', #4877, 2.149999999999999000 ) ;
#6529 = VERTEX_POINT ( 'NONE', #10470 ) ;
#6530 = ORIENTED_EDGE ( 'NONE', *, *, #8549, .T. ) ;
#6531 = VERTEX_POINT ( 'NONE', #9618 ) ;
#6532 = PLANE ( 'NONE',  #5955 ) ;
#6533 = APPLICATION_PROTOCOL_DEFINITION ( 'international standard', 'config_control_design', 1994, #463 ) ;
#6534 = EDGE_CURVE ( 'NONE', #110, #5885, #11288, .T. ) ;
#6535 = DIRECTION ( 'NONE',  ( 0.0000000000000000000, 1.000000000000000000, 0.0000000000000000000 ) ) ;
#6536 = CIRCLE ( 'NONE', #11267, 2.250000000000001800 ) ;
#6537 = DIRECTION ( 'NONE',  ( -1.000000000000000000, -7.610399765575671300E-015, -0.0000000000000000000 ) ) ;
#6538 = PLANE ( 'NONE',  #8194 ) ;
#6539 = CARTESIAN_POINT ( 'NONE',  ( -88.50000000000000000, -1.995711507853524900E-014, 367.9104972384030200 ) ) ;
#6540 = CARTESIAN_POINT ( 'NONE',  ( -2.943331757292033200, -2.356332379780690500, -0.4999999999999982800 ) ) ;
#6541 = ORIENTED_EDGE ( 'NONE', *, *, #10519, .T. ) ;
#6542 = ORIENTED_EDGE ( 'NONE', *, *, #2530, .T. ) ;
#6543 = CARTESIAN_POINT ( 'NONE',  ( 86.50000000000001400, 3.500000000000000000, 185.0000000000000000 ) ) ;
#6544 = EDGE_LOOP ( 'NONE', ( #3091, #3994 ) ) ;
#6545 = VECTOR ( 'NONE', #7780, 1000.000000000000000 ) ;
#6546 = CARTESIAN_POINT ( 'NONE',  ( -1.217465845835394400, 0.3271848554491000900, -7.500000000000002700 ) ) ;
#6547 = CARTESIAN_POINT ( 'NONE',  ( 5.850000000000001400, -2.225000000000000100, 248.0000000000000000 ) ) ;
#6548 = CIRCLE ( 'NONE', #3293, 1.899999999999999000 ) ;
#6549 = CARTESIAN_POINT ( 'NONE',  ( -0.4999999999999997800, -4.001000000000000300, 2.449489742783180100 ) ) ;
#6550 = VERTEX_POINT ( 'NONE', #957 ) ;
#6551 = AXIS2_PLACEMENT_3D ( 'NONE', #10803, #8196, #351 ) ;
#6552 = CIRCLE ( 'NONE', #5184, 0.2000000000000000900 ) ;
#6553 = APPROVAL_PERSON_ORGANIZATION ( #8886, #106, #9572 ) ;
#6554 = ORIENTED_EDGE ( 'NONE', *, *, #4814, .T. ) ;
#6555 = LINE ( 'NONE', #6849, #4244 ) ;
#6556 = ADVANCED_FACE ( 'NONE', ( #3580 ), #6124, .F. ) ;
#6557 = VECTOR ( 'NONE', #2856, 1000.000000000000000 ) ;
#6558 = CARTESIAN_POINT ( 'NONE',  ( 2.378146924196519900, -20.29999999999999700, 72.00000000000001400 ) ) ;
#6559 = CARTESIAN_POINT ( 'NONE',  ( 3.950000000000000200, -8.325000000000002800, 248.0000000000000000 ) ) ;
#6560 = LINE ( 'NONE', #7752, #1951 ) ;
#6561 = APPROVAL_DATE_TIME ( #8894, #5188 ) ;
#6562 = EDGE_CURVE ( 'NONE', #832, #9060, #3041, .T. ) ;
#6563 = EDGE_CURVE ( 'NONE', #3142, #9016, #1285, .T. ) ;
#6564 = CC_DESIGN_APPROVAL ( #5986, ( #4230 ) ) ;
#6565 = AXIS2_PLACEMENT_3D ( 'NONE', #4458, #10557, #5327 ) ;
#6566 = ORIENTED_EDGE ( 'NONE', *, *, #8888, .F. ) ;
#6567 = AXIS2_PLACEMENT_3D ( 'NONE', #9966, #4732, #10826 ) ;
#6568 = LINE ( 'NONE', #5194, #4259 ) ;
#6569 = EDGE_LOOP ( 'NONE', ( #1906, #11016, #8857, #6902 ) ) ;
#6570 = EDGE_CURVE ( 'NONE', #9485, #3641, #9994, .T. ) ;
#6571 = CC_DESIGN_APPROVAL ( #8143, ( #6961 ) ) ;
#6572 = CIRCLE ( 'NONE', #2908, 1.000000000000000900 ) ;
#6573 = EDGE_CURVE ( 'NONE', #40, #6265, #7397, .T. ) ;
#6574 = ADVANCED_FACE ( 'NONE', ( #9445 ), #7067, .F. ) ;
#6575 = FACE_OUTER_BOUND ( 'NONE', #843, .T. ) ;
#6576 = LOCAL_TIME ( 11, 17, 25.00000000000000000, #8904 ) ;
#6577 = APPROVAL_ROLE ( '' ) ;
#6578 = CARTESIAN_POINT ( 'NONE',  ( 5.850000000000001400, -13.57500000000000300, 72.00000000000001400 ) ) ;
#6579 = CARTESIAN_POINT ( 'NONE',  ( 3.449999999999999700, -3.700000000000000200, 1.000000000000000000 ) ) ;
#6580 = CARTESIAN_POINT ( 'NONE',  ( -1.700000000000000000, 0.0000000000000000000, 248.0000000000000000 ) ) ;
#6581 = CARTESIAN_POINT ( 'NONE',  ( 88.50000000000000000, 0.1500000000000008300, 0.0000000000000000000 ) ) ;
#6582 = CARTESIAN_POINT ( 'NONE',  ( 1.707778744716765200E-017, -7.300770222279489800E-032, 0.0000000000000000000 ) ) ;
#6583 = CARTESIAN_POINT ( 'NONE',  ( 0.5000000000000000000, -4.000000000000000000, -2.449489742783179200 ) ) ;
#6584 = ORIENTED_EDGE ( 'NONE', *, *, #4980, .T. ) ;
#6585 = DIRECTION ( 'NONE',  ( 0.0000000000000000000, 0.0000000000000000000, 1.000000000000000000 ) ) ;
#6586 = CIRCLE ( 'NONE', #8250, 6.248815809059141900 ) ;
#6587 = LINE ( 'NONE', #10516, #10942 ) ;
#6588 = ORIENTED_EDGE ( 'NONE', *, *, #8913, .T. ) ;
#6589 = CC_DESIGN_DATE_AND_TIME_ASSIGNMENT ( #6176, #1479, ( #4248 ) ) ;
#6590 = CARTESIAN_POINT ( 'NONE',  ( -0.7499999999999910100, 0.09817475995271550400, -8.000000000000000000 ) ) ;
#6591 = LINE ( 'NONE', #7351, #11232 ) ;
#6592 = DIRECTION ( 'NONE',  ( 0.0000000000000000000, 0.0000000000000000000, 1.000000000000000000 ) ) ;
#6593 = CALENDAR_DATE ( 2023, 9, 11 ) ;
#6594 = EDGE_CURVE ( 'NONE', #7366, #6480, #454, .T. ) ;
#6595 = EDGE_CURVE ( 'NONE', #2860, #5138, #735, .T. ) ;
#6596 = CARTESIAN_POINT ( 'NONE',  ( 5.850000000000001400, 12.37500000000000000, 248.0000000000000000 ) ) ;
#6597 = VERTEX_POINT ( 'NONE', #1032 ) ;
#6598 = LINE ( 'NONE', #7282, #1430 ) ;
#6599 = VERTEX_POINT ( 'NONE', #10254 ) ;
#6600 = VECTOR ( 'NONE', #5363, 1000.000000000000000 ) ;
#6601 = VECTOR ( 'NONE', #2654, 1000.000000000000000 ) ;
#6602 = VERTEX_POINT ( 'NONE', #8002 ) ;
#6603 = ORIENTED_EDGE ( 'NONE', *, *, #4640, .T. ) ;
#6604 = ORIENTED_EDGE ( 'NONE', *, *, #5783, .T. ) ;
#6605 = ORIENTED_EDGE ( 'NONE', *, *, #4692, .T. ) ;
#6606 = ORIENTED_EDGE ( 'NONE', *, *, #9347, .T. ) ;
#6607 = FACE_OUTER_BOUND ( 'NONE', #8726, .T. ) ;
#6608 = EDGE_CURVE ( 'NONE', #6755, #374, #181, .T. ) ;
#6609 = CARTESIAN_POINT ( 'NONE',  ( 5.850000000000001400, 4.675000000000001600, 71.99899999999999500 ) ) ;
#6610 = VECTOR ( 'NONE', #10277, 1000.000000000000000 ) ;
#6611 = ORIENTED_EDGE ( 'NONE', *, *, #3663, .T. ) ;
#6612 = AXIS2_PLACEMENT_3D ( 'NONE', #9038, #6747, #1540 ) ;
#6613 = ORIENTED_EDGE ( 'NONE', *, *, #7562, .F. ) ;
#6614 = VERTEX_POINT ( 'NONE', #9720 ) ;
#6615 = AXIS2_PLACEMENT_3D ( 'NONE', #6582, #1387, #7468 ) ;
#6616 = ORIENTED_EDGE ( 'NONE', *, *, #7520, .T. ) ;
#6617 = CIRCLE ( 'NONE', #8393, 0.2000000000000000900 ) ;
#6618 = ORIENTED_EDGE ( 'NONE', *, *, #6223, .F. ) ;
#6619 = PERSON_AND_ORGANIZATION_ROLE ( 'classification_officer' ) ;
#6620 = CARTESIAN_POINT ( 'NONE',  ( 0.0000000000000000000, 0.0000000000000000000, -0.0009999999999999161000 ) ) ;
#6621 = CARTESIAN_POINT ( 'NONE',  ( 0.0000000000000000000, 2.000000000000000000, 3.950000000000000200 ) ) ;
#6622 = CARTESIAN_POINT ( 'NONE',  ( -88.50000000000000000, 31.00000000000000000, 0.0000000000000000000 ) ) ;
#6623 = CARTESIAN_POINT ( 'NONE',  ( -3.250000000000000400, 1.898202538678397500E-016, 248.0000000000000000 ) ) ;
#6624 = LOCAL_TIME ( 11, 17, 25.00000000000000000, #8956 ) ;
#6625 = DIRECTION ( 'NONE',  ( 1.000000000000000000, 0.0000000000000000000, 0.0000000000000000000 ) ) ;
#6626 = ADVANCED_FACE ( 'NONE', ( #4793 ), #2227, .F. ) ;
#6627 = LINE ( 'NONE', #8555, #8958 ) ;
#6628 = AXIS2_PLACEMENT_3D ( 'NONE', #4179, #11157, #5927 ) ;
#6629 = CARTESIAN_POINT ( 'NONE',  ( 0.5997501243938350200, 0.4609100473859950000, -8.000000000000000000 ) ) ;
#6630 = CIRCLE ( 'NONE', #7665, 0.1999999999999999800 ) ;
#6631 = ORIENTED_EDGE ( 'NONE', *, *, #9897, .T. ) ;
#6632 = CARTESIAN_POINT ( 'NONE',  ( 3.950000000000000200, 8.125000000000000000, 248.0000000000000000 ) ) ;
#6633 = CARTESIAN_POINT ( 'NONE',  ( 6.250000000000000000, 0.0000000000000000000, 72.00000000000001400 ) ) ;
#6634 = COORDINATED_UNIVERSAL_TIME_OFFSET ( 1, 0, .AHEAD. ) ;
#6635 = ADVANCED_FACE ( 'NONE', ( #9177 ), #4191, .F. ) ;
#6636 = EDGE_LOOP ( 'NONE', ( #620, #2805 ) ) ;
#6637 = FACE_OUTER_BOUND ( 'NONE', #329, .T. ) ;
#6638 = VERTEX_POINT ( 'NONE', #3328 ) ;
#6639 = AXIS2_PLACEMENT_3D ( 'NONE', #3230, #9328, #4087 ) ;
#6640 = ORIENTED_EDGE ( 'NONE', *, *, #3863, .T. ) ;
#6641 = AXIS2_PLACEMENT_3D ( 'NONE', #10136, #4906, #11008 ) ;
#6642 = AXIS2_PLACEMENT_3D ( 'NONE', #28, #6106, #900 ) ;
#6643 = ORIENTED_EDGE ( 'NONE', *, *, #2694, .F. ) ;
#6644 = DIRECTION ( 'NONE',  ( 0.0000000000000000000, -0.0000000000000000000, 1.000000000000000000 ) ) ;
#6645 = PERSON_AND_ORGANIZATION ( #9810, #4463 ) ;
#6646 = EDGE_CURVE ( 'NONE', #4260, #1371, #6847, .T. ) ;
#6647 = CARTESIAN_POINT ( 'NONE',  ( -5.299999999999997200, -16.05552017741234700, 248.0000000000000000 ) ) ;
#6648 = EDGE_CURVE ( 'NONE', #7865, #4392, #11214, .T. ) ;
#6649 = DIRECTION ( 'NONE',  ( 1.000000000000000000, 0.0000000000000000000, 0.0000000000000000000 ) ) ;
#6650 = CC_DESIGN_PERSON_AND_ORGANIZATION_ASSIGNMENT ( #1196, #2177, ( #4327 ) ) ;
#6651 = DATE_TIME_ROLE ( 'classification_date' ) ;
#6652 = CARTESIAN_POINT ( 'NONE',  ( 5.850000000000001400, 6.275000000000000400, 71.99899999999999500 ) ) ;
#6653 = DIRECTION ( 'NONE',  ( -0.0000000000000000000, -1.000000000000000000, -0.0000000000000000000 ) ) ;
#6654 = CARTESIAN_POINT ( 'NONE',  ( 2.250000000000000400, -0.8249999999999999600, 72.00000000000001400 ) ) ;
#6655 = CARTESIAN_POINT ( 'NONE',  ( -1.499506462899409900, -1.600000000000000100, 2.295053483194846100 ) ) ;
#6656 = CARTESIAN_POINT ( 'NONE',  ( -2.897408614015466500, -3.346637281128670900, 0.4999999999999496000 ) ) ;
#6657 = EDGE_CURVE ( 'NONE', #10019, #6077, #8893, .T. ) ;
#6658 = ORIENTED_EDGE ( 'NONE', *, *, #10041, .T. ) ;
#6659 = CARTESIAN_POINT ( 'NONE',  ( -0.1963109229443065200, -0.7304795034937839900, -8.000000000000000000 ) ) ;
#6660 = ORIENTED_EDGE ( 'NONE', *, *, #2943, .T. ) ;
#6661 = CARTESIAN_POINT ( 'NONE',  ( 0.0000000000000000000, 0.0000000000000000000, 0.0000000000000000000 ) ) ;
#6662 = ORIENTED_EDGE ( 'NONE', *, *, #5722, .T. ) ;
#6663 = ORIENTED_EDGE ( 'NONE', *, *, #7382, .F. ) ;
#6664 = DIRECTION ( 'NONE',  ( 0.0000000000000000000, 1.000000000000000000, 0.0000000000000000000 ) ) ;
#6665 = CARTESIAN_POINT ( 'NONE',  ( -3.600000000000000100, 10.42500000000000100, 72.00000000000001400 ) ) ;
#6666 = DIRECTION ( 'NONE',  ( 0.0000000000000000000, 0.0000000000000000000, 1.000000000000000000 ) ) ;
#6667 = DIRECTION ( 'NONE',  ( 1.000000000000000000, 0.0000000000000000000, 0.0000000000000000000 ) ) ;
#6668 = ORIENTED_EDGE ( 'NONE', *, *, #2100, .T. ) ;
#6669 = VERTEX_POINT ( 'NONE', #3369 ) ;
#6670 = EDGE_CURVE ( 'NONE', #9828, #741, #10926, .T. ) ;
#6671 = EDGE_CURVE ( 'NONE', #10494, #7938, #6560, .T. ) ;
#6672 = CIRCLE ( 'NONE', #5754, 0.2000000000000000900 ) ;
#6673 = VERTEX_POINT ( 'NONE', #8624 ) ;
#6674 = EDGE_LOOP ( 'NONE', ( #8308, #557, #3403, #9303 ) ) ;
#6675 = CARTESIAN_POINT ( 'NONE',  ( -0.3777142256033259600, -0.6553397952731469000, -8.000000000000000000 ) ) ;
#6676 = ORIENTED_EDGE ( 'NONE', *, *, #2261, .T. ) ;
#6677 = AXIS2_PLACEMENT_3D ( 'NONE', #6620, #506, #544 ) ;
#6678 = ADVANCED_FACE ( 'NONE', ( #3964 ), #4276, .F. ) ;
#6679 = CARTESIAN_POINT ( 'NONE',  ( 3.950000000000000200, -9.924999999999998900, 72.00000000000001400 ) ) ;
#6680 = ORIENTED_EDGE ( 'NONE', *, *, #5826, .T. ) ;
#6681 = CARTESIAN_POINT ( 'NONE',  ( -0.5999999999999999800, -10.42500000000000100, 248.0000000000000000 ) ) ;
#6682 = CYLINDRICAL_SURFACE ( 'NONE', #3658, 1.899999999999999000 ) ;
#6683 = VERTEX_POINT ( 'NONE', #11213 ) ;
#6684 = FACE_OUTER_BOUND ( 'NONE', #645, .T. ) ;
#6685 = CARTESIAN_POINT ( 'NONE',  ( 0.8000000000000000400, -5.049999999999999800, -1.510173831053895000 ) ) ;
#6686 = CALENDAR_DATE ( 2023, 9, 11 ) ;
#6687 = ADVANCED_FACE ( 'NONE', ( #7115 ), #6025, .T. ) ;
#6688 = APPROVAL_ROLE ( '' ) ;
#6689 = ORIENTED_EDGE ( 'NONE', *, *, #10080, .F. ) ;
#6690 = DIRECTION ( 'NONE',  ( -0.0000000000000000000, 1.000000000000000000, 0.0000000000000000000 ) ) ;
#6691 =( LENGTH_UNIT ( ) NAMED_UNIT ( * ) SI_UNIT ( .MILLI., .METRE. ) );
#6692 = AXIS2_PLACEMENT_3D ( 'NONE', #10403, #3481, #8701 ) ;
#6693 = CARTESIAN_POINT ( 'NONE',  ( 6.250000000000000000, 12.50000000000000000, 248.0000000000000000 ) ) ;
#6694 = CARTESIAN_POINT ( 'NONE',  ( 3.950000000000000200, -2.824999999999999700, 248.0000000000000000 ) ) ;
#6695 = DIRECTION ( 'NONE',  ( 1.000000000000000000, 0.0000000000000000000, 0.0000000000000000000 ) ) ;
#6696 = DIRECTION ( 'NONE',  ( 1.000000000000000000, -6.071532165918830700E-016, -0.0000000000000000000 ) ) ;
#6697 = DIRECTION ( 'NONE',  ( 0.0000000000000000000, 0.0000000000000000000, -1.000000000000000000 ) ) ;
#6698 = LINE ( 'NONE', #7185, #1266 ) ;
#6699 = VECTOR ( 'NONE', #9784, 1000.000000000000000 ) ;
#6700 = CARTESIAN_POINT ( 'NONE',  ( -0.7681834123099802200, 0.9995835406563956500, -7.999999999999994700 ) ) ;
#6701 = ORIENTED_EDGE ( 'NONE', *, *, #3092, .F. ) ;
#6702 = DIRECTION ( 'NONE',  ( -0.0000000000000000000, -1.000000000000000000, -0.0000000000000000000 ) ) ;
#6703 = DIRECTION ( 'NONE',  ( -0.0000000000000000000, 0.0000000000000000000, 1.000000000000000000 ) ) ;
#6704 = ORIENTED_EDGE ( 'NONE', *, *, #8331, .T. ) ;
#6705 = VECTOR ( 'NONE', #4424, 1000.000000000000000 ) ;
#6706 = DIRECTION ( 'NONE',  ( 0.0000000000000000000, 0.0000000000000000000, 1.000000000000000000 ) ) ;
#6707 = AXIS2_PLACEMENT_3D ( 'NONE', #5166, #10413, #6049 ) ;
#6708 = DIRECTION ( 'NONE',  ( -0.0000000000000000000, -0.0000000000000000000, -1.000000000000000000 ) ) ;
#6709 = DIRECTION ( 'NONE',  ( 0.0000000000000000000, -1.000000000000000000, -0.0000000000000000000 ) ) ;
#6710 = VECTOR ( 'NONE', #10173, 1000.000000000000000 ) ;
#6711 = CARTESIAN_POINT ( 'NONE',  ( 0.8309713053962639600, -1.441747545844460000, 1.500000000000000400 ) ) ;
#6712 = FACE_OUTER_BOUND ( 'NONE', #7229, .T. ) ;
#6713 = CONTEXT_DEPENDENT_SHAPE_REPRESENTATION ( #690, #3957 ) ;
#6714 = EDGE_LOOP ( 'NONE', ( #1295, #2462, #4071, #6279 ) ) ;
#6715 = CARTESIAN_POINT ( 'NONE',  ( -0.6295237093388905700, 1.092232992121914000, -7.999999999999994700 ) ) ;
#6716 = VECTOR ( 'NONE', #3645, 1000.000000000000000 ) ;
#6717 = LINE ( 'NONE', #401, #4667 ) ;
#6718 = EDGE_LOOP ( 'NONE', ( #3340, #578, #10299, #5246 ) ) ;
#6719 = FACE_OUTER_BOUND ( 'NONE', #8012, .T. ) ;
#6720 = ORIENTED_EDGE ( 'NONE', *, *, #6563, .F. ) ;
#6721 = CC_DESIGN_APPROVAL ( #6141, ( #5552 ) ) ;
#6722 = ORGANIZATION ( 'NAUO-ORG5', 'UNSPECIFIED', 'UNSPECIFIED' ) ;
#6723 = ORIENTED_EDGE ( 'NONE', *, *, #3665, .T. ) ;
#6724 = VECTOR ( 'NONE', #3694, 1000.000000000000000 ) ;
#6725 = SECURITY_CLASSIFICATION ( '', '', #11283 ) ;
#6726 = FACE_BOUND ( 'NONE', #8261, .T. ) ;
#6727 = EDGE_LOOP ( 'NONE', ( #10040, #8657, #10700, #7662 ) ) ;
#6728 = ORIENTED_EDGE ( 'NONE', *, *, #10473, .F. ) ;
#6729 = LINE ( 'NONE', #6213, #78 ) ;
#6730 = APPROVAL_STATUS ( 'not_yet_approved' ) ;
#6731 = DIRECTION ( 'NONE',  ( 1.000000000000000000, 0.0000000000000000000, -0.0000000000000000000 ) ) ;
#6732 = DIRECTION ( 'NONE',  ( 1.000000000000000000, 0.0000000000000000000, 0.0000000000000000000 ) ) ;
#6733 = CARTESIAN_POINT ( 'NONE',  ( -88.50000000000000000, 1.500000000000000000, 185.0000000000000000 ) ) ;
#6734 = CARTESIAN_POINT ( 'NONE',  ( -0.4000000000000000200, 4.649999999999999500, 72.00000000000001400 ) ) ;
#6735 = CARTESIAN_POINT ( 'NONE',  ( 1.441747545844438000, 0.8309713053962709500, 1.500000000000000000 ) ) ;
#6736 = CARTESIAN_POINT ( 'NONE',  ( 88.47000000000001300, -3.949999999999945600, 0.0000000000000000000 ) ) ;
#6737 = ADVANCED_FACE ( 'NONE', ( #10649 ), #1406, .T. ) ;
#6738 = LINE ( 'NONE', #710, #11103 ) ;
#6739 = CARTESIAN_POINT ( 'NONE',  ( 1.217465839156320200, -0.3271848715738532900, -7.999999999999994700 ) ) ;
#6740 = CIRCLE ( 'NONE', #9656, 2.149999999999999000 ) ;
#6741 = EDGE_LOOP ( 'NONE', ( #9664, #6901 ) ) ;
#6742 = CARTESIAN_POINT ( 'NONE',  ( -86.50000000000001400, 31.00000000000000000, 367.9104972384030200 ) ) ;
#6743 = ORIENTED_EDGE ( 'NONE', *, *, #4672, .T. ) ;
#6744 = CARTESIAN_POINT ( 'NONE',  ( 3.950000000000000200, -10.12500000000000000, 72.00000000000001400 ) ) ;
#6745 = EDGE_CURVE ( 'NONE', #10464, #9410, #3710, .T. ) ;
#6746 = EDGE_CURVE ( 'NONE', #5656, #1766, #1687, .T. ) ;
#6747 = DIRECTION ( 'NONE',  ( 0.0000000000000000000, 0.0000000000000000000, 1.000000000000000000 ) ) ;
#6748 = PLANE ( 'NONE',  #22 ) ;
#6749 =( BOUNDED_SURFACE ( )  B_SPLINE_SURFACE ( 2, 3, ( 
 ( #4968, #5839, #668, #6735, #1527, #7613, #2406, #8483, #3271, #9375, #4136, #10237, #5002, #11119, #5881, #698, #6780, #1580, #7651, #2444, #8527, #3312, #9407, #4177, #10275, #5041, #11156, #5923, #740, #6818, #1621, #7697, #2481, #8568 ),
 ( #3350, #9450, #4209, #10323, #5089, #11195, #5962, #788, #6853, #1656, #7738, #2526, #8606, #3393, #9501, #4254, #10354, #5131, #11238, #6009, #821, #6899, #1692, #7776, #2570, #8650, #3425, #9545, #4303, #10394, #5165, #10508, #6047, #852 ),
 ( #6934, #1742, #7809, #2602, #8692, #3468, #9576, #4340, #10437, #5201, #11, #6092, #886, #6966, #1777, #7857, #2634, #8721, #3509, #9619, #4367, #10471, #5247, #49, #6126, #925, #7004, #1811, #7889, #2680, #8754, #3539, #9654, #4404 ) ),
 .UNSPECIFIED., .F., .T., .F. ) 
 B_SPLINE_SURFACE_WITH_KNOTS ( ( 3, 3 ),
 ( 4, 2, 2, 2, 2, 2, 2, 2, 2, 2, 2, 2, 2, 2, 2, 2, 4 ),
 ( 0.0000000000000000000, 1.000000000000000000 ),
 ( 0.0000000000000000000, 0.3926990816987240300, 0.7853981633974479500, 1.178097245096172000, 1.570796326794895000, 1.963495408493620000, 2.356194490192344800, 2.748893571891069900, 3.141592653589795300, 3.534291735288519900, 3.926990816987240100, 4.319689898685965100, 4.712388980384689700, 5.105088062083409800, 5.497787143782139700, 5.890486225480859900, 6.283185307179590700 ),
 .UNSPECIFIED. ) 
 GEOMETRIC_REPRESENTATION_ITEM ( )  RATIONAL_B_SPLINE_SURFACE ( (
 ( 1.000000000000000000, 1.000000000000000000, 1.000000000000000000, 1.000000000000000000, 1.000000000000000000, 1.000000000000000000, 1.000000000000000000, 1.000000000000000000, 1.000000000000000000, 1.000000000000000000, 1.000000000000000000, 1.000000000000000000, 1.000000000000000000, 1.000000000000000000, 1.000000000000000000, 1.000000000000000000, 1.000000000000000000, 1.000000000000000000, 1.000000000000000000, 1.000000000000000000, 1.000000000000000000, 1.000000000000000000, 1.000000000000000000, 1.000000000000000000, 1.000000000000000000, 1.000000000000000000, 1.000000000000000000, 1.000000000000000000, 1.000000000000000000, 1.000000000000000000, 1.000000000000000000, 1.000000000000000000, 1.000000000000000000, 1.000000000000000000),
 ( 0.7071067811865480200, 0.7071067811865480200, 0.7071067811865480200, 0.7071067811865480200, 0.7071067811865480200, 0.7071067811865480200, 0.7071067811865480200, 0.7071067811865480200, 0.7071067811865480200, 0.7071067811865480200, 0.7071067811865480200, 0.7071067811865480200, 0.7071067811865480200, 0.7071067811865480200, 0.7071067811865480200, 0.7071067811865480200, 0.7071067811865480200, 0.7071067811865480200, 0.7071067811865480200, 0.7071067811865480200, 0.7071067811865480200, 0.7071067811865480200, 0.7071067811865480200, 0.7071067811865480200, 0.7071067811865480200, 0.7071067811865480200, 0.7071067811865480200, 0.7071067811865480200, 0.7071067811865480200, 0.7071067811865480200, 0.7071067811865480200, 0.7071067811865480200, 0.7071067811865480200, 0.7071067811865480200),
 ( 1.000000000000000000, 1.000000000000000000, 1.000000000000000000, 1.000000000000000000, 1.000000000000000000, 1.000000000000000000, 1.000000000000000000, 1.000000000000000000, 1.000000000000000000, 1.000000000000000000, 1.000000000000000000, 1.000000000000000000, 1.000000000000000000, 1.000000000000000000, 1.000000000000000000, 1.000000000000000000, 1.000000000000000000, 1.000000000000000000, 1.000000000000000000, 1.000000000000000000, 1.000000000000000000, 1.000000000000000000, 1.000000000000000000, 1.000000000000000000, 1.000000000000000000, 1.000000000000000000, 1.000000000000000000, 1.000000000000000000, 1.000000000000000000, 1.000000000000000000, 1.000000000000000000, 1.000000000000000000, 1.000000000000000000, 1.000000000000000000) ) ) 
 REPRESENTATION_ITEM ( '' )  SURFACE ( )  );
#6750 = DIRECTION ( 'NONE',  ( 0.0000000000000000000, 0.0000000000000000000, 1.000000000000000000 ) ) ;
#6751 = EDGE_LOOP ( 'NONE', ( #6954, #5174, #4768, #1594 ) ) ;
#6752 = ORIENTED_EDGE ( 'NONE', *, *, #6379, .T. ) ;
#6753 = ADVANCED_FACE ( 'NONE', ( #8340 ), #792, .F. ) ;
#6754 = EDGE_LOOP ( 'NONE', ( #2293, #1668, #4362, #8059 ) ) ;
#6755 = VERTEX_POINT ( 'NONE', #6940 ) ;
#6756 = CARTESIAN_POINT ( 'NONE',  ( 1.092232992121895800, -0.6295237093388680300, -7.999999999999994700 ) ) ;
#6757 = COORDINATED_UNIVERSAL_TIME_OFFSET ( 1, 0, .AHEAD. ) ;
#6758 = DIRECTION ( 'NONE',  ( 1.000000000000000000, 0.0000000000000000000, 0.0000000000000000000 ) ) ;
#6759 = EDGE_CURVE ( 'NONE', #10285, #6531, #5731, .T. ) ;
#6760 = CARTESIAN_POINT ( 'NONE',  ( -1.649999999999999900, 4.253864881893545600E-014, 1.500000000000000000 ) ) ;
#6761 = FACE_OUTER_BOUND ( 'NONE', #921, .T. ) ;
#6762 = CARTESIAN_POINT ( 'NONE',  ( 5.850000000000001400, 12.37500000000000000, 72.00000000000001400 ) ) ;
#6763 = ORIENTED_EDGE ( 'NONE', *, *, #3677, .F. ) ;
#6764 = AXIS2_PLACEMENT_3D ( 'NONE', #8212, #1289, #7359 ) ;
#6765 = EDGE_CURVE ( 'NONE', #9434, #8805, #10390, .T. ) ;
#6766 = AXIS2_PLACEMENT_3D ( 'NONE', #6271, #1079, #7150 ) ;
#6767 = APPROVAL_PERSON_ORGANIZATION ( #9099, #461, #5554 ) ;
#6768 = ORIENTED_EDGE ( 'NONE', *, *, #6431, .F. ) ;
#6769 = VECTOR ( 'NONE', #5282, 1000.000000000000000 ) ;
#6770 = CARTESIAN_POINT ( 'NONE',  ( 6.250000000000000000, 2.225000000000000100, 72.00000000000001400 ) ) ;
#6771 = ORIENTED_EDGE ( 'NONE', *, *, #10183, .F. ) ;
#6772 = VECTOR ( 'NONE', #3683, 1000.000000000000000 ) ;
#6774 = ORIENTED_EDGE ( 'NONE', *, *, #7862, .T. ) ;
#6773 = SECURITY_CLASSIFICATION_LEVEL ( 'unclassified' ) ;
#6775 = ORIENTED_EDGE ( 'NONE', *, *, #3960, .F. ) ;
#6776 = DIRECTION ( 'NONE',  ( -1.000000000000000000, 0.0000000000000000000, 0.0000000000000000000 ) ) ;
#6777 =( LENGTH_UNIT ( ) NAMED_UNIT ( * ) SI_UNIT ( .MILLI., .METRE. ) );
#6778 = DIRECTION ( 'NONE',  ( 0.0000000000000000000, 0.0000000000000000000, 1.000000000000000000 ) ) ;
#6779 = CARTESIAN_POINT ( 'NONE',  ( 1.250000000000000000, -7.300770222279489800E-032, 0.0000000000000000000 ) ) ;
#6780 = CARTESIAN_POINT ( 'NONE',  ( -1.649999999999999900, 0.2159844817121075200, 1.500000000000000000 ) ) ;
#6781 = DIRECTION ( 'NONE',  ( 1.000000000000000000, 0.0000000000000000000, 0.0000000000000000000 ) ) ;
#6782 = CARTESIAN_POINT ( 'NONE',  ( 3.696276245754670000E-016, 0.0000000000000000000, -1.541976423090490200E-016 ) ) ;
#6783 = AXIS2_PLACEMENT_3D ( 'NONE', #1779, #7861, #2642 ) ;
#6784 = PERSON_AND_ORGANIZATION ( #9810, #4463 ) ;
#6785 = CARTESIAN_POINT ( 'NONE',  ( -1.217465839156336900, -0.3271848715738427400, -7.999999999999994700 ) ) ;
#6786 = EDGE_LOOP ( 'NONE', ( #6323, #4727, #4304, #1314 ) ) ;
#6787 = DIRECTION ( 'NONE',  ( -1.000000000000000000, 0.0000000000000000000, 0.0000000000000000000 ) ) ;
#6788 = DIRECTION ( 'NONE',  ( 0.0000000000000000000, 0.0000000000000000000, 1.000000000000000000 ) ) ;
#6789 = CARTESIAN_POINT ( 'NONE',  ( 2.250000000000000400, 0.0000000000000000000, 72.00000000000001400 ) ) ;
#6790 = CARTESIAN_POINT ( 'NONE',  ( -86.50000000000001400, 3.500000000000000000, 185.0000000000000000 ) ) ;
#6791 = CARTESIAN_POINT ( 'NONE',  ( -90.00000000000000000, 29.00000000000000000, 185.0000000000000000 ) ) ;
#6792 = CARTESIAN_POINT ( 'NONE',  ( 3.750000000000000000, 0.0000000000000000000, 248.0000000000000000 ) ) ;
#6793 = SHAPE_DEFINITION_REPRESENTATION ( #3073, #9640 ) ;
#6794 = DIRECTION ( 'NONE',  ( 0.0000000000000000000, 0.0000000000000000000, -1.000000000000000000 ) ) ;
#6795 = EDGE_CURVE ( 'NONE', #10532, #2375, #10113, .T. ) ;
#6796 = EDGE_CURVE ( 'NONE', #1148, #3689, #8076, .T. ) ;
#6797 = CC_DESIGN_PERSON_AND_ORGANIZATION_ASSIGNMENT ( #4163, #1240, ( #2863 ) ) ;
#6798 = AXIS2_PLACEMENT_3D ( 'NONE', #1653, #5087, #9544 ) ;
#6799 = CARTESIAN_POINT ( 'NONE',  ( -1.250000000000016900, -0.1636245999211583800, -7.999999999999994700 ) ) ;
#6800 = ADVANCED_FACE ( 'NONE', ( #3438 ), #5196, .F. ) ;
#6801 = VERTEX_POINT ( 'NONE', #941 ) ;
#6802 = DIRECTION ( 'NONE',  ( 1.000000000000000000, 0.0000000000000000000, 0.0000000000000000000 ) ) ;
#6803 = EDGE_CURVE ( 'NONE', #9565, #1371, #7508, .T. ) ;
#6804 = DIRECTION ( 'NONE',  ( 0.0000000000000000000, 0.0000000000000000000, 1.000000000000000000 ) ) ;
#6805 = EDGE_CURVE ( 'NONE', #6893, #11250, #9853, .T. ) ;
#6806 = ORIENTED_EDGE ( 'NONE', *, *, #10611, .F. ) ;
#6807 = CARTESIAN_POINT ( 'NONE',  ( 5.850000000000001400, -15.62500000000000000, 71.99899999999999500 ) ) ;
#6808 = CC_DESIGN_APPROVAL ( #6219, ( #5037 ) ) ;
#6809 = EDGE_LOOP ( 'NONE', ( #7145, #1002, #4721, #2194 ) ) ;
#6810 =( REPRESENTATION_RELATIONSHIP ('NONE','NONE', #9710, #2159 ) REPRESENTATION_RELATIONSHIP_WITH_TRANSFORMATION ( #1287 )SHAPE_REPRESENTATION_RELATIONSHIP( ) );
#6811 = ORIENTED_EDGE ( 'NONE', *, *, #3370, .T. ) ;
#6812 = VERTEX_POINT ( 'NONE', #10518 ) ;
#6813 = DIRECTION ( 'NONE',  ( 0.0000000000000000000, 0.0000000000000000000, 1.000000000000000000 ) ) ;
#6814 = VECTOR ( 'NONE', #10845, 1000.000000000000000 ) ;
#6815 = CARTESIAN_POINT ( 'NONE',  ( -88.50000000000000000, 1.500000000000000000, 0.0000000000000000000 ) ) ;
#6816 = EDGE_LOOP ( 'NONE', ( #6221, #3722 ) ) ;
#6817 = CARTESIAN_POINT ( 'NONE',  ( -3.600000000000000500, 0.0000000000000000000, 72.00000000000001400 ) ) ;
#6818 = CARTESIAN_POINT ( 'NONE',  ( 1.319450280607487900, -1.014002097308120100, 1.500000000000000000 ) ) ;
#6819 = EDGE_CURVE ( 'NONE', #2342, #10386, #588, .T. ) ;
#6820 = ORIENTED_EDGE ( 'NONE', *, *, #10376, .T. ) ;
#6821 = CARTESIAN_POINT ( 'NONE',  ( 3.750000000000000000, 0.0000000000000000000, 248.0000000000000000 ) ) ;
#6822 = ORIENTED_EDGE ( 'NONE', *, *, #5903, .F. ) ;
#6823 = CARTESIAN_POINT ( 'NONE',  ( 0.3271848715738355200, 1.217465839156310000, -7.500000000000000000 ) ) ;
#6824 = CARTESIAN_POINT ( 'NONE',  ( -3.600000000000000100, -9.475000000000001400, -0.001000000000000999900 ) ) ;
#6825 = FACE_OUTER_BOUND ( 'NONE', #565, .T. ) ;
#6826 = EDGE_LOOP ( 'NONE', ( #4202, #3991, #7582, #1322 ) ) ;
#6827 = ORIENTED_EDGE ( 'NONE', *, *, #7555, .T. ) ;
#6828 = ORIENTED_EDGE ( 'NONE', *, *, #3543, .T. ) ;
#6829 = CARTESIAN_POINT ( 'NONE',  ( 0.3880704650277188000, -4.000000000000000000, 2.469696603668793500 ) ) ;
#6830 = VECTOR ( 'NONE', #1660, 1000.000000000000000 ) ;
#6831 = CARTESIAN_POINT ( 'NONE',  ( -0.4000000000000000200, -3.125000000000000000, -1.510173831053895000 ) ) ;
#6832 = EDGE_CURVE ( 'NONE', #2300, #7783, #9596, .T. ) ;
#6833 = EDGE_CURVE ( 'NONE', #6196, #9828, #866, .T. ) ;
#6834 = CARTESIAN_POINT ( 'NONE',  ( 0.6295237093388900100, 1.092232992121906300, -7.500000000000000000 ) ) ;
#6835 = CIRCLE ( 'NONE', #970, 0.4000000000000001900 ) ;
#6837 = DIRECTION ( 'NONE',  ( 0.0000000000000000000, -0.0000000000000000000, -1.000000000000000000 ) ) ;
#6836 = AXIS2_PLACEMENT_3D ( 'NONE', #10304, #5071, #11181 ) ;
#6838 = CARTESIAN_POINT ( 'NONE',  ( 1.217465845835394400, -0.3271848554491011400, -7.500000000000000000 ) ) ;
#6839 = CIRCLE ( 'NONE', #2975, 2.150000000000012800 ) ;
#6840 = ORIENTED_EDGE ( 'NONE', *, *, #7075, .T. ) ;
#6841 = CIRCLE ( 'NONE', #4602, 0.4000000000000000200 ) ;
#6842 = CALENDAR_DATE ( 2023, 9, 11 ) ;
#6843 = DIRECTION ( 'NONE',  ( -0.0000000000000000000, -0.0000000000000000000, -1.000000000000000000 ) ) ;
#6844 = ORIENTED_EDGE ( 'NONE', *, *, #6461, .F. ) ;
#6845 = VECTOR ( 'NONE', #7694, 1000.000000000000000 ) ;
#6846 = LINE ( 'NONE', #5431, #2226 ) ;
#6847 = LINE ( 'NONE', #756, #4517 ) ;
#6848 = DATE_AND_TIME ( #9178, #183 ) ;
#6849 = CARTESIAN_POINT ( 'NONE',  ( 2.250000000000000400, 0.0000000000000000000, 248.0000000000000000 ) ) ;
#6850 = DIRECTION ( 'NONE',  ( 0.9205172879356964300, -5.551115123125782700E-017, 0.3907018333864206700 ) ) ;
#6851 = AXIS2_PLACEMENT_3D ( 'NONE', #6681, #1474, #7557 ) ;
#6852 = CARTESIAN_POINT ( 'NONE',  ( -0.7500000000000000000, -7.233910794848550300E-032, -8.000000000000000000 ) ) ;
#6853 = CARTESIAN_POINT ( 'NONE',  ( 0.4777838534843585300, 3.649999999999999500, 1.499999999999996900 ) ) ;
#6854 = DIRECTION ( 'NONE',  ( 0.0000000000000000000, 0.0000000000000000000, 1.000000000000000000 ) ) ;
#6855 = EDGE_LOOP ( 'NONE', ( #9886, #6774 ) ) ;
#6856 = LINE ( 'NONE', #1732, #8896 ) ;
#6857 = ADVANCED_FACE ( 'NONE', ( #2629 ), #4653, .F. ) ;
#6858 = ORIENTED_EDGE ( 'NONE', *, *, #7015, .F. ) ;
#6859 = CARTESIAN_POINT ( 'NONE',  ( 0.3271848715738409600, -1.217465839156307800, -7.500000000000000000 ) ) ;
#6860 = VECTOR ( 'NONE', #7759, 1000.000000000000000 ) ;
#6861 = LINE ( 'NONE', #7202, #4529 ) ;
#6862 = CARTESIAN_POINT ( 'NONE',  ( 0.0000000000000000000, -4.000000000000000000, 0.0000000000000000000 ) ) ;
#6863 = COORDINATED_UNIVERSAL_TIME_OFFSET ( 1, 0, .AHEAD. ) ;
#6864 = AXIS2_PLACEMENT_3D ( 'NONE', #10742, #5521, #315 ) ;
#6865 = CARTESIAN_POINT ( 'NONE',  ( -1.014002097308122100, 1.319450280607483900, 1.500000000000000000 ) ) ;
#6866 = AXIS2_PLACEMENT_3D ( 'NONE', #5452, #260, #6330 ) ;
#6867 = ORIENTED_EDGE ( 'NONE', *, *, #1138, .T. ) ;
#6868 = LINE ( 'NONE', #1571, #4534 ) ;
#6869 = CIRCLE ( 'NONE', #6067, 2.500000000000002200 ) ;
#6870 = ORIENTED_EDGE ( 'NONE', *, *, #3523, .F. ) ;
#6871 = CARTESIAN_POINT ( 'NONE',  ( 1.200000000000000000, 10.02499999999999900, -0.001000000000000999900 ) ) ;
#6872 = EDGE_CURVE ( 'NONE', #8364, #10130, #9291, .T. ) ;
#6873 = CIRCLE ( 'NONE', #10486, 0.4000000000000000800 ) ;
#6874 = EDGE_CURVE ( 'NONE', #136, #3612, #6979, .T. ) ;
#6875 = ITEM_DEFINED_TRANSFORMATION ( 'NONE', 'NONE', #2344,  #7819 ) ;
#6876 = CARTESIAN_POINT ( 'NONE',  ( 0.1636245999211740100, -1.250000000000000000, -7.500000000000000000 ) ) ;
#6877 = CARTESIAN_POINT ( 'NONE',  ( 2.250000000000000400, 0.0000000000000000000, 248.0000000000000000 ) ) ;
#6878 = DIRECTION ( 'NONE',  ( -1.000000000000000000, 4.783244878612519700E-017, 0.0000000000000000000 ) ) ;
#6879 = ORIENTED_EDGE ( 'NONE', *, *, #6367, .T. ) ;
#6880 = CYLINDRICAL_SURFACE ( 'NONE', #9506, 0.2000000000000000900 ) ;
#6881 = CIRCLE ( 'NONE', #3197, 1.800000000000000300 ) ;
#6882 = LINE ( 'NONE', #10411, #4822 ) ;
#6883 = ORIENTED_EDGE ( 'NONE', *, *, #10519, .F. ) ;
#6884 = VERTEX_POINT ( 'NONE', #7980 ) ;
#6885 = EDGE_LOOP ( 'NONE', ( #4169, #813, #2661, #2018 ) ) ;
#6886 = CC_DESIGN_APPROVAL ( #6284, ( #5687 ) ) ;
#6887 = ORIENTED_EDGE ( 'NONE', *, *, #2355, .T. ) ;
#6888 = ORIENTED_EDGE ( 'NONE', *, *, #5707, .F. ) ;
#6889 = VECTOR ( 'NONE', #5840, 1000.000000000000000 ) ;
#6890 = CARTESIAN_POINT ( 'NONE',  ( -2.449489742783178800, -4.000000000000000000, 0.5000000000000000000 ) ) ;
#6891 = PERSON_AND_ORGANIZATION_ROLE ( 'classification_officer' ) ;
#6892 = VECTOR ( 'NONE', #4969, 1000.000000000000000 ) ;
#6893 = VERTEX_POINT ( 'NONE', #9740 ) ;
#6894 = DIRECTION ( 'NONE',  ( 1.219727444046192000E-016, 0.0000000000000000000, -1.000000000000000000 ) ) ;
#6895 = CARTESIAN_POINT ( 'NONE',  ( -83.20000000000001700, 32.49999999999865000, -67.50000000000000000 ) ) ;
#6896 = ORIENTED_EDGE ( 'NONE', *, *, #8403, .F. ) ;
#6897 = CARTESIAN_POINT ( 'NONE',  ( 0.4609100473859948900, -0.5997501243938437900, -8.000000000000000000 ) ) ;
#6898 = DIRECTION ( 'NONE',  ( 0.0000000000000000000, 1.000000000000000000, 0.0000000000000000000 ) ) ;
#6899 = CARTESIAN_POINT ( 'NONE',  ( -2.243095548590623900, -2.918783954071170400, 1.499999999999996900 ) ) ;
#6900 = DIRECTION ( 'NONE',  ( 0.0000000000000000000, 0.0000000000000000000, -1.000000000000000000 ) ) ;
#6901 = ORIENTED_EDGE ( 'NONE', *, *, #7541, .T. ) ;
#6902 = ORIENTED_EDGE ( 'NONE', *, *, #5411, .F. ) ;
#6903 = B_SPLINE_CURVE_WITH_KNOTS ( 'NONE', 3,
 ( #436, #5636, #6512, #1323, #7399, #2187, #8281, #3064, #9161, #3917, #10030, #4794, #10886, #5670, #475, #6546, #1362, #7435 ),
 .UNSPECIFIED., .F., .F.,
 ( 4, 2, 2, 2, 2, 2, 2, 2, 4 ),
 ( 0.0000000000000000000, 0.1250000000000000300, 0.2500000000000000600, 0.3750000000000001100, 0.5000000000000001100, 0.6250000000000001100, 0.7500000000000002200, 0.8750000000000001100, 1.000000000000000000 ),
 .UNSPECIFIED. ) ;
#6904 = PRODUCT_DEFINITION_SHAPE ( 'NONE', 'NONE',  #11302 ) ;
#6905 = VECTOR ( 'NONE', #3172, 1000.000000000000000 ) ;
#6906 = ORIENTED_EDGE ( 'NONE', *, *, #5029, .T. ) ;
#6907 = EDGE_CURVE ( 'NONE', #6602, #8782, #306, .T. ) ;
#6908 = CARTESIAN_POINT ( 'NONE',  ( 0.2159844817121100200, -1.649999999999999900, 1.500000000000000000 ) ) ;
#6909 = APPROVAL_DATE_TIME ( #9230, #10385 ) ;
#6910 = CARTESIAN_POINT ( 'NONE',  ( -0.4999999999999993300, -2.251980311234675000, -2.897279032088318800 ) ) ;
#6911 = DIRECTION ( 'NONE',  ( 1.000000000000000000, 0.0000000000000000000, 0.0000000000000000000 ) ) ;
#6912 = PLANE ( 'NONE',  #5315 ) ;
#6913 = CIRCLE ( 'NONE', #2174, 0.4000000000000000200 ) ;
#6914 = CARTESIAN_POINT ( 'NONE',  ( -90.00000000000001400, 29.00000000000000000, 367.9104972384030200 ) ) ;
#6915 = VECTOR ( 'NONE', #8593, 1000.000000000000200 ) ;
#6916 = ORIENTED_EDGE ( 'NONE', *, *, #5398, .T. ) ;
#6917 = CARTESIAN_POINT ( 'NONE',  ( 2.250000000000000400, 19.07500000000000300, 72.00000000000001400 ) ) ;
#6918 = CARTESIAN_POINT ( 'NONE',  ( -88.49999999999998600, 32.34999999999999400, 0.0000000000000000000 ) ) ;
#6919 = DATE_AND_TIME ( #9237, #249 ) ;
#6920 = DIRECTION ( 'NONE',  ( -1.000000000000000000, 0.0000000000000000000, 0.0000000000000000000 ) ) ;
#6921 = PLANE ( 'NONE',  #7377 ) ;
#6922 = ORIENTED_EDGE ( 'NONE', *, *, #4622, .T. ) ;
#6923 = VECTOR ( 'NONE', #7394, 1000.000000000000000 ) ;
#6924 = ORIENTED_EDGE ( 'NONE', *, *, #4814, .F. ) ;
#6925 = ORIENTED_EDGE ( 'NONE', *, *, #7707, .T. ) ;
#6926 = ORIENTED_EDGE ( 'NONE', *, *, #2974, .F. ) ;
#6927 = COORDINATED_UNIVERSAL_TIME_OFFSET ( 1, 0, .AHEAD. ) ;
#6928 = CARTESIAN_POINT ( 'NONE',  ( 6.250000000000000000, -6.275000000000000400, 71.99899999999999500 ) ) ;
#6929 = DATE_TIME_ROLE ( 'classification_date' ) ;
#6930 = DIRECTION ( 'NONE',  ( 1.000000000000000000, 0.0000000000000000000, 0.0000000000000000000 ) ) ;
#6931 = DIRECTION ( 'NONE',  ( 2.775557561562895000E-017, -1.000000000000000000, -2.220446049250315100E-016 ) ) ;
#6932 = DIRECTION ( 'NONE',  ( 1.387778780781445900E-016, -1.000000000000000000, 0.0000000000000000000 ) ) ;
#6933 = CARTESIAN_POINT ( 'NONE',  ( 2.378146924196519900, 20.29999999999999700, 72.00000000000001400 ) ) ;
#6934 = CARTESIAN_POINT ( 'NONE',  ( 3.649999999999999900, 0.0000000000000000000, 0.5000000000000000000 ) ) ;
#6935 = CARTESIAN_POINT ( 'NONE',  ( 2.449999999999999700, 19.07500000000000300, 71.99899999999999500 ) ) ;
#6936 = DIRECTION ( 'NONE',  ( -1.000000000000000000, 0.0000000000000000000, 0.0000000000000000000 ) ) ;
#6937 = PRODUCT ( 'Base(Domyùlna)', 'Base(Domyùlna)', '', ( #10877 ) ) ;
#6938 = CARTESIAN_POINT ( 'NONE',  ( 2.918783954071106500, 2.243095548590687400, 1.499999999999996900 ) ) ;
#6939 = CARTESIAN_POINT ( 'NONE',  ( 3.649999999999999900, -4.665622848106282600E-017, 0.5000000000000000000 ) ) ;
#6940 = CARTESIAN_POINT ( 'NONE',  ( 5.850000000000001400, 4.675000000000001600, 72.00000000000001400 ) ) ;
#6941 = ORIENTED_EDGE ( 'NONE', *, *, #9962, .T. ) ;
#6942 = VERTEX_POINT ( 'NONE', #7087 ) ;
#6943 = EDGE_CURVE ( 'NONE', #2024, #10207, #9034, .T. ) ;
#6944 = EDGE_LOOP ( 'NONE', ( #9960, #2613, #168, #7307 ) ) ;
#6945 = ORIENTED_EDGE ( 'NONE', *, *, #2289, .T. ) ;
#6946 = PRODUCT_DEFINITION ( 'UNKNOWN', '', #9870, #4629 ) ;
#6947 = AXIS2_PLACEMENT_3D ( 'NONE', #4023, #3200, #9289 ) ;
#6948 = DIRECTION ( 'NONE',  ( 1.219727444046192000E-016, 0.0000000000000000000, -1.000000000000000000 ) ) ;
#6949 = EDGE_CURVE ( 'NONE', #3929, #10085, #7242, .T. ) ;
#6950 = CC_DESIGN_PERSON_AND_ORGANIZATION_ASSIGNMENT ( #1952, #780, ( #4012 ) ) ;
#6951 = EDGE_CURVE ( 'NONE', #2566, #615, #2353, .T. ) ;
#6952 = DIRECTION ( 'NONE',  ( -1.000000000000000000, -1.387778780781445900E-016, 0.0000000000000000000 ) ) ;
#6953 = VERTEX_POINT ( 'NONE', #4527 ) ;
#6954 = ORIENTED_EDGE ( 'NONE', *, *, #5059, .T. ) ;
#6955 = VECTOR ( 'NONE', #4377, 1000.000000000000000 ) ;
#6956 = ORIENTED_EDGE ( 'NONE', *, *, #943, .F. ) ;
#6957 = VERTEX_POINT ( 'NONE', #2870 ) ;
#6958 = VERTEX_POINT ( 'NONE', #3740 ) ;
#6959 = DIRECTION ( 'NONE',  ( 0.0000000000000000000, 0.0000000000000000000, 1.000000000000000000 ) ) ;
#6960 = CARTESIAN_POINT ( 'NONE',  ( 6.250000000000000900, -16.02500000000000200, 248.0000000000000000 ) ) ;
#6961 = SECURITY_CLASSIFICATION ( '', '', #6773 ) ;
#6962 = APPROVAL_ROLE ( '' ) ;
#6963 = DIRECTION ( 'NONE',  ( 0.0000000000000000000, -1.000000000000000000, -0.0000000000000000000 ) ) ;
#6964 = DIRECTION ( 'NONE',  ( -3.491481338843135300E-015, 0.0000000000000000000, -1.000000000000000000 ) ) ;
#6965 = CARTESIAN_POINT ( 'NONE',  ( -0.4999999999999413800, -2.253138510047346900, 2.897808140966101400 ) ) ;
#6966 = CARTESIAN_POINT ( 'NONE',  ( -2.918783954071130000, 2.243095548590670100, 0.5000000000000000000 ) ) ;
#6967 = EDGE_CURVE ( 'NONE', #7893, #7452, #8749, .T. ) ;
#6968 = EDGE_CURVE ( 'NONE', #9395, #11045, #4381, .T. ) ;
#6969 = VECTOR ( 'NONE', #1020, 1000.000000000000000 ) ;
#6970 = ORIENTED_EDGE ( 'NONE', *, *, #2699, .T. ) ;
#6971 = CYLINDRICAL_SURFACE ( 'NONE', #2335, 0.4000000000000001900 ) ;
#6972 = ITEM_DEFINED_TRANSFORMATION ( 'NONE', 'NONE', #1550,  #7819 ) ;
#6973 = VERTEX_POINT ( 'NONE', #6364 ) ;
#6974 = CARTESIAN_POINT ( 'NONE',  ( -3.649999999999999500, -0.4777838534843578100, 1.499999999999996900 ) ) ;
#6975 = CARTESIAN_POINT ( 'NONE',  ( 5.850000000000001400, -5.074999999999999300, 248.0000000000000000 ) ) ;
#6976 = LINE ( 'NONE', #3124, #304 ) ;
#6977 = DIRECTION ( 'NONE',  ( 0.0000000000000000000, 0.0000000000000000000, 1.000000000000000000 ) ) ;
#6978 = EDGE_CURVE ( 'NONE', #187, #3411, #11056, .T. ) ;
#6979 = CIRCLE ( 'NONE', #8323, 1.899999999999999000 ) ;
#6980 = PERSON_AND_ORGANIZATION ( #8759, #9293 ) ;
#6981 = AXIS2_PLACEMENT_3D ( 'NONE', #7247, #9887, #1173 ) ;
#6982 = VERTEX_POINT ( 'NONE', #9843 ) ;
#6983 = EDGE_CURVE ( 'NONE', #7011, #7715, #10789, .T. ) ;
#6984 = CARTESIAN_POINT ( 'NONE',  ( 3.025874995459997500, -2.687306062678934900, 0.5000000000005095900 ) ) ;
#6985 = AXIS2_PLACEMENT_3D ( 'NONE', #267, #1143, #7219 ) ;
#6986 = LINE ( 'NONE', #3444, #2357 ) ;
#6987 = LINE ( 'NONE', #4062, #6710 ) ;
#6988 = DIRECTION ( 'NONE',  ( 0.0000000000000000000, 1.000000000000000000, 0.0000000000000000000 ) ) ;
#6989 = VECTOR ( 'NONE', #8413, 1000.000000000000000 ) ;
#6990 = DATE_AND_TIME ( #9302, #327 ) ;
#6991 = ORIENTED_EDGE ( 'NONE', *, *, #534, .T. ) ;
#6992 = VERTEX_POINT ( 'NONE', #322 ) ;
#6993 = LINE ( 'NONE', #7997, #7267 ) ;
#6994 = LINE ( 'NONE', #3837, #2374 ) ;
#6995 = ORIENTED_EDGE ( 'NONE', *, *, #9346, .F. ) ;
#6996 = CARTESIAN_POINT ( 'NONE',  ( -3.649999999999999500, 0.4777838827334478500, 0.5000000000000000000 ) ) ;
#6997 = AXIS2_PLACEMENT_3D ( 'NONE', #10172, #4937, #11038 ) ;
#6998 = CARTESIAN_POINT ( 'NONE',  ( 86.50000000000000000, 32.50000000000001400, 185.0000000000000000 ) ) ;
#6999 = FACE_OUTER_BOUND ( 'NONE', #11266, .T. ) ;
#7000 = APPROVAL_STATUS ( 'not_yet_approved' ) ;
#7001 = ORIENTED_EDGE ( 'NONE', *, *, #4613, .F. ) ;
#7002 = CARTESIAN_POINT ( 'NONE',  ( -83.79999999999999700, 25.37499999999935000, 17.00000000000089900 ) ) ;
#7003 = CARTESIAN_POINT ( 'NONE',  ( 2.734516490328791500, -1.952248888731875400, -0.5000000000000005600 ) ) ;
#7004 = CARTESIAN_POINT ( 'NONE',  ( 0.9553798049340128700, -3.555000258646209900, 0.5000000000000000000 ) ) ;
#7005 = COORDINATED_UNIVERSAL_TIME_OFFSET ( 1, 0, .AHEAD. ) ;
#7006 = CARTESIAN_POINT ( 'NONE',  ( -86.50000000000001400, 2.168404344971009900E-016, 185.0000000000000000 ) ) ;
#7007 = ORIENTED_EDGE ( 'NONE', *, *, #7604, .T. ) ;
#7008 = VECTOR ( 'NONE', #200, 1000.000000000000000 ) ;
#7009 = PERSON ( 'NAUO-PER13', 'UNSPECIFIED', 'UNSPECIFIED', ('UNSPECIFIED'), ('UNSPECIFIED'), ('UNSPECIFIED') ) ;
#7010 = FACE_OUTER_BOUND ( 'NONE', #1194, .T. ) ;
#7011 = VERTEX_POINT ( 'NONE', #4645 ) ;
#7012 = ORIENTED_EDGE ( 'NONE', *, *, #5619, .T. ) ;
#7013 = ORIENTED_EDGE ( 'NONE', *, *, #8546, .T. ) ;
#7014 = DIRECTION ( 'NONE',  ( -1.000000000000000000, -6.071532165918830700E-016, -0.0000000000000000000 ) ) ;
#7015 = EDGE_CURVE ( 'NONE', #3891, #4221, #4097, .T. ) ;
#7016 = DIRECTION ( 'NONE',  ( 1.000000000000000000, 0.0000000000000000000, -0.0000000000000000000 ) ) ;
#7017 = AXIS2_PLACEMENT_3D ( 'NONE', #9543, #4300, #10392 ) ;
#7018 = AXIS2_PLACEMENT_3D ( 'NONE', #9989, #9117, #3013 ) ;
#7019 = AXIS2_PLACEMENT_3D ( 'NONE', #6476, #2151, #8239 ) ;
#7020 = CARTESIAN_POINT ( 'NONE',  ( 0.5000000000000006700, 0.0000000000000000000, -1.145643923738960200 ) ) ;
#7021 = CARTESIAN_POINT ( 'NONE',  ( 6.250000000000000000, -9.924999999999998900, 71.99899999999999500 ) ) ;
#7022 = DIRECTION ( 'NONE',  ( -1.000000000000000000, 0.0000000000000000000, 0.0000000000000000000 ) ) ;
#7023 = CARTESIAN_POINT ( 'NONE',  ( -1.838209278353784400, -3.189320317493040700, 0.5000000000000001100 ) ) ;
#7024 = LINE ( 'NONE', #11130, #4417 ) ;
#7025 = EDGE_CURVE ( 'NONE', #2932, #2549, #6152, .T. ) ;
#7026 = VECTOR ( 'NONE', #2681, 1000.000000000000000 ) ;
#7027 = EDGE_CURVE ( 'NONE', #2334, #4149, #3825, .T. ) ;
#7028 = VERTEX_POINT ( 'NONE', #8171 ) ;
#7029 = ORIENTED_EDGE ( 'NONE', *, *, #6745, .T. ) ;
#7030 = DIRECTION ( 'NONE',  ( 1.000000000000000000, -7.610399765575671300E-015, -0.0000000000000000000 ) ) ;
#7031 = CARTESIAN_POINT ( 'NONE',  ( -0.4999999999999992800, 0.0000000000000000000, -2.449489742783178800 ) ) ;
#7032 = ORIENTED_EDGE ( 'NONE', *, *, #5266, .F. ) ;
#7033 = CC_DESIGN_DATE_AND_TIME_ASSIGNMENT ( #1328, #5688, ( #5833 ) ) ;
#7034 = EDGE_CURVE ( 'NONE', #5563, #346, #1532, .T. ) ;
#7035 = ORIENTED_EDGE ( 'NONE', *, *, #5954, .F. ) ;
#7036 = VERTEX_POINT ( 'NONE', #1247 ) ;
#7037 = LOCAL_TIME ( 11, 17, 25.00000000000000000, #9353 ) ;
#7038 = ORIENTED_EDGE ( 'NONE', *, *, #3370, .F. ) ;
#7039 = CARTESIAN_POINT ( 'NONE',  ( -0.4777838827334471800, 3.649999999999999900, 0.5000000000000000000 ) ) ;
#7040 = DIRECTION ( 'NONE',  ( 0.0000000000000000000, 1.000000000000000000, 0.0000000000000000000 ) ) ;
#7041 = LINE ( 'NONE', #8940, #2414 ) ;
#7042 = ORIENTED_EDGE ( 'NONE', *, *, #9097, .T. ) ;
#7043 = CARTESIAN_POINT ( 'NONE',  ( 0.5000000000000007800, -1.599999999999999900, -2.449489742783178800 ) ) ;
#7044 = APPLICATION_CONTEXT ( 'configuration controlled 3d designs of mechanical parts and assemblies' ) ;
#7045 = COORDINATED_UNIVERSAL_TIME_OFFSET ( 1, 0, .AHEAD. ) ;
#7046 = VERTEX_POINT ( 'NONE', #7319 ) ;
#7047 = VECTOR ( 'NONE', #6089, 1000.000000000000000 ) ;
#7048 = ORIENTED_EDGE ( 'NONE', *, *, #1720, .F. ) ;
#7049 = VECTOR ( 'NONE', #4551, 1000.000000000000000 ) ;
#7050 = ORIENTED_EDGE ( 'NONE', *, *, #2351, .T. ) ;
#7051 = VERTEX_POINT ( 'NONE', #9085 ) ;
#7052 = EDGE_CURVE ( 'NONE', #253, #4412, #3565, .T. ) ;
#7053 = EDGE_CURVE ( 'NONE', #7618, #2550, #1824, .T. ) ;
#7054 = CARTESIAN_POINT ( 'NONE',  ( 0.0000000000000000000, -3.625000000000000000, 248.0000000000000000 ) ) ;
#7055 = CARTESIAN_POINT ( 'NONE',  ( 5.850000000000001400, -20.89999999999999900, -6.054130821183109700 ) ) ;
#7057 = CARTESIAN_POINT ( 'NONE',  ( 6.250000000000000000, -19.27500000000000600, 71.99899999999999500 ) ) ;
#7056 = AXIS2_PLACEMENT_3D ( 'NONE', #5650, #451, #6522 ) ;
#7058 = DIRECTION ( 'NONE',  ( -0.0000000000000000000, -0.0000000000000000000, 1.000000000000000000 ) ) ;
#7059 = PERSON_AND_ORGANIZATION ( #9810, #4463 ) ;
#7060 = DIRECTION ( 'NONE',  ( -1.000000000000000000, 0.0000000000000000000, 0.0000000000000000000 ) ) ;
#7061 = ORIENTED_EDGE ( 'NONE', *, *, #5619, .F. ) ;
#7062 = SHAPE_DEFINITION_REPRESENTATION ( #5049, #2159 ) ;
#7063 = CARTESIAN_POINT ( 'NONE',  ( -3.399999999999999900, -10.42500000000000100, 72.00000000000001400 ) ) ;
#7064 = AXIS2_PLACEMENT_3D ( 'NONE', #425, #3874, #1315 ) ;
#7065 = ORIENTED_EDGE ( 'NONE', *, *, #976, .T. ) ;
#7066 = PERSON_AND_ORGANIZATION_ROLE ( 'creator' ) ;
#7067 = PLANE ( 'NONE',  #10298 ) ;
#7068 = DIRECTION ( 'NONE',  ( -0.0000000000000000000, -0.0000000000000000000, -1.000000000000000000 ) ) ;
#7069 = ORIENTED_EDGE ( 'NONE', *, *, #8559, .T. ) ;
#7070 = AXIS2_PLACEMENT_3D ( 'NONE', #11182, #9481, #4241 ) ;
#7071 = AXIS2_PLACEMENT_3D ( 'NONE', #4316, #8707, #3488 ) ;
#7072 = EDGE_CURVE ( 'NONE', #5654, #2675, #5868, .T. ) ;
#7073 = EDGE_LOOP ( 'NONE', ( #11139, #8386, #2972, #224 ) ) ;
#7074 = ORIENTED_EDGE ( 'NONE', *, *, #6010, .F. ) ;
#7075 = EDGE_CURVE ( 'NONE', #11000, #9102, #7933, .T. ) ;
#7076 = VERTEX_POINT ( 'NONE', #7353 ) ;
#7077 = VECTOR ( 'NONE', #3833, 1000.000000000000000 ) ;
#7078 = DIRECTION ( 'NONE',  ( -0.0000000000000000000, -0.0000000000000000000, -1.000000000000000000 ) ) ;
#7079 = VERTEX_POINT ( 'NONE', #3020 ) ;
#7080 = ORIENTED_EDGE ( 'NONE', *, *, #5015, .F. ) ;
#7081 = EDGE_LOOP ( 'NONE', ( #10806, #7631, #291, #9166 ) ) ;
#7082 = CARTESIAN_POINT ( 'NONE',  ( -3.799999999999999800, -4.774999999999999500, 72.00000000000001400 ) ) ;
#7083 = CARTESIAN_POINT ( 'NONE',  ( -0.4999999999999993300, 0.0000000000000000000, -1.145643923738960400 ) ) ;
#7084 = CARTESIAN_POINT ( 'NONE',  ( 83.39999999999548700, -20.25000000000000000, 0.0000000000000000000 ) ) ;
#7085 = DIRECTION ( 'NONE',  ( 1.000000000000000000, 0.0000000000000000000, 0.0000000000000000000 ) ) ;
#7086 = DIRECTION ( 'NONE',  ( 0.0000000000000000000, 0.0000000000000000000, 1.000000000000000000 ) ) ;
#7087 = CARTESIAN_POINT ( 'NONE',  ( 81.14999999999548700, -20.25000000000000000, 1.500000000000000000 ) ) ;
#7088 = ADVANCED_FACE ( 'NONE', ( #3299 ), #3030, .F. ) ;
#7089 = PRODUCT_DEFINITION_FORMATION_WITH_SPECIFIED_SOURCE ( 'ANY', '', #2001, .NOT_KNOWN. ) ;
#7090 = LINE ( 'NONE', #10932, #7638 ) ;
#7091 = ORIENTED_EDGE ( 'NONE', *, *, #7981, .T. ) ;
#7092 = ORIENTED_EDGE ( 'NONE', *, *, #2027, .F. ) ;
#7093 = VERTEX_POINT ( 'NONE', #6508 ) ;
#7094 = CYLINDRICAL_SURFACE ( 'NONE', #2123, 0.2000000000000000900 ) ;
#7095 = APPROVAL ( #9614, 'UNKNOWN' ) ;
#7096 = CARTESIAN_POINT ( 'NONE',  ( -0.2000000000000000100, -14.50000000000000000, 248.0000000000000000 ) ) ;
#7097 = CARTESIAN_POINT ( 'NONE',  ( -88.50000000000000000, 32.50000000000000000, 0.0000000000000000000 ) ) ;
#7098 = LINE ( 'NONE', #8373, #2484 ) ;
#7099 = FACE_OUTER_BOUND ( 'NONE', #2126, .T. ) ;
#7100 = VERTEX_POINT ( 'NONE', #1321 ) ;
#7101 = CARTESIAN_POINT ( 'NONE',  ( -0.5999999999999998700, -10.62500000000000000, -0.001000000000000999900 ) ) ;
#7102 = CIRCLE ( 'NONE', #4007, 0.4000000000000001900 ) ;
#7103 = LOCAL_TIME ( 11, 17, 25.00000000000000000, #9436 ) ;
#7104 = PERSON_AND_ORGANIZATION_ROLE ( 'design_owner' ) ;
#7105 = CARTESIAN_POINT ( 'NONE',  ( -2.295053150231559900, -1.599999999999999900, -1.499508677096028200 ) ) ;
#7106 = CARTESIAN_POINT ( 'NONE',  ( 0.8000000000000000400, 9.199999999999999300, 72.00000000000001400 ) ) ;
#7107 = EDGE_CURVE ( 'NONE', #10568, #5326, #724, .T. ) ;
#7108 = VERTEX_POINT ( 'NONE', #7395 ) ;
#7109 = EDGE_CURVE ( 'NONE', #2265, #8354, #10241, .T. ) ;
#7110 = VECTOR ( 'NONE', #4131, 1000.000000000000000 ) ;
#7111 = DIRECTION ( 'NONE',  ( 1.000000000000000000, 0.0000000000000000000, -0.0000000000000000000 ) ) ;
#7112 = AXIS2_PLACEMENT_3D ( 'NONE', #9491, #4246, #10342 ) ;
#7113 = VECTOR ( 'NONE', #10616, 1000.000000000000000 ) ;
#7114 = CARTESIAN_POINT ( 'NONE',  ( 2.250000000000000000, -17.42500000000000100, 71.99899999999999500 ) ) ;
#7115 = FACE_OUTER_BOUND ( 'NONE', #9363, .T. ) ;
#7116 = CARTESIAN_POINT ( 'NONE',  ( 0.9553798049339903300, -3.555000258646108700, 1.500000000000045500 ) ) ;
#7117 = EDGE_LOOP ( 'NONE', ( #4547, #10972, #10248, #5824 ) ) ;
#7118 = DIRECTION ( 'NONE',  ( 1.000000000000000000, 6.071532165918830700E-016, 0.0000000000000000000 ) ) ;
#7119 = CIRCLE ( 'NONE', #8874, 3.500000000000003100 ) ;
#7120 = DIRECTION ( 'NONE',  ( 1.000000000000000000, 0.0000000000000000000, 0.0000000000000000000 ) ) ;
#7121 = CARTESIAN_POINT ( 'NONE',  ( 1.512294824671759100, -4.000000000000002700, 2.242855926974225400 ) ) ;
#7122 = VERTEX_POINT ( 'NONE', #9156 ) ;
#7123 = VECTOR ( 'NONE', #3376, 1000.000000000000000 ) ;
#7124 = LINE ( 'NONE', #9840, #190 ) ;
#7125 = DIRECTION ( 'NONE',  ( 1.000000000000000000, 0.0000000000000000000, 0.0000000000000000000 ) ) ;
#7126 = APPROVAL_PERSON_ORGANIZATION ( #9461, #8943, #4085 ) ;
#7127 = EDGE_CURVE ( 'NONE', #2473, #7715, #9980, .T. ) ;
#7128 = DIRECTION ( 'NONE',  ( -1.000000000000000000, 0.0000000000000000000, 0.0000000000000000000 ) ) ;
#7129 = AXIS2_PLACEMENT_3D ( 'NONE', #5761, #575, #6649 ) ;
#7130 = VERTEX_POINT ( 'NONE', #10027 ) ;
#7131 = LINE ( 'NONE', #5036, #195 ) ;
#7132 = VECTOR ( 'NONE', #3435, 1000.000000000000000 ) ;
#7133 = ORIENTED_EDGE ( 'NONE', *, *, #1439, .T. ) ;
#7134 = DIRECTION ( 'NONE',  ( 1.000000000000000000, 0.0000000000000000000, 0.0000000000000000000 ) ) ;
#7135 = VECTOR ( 'NONE', #3798, 1000.000000000000000 ) ;
#7136 = APPROVAL_DATE_TIME ( #9475, #2733 ) ;
#7137 = CARTESIAN_POINT ( 'NONE',  ( 6.250000000000000000, -13.17499999999999900, 248.0000000000000000 ) ) ;
#7138 = AXIS2_PLACEMENT_3D ( 'NONE', #6208, #1009, #7086 ) ;
#7139 = FACE_OUTER_BOUND ( 'NONE', #9272, .T. ) ;
#7140 = VECTOR ( 'NONE', #10112, 1000.000000000000000 ) ;
#7141 = ADVANCED_FACE ( 'NONE', ( #7383 ), #2224, .T. ) ;
#7142 = VECTOR ( 'NONE', #7750, 1000.000000000000000 ) ;
#7143 = ORIENTED_EDGE ( 'NONE', *, *, #1203, .T. ) ;
#7144 = EDGE_LOOP ( 'NONE', ( #8383, #3034, #9941, #10034 ) ) ;
#7145 = ORIENTED_EDGE ( 'NONE', *, *, #5266, .T. ) ;
#7146 = CARTESIAN_POINT ( 'NONE',  ( 0.5000000000000007800, -4.001000000000000300, -2.449489742783179700 ) ) ;
#7147 = PLANE ( 'NONE',  #676 ) ;
#7148 = ORIENTED_EDGE ( 'NONE', *, *, #1498, .T. ) ;
#7149 = VECTOR ( 'NONE', #669, 1000.000000000000000 ) ;
#7150 = DIRECTION ( 'NONE',  ( 1.000000000000000000, 0.0000000000000000000, 0.0000000000000000000 ) ) ;
#7151 = EDGE_CURVE ( 'NONE', #9752, #3132, #5047, .T. ) ;
#7152 = VECTOR ( 'NONE', #6696, 1000.000000000000000 ) ;
#7153 = EDGE_CURVE ( 'NONE', #4412, #3846, #2760, .T. ) ;
#7154 = VERTEX_POINT ( 'NONE', #1390 ) ;
#7155 = VERTEX_POINT ( 'NONE', #2266 ) ;
#7156 = DIRECTION ( 'NONE',  ( 0.0000000000000000000, 0.0000000000000000000, -1.000000000000000000 ) ) ;
#7157 = CC_DESIGN_SECURITY_CLASSIFICATION ( #4230, ( #1344 ) ) ;
#7158 = CARTESIAN_POINT ( 'NONE',  ( 2.243095548590665200, 2.918783954071134900, 0.5000000000000000000 ) ) ;
#7159 = AXIS2_PLACEMENT_3D ( 'NONE', #974, #7060, #1860 ) ;
#7160 = APPROVAL_STATUS ( 'not_yet_approved' ) ;
#7161 = ORIENTED_EDGE ( 'NONE', *, *, #8008, .F. ) ;
#7162 = AXIS2_PLACEMENT_3D ( 'NONE', #1366, #7443, #2236 ) ;
#7163 = PLANE ( 'NONE',  #3796 ) ;
#7164 = CARTESIAN_POINT ( 'NONE',  ( -88.50000000000000000, 2.168404344971008900E-016, 0.0000000000000000000 ) ) ;
#7165 = ORIENTED_EDGE ( 'NONE', *, *, #6326, .F. ) ;
#7166 = CARTESIAN_POINT ( 'NONE',  ( 0.4609100473860072200, 0.5997501243938512200, -8.000000000000000000 ) ) ;
#7167 = EDGE_CURVE ( 'NONE', #3, #8439, #444, .T. ) ;
#7168 = CC_DESIGN_DATE_AND_TIME_ASSIGNMENT ( #4926, #2440, ( #6961 ) ) ;
#7169 = LINE ( 'NONE', #5736, #6905 ) ;
#7170 = ORIENTED_EDGE ( 'NONE', *, *, #2289, .F. ) ;
#7171 = EDGE_CURVE ( 'NONE', #194, #8127, #7102, .T. ) ;
#7172 = CARTESIAN_POINT ( 'NONE',  ( -88.50000000000000000, 25.37500000000000000, 168.0000000000000000 ) ) ;
#7173 = DIRECTION ( 'NONE',  ( -0.0000000000000000000, -0.0000000000000000000, 1.000000000000000000 ) ) ;
#7174 = APPROVAL_PERSON_ORGANIZATION ( #9513, #10385, #2149 ) ;
#7175 = CARTESIAN_POINT ( 'NONE',  ( 3.750000000000000400, 10.12500000000000000, 71.99899999999999500 ) ) ;
#7176 = LINE ( 'NONE', #11102, #9792 ) ;
#7177 = CARTESIAN_POINT ( 'NONE',  ( 3.649999999999999900, -4.665622848106282600E-017, 0.5000000000000000000 ) ) ;
#7178 = CC_DESIGN_PERSON_AND_ORGANIZATION_ASSIGNMENT ( #1297, #7568, ( #4248 ) ) ;
#7179 = VECTOR ( 'NONE', #2511, 1000.000000000000000 ) ;
#7180 = EDGE_LOOP ( 'NONE', ( #683, #5316 ) ) ;
#7181 = EDGE_CURVE ( 'NONE', #4068, #7108, #2487, .T. ) ;
#7182 = EDGE_CURVE ( 'NONE', #9486, #2739, #171, .T. ) ;
#7183 = CARTESIAN_POINT ( 'NONE',  ( 3.950000000000000200, 2.824999999999999700, 71.99899999999999500 ) ) ;
#7184 = PERSON_AND_ORGANIZATION ( #9810, #4463 ) ;
#7185 = CARTESIAN_POINT ( 'NONE',  ( 0.0000000000000000000, 2.625000000000000000, 248.0000000000000000 ) ) ;
#7186 = CARTESIAN_POINT ( 'NONE',  ( 3.750000000000000400, 11.77500000000000000, 71.99899999999999500 ) ) ;
#7187 = VECTOR ( 'NONE', #2222, 1000.000000000000000 ) ;
#7188 = VERTEX_POINT ( 'NONE', #2302 ) ;
#7189 = ORIENTED_EDGE ( 'NONE', *, *, #2608, .F. ) ;
#7190 = ORIENTED_EDGE ( 'NONE', *, *, #10482, .F. ) ;
#7191 = EDGE_CURVE ( 'NONE', #8045, #4221, #6841, .T. ) ;
#7192 = CARTESIAN_POINT ( 'NONE',  ( 2.295056100067587800, -4.000000000000000000, -1.499505866845163500 ) ) ;
#7193 = DATE_AND_TIME ( #9540, #531 ) ;
#7194 = DIRECTION ( 'NONE',  ( 0.0000000000000000000, -1.000000000000000000, -0.0000000000000000000 ) ) ;
#7195 = AXIS2_PLACEMENT_3D ( 'NONE', #8497, #10251, #7622 ) ;
#7196 = DIRECTION ( 'NONE',  ( -1.000000000000000000, -6.071532165918830700E-016, -0.0000000000000000000 ) ) ;
#7197 = CARTESIAN_POINT ( 'NONE',  ( -3.555000258646219700, -0.9553798049339870000, 0.5000000000000000000 ) ) ;
#7198 = APPLICATION_PROTOCOL_DEFINITION ( 'international standard', 'config_control_design', 1994, #956 ) ;
#7199 = CARTESIAN_POINT ( 'NONE',  ( 73.50000000000000000, 1.500000000000000000, 168.0000000000000000 ) ) ;
#7200 = DIRECTION ( 'NONE',  ( 1.000000000000000000, 0.0000000000000000000, 0.0000000000000000000 ) ) ;
#7201 = AXIS2_PLACEMENT_3D ( 'NONE', #6539, #3097, #9192 ) ;
#7202 = CARTESIAN_POINT ( 'NONE',  ( -4.000000000000000000, -4.000000000000000000, 0.5000000000000000000 ) ) ;
#7203 = CARTESIAN_POINT ( 'NONE',  ( -86.42000000000000200, -5.850000000000001400, 0.0000000000000000000 ) ) ;
#7204 = CARTESIAN_POINT ( 'NONE',  ( 3.449999999999999300, 3.700000000000000200, 3.000000000000000000 ) ) ;
#7205 = DIRECTION ( 'NONE',  ( 0.0000000000000000000, 0.0000000000000000000, 1.000000000000000000 ) ) ;
#7206 = CARTESIAN_POINT ( 'NONE',  ( -0.5999999999999999800, -3.625000000000000000, -0.001000000000000999900 ) ) ;
#7207 = ADVANCED_FACE ( 'NONE', ( #2212 ), #4239, .T. ) ;
#7208 = CARTESIAN_POINT ( 'NONE',  ( 6.250000000000000000, 16.02500000000000200, 72.00000000000001400 ) ) ;
#7209 = DIRECTION ( 'NONE',  ( -1.000000000000000000, -0.0000000000000000000, 0.0000000000000000000 ) ) ;
#7210 = DIRECTION ( 'NONE',  ( 0.0000000000000000000, 0.0000000000000000000, 1.000000000000000000 ) ) ;
#7211 = DIRECTION ( 'NONE',  ( 0.0000000000000000000, 0.0000000000000000000, 1.000000000000000000 ) ) ;
#7212 = ORIENTED_EDGE ( 'NONE', *, *, #963, .T. ) ;
#7213 = VERTEX_POINT ( 'NONE', #7529 ) ;
#7214 = ADVANCED_FACE ( 'NONE', ( #8885 ), #2333, .T. ) ;
#7215 = ORIENTED_EDGE ( 'NONE', *, *, #9534, .F. ) ;
#7216 = ORIENTED_EDGE ( 'NONE', *, *, #4185, .F. ) ;
#7217 = DIRECTION ( 'NONE',  ( 0.0000000000000000000, -1.000000000000000000, 0.0000000000000000000 ) ) ;
#7218 = PLANE ( 'NONE',  #4577 ) ;
#7219 = DIRECTION ( 'NONE',  ( 1.000000000000000000, 0.0000000000000000000, -0.0000000000000000000 ) ) ;
#7220 = EDGE_LOOP ( 'NONE', ( #8314, #979 ) ) ;
#7221 = EDGE_LOOP ( 'NONE', ( #6099, #3595, #2965, #1911 ) ) ;
#7222 = LINE ( 'NONE', #6103, #9566 ) ;
#7223 = ORIENTED_EDGE ( 'NONE', *, *, #10869, .F. ) ;
#7224 =( GEOMETRIC_REPRESENTATION_CONTEXT ( 3 ) GLOBAL_UNCERTAINTY_ASSIGNED_CONTEXT ( ( #9785 ) ) GLOBAL_UNIT_ASSIGNED_CONTEXT ( ( #9286, #10192, #4965 ) ) REPRESENTATION_CONTEXT ( 'NONE', 'WORKASPACE' ) );
#7225 = AXIS2_PLACEMENT_3D ( 'NONE', #10174, #4939, #11043 ) ;
#7226 = ORIENTED_EDGE ( 'NONE', *, *, #8496, .F. ) ;
#7227 = ORIENTED_EDGE ( 'NONE', *, *, #10681, .F. ) ;
#7228 = AXIS2_PLACEMENT_3D ( 'NONE', #6207, #1008, #7085 ) ;
#7229 = EDGE_LOOP ( 'NONE', ( #3555, #215, #3229, #499 ) ) ;
#7230 = CARTESIAN_POINT ( 'NONE',  ( 2.469697458343778500, -1.600000000000000100, -0.3880650258014514700 ) ) ;
#7231 = EDGE_CURVE ( 'NONE', #5917, #7213, #6552, .T. ) ;
#7232 = EDGE_CURVE ( 'NONE', #744, #10888, #4776, .T. ) ;
#7233 = DIRECTION ( 'NONE',  ( 1.000000000000000000, 0.0000000000000000000, 0.0000000000000000000 ) ) ;
#7234 = CARTESIAN_POINT ( 'NONE',  ( 3.555000258646204600, -0.9553798049340239700, 0.5000000000000000000 ) ) ;
#7235 = SECURITY_CLASSIFICATION_LEVEL ( 'unclassified' ) ;
#7236 = CARTESIAN_POINT ( 'NONE',  ( 3.750000000000000000, 11.77500000000000000, 72.00000000000001400 ) ) ;
#7237 = LINE ( 'NONE', #7097, #6969 ) ;
#7238 = CARTESIAN_POINT ( 'NONE',  ( 88.50000000000000000, 1.500000000000000000, 0.0000000000000000000 ) ) ;
#7239 = DIRECTION ( 'NONE',  ( 1.000000000000000000, 7.610399765575671300E-015, 0.0000000000000000000 ) ) ;
#7240 = CARTESIAN_POINT ( 'NONE',  ( -88.50000000000000000, 25.37500000000000000, 17.00000000000000000 ) ) ;
#7241 = CARTESIAN_POINT ( 'NONE',  ( 86.50000000000000000, 1.500000000000000000, 185.0000000000000000 ) ) ;
#7242 = B_SPLINE_CURVE_WITH_KNOTS ( 'NONE', 3,
 ( #10626, #6244, #211, #6280, #1085, #7166, #1961, #8053, #2840, #8924, #3702, #9816, #4571, #10664, #5443, #250, #6318, #1122 ),
 .UNSPECIFIED., .F., .F.,
 ( 4, 2, 2, 2, 2, 2, 2, 2, 4 ),
 ( 0.0000000000000000000, 0.1250000000000003300, 0.2500000000000005600, 0.3750000000000006700, 0.5000000000000008900, 0.6250000000000004400, 0.7500000000000003300, 0.8750000000000001100, 1.000000000000000000 ),
 .UNSPECIFIED. ) ;
#7243 = FACE_OUTER_BOUND ( 'NONE', #6718, .T. ) ;
#7244 = APPROVAL_DATE_TIME ( #9581, #7095 ) ;
#7245 = SECURITY_CLASSIFICATION ( '', '', #8274 ) ;
#7246 = DIRECTION ( 'NONE',  ( -0.0000000000000000000, 0.0000000000000000000, 1.000000000000000000 ) ) ;
#7247 = CARTESIAN_POINT ( 'NONE',  ( 3.950000000000000200, 15.42499999999999900, 71.99899999999999500 ) ) ;
#7248 = ORIENTED_EDGE ( 'NONE', *, *, #5352, .T. ) ;
#7249 = DIRECTION ( 'NONE',  ( 1.000000000000000000, -6.071532165918830700E-016, -0.0000000000000000000 ) ) ;
#7250 = EDGE_CURVE ( 'NONE', #2994, #10836, #1941, .T. ) ;
#7251 = VECTOR ( 'NONE', #2213, 1000.000000000000000 ) ;
#7252 = DIRECTION ( 'NONE',  ( 0.0000000000000000000, 0.0000000000000000000, 1.000000000000000000 ) ) ;
#7253 = CARTESIAN_POINT ( 'NONE',  ( 0.5000000000000007800, -1.599999999999999900, -2.449489742783178800 ) ) ;
#7254 = VECTOR ( 'NONE', #10712, 1000.000000000000000 ) ;
#7255 = LOCAL_TIME ( 11, 17, 25.00000000000000000, #9597 ) ;
#7256 = VERTEX_POINT ( 'NONE', #5808 ) ;
#7257 = CARTESIAN_POINT ( 'NONE',  ( 0.3777142256033270100, 0.6553397952731289100, -8.000000000000000000 ) ) ;
#7258 = ADVANCED_FACE ( 'NONE', ( #3956 ), #3237, .F. ) ;
#7259 = LINE ( 'NONE', #11007, #9300 ) ;
#7260 = CARTESIAN_POINT ( 'NONE',  ( 73.50000000000000000, 1.500000000000000000, 168.0000000000000000 ) ) ;
#7261 = FACE_OUTER_BOUND ( 'NONE', #7533, .T. ) ;
#7262 = CARTESIAN_POINT ( 'NONE',  ( 6.250000000000000000, 20.89999999999999900, 248.0000000000000000 ) ) ;
#7263 = CALENDAR_DATE ( 2023, 9, 11 ) ;
#7264 = EDGE_CURVE ( 'NONE', #9465, #4128, #1677, .T. ) ;
#7265 = EDGE_CURVE ( 'NONE', #2175, #1768, #8611, .T. ) ;
#7266 = VERTEX_POINT ( 'NONE', #1529 ) ;
#7267 = VECTOR ( 'NONE', #4469, 1000.000000000000000 ) ;
#7268 = LINE ( 'NONE', #2111, #332 ) ;
#7269 = ORIENTED_EDGE ( 'NONE', *, *, #4112, .T. ) ;
#7270 = DIRECTION ( 'NONE',  ( 0.0000000000000000000, 0.0000000000000000000, 1.000000000000000000 ) ) ;
#7271 = LINE ( 'NONE', #7293, #9311 ) ;
#7272 = DIRECTION ( 'NONE',  ( 0.0000000000000000000, 0.0000000000000000000, 1.000000000000000000 ) ) ;
#7273 = ORIENTED_EDGE ( 'NONE', *, *, #2728, .F. ) ;
#7274 = ADVANCED_FACE ( 'NONE', ( #6014 ), #5004, .T. ) ;
#7275 = DIRECTION ( 'NONE',  ( 1.000000000000000000, -7.610399765575671300E-015, -0.0000000000000000000 ) ) ;
#7276 = DIRECTION ( 'NONE',  ( -0.0000000000000000000, -1.000000000000000000, -0.0000000000000000000 ) ) ;
#7277 = DIRECTION ( 'NONE',  ( 0.0000000000000000000, 0.0000000000000000000, 1.000000000000000000 ) ) ;
#7278 = DATE_TIME_ROLE ( 'creation_date' ) ;
#7279 = CARTESIAN_POINT ( 'NONE',  ( 90.00100000000000500, 7.125000000000000000, 14.85000000000000100 ) ) ;
#7280 = DIRECTION ( 'NONE',  ( 1.000000000000000000, 6.071532165918830700E-016, 0.0000000000000000000 ) ) ;
#7281 = CARTESIAN_POINT ( 'NONE',  ( 6.250000000000000000, -5.074999999999999300, 72.00000000000001400 ) ) ;
#7282 = CARTESIAN_POINT ( 'NONE',  ( -85.64999999999548700, -20.25000000000000000, -0.0009999999999999161000 ) ) ;
#7283 = ORIENTED_EDGE ( 'NONE', *, *, #1548, .F. ) ;
#7284 = DIRECTION ( 'NONE',  ( 0.0000000000000000000, 0.0000000000000000000, 1.000000000000000000 ) ) ;
#7285 = VECTOR ( 'NONE', #7078, 1000.000000000000000 ) ;
#7286 = FACE_OUTER_BOUND ( 'NONE', #4502, .T. ) ;
#7287 = VERTEX_POINT ( 'NONE', #10239 ) ;
#7288 = EDGE_LOOP ( 'NONE', ( #10423, #2165, #10706, #1031 ) ) ;
#7289 = ORIENTED_EDGE ( 'NONE', *, *, #8320, .F. ) ;
#7290 = CARTESIAN_POINT ( 'NONE',  ( 2.449999999999999700, 19.27500000000000600, 248.0000000000000000 ) ) ;
#7291 = DIRECTION ( 'NONE',  ( 0.0000000000000000000, -0.0000000000000000000, -1.000000000000000000 ) ) ;
#7292 = AXIS2_PLACEMENT_3D ( 'NONE', #1854, #7927, #2720 ) ;
#7293 = CARTESIAN_POINT ( 'NONE',  ( 90.00100000000000500, 7.125000000000000000, 165.8499999999999900 ) ) ;
#7294 = CARTESIAN_POINT ( 'NONE',  ( 3.950000000000000200, 9.924999999999998900, 72.00000000000001400 ) ) ;
#7295 = CYLINDRICAL_SURFACE ( 'NONE', #4278, 0.4000000000000001900 ) ;
#7296 = DIRECTION ( 'NONE',  ( 7.610399765575671300E-015, 1.000000000000000000, -0.0000000000000000000 ) ) ;
#7297 = LINE ( 'NONE', #7006, #2942 ) ;
#7298 = CLOSED_SHELL ( 'NONE', ( #5742, #1624, #1556, #7321, #10701, #4460, #1489, #5705, #4735, #10759, #8022, #5005, #4909, #4791, #5069, #1393, #4166, #1441, #3608, #2086, #4046, #5606, #3980, #4887, #7531, #2761, #3250, #4626, #2531 ) ) ;
#7299 = ORIENTED_EDGE ( 'NONE', *, *, #5428, .F. ) ;
#7300 = AXIS2_PLACEMENT_3D ( 'NONE', #1743, #7810, #2603 ) ;
#7301 = CARTESIAN_POINT ( 'NONE',  ( 0.2159844817121073000, 1.649999999999998600, 1.500000000000000200 ) ) ;
#7302 = ORIENTED_EDGE ( 'NONE', *, *, #2728, .T. ) ;
#7303 = DIRECTION ( 'NONE',  ( 0.0000000000000000000, 1.000000000000000000, 0.0000000000000000000 ) ) ;
#7304 = ORIENTED_EDGE ( 'NONE', *, *, #2858, .T. ) ;
#7305 = ORIENTED_EDGE ( 'NONE', *, *, #7171, .F. ) ;
#7306 = APPROVAL_DATE_TIME ( #9647, #9007 ) ;
#7307 = ORIENTED_EDGE ( 'NONE', *, *, #2240, .F. ) ;
#7308 = DIRECTION ( 'NONE',  ( -1.000000000000000000, 0.0000000000000000000, 0.0000000000000000000 ) ) ;
#7309 = FACE_OUTER_BOUND ( 'NONE', #2878, .T. ) ;
#7310 = VERTEX_POINT ( 'NONE', #7652 ) ;
#7311 = CC_DESIGN_PERSON_AND_ORGANIZATION_ASSIGNMENT ( #7458, #4603, ( #5552 ) ) ;
#7312 = CARTESIAN_POINT ( 'NONE',  ( -88.50000000000000000, 25.37500000000000000, 17.00000000000000000 ) ) ;
#7313 = APPLICATION_CONTEXT ( 'configuration controlled 3d designs of mechanical parts and assemblies' ) ;
#7314 = DIRECTION ( 'NONE',  ( -1.000000000000000000, 0.0000000000000000000, -0.0000000000000000000 ) ) ;
#7315 = DIRECTION ( 'NONE',  ( 0.0000000000000000000, 0.0000000000000000000, 1.000000000000000000 ) ) ;
#7316 = DIRECTION ( 'NONE',  ( 0.0000000000000000000, 0.0000000000000000000, 1.000000000000000000 ) ) ;
#7317 = CARTESIAN_POINT ( 'NONE',  ( 1.804570487845479600, -21.11915204428899200, 71.99999999999995700 ) ) ;
#7318 = DATE_AND_TIME ( #9657, #654 ) ;
#7319 = CARTESIAN_POINT ( 'NONE',  ( -3.449999999999999700, -3.700000000000000200, 1.000000000000000000 ) ) ;
#7320 = CC_DESIGN_SECURITY_CLASSIFICATION ( #6725, ( #11305 ) ) ;
#7321 = ADVANCED_FACE ( 'NONE', ( #1398, #6281 ), #4138, .F. ) ;
#7322 = VECTOR ( 'NONE', #3465, 1000.000000000000000 ) ;
#7323 = ORIENTED_EDGE ( 'NONE', *, *, #3616, .F. ) ;
#7324 = DIRECTION ( 'NONE',  ( 1.000000000000000000, 7.610399765575671300E-015, 0.0000000000000000000 ) ) ;
#7325 = CYLINDRICAL_SURFACE ( 'NONE', #6394, 2.000000000000001800 ) ;
#7326 = VERTEX_POINT ( 'NONE', #1584 ) ;
#7327 = ORIENTED_EDGE ( 'NONE', *, *, #4782, .T. ) ;
#7328 = CARTESIAN_POINT ( 'NONE',  ( -0.5208101435769449900, 19.49090299696015200, -6.054130821183109700 ) ) ;
#7329 = CARTESIAN_POINT ( 'NONE',  ( -3.600000000000000100, 9.475000000000001400, 72.00000000000001400 ) ) ;
#7330 = DIRECTION ( 'NONE',  ( 0.0000000000000000000, 1.000000000000000000, 0.0000000000000000000 ) ) ;
#7331 = COORDINATED_UNIVERSAL_TIME_OFFSET ( 1, 0, .AHEAD. ) ;
#7332 = CARTESIAN_POINT ( 'NONE',  ( 6.250000000000000900, -5.875000000000000000, 71.99899999999999500 ) ) ;
#7333 = ORIENTED_EDGE ( 'NONE', *, *, #7025, .T. ) ;
#7334 = ADVANCED_FACE ( 'NONE', ( #8067 ), #701, .F. ) ;
#7335 = EDGE_CURVE ( 'NONE', #650, #4056, #10642, .T. ) ;
#7336 = EDGE_CURVE ( 'NONE', #6107, #4485, #5717, .T. ) ;
#7337 = CARTESIAN_POINT ( 'NONE',  ( -5.299999999999999800, 9.674999999999998900, 248.0000000000000000 ) ) ;
#7338 = DIRECTION ( 'NONE',  ( -1.000000000000000000, 0.0000000000000000000, 0.0000000000000000000 ) ) ;
#7339 = ORIENTED_EDGE ( 'NONE', *, *, #4229, .T. ) ;
#7340 = DIRECTION ( 'NONE',  ( 0.0000000000000000000, 0.0000000000000000000, 1.000000000000000000 ) ) ;
#7341 = DIRECTION ( 'NONE',  ( 1.000000000000000000, 0.0000000000000000000, 0.0000000000000000000 ) ) ;
#7342 = AXIS2_PLACEMENT_3D ( 'NONE', #3919, #10035, #4797 ) ;
#7343 = DIRECTION ( 'NONE',  ( -1.000000000000000000, -6.071532165918830700E-016, -0.0000000000000000000 ) ) ;
#7344 = ORIENTED_EDGE ( 'NONE', *, *, #9595, .F. ) ;
#7345 = APPROVAL_STATUS ( 'not_yet_approved' ) ;
#7346 = EDGE_CURVE ( 'NONE', #372, #6077, #10382, .T. ) ;
#7347 = ORIENTED_EDGE ( 'NONE', *, *, #6200, .F. ) ;
#7348 = DIRECTION ( 'NONE',  ( 1.000000000000000000, 0.0000000000000000000, 0.0000000000000000000 ) ) ;
#7349 = AXIS2_PLACEMENT_3D ( 'NONE', #10327, #8615, #2491 ) ;
#7350 = CARTESIAN_POINT ( 'NONE',  ( 1.707778744716765200E-017, -7.300770222279489800E-032, 0.0000000000000000000 ) ) ;
#7351 = CARTESIAN_POINT ( 'NONE',  ( 3.750000000000000400, 6.474999999999999600, 71.99899999999999500 ) ) ;
#7352 = DIRECTION ( 'NONE',  ( 0.0000000000000000000, 0.0000000000000000000, -1.000000000000000000 ) ) ;
#7353 = CARTESIAN_POINT ( 'NONE',  ( 1.415169151454763900E-015, -5.049999999999999800, 248.0000000000000000 ) ) ;
#7354 = DIRECTION ( 'NONE',  ( 0.0000000000000000000, 0.0000000000000000000, -1.000000000000000000 ) ) ;
#7355 = ORIENTED_EDGE ( 'NONE', *, *, #5842, .T. ) ;
#7356 = CARTESIAN_POINT ( 'NONE',  ( 2.449999999999999700, -17.22499999999999800, 248.0000000000000000 ) ) ;
#7357 = LINE ( 'NONE', #2979, #7077 ) ;
#7358 = VERTEX_POINT ( 'NONE', #793 ) ;
#7359 = DIRECTION ( 'NONE',  ( 1.000000000000000000, 0.0000000000000000000, -0.0000000000000000000 ) ) ;
#7360 = VERTEX_POINT ( 'NONE', #5964 ) ;
#7361 = ORIENTED_EDGE ( 'NONE', *, *, #9242, .F. ) ;
#7362 = DIRECTION ( 'NONE',  ( 1.000000000000000000, 0.0000000000000000000, 0.0000000000000000000 ) ) ;
#7363 = AXIS2_PLACEMENT_3D ( 'NONE', #4375, #10474, #5251 ) ;
#7364 = DIRECTION ( 'NONE',  ( 0.0000000000000000000, 1.000000000000000000, -0.0000000000000000000 ) ) ;
#7365 = CYLINDRICAL_SURFACE ( 'NONE', #8324, 2.149999999999999000 ) ;
#7366 = VERTEX_POINT ( 'NONE', #4211 ) ;
#7367 = EDGE_LOOP ( 'NONE', ( #2578, #933, #5076, #4435 ) ) ;
#7368 = ORIENTED_EDGE ( 'NONE', *, *, #1562, .F. ) ;
#7369 = FACE_OUTER_BOUND ( 'NONE', #4210, .T. ) ;
#7370 = ADVANCED_FACE ( 'NONE', ( #5457 ), #5091, .F. ) ;
#7371 = CARTESIAN_POINT ( 'NONE',  ( 0.0000000000000000000, 0.0000000000000000000, 0.0000000000000000000 ) ) ;
#7372 = CARTESIAN_POINT ( 'NONE',  ( -73.50000000000000000, 1.500000000000000000, 17.00000000000000000 ) ) ;
#7373 = EDGE_CURVE ( 'NONE', #7911, #3079, #3152, .T. ) ;
#7374 = EDGE_CURVE ( 'NONE', #8378, #8581, #3703, .T. ) ;
#7375 = CC_DESIGN_PERSON_AND_ORGANIZATION_ASSIGNMENT ( #4578, #9114, ( #6056 ) ) ;
#7376 = AXIS2_PLACEMENT_3D ( 'NONE', #4302, #850, #6932 ) ;
#7377 = AXIS2_PLACEMENT_3D ( 'NONE', #9563, #4326, #10425 ) ;
#7378 = FACE_OUTER_BOUND ( 'NONE', #8513, .T. ) ;
#7379 = FACE_OUTER_BOUND ( 'NONE', #3852, .T. ) ;
#7380 = ORIENTED_EDGE ( 'NONE', *, *, #2284, .F. ) ;
#7381 = UNCERTAINTY_MEASURE_WITH_UNIT (LENGTH_MEASURE( 1.000000000000000100E-005 ), #8441, 'distance_accuracy_value', 'NONE');
#7382 = EDGE_CURVE ( 'NONE', #5917, #5533, #7797, .T. ) ;
#7383 = FACE_OUTER_BOUND ( 'NONE', #10346, .T. ) ;
#7384 = CONTEXT_DEPENDENT_SHAPE_REPRESENTATION ( #5157, #3429 ) ;
#7385 = EDGE_CURVE ( 'NONE', #2946, #4832, #854, .T. ) ;
#7386 = ADVANCED_FACE ( 'NONE', ( #9844 ), #5529, .T. ) ;
#7387 = FACE_OUTER_BOUND ( 'NONE', #5219, .T. ) ;
#7388 = PERSON_AND_ORGANIZATION_ROLE ( 'creator' ) ;
#7389 = ORIENTED_EDGE ( 'NONE', *, *, #3244, .T. ) ;
#7390 = PLANE ( 'NONE',  #3140 ) ;
#7391 = LINE ( 'NONE', #3265, #7110 ) ;
#7392 = DIRECTION ( 'NONE',  ( -0.0000000000000000000, 0.0000000000000000000, -1.000000000000000000 ) ) ;
#7393 = CARTESIAN_POINT ( 'NONE',  ( 0.0000000000000000000, 4.500000000000000900, -5.953361263601726300 ) ) ;
#7394 = DIRECTION ( 'NONE',  ( 7.610399765575671300E-015, -1.000000000000000000, -0.0000000000000000000 ) ) ;
#7395 = CARTESIAN_POINT ( 'NONE',  ( 5.850000000000001400, -21.30000000000000100, 248.0000000000000000 ) ) ;
#7396 = FACE_BOUND ( 'NONE', #6636, .T. ) ;
#7397 = LINE ( 'NONE', #5309, #2770 ) ;
#7398 = CC_DESIGN_DATE_AND_TIME_ASSIGNMENT ( #4279, #9250, ( #5037 ) ) ;
#7399 = CARTESIAN_POINT ( 'NONE',  ( 0.9995835529977251700, 0.7681833999686438200, -7.500000000000000000 ) ) ;
#7400 = ORGANIZATION ( 'NAUO-ORG12', 'UNSPECIFIED', 'UNSPECIFIED' ) ;
#7401 = CARTESIAN_POINT ( 'NONE',  ( 2.378146924196519900, -20.29999999999999700, -6.054130821183109700 ) ) ;
#7402 = CARTESIAN_POINT ( 'NONE',  ( 3.750000000000000000, 0.0000000000000000000, 72.00000000000001400 ) ) ;
#7403 = EDGE_CURVE ( 'NONE', #2459, #1300, #574, .T. ) ;
#7404 = ORIENTED_EDGE ( 'NONE', *, *, #184, .F. ) ;
#7405 = LINE ( 'NONE', #1645, #4799 ) ;
#7406 = CARTESIAN_POINT ( 'NONE',  ( -83.39999999999570000, -49.25000000000000000, -0.0009999999999999161000 ) ) ;
#7407 = ORIENTED_EDGE ( 'NONE', *, *, #7346, .T. ) ;
#7408 = CARTESIAN_POINT ( 'NONE',  ( 88.50000000000000000, 29.00000000000000000, 185.0000000000000000 ) ) ;
#7409 = VECTOR ( 'NONE', #1005, 1000.000000000000000 ) ;
#7410 = CALENDAR_DATE ( 2023, 9, 11 ) ;
#7411 = VERTEX_POINT ( 'NONE', #369 ) ;
#7412 = VECTOR ( 'NONE', #5579, 1000.000000000000000 ) ;
#7413 = LINE ( 'NONE', #8578, #473 ) ;
#7414 = VERTEX_POINT ( 'NONE', #4690 ) ;
#7415 = EDGE_CURVE ( 'NONE', #1945, #10568, #9579, .T. ) ;
#7416 = DIRECTION ( 'NONE',  ( -0.8191520442889882500, 0.5735764363510511600, 0.0000000000000000000 ) ) ;
#7417 = VECTOR ( 'NONE', #319, 1000.000000000000000 ) ;
#7418 = AXIS2_PLACEMENT_3D ( 'NONE', #5354, #152, #6233 ) ;
#7419 = DATE_AND_TIME ( #9755, #761 ) ;
#7420 = LINE ( 'NONE', #4493, #4819 ) ;
#7421 = VECTOR ( 'NONE', #2281, 1000.000000000000000 ) ;
#7422 = LINE ( 'NONE', #11212, #2537 ) ;
#7423 = ORIENTED_EDGE ( 'NONE', *, *, #2310, .F. ) ;
#7424 = VERTEX_POINT ( 'NONE', #5562 ) ;
#7425 = ORIENTED_EDGE ( 'NONE', *, *, #9310, .F. ) ;
#7426 = APPROVAL_ROLE ( '' ) ;
#7427 = CARTESIAN_POINT ( 'NONE',  ( -4.750000000000000000, 0.0000000000000000000, 0.0000000000000000000 ) ) ;
#7428 = DIRECTION ( 'NONE',  ( -1.000000000000000000, 6.071532165918830700E-016, 0.0000000000000000000 ) ) ;
#7429 = CARTESIAN_POINT ( 'NONE',  ( 1.200000000000000200, 5.450000000000000200, -0.001000000000000999900 ) ) ;
#7430 = CARTESIAN_POINT ( 'NONE',  ( -2.735730916456032600, -1.954121458947978700, -0.4999999999999415500 ) ) ;
#7431 = ORIENTED_EDGE ( 'NONE', *, *, #541, .T. ) ;
#7432 = DIRECTION ( 'NONE',  ( 1.000000000000000000, 0.0000000000000000000, 0.0000000000000000000 ) ) ;
#7433 = ADVANCED_FACE ( 'NONE', ( #7243 ), #1250, .F. ) ;
#7434 = VECTOR ( 'NONE', #10198, 1000.000000000000000 ) ;
#7435 = CARTESIAN_POINT ( 'NONE',  ( -1.249999999999999800, 6.056226450798924400E-017, -7.500000000000000000 ) ) ;
#7436 = VECTOR ( 'NONE', #3236, 1000.000000000000000 ) ;
#7437 = EDGE_LOOP ( 'NONE', ( #1145, #9509, #7949, #4673 ) ) ;
#7438 = DIRECTION ( 'NONE',  ( 0.0000000000000000000, -0.0000000000000000000, 1.000000000000000000 ) ) ;
#7439 = ORIENTED_EDGE ( 'NONE', *, *, #4342, .T. ) ;
#7440 = DIRECTION ( 'NONE',  ( 1.000000000000000000, 0.0000000000000000000, 0.0000000000000000000 ) ) ;
#7441 = ORIENTED_EDGE ( 'NONE', *, *, #6874, .F. ) ;
#7442 = LOCAL_TIME ( 11, 17, 25.00000000000000000, #9778 ) ;
#7443 = DIRECTION ( 'NONE',  ( 0.0000000000000000000, 0.0000000000000000000, 1.000000000000000000 ) ) ;
#7444 = PRODUCT_DEFINITION_SHAPE ( 'NONE', 'NONE',  #11295 ) ;
#7445 = VECTOR ( 'NONE', #2234, 1000.000000000000000 ) ;
#7446 = ORIENTED_EDGE ( 'NONE', *, *, #7335, .T. ) ;
#7447 = ADVANCED_FACE ( 'NONE', ( #299 ), #6971, .T. ) ;
#7448 = AXIS2_PLACEMENT_3D ( 'NONE', #5440, #2867, #8966 ) ;
#7449 = AXIS2_PLACEMENT_3D ( 'NONE', #9018, #3780, #9890 ) ;
#7450 = COORDINATED_UNIVERSAL_TIME_OFFSET ( 1, 0, .AHEAD. ) ;
#7451 = DIRECTION ( 'NONE',  ( 1.000000000000000000, 0.0000000000000000000, 0.0000000000000000000 ) ) ;
#7452 = VERTEX_POINT ( 'NONE', #7356 ) ;
#7453 = FACE_OUTER_BOUND ( 'NONE', #1431, .T. ) ;
#7454 = EDGE_CURVE ( 'NONE', #8799, #9136, #9279, .T. ) ;
#7455 = LINE ( 'NONE', #770, #5125 ) ;
#7456 = ORIENTED_EDGE ( 'NONE', *, *, #9907, .F. ) ;
#7457 = EDGE_CURVE ( 'NONE', #7717, #9521, #4907, .T. ) ;
#7458 = PERSON_AND_ORGANIZATION ( #9810, #4463 ) ;
#7459 = CC_DESIGN_PERSON_AND_ORGANIZATION_ASSIGNMENT ( #3099, #10812, ( #5687 ) ) ;
#7460 = LINE ( 'NONE', #3879, #2574 ) ;
#7462 = ORIENTED_EDGE ( 'NONE', *, *, #559, .T. ) ;
#7461 = SECURITY_CLASSIFICATION_LEVEL ( 'unclassified' ) ;
#7463 = CARTESIAN_POINT ( 'NONE',  ( -1.512294949501322500, -4.000000000000001800, 2.242855901493496300 ) ) ;
#7464 = DIRECTION ( 'NONE',  ( 0.0000000000000000000, 0.0000000000000000000, -1.000000000000000000 ) ) ;
#7465 = DIRECTION ( 'NONE',  ( 1.000000000000000000, 0.0000000000000000000, 0.0000000000000000000 ) ) ;
#7466 = PLANE ( 'NONE',  #392 ) ;
#7467 = DIRECTION ( 'NONE',  ( -0.0000000000000000000, -0.0000000000000000000, -1.000000000000000000 ) ) ;
#7468 = DIRECTION ( 'NONE',  ( 1.000000000000000000, 0.0000000000000000000, 0.0000000000000000000 ) ) ;
#7469 = EDGE_LOOP ( 'NONE', ( #3903, #5170, #7425, #4526 ) ) ;
#7470 = PERSON_AND_ORGANIZATION ( #9810, #4463 ) ;
#7471 = CARTESIAN_POINT ( 'NONE',  ( -0.7500000000000000000, -7.300770222279489800E-032, -8.000000000000000000 ) ) ;
#7472 = DIRECTION ( 'NONE',  ( 0.0000000000000000000, -0.0000000000000000000, -1.000000000000000000 ) ) ;
#7473 = DIRECTION ( 'NONE',  ( 1.000000000000000000, 0.0000000000000000000, 0.0000000000000000000 ) ) ;
#7474 = CARTESIAN_POINT ( 'NONE',  ( 0.8000000000000000400, -5.049999999999999800, 248.0000000000000000 ) ) ;
#7475 = EDGE_CURVE ( 'NONE', #2946, #10728, #2340, .T. ) ;
#7476 = ADVANCED_FACE ( 'NONE', ( #6684 ), #2075, .T. ) ;
#7477 = DIRECTION ( 'NONE',  ( -1.000000000000000000, -7.610399765575671300E-015, -0.0000000000000000000 ) ) ;
#7478 = DIRECTION ( 'NONE',  ( -0.0000000000000000000, 0.0000000000000000000, -1.000000000000000000 ) ) ;
#7479 = ORIENTED_EDGE ( 'NONE', *, *, #394, .F. ) ;
#7480 = VERTEX_POINT ( 'NONE', #9162 ) ;
#7481 = ORIENTED_EDGE ( 'NONE', *, *, #3632, .F. ) ;
#7482 = CARTESIAN_POINT ( 'NONE',  ( 0.0000000000000000000, 21.30000000000000100, -6.054130821183109700 ) ) ;
#7483 = ADVANCED_FACE ( 'NONE', ( #4372 ), #10033, .F. ) ;
#7484 =( REPRESENTATION_RELATIONSHIP ('NONE','NONE', #9710, #9676 ) REPRESENTATION_RELATIONSHIP_WITH_TRANSFORMATION ( #6875 )SHAPE_REPRESENTATION_RELATIONSHIP( ) );
#7485 = VERTEX_POINT ( 'NONE', #3066 ) ;
#7486 = ORIENTED_EDGE ( 'NONE', *, *, #5398, .F. ) ;
#7487 = CARTESIAN_POINT ( 'NONE',  ( 0.8000000000000000400, 9.199999999999999300, -1.510173831053895000 ) ) ;
#7488 = DIRECTION ( 'NONE',  ( -1.000000000000000000, 0.0000000000000000000, 0.0000000000000000000 ) ) ;
#7489 = FACE_BOUND ( 'NONE', #1388, .T. ) ;
#7490 = AXIS2_PLACEMENT_3D ( 'NONE', #9902, #7303, #2093 ) ;
#7491 = ORIENTED_EDGE ( 'NONE', *, *, #1042, .F. ) ;
#7492 = CARTESIAN_POINT ( 'NONE',  ( -2.295053483194845700, -4.000000000000000000, 1.499506462899409500 ) ) ;
#7493 = CARTESIAN_POINT ( 'NONE',  ( -2.449489742783178800, -1.599999999999999900, 0.5000000000000000000 ) ) ;
#7494 = ORIENTED_EDGE ( 'NONE', *, *, #6367, .F. ) ;
#7495 = VERTEX_POINT ( 'NONE', #5673 ) ;
#7496 = CARTESIAN_POINT ( 'NONE',  ( 3.950000000000000200, 4.675000000000003400, 71.99899999999999500 ) ) ;
#7497 = ORIENTED_EDGE ( 'NONE', *, *, #4407, .T. ) ;
#7498 = CARTESIAN_POINT ( 'NONE',  ( 0.7304795034937828800, 0.1963109229443039900, -8.000000000000000000 ) ) ;
#7499 = DIRECTION ( 'NONE',  ( -1.000000000000000000, 0.0000000000000000000, 0.0000000000000000000 ) ) ;
#7500 = CYLINDRICAL_SURFACE ( 'NONE', #10873, 0.4000000000000001900 ) ;
#7501 = CARTESIAN_POINT ( 'NONE',  ( -4.899999999999999500, -9.674999999999998900, 72.00000000000001400 ) ) ;
#7502 = CARTESIAN_POINT ( 'NONE',  ( -5.300000000000000700, 16.05552017741234700, 72.00000000000001400 ) ) ;
#7503 = VECTOR ( 'NONE', #10752, 1000.000000000000000 ) ;
#7504 = DATE_AND_TIME ( #9846, #856 ) ;
#7505 = ORIENTED_EDGE ( 'NONE', *, *, #7918, .F. ) ;
#7506 = VECTOR ( 'NONE', #3907, 1000.000000000000000 ) ;
#7507 = CARTESIAN_POINT ( 'NONE',  ( 88.50000000000001400, 23.22500000000000100, 168.0000000000000000 ) ) ;
#7508 = LINE ( 'NONE', #67, #2900 ) ;
#7509 = COORDINATED_UNIVERSAL_TIME_OFFSET ( 1, 0, .AHEAD. ) ;
#7510 = CARTESIAN_POINT ( 'NONE',  ( 0.5000000000000007800, 0.0000000000000000000, -2.449489742783178800 ) ) ;
#7511 = EDGE_CURVE ( 'NONE', #8378, #5977, #5187, .T. ) ;
#7512 = APPROVAL ( #7160, 'UNSPECIFIED' ) ;
#7513 = AXIS2_PLACEMENT_3D ( 'NONE', #4094, #10200, #4973 ) ;
#7514 = ORIENTED_EDGE ( 'NONE', *, *, #5428, .T. ) ;
#7515 = FACE_OUTER_BOUND ( 'NONE', #9142, .T. ) ;
#7516 = EDGE_CURVE ( 'NONE', #5340, #3858, #2621, .T. ) ;
#7517 = SECURITY_CLASSIFICATION ( '', '', #7733 ) ;
#7518 = VECTOR ( 'NONE', #2525, 1000.000000000000000 ) ;
#7519 = DIRECTION ( 'NONE',  ( 0.0000000000000000000, 1.000000000000000000, 0.0000000000000000000 ) ) ;
#7520 = EDGE_CURVE ( 'NONE', #10369, #487, #11047, .T. ) ;
#7521 = CYLINDRICAL_SURFACE ( 'NONE', #8766, 1.250000000000000000 ) ;
#7522 = ITEM_DEFINED_TRANSFORMATION ( 'NONE', 'NONE', #6422,  #7819 ) ;
#7523 = CARTESIAN_POINT ( 'NONE',  ( 3.750000000000000000, 0.0000000000000000000, 72.00000000000001400 ) ) ;
#7524 = DIRECTION ( 'NONE',  ( -1.000000000000000000, -0.0000000000000000000, -0.0000000000000000000 ) ) ;
#7525 = CARTESIAN_POINT ( 'NONE',  ( -2.469696598571291500, -1.600000000000000100, 0.3880704974684260300 ) ) ;
#7526 = CARTESIAN_POINT ( 'NONE',  ( -3.600000000000000100, 3.824999999999999700, 72.00000000000001400 ) ) ;
#7527 = CARTESIAN_POINT ( 'NONE',  ( -2.597308632815513300, -3.827395536133988900, 0.4999999999999997800 ) ) ;
#7528 = ORIENTED_EDGE ( 'NONE', *, *, #3150, .T. ) ;
#7529 = CARTESIAN_POINT ( 'NONE',  ( 3.750000000000000000, -11.77500000000000000, 248.0000000000000000 ) ) ;
#7530 = VECTOR ( 'NONE', #3606, 1000.000000000000000 ) ;
#7531 = ADVANCED_FACE ( 'NONE', ( #8743 ), #4838, .T. ) ;
#7532 = CIRCLE ( 'NONE', #1784, 0.4000000000000001900 ) ;
#7533 = EDGE_LOOP ( 'NONE', ( #6887, #3513, #9831, #116 ) ) ;
#7534 = CC_DESIGN_SECURITY_CLASSIFICATION ( #6961, ( #11298 ) ) ;
#7535 = CARTESIAN_POINT ( 'NONE',  ( -0.4609100473859850100, -0.5997501243938361300, -8.000000000000000000 ) ) ;
#7536 = LINE ( 'NONE', #2917, #2656 ) ;
#7537 = ORIENTED_EDGE ( 'NONE', *, *, #8557, .F. ) ;
#7538 = DIRECTION ( 'NONE',  ( 0.0000000000000000000, 0.0000000000000000000, 1.000000000000000000 ) ) ;
#7539 = DIRECTION ( 'NONE',  ( 0.0000000000000000000, 1.000000000000000000, 0.0000000000000000000 ) ) ;
#7540 = PERSON_AND_ORGANIZATION ( #10442, #9872 ) ;
#7541 = EDGE_CURVE ( 'NONE', #1342, #8729, #10783, .T. ) ;
#7542 = EDGE_CURVE ( 'NONE', #2415, #10157, #8461, .T. ) ;
#7543 = ORIENTED_EDGE ( 'NONE', *, *, #8737, .F. ) ;
#7544 = VECTOR ( 'NONE', #7016, 1000.000000000000000 ) ;
#7545 = CARTESIAN_POINT ( 'NONE',  ( 6.250000000000000000, 0.0000000000000000000, 72.00000000000001400 ) ) ;
#7546 = CYLINDRICAL_SURFACE ( 'NONE', #2205, 2.250000000000001800 ) ;
#7547 = ORIENTED_EDGE ( 'NONE', *, *, #2751, .F. ) ;
#7548 = ORIENTED_EDGE ( 'NONE', *, *, #7374, .T. ) ;
#7549 = ORIENTED_EDGE ( 'NONE', *, *, #1912, .T. ) ;
#7550 = ADVANCED_FACE ( 'NONE', ( #6145 ), #10506, .F. ) ;
#7551 = DESIGN_CONTEXT ( 'detailed design', #3875, 'design' ) ;
#7552 = CARTESIAN_POINT ( 'NONE',  ( -0.5997501243938329100, -0.4609100473859880100, -8.000000000000000000 ) ) ;
#7553 = DIRECTION ( 'NONE',  ( -0.0000000000000000000, -1.000000000000000000, -0.0000000000000000000 ) ) ;
#7554 = CIRCLE ( 'NONE', #3121, 1.250000000000000000 ) ;
#7555 = EDGE_CURVE ( 'NONE', #5274, #7079, #1815, .T. ) ;
#7556 = CARTESIAN_POINT ( 'NONE',  ( -88.49999999999998600, 0.1499999999999795400, 0.0000000000000000000 ) ) ;
#7557 = DIRECTION ( 'NONE',  ( -1.000000000000000000, 0.0000000000000000000, 0.0000000000000000000 ) ) ;
#7558 = LINE ( 'NONE', #8755, #7026 ) ;
#7559 = EDGE_LOOP ( 'NONE', ( #3075, #9495, #8756, #4040 ) ) ;
#7560 = AXIS2_PLACEMENT_3D ( 'NONE', #6402, #1219, #7291 ) ;
#7561 = VERTEX_POINT ( 'NONE', #9260 ) ;
#7562 = EDGE_CURVE ( 'NONE', #8433, #3005, #4081, .T. ) ;
#7564 = AXIS2_PLACEMENT_3D ( 'NONE', #8482, #3270, #9374 ) ;
#7563 = AXIS2_PLACEMENT_3D ( 'NONE', #2935, #9027, #3786 ) ;
#7565 = DIRECTION ( 'NONE',  ( -0.0000000000000000000, -0.0000000000000000000, 1.000000000000000000 ) ) ;
#7566 = FACE_OUTER_BOUND ( 'NONE', #3282, .T. ) ;
#7567 = VERTEX_POINT ( 'NONE', #2308 ) ;
#7568 = PERSON_AND_ORGANIZATION_ROLE ( 'classification_officer' ) ;
#7569 = DIRECTION ( 'NONE',  ( -1.000000000000000000, 6.071532165918830700E-016, 0.0000000000000000000 ) ) ;
#7570 = DIRECTION ( 'NONE',  ( -1.000000000000000000, -1.387778780781445900E-016, 0.0000000000000000000 ) ) ;
#7571 = DIRECTION ( 'NONE',  ( -1.000000000000000000, 0.0000000000000000000, 0.0000000000000000000 ) ) ;
#7572 = DIRECTION ( 'NONE',  ( 0.0000000000000000000, 0.0000000000000000000, 1.000000000000000000 ) ) ;
#7573 = CARTESIAN_POINT ( 'NONE',  ( -0.5999999999999999800, 10.42500000000000100, -0.001000000000000999900 ) ) ;
#7574 = CARTESIAN_POINT ( 'NONE',  ( 90.00000000000000000, 7.125000000000000000, 14.85000000000000100 ) ) ;
#7575 = ORIENTED_EDGE ( 'NONE', *, *, #4883, .T. ) ;
#7576 = APPROVAL_PERSON_ORGANIZATION ( #9905, #9007, #10021 ) ;
#7577 = CARTESIAN_POINT ( 'NONE',  ( 6.250000000000000000, 12.50000000000000000, 248.0000000000000000 ) ) ;
#7578 = VERTEX_POINT ( 'NONE', #8384 ) ;
#7579 = AXIS2_PLACEMENT_3D ( 'NONE', #6661, #1462, #7538 ) ;
#7580 = CARTESIAN_POINT ( 'NONE',  ( -0.3271848715738320800, 1.217465839156301600, -7.999999999999994700 ) ) ;
#7581 = CYLINDRICAL_SURFACE ( 'NONE', #3361, 0.4000000000000001900 ) ;
#7582 = ORIENTED_EDGE ( 'NONE', *, *, #158, .T. ) ;
#7583 = PLANE ( 'NONE',  #376 ) ;
#7584 = CARTESIAN_POINT ( 'NONE',  ( 0.4999999999999988300, -3.243428153940576000, 2.942903560859611500 ) ) ;
#7585 = PERSON_AND_ORGANIZATION ( #9810, #4463 ) ;
#7586 =( BOUNDED_SURFACE ( )  B_SPLINE_SURFACE ( 3, 3, ( 
 ( #119, #3570, #7957, #2744 ),
 ( #8834, #3613, #9721, #4472 ),
 ( #10578, #5349, #149, #6230 ),
 ( #1033, #7105, #1904, #8003 ) ),
 .UNSPECIFIED., .F., .F., .F. ) 
 B_SPLINE_SURFACE_WITH_KNOTS ( ( 4, 4 ),
 ( 4, 4 ),
 ( 0.0000000000000000000, 1.000000000000000000 ),
 ( 0.0000000000000000000, 1.000000000000000000 ),
 .UNSPECIFIED. ) 
 GEOMETRIC_REPRESENTATION_ITEM ( )  RATIONAL_B_SPLINE_SURFACE ( (
 ( 1.000000000000000000, 0.8721986298964741200, 0.8721986298964741200, 1.000000000000000000),
 ( 1.000000000000000000, 0.8721986298964741200, 0.8721986298964741200, 1.000000000000000000),
 ( 1.000000000000000000, 0.8721986298964741200, 0.8721986298964741200, 1.000000000000000000),
 ( 1.000000000000000000, 0.8721986298964741200, 0.8721986298964741200, 1.000000000000000000) ) ) 
 REPRESENTATION_ITEM ( '' )  SURFACE ( )  );
#7587 = CARTESIAN_POINT ( 'NONE',  ( -4.899999999999999500, 9.274999999999998600, 248.0000000000000000 ) ) ;
#7588 = CARTESIAN_POINT ( 'NONE',  ( 0.2159844817121100200, -1.649999999999999900, 1.500000000000000400 ) ) ;
#7589 = ORIENTED_EDGE ( 'NONE', *, *, #9316, .F. ) ;
#7590 = VECTOR ( 'NONE', #1943, 1000.000000000000000 ) ;
#7591 = VERTEX_POINT ( 'NONE', #591 ) ;
#7592 = ORIENTED_EDGE ( 'NONE', *, *, #7753, .F. ) ;
#7593 = EDGE_CURVE ( 'NONE', #3405, #4305, #8209, .T. ) ;
#7594 = AXIS2_PLACEMENT_3D ( 'NONE', #5161, #11286, #6046 ) ;
#7595 = AXIS2_PLACEMENT_3D ( 'NONE', #9226, #3974, #10087 ) ;
#7596 = CARTESIAN_POINT ( 'NONE',  ( -0.1636245999211764800, 1.249999999999981600, -7.999999999999994700 ) ) ;
#7597 = AXIS2_PLACEMENT_3D ( 'NONE', #10058, #4831, #10920 ) ;
#7598 = ADVANCED_FACE ( 'NONE', ( #1520, #1262, #5856 ), #8420, .T. ) ;
#7599 = CARTESIAN_POINT ( 'NONE',  ( 6.250000000000000000, 0.0000000000000000000, 248.0000000000000000 ) ) ;
#7600 = DATE_AND_TIME ( #9932, #940 ) ;
#7601 = EDGE_CURVE ( 'NONE', #7188, #372, #7924, .T. ) ;
#7602 = CARTESIAN_POINT ( 'NONE',  ( 5.850000000000001400, -9.924999999999998900, 248.0000000000000000 ) ) ;
#7603 = CARTESIAN_POINT ( 'NONE',  ( 3.950000000000000200, -4.675000000000003400, 71.99899999999999500 ) ) ;
#7604 = EDGE_CURVE ( 'NONE', #7495, #7051, #5594, .T. ) ;
#7605 = CARTESIAN_POINT ( 'NONE',  ( -73.50000000000000000, 2.168404344971008900E-016, 14.50000000000000200 ) ) ;
#7606 = ADVANCED_FACE ( 'NONE', ( #9973 ), #7583, .F. ) ;
#7607 = ORIENTED_EDGE ( 'NONE', *, *, #4275, .F. ) ;
#7608 = APPROVAL ( #504, 'UNSPECIFIED' ) ;
#7609 = DATE_TIME_ROLE ( 'classification_date' ) ;
#7610 = DIRECTION ( 'NONE',  ( -1.000000000000000000, 0.0000000000000000000, 0.0000000000000000000 ) ) ;
#7611 =( NAMED_UNIT ( * ) PLANE_ANGLE_UNIT ( ) SI_UNIT ( $, .RADIAN. ) );
#7612 = DIRECTION ( 'NONE',  ( 0.0000000000000000000, 0.0000000000000000000, -1.000000000000000000 ) ) ;
#7613 = CARTESIAN_POINT ( 'NONE',  ( 1.014002097308125800, 1.319450280607504400, 1.500000000000000000 ) ) ;
#7614 = CARTESIAN_POINT ( 'NONE',  ( 90.00000000000000000, 32.35000000000000900, 185.0000000000000000 ) ) ;
#7615 = EDGE_CURVE ( 'NONE', #8272, #4354, #3558, .T. ) ;
#7616 = VERTEX_POINT ( 'NONE', #2416 ) ;
#7617 = CARTESIAN_POINT ( 'NONE',  ( 0.9995835406563746700, -0.7681834123099745600, -7.999999999999994700 ) ) ;
#7618 = VERTEX_POINT ( 'NONE', #3276 ) ;
#7619 = ORIENTED_EDGE ( 'NONE', *, *, #7336, .T. ) ;
#7620 = DIRECTION ( 'NONE',  ( -1.000000000000000000, 0.0000000000000000000, 0.0000000000000000000 ) ) ;
#7621 = DIRECTION ( 'NONE',  ( -0.0000000000000000000, 1.000000000000000000, 0.0000000000000000000 ) ) ;
#7622 = DIRECTION ( 'NONE',  ( 0.0000000000000000000, 0.0000000000000000000, 1.000000000000000000 ) ) ;
#7623 = DIRECTION ( 'NONE',  ( -0.0000000000000000000, -0.0000000000000000000, 1.000000000000000000 ) ) ;
#7624 = CARTESIAN_POINT ( 'NONE',  ( -73.50000000000000000, 2.168404344971008900E-016, 170.5000000000000000 ) ) ;
#7625 = CARTESIAN_POINT ( 'NONE',  ( 0.0000000000000000000, 0.0000000000000000000, 0.0000000000000000000 ) ) ;
#7626 = CARTESIAN_POINT ( 'NONE',  ( -73.50000000000000000, 2.168404344971008900E-016, 17.00000000000000000 ) ) ;
#7627 = ORIENTED_EDGE ( 'NONE', *, *, #2501, .F. ) ;
#7628 = EDGE_CURVE ( 'NONE', #5274, #10107, #981, .T. ) ;
#7629 = EDGE_CURVE ( 'NONE', #492, #5921, #3022, .T. ) ;
#7630 = CYLINDRICAL_SURFACE ( 'NONE', #8618, 0.2000000000000000900 ) ;
#7631 = ORIENTED_EDGE ( 'NONE', *, *, #10054, .F. ) ;
#7632 = ORIENTED_EDGE ( 'NONE', *, *, #5758, .T. ) ;
#7633 = CARTESIAN_POINT ( 'NONE',  ( 0.7681834123099901000, -0.9995835406563943200, -7.999999999999994700 ) ) ;
#7634 = ORIENTED_EDGE ( 'NONE', *, *, #11261, .T. ) ;
#7635 = AXIS2_PLACEMENT_3D ( 'NONE', #8291, #3078, #9174 ) ;
#7636 = CARTESIAN_POINT ( 'NONE',  ( 6.250000000000000000, 0.0000000000000000000, 72.00000000000001400 ) ) ;
#7637 = DIRECTION ( 'NONE',  ( 1.000000000000000000, 0.0000000000000000000, 0.0000000000000000000 ) ) ;
#7638 = VECTOR ( 'NONE', #5704, 1000.000000000000000 ) ;
#7639 = ORIENTED_EDGE ( 'NONE', *, *, #6431, .T. ) ;
#7640 = ORIENTED_EDGE ( 'NONE', *, *, #4045, .F. ) ;
#7641 = VERTEX_POINT ( 'NONE', #1535 ) ;
#7642 = VECTOR ( 'NONE', #10244, 1000.000000000000000 ) ;
#7643 = PERSON_AND_ORGANIZATION ( #11255, #9974 ) ;
#7644 = CARTESIAN_POINT ( 'NONE',  ( -1.700000000000000000, 0.0000000000000000000, 72.00000000000001400 ) ) ;
#7645 = APPROVAL_ROLE ( '' ) ;
#7646 =( NAMED_UNIT ( * ) SI_UNIT ( $, .STERADIAN. ) SOLID_ANGLE_UNIT ( ) );
#7647 = AXIS2_PLACEMENT_3D ( 'NONE', #10313, #5081, #11190 ) ;
#7648 = CARTESIAN_POINT ( 'NONE',  ( 88.32000000000000700, -63.64999999999999900, 0.0000000000000000000 ) ) ;
#7649 = CARTESIAN_POINT ( 'NONE',  ( 0.5000000000000003300, -4.001000000000000300, 1.145643923738960400 ) ) ;
#7650 = DIRECTION ( 'NONE',  ( 0.0000000000000000000, 0.0000000000000000000, 1.000000000000000000 ) ) ;
#7651 = CARTESIAN_POINT ( 'NONE',  ( -1.607054911442800100, -0.4318840214085215600, 1.500000000000000000 ) ) ;
#7652 = CARTESIAN_POINT ( 'NONE',  ( 6.250000000000000000, -12.37500000000000000, 72.00000000000001400 ) ) ;
#7653 = ADVANCED_FACE ( 'NONE', ( #715 ), #435, .F. ) ;
#7654 = VECTOR ( 'NONE', #4701, 1000.000000000000000 ) ;
#7655 = ORIENTED_EDGE ( 'NONE', *, *, #4840, .T. ) ;
#7656 = VECTOR ( 'NONE', #3915, 1000.000000000000000 ) ;
#7657 = CARTESIAN_POINT ( 'NONE',  ( -1.249999999999998200, 1.530808498934189600E-016, -7.999999999999994700 ) ) ;
#7658 = DATE_AND_TIME ( #9982, #990 ) ;
#7659 = DIRECTION ( 'NONE',  ( -1.000000000000000000, 0.0000000000000000000, 0.0000000000000000000 ) ) ;
#7660 = LINE ( 'NONE', #7114, #5330 ) ;
#7661 = CARTESIAN_POINT ( 'NONE',  ( -0.3999999999999999700, 3.824999999999999700, 72.00000000000001400 ) ) ;
#7662 = ORIENTED_EDGE ( 'NONE', *, *, #5015, .T. ) ;
#7663 = FACE_OUTER_BOUND ( 'NONE', #3396, .T. ) ;
#7664 = CARTESIAN_POINT ( 'NONE',  ( 86.42000000000000200, -65.54999999999999700, 0.0000000000000000000 ) ) ;
#7665 = AXIS2_PLACEMENT_3D ( 'NONE', #10420, #5190, #1 ) ;
#7666 = AXIS2_PLACEMENT_3D ( 'NONE', #10481, #5412, #217 ) ;
#7667 = CARTESIAN_POINT ( 'NONE',  ( -73.50000000000000000, 1.500000000000000000, 165.5000000000000000 ) ) ;
#7668 = CARTESIAN_POINT ( 'NONE',  ( -4.873576436351038800, 16.87467222170134900, 248.0000000000000000 ) ) ;
#7669 = VECTOR ( 'NONE', #747, 1000.000000000000000 ) ;
#7670 = CARTESIAN_POINT ( 'NONE',  ( 6.250000000000000000, -19.67500000000000100, 72.00000000000001400 ) ) ;
#7671 = ADVANCED_FACE ( 'NONE', ( #7369 ), #7094, .F. ) ;
#7672 = DIRECTION ( 'NONE',  ( 0.0000000000000000000, 0.0000000000000000000, 1.000000000000000000 ) ) ;
#7673 = EDGE_CURVE ( 'NONE', #7893, #8364, #5317, .T. ) ;
#7674 = VECTOR ( 'NONE', #4366, 1000.000000000000000 ) ;
#7675 = COORDINATED_UNIVERSAL_TIME_OFFSET ( 1, 0, .AHEAD. ) ;
#7676 = EDGE_CURVE ( 'NONE', #1792, #10938, #2749, .T. ) ;
#7677 = VERTEX_POINT ( 'NONE', #9414 ) ;
#7678 = CARTESIAN_POINT ( 'NONE',  ( -1.250000000000000000, 1.530808498934190100E-016, -7.500000000000000000 ) ) ;
#7679 = CIRCLE ( 'NONE', #6521, 0.2000000000000000900 ) ;
#7680 = CARTESIAN_POINT ( 'NONE',  ( -0.9995835529977256100, -0.7681833999686433800, -7.500000000000000900 ) ) ;
#7681 = ORIENTED_EDGE ( 'NONE', *, *, #6759, .F. ) ;
#7682 = LINE ( 'NONE', #8809, #7409 ) ;
#7683 = DIRECTION ( 'NONE',  ( 1.000000000000000000, 0.0000000000000000000, -0.0000000000000000000 ) ) ;
#7684 = APPROVAL ( #2066, 'UNSPECIFIED' ) ;
#7685 = LOCAL_TIME ( 11, 17, 25.00000000000000000, #10003 ) ;
#7686 = ORIENTED_EDGE ( 'NONE', *, *, #7778, .F. ) ;
#7687 = CYLINDRICAL_SURFACE ( 'NONE', #4729, 0.2000000000000000900 ) ;
#7688 = CC_DESIGN_APPROVAL ( #7095, ( #5916 ) ) ;
#7689 = LINE ( 'NONE', #7668, #1018 ) ;
#7690 = VERTEX_POINT ( 'NONE', #5051 ) ;
#7691 = CARTESIAN_POINT ( 'NONE',  ( 0.0000000000000000000, 0.0000000000000000000, -0.0009999999999999161000 ) ) ;
#7692 = LINE ( 'NONE', #5524, #7417 ) ;
#7693 = APPROVAL_STATUS ( 'not_yet_approved' ) ;
#7694 = DIRECTION ( 'NONE',  ( 8.953411488912540800E-016, -1.000000000000000000, 0.0000000000000000000 ) ) ;
#7695 = CARTESIAN_POINT ( 'NONE',  ( 0.0000000000000000000, 0.0000000000000000000, 0.0000000000000000000 ) ) ;
#7696 = DIRECTION ( 'NONE',  ( 1.000000000000000000, 0.0000000000000000000, -0.0000000000000000000 ) ) ;
#7697 = CARTESIAN_POINT ( 'NONE',  ( 1.607054911442784800, -0.4318840214085200600, 1.500000000000000000 ) ) ;
#7698 = DIRECTION ( 'NONE',  ( 1.000000000000000000, 0.0000000000000000000, 0.0000000000000000000 ) ) ;
#7699 = CIRCLE ( 'NONE', #4802, 2.499999999999998700 ) ;
#7700 = LINE ( 'NONE', #6609, #769 ) ;
#7701 = CARTESIAN_POINT ( 'NONE',  ( 0.7681834123099700000, 0.9995835406563979800, -7.500000000000000000 ) ) ;
#7702 = VECTOR ( 'NONE', #755, 1000.000000000000000 ) ;
#7703 = VERTEX_POINT ( 'NONE', #4182 ) ;
#7704 = CARTESIAN_POINT ( 'NONE',  ( -0.2000000000000000100, -14.50000000000000000, 248.0000000000000000 ) ) ;
#7705 = EDGE_LOOP ( 'NONE', ( #10352, #9696, #8664, #7589 ) ) ;
#7706 = EDGE_CURVE ( 'NONE', #8056, #7452, #4771, .T. ) ;
#7707 = EDGE_CURVE ( 'NONE', #772, #7036, #9423, .T. ) ;
#7708 = CARTESIAN_POINT ( 'NONE',  ( 1.649999999999999900, 0.0000000000000000000, 1.500000000000000000 ) ) ;
#7709 = CARTESIAN_POINT ( 'NONE',  ( 2.994266587629311100, -3.092303132795074700, 1.956341299732633500 ) ) ;
#7710 = AXIS2_PLACEMENT_3D ( 'NONE', #8644, #3419, #9539 ) ;
#7711 = DIRECTION ( 'NONE',  ( 1.141265444721581800E-016, -1.000000000000000000, 0.0000000000000000000 ) ) ;
#7712 = ORIENTED_EDGE ( 'NONE', *, *, #3301, .F. ) ;
#7713 = PLANE ( 'NONE',  #2997 ) ;
#7714 = DIRECTION ( 'NONE',  ( -0.0000000000000000000, 1.000000000000000000, 0.0000000000000000000 ) ) ;
#7715 = VERTEX_POINT ( 'NONE', #3358 ) ;
#7716 = ORIENTED_EDGE ( 'NONE', *, *, #6083, .F. ) ;
#7717 = VERTEX_POINT ( 'NONE', #4216 ) ;
#7718 = CARTESIAN_POINT ( 'NONE',  ( 0.9995835406563990900, 0.7681834123099688900, -7.500000000000000000 ) ) ;
#7719 = APPROVAL_DATE_TIME ( #10037, #7608 ) ;
#7720 = CARTESIAN_POINT ( 'NONE',  ( -85.64999999999548700, -20.25000000000000000, 0.0000000000000000000 ) ) ;
#7721 = ADVANCED_FACE ( 'NONE', ( #2476 ), #5098, .F. ) ;
#7722 = CARTESIAN_POINT ( 'NONE',  ( 1.250000000000000000, 2.677674074204618600E-014, -7.500000000000000000 ) ) ;
#7723 = DIRECTION ( 'NONE',  ( 6.546126324440770800E-016, -1.000000000000000000, -0.0000000000000000000 ) ) ;
#7724 = LINE ( 'NONE', #1365, #7445 ) ;
#7725 = ORIENTED_EDGE ( 'NONE', *, *, #4883, .F. ) ;
#7726 = EDGE_CURVE ( 'NONE', #8433, #346, #9158, .T. ) ;
#7727 = AXIS2_PLACEMENT_3D ( 'NONE', #7482, #8366, #3153 ) ;
#7728 = DATE_AND_TIME ( #10043, #1058 ) ;
#7729 = ORIENTED_EDGE ( 'NONE', *, *, #8710, .F. ) ;
#7730 = VECTOR ( 'NONE', #8356, 1000.000000000000000 ) ;
#7731 = DIRECTION ( 'NONE',  ( -1.000000000000000000, 0.0000000000000000000, 0.0000000000000000000 ) ) ;
#7732 = LINE ( 'NONE', #7603, #5397 ) ;
#7733 = SECURITY_CLASSIFICATION_LEVEL ( 'unclassified' ) ;
#7734 = ORIENTED_EDGE ( 'NONE', *, *, #5205, .F. ) ;
#7735 = CARTESIAN_POINT ( 'NONE',  ( 3.750000000000000000, 11.77500000000000000, 248.0000000000000000 ) ) ;
#7736 = DIRECTION ( 'NONE',  ( 0.3907018333864206700, 1.665334536937735600E-016, -0.9205172879356964300 ) ) ;
#7737 = CARTESIAN_POINT ( 'NONE',  ( -0.7500000000000088800, -0.09817475995271561500, -8.000000000000000000 ) ) ;
#7738 = CARTESIAN_POINT ( 'NONE',  ( -0.9553798049340255200, 3.555000258646142400, 1.500000000000045500 ) ) ;
#7739 = CARTESIAN_POINT ( 'NONE',  ( -3.449999999999999700, -3.700000000000000200, 1.000000000000000000 ) ) ;
#7740 = AXIS2_PLACEMENT_3D ( 'NONE', #3007, #3867, #8231 ) ;
#7741 = COORDINATED_UNIVERSAL_TIME_OFFSET ( 1, 0, .AHEAD. ) ;
#7742 = UNCERTAINTY_MEASURE_WITH_UNIT (LENGTH_MEASURE( 1.000000000000000100E-005 ), #6691, 'distance_accuracy_value', 'NONE');
#7743 = CARTESIAN_POINT ( 'NONE',  ( -0.1636245999211790000, -1.250000000000000000, -7.500000000000000000 ) ) ;
#7744 = CARTESIAN_POINT ( 'NONE',  ( 3.950000000000000200, 8.125000000000000000, 72.00000000000001400 ) ) ;
#7745 = DIRECTION ( 'NONE',  ( 0.0000000000000000000, 0.0000000000000000000, 1.000000000000000000 ) ) ;
#7746 = CIRCLE ( 'NONE', #10910, 0.2000000000000000900 ) ;
#7747 = ORIENTED_EDGE ( 'NONE', *, *, #8933, .T. ) ;
#7748 = CARTESIAN_POINT ( 'NONE',  ( -1.441747545844444000, 0.8309713053962629600, 1.500000000000000000 ) ) ;
#7749 = ORIENTED_EDGE ( 'NONE', *, *, #4824, .F. ) ;
#7750 = DIRECTION ( 'NONE',  ( -0.0000000000000000000, -0.0000000000000000000, -1.000000000000000000 ) ) ;
#7751 = PERSON_AND_ORGANIZATION ( #9810, #4463 ) ;
#7752 = CARTESIAN_POINT ( 'NONE',  ( 6.250000000000000000, 15.62500000000000000, 72.00000000000001400 ) ) ;
#7753 = EDGE_CURVE ( 'NONE', #5709, #10538, #156, .T. ) ;
#7754 = EDGE_CURVE ( 'NONE', #3891, #2329, #2207, .T. ) ;
#7755 = PRODUCT_RELATED_PRODUCT_CATEGORY ( 'detail', '', ( #8047 ) ) ;
#7756 = AXIS2_PLACEMENT_3D ( 'NONE', #1789, #10483, #5262 ) ;
#7757 = CARTESIAN_POINT ( 'NONE',  ( -0.3271848715738355200, -1.217465839156310000, -7.500000000000000000 ) ) ;
#7758 = AXIS2_PLACEMENT_3D ( 'NONE', #8286, #3071, #9167 ) ;
#7759 = DIRECTION ( 'NONE',  ( -0.0000000000000000000, 1.000000000000000000, 0.0000000000000000000 ) ) ;
#7760 = CARTESIAN_POINT ( 'NONE',  ( 90.00000000000000000, 7.125000000000000000, 170.1500000000000300 ) ) ;
#7761 = EDGE_CURVE ( 'NONE', #11170, #1061, #11188, .T. ) ;
#7762 = CC_DESIGN_PERSON_AND_ORGANIZATION_ASSIGNMENT ( #56, #8522, ( #6961 ) ) ;
#7763 = CARTESIAN_POINT ( 'NONE',  ( -3.449999999999999700, -3.700000000000000200, 3.000000000000000000 ) ) ;
#7764 = EDGE_CURVE ( 'NONE', #6480, #8368, #8875, .T. ) ;
#7765 = CARTESIAN_POINT ( 'NONE',  ( -73.50000000000000000, 1.500000000000000000, 170.5000000000000000 ) ) ;
#7766 = SECURITY_CLASSIFICATION ( '', '', #3227 ) ;
#7767 = ORIENTED_EDGE ( 'NONE', *, *, #268, .T. ) ;
#7769 = EDGE_LOOP ( 'NONE', ( #11185, #6879, #1889, #5784 ) ) ;
#7768 =( REPRESENTATION_RELATIONSHIP ('NONE','NONE', #9710, #5900 ) REPRESENTATION_RELATIONSHIP_WITH_TRANSFORMATION ( #46 )SHAPE_REPRESENTATION_RELATIONSHIP( ) );
#7770 = DIRECTION ( 'NONE',  ( 1.000000000000000000, 0.0000000000000000000, -0.0000000000000000000 ) ) ;
#7771 = DIRECTION ( 'NONE',  ( 1.000000000000000000, 0.0000000000000000000, 0.0000000000000000000 ) ) ;
#7772 = VECTOR ( 'NONE', #625, 1000.000000000000000 ) ;
#7773 = CARTESIAN_POINT ( 'NONE',  ( 0.6553397952731465600, -0.3777142256033259000, -8.000000000000000000 ) ) ;
#7774 = ORIENTED_EDGE ( 'NONE', *, *, #9854, .F. ) ;
#7775 = CARTESIAN_POINT ( 'NONE',  ( -0.4000000000000000200, -9.599999999999999600, 72.00000000000001400 ) ) ;
#7776 = CARTESIAN_POINT ( 'NONE',  ( -0.9553798049339777800, -3.555000258646241900, 1.499999999999996900 ) ) ;
#7777 = DIRECTION ( 'NONE',  ( -0.0000000000000000000, -0.0000000000000000000, -1.000000000000000000 ) ) ;
#7778 = EDGE_CURVE ( 'NONE', #3599, #6107, #4498, .T. ) ;
#7779 = EDGE_CURVE ( 'NONE', #9354, #102, #4224, .T. ) ;
#7780 = DIRECTION ( 'NONE',  ( 0.0000000000000000000, -0.0000000000000000000, 1.000000000000000000 ) ) ;
#7781 = EDGE_LOOP ( 'NONE', ( #3873, #3317 ) ) ;
#7782 = FACE_OUTER_BOUND ( 'NONE', #10988, .T. ) ;
#7783 = VERTEX_POINT ( 'NONE', #7816 ) ;
#7784 = CARTESIAN_POINT ( 'NONE',  ( 0.8309713053962639600, -1.441747545844460200, 1.500000000000000000 ) ) ;
#7785 = ORIENTED_EDGE ( 'NONE', *, *, #8927, .T. ) ;
#7786 = ORIENTED_EDGE ( 'NONE', *, *, #8628, .T. ) ;
#7787 = ORIENTED_EDGE ( 'NONE', *, *, #5221, .F. ) ;
#7788 = CARTESIAN_POINT ( 'NONE',  ( -0.4999999999999963400, -2.573267924665422400, -3.007810249709215600 ) ) ;
#7789 = DIRECTION ( 'NONE',  ( 1.000000000000000000, 7.610399765575671300E-015, 0.0000000000000000000 ) ) ;
#7790 = EDGE_CURVE ( 'NONE', #10619, #40, #10903, .T. ) ;
#7791 = DIRECTION ( 'NONE',  ( -3.776065042898665100E-035, 2.008366886175600200E-019, 1.000000000000000000 ) ) ;
#7792 = AXIS2_PLACEMENT_3D ( 'NONE', #7312, #2106, #8201 ) ;
#7793 = PLANE ( 'NONE',  #8073 ) ;
#7794 = FACE_OUTER_BOUND ( 'NONE', #9957, .T. ) ;
#7795 = CARTESIAN_POINT ( 'NONE',  ( 0.0000000000000000000, -4.000000000000000000, 0.0000000000000000000 ) ) ;
#7796 = CARTESIAN_POINT ( 'NONE',  ( -0.5999999999999999800, 10.42500000000000100, 72.00000000000001400 ) ) ;
#7797 = LINE ( 'NONE', #2916, #7503 ) ;
#7798 = CARTESIAN_POINT ( 'NONE',  ( -90.00000000000000000, -1.995711507853524900E-014, 185.0000000000000000 ) ) ;
#7799 = ORIENTED_EDGE ( 'NONE', *, *, #3761, .T. ) ;
#7800 = VECTOR ( 'NONE', #4777, 1000.000000000000000 ) ;
#7801 = DIRECTION ( 'NONE',  ( 0.0000000000000000000, 0.0000000000000000000, 1.000000000000000000 ) ) ;
#7802 = AXIS2_PLACEMENT_3D ( 'NONE', #9011, #3777, #9888 ) ;
#7803 = DIRECTION ( 'NONE',  ( -0.0000000000000000000, -0.0000000000000000000, -1.000000000000000000 ) ) ;
#7804 = VECTOR ( 'NONE', #6110, 1000.000000000000000 ) ;
#7805 = APPROVAL_PERSON_ORGANIZATION ( #10114, #8713, #8601 ) ;
#7806 = CARTESIAN_POINT ( 'NONE',  ( -73.50000000000000000, -2.000000000000000000, 168.0000000000000000 ) ) ;
#7807 = CARTESIAN_POINT ( 'NONE',  ( -0.4999999999999997800, -4.000000000000000000, 2.449489742783179700 ) ) ;
#7808 = DIRECTION ( 'NONE',  ( -1.000000000000000000, 3.469446951953614200E-015, 0.0000000000000000000 ) ) ;
#7809 = CARTESIAN_POINT ( 'NONE',  ( 3.555000258646204600, 0.9553798049340159700, 0.5000000000000000000 ) ) ;
#7810 = DIRECTION ( 'NONE',  ( -0.0000000000000000000, -0.0000000000000000000, -1.000000000000000000 ) ) ;
#7811 = ORIENTED_EDGE ( 'NONE', *, *, #2607, .F. ) ;
#7812 = FACE_OUTER_BOUND ( 'NONE', #1424, .T. ) ;
#7813 = CARTESIAN_POINT ( 'NONE',  ( -0.3999999999999999700, -10.42500000000000100, -1.510173831053895000 ) ) ;
#7814 = CIRCLE ( 'NONE', #945, 3.500000000000003100 ) ;
#7815 = PERSON ( 'NAUO-PER1', 'UNSPECIFIED', 'UNSPECIFIED', ('UNSPECIFIED'), ('UNSPECIFIED'), ('UNSPECIFIED') ) ;
#7816 = CARTESIAN_POINT ( 'NONE',  ( -4.873576436351040500, 16.87467222170135300, 248.0000000000000000 ) ) ;
#7817 = CIRCLE ( 'NONE', #6423, 2.149999999999999000 ) ;
#7818 = APPROVAL_DATE_TIME ( #10122, #4617 ) ;
#7819 = AXIS2_PLACEMENT_3D ( 'NONE', #5836, #664, #6732 ) ;
#7820 = CARTESIAN_POINT ( 'NONE',  ( 1.838209251331150300, 3.189320328686155100, 1.500000000000045500 ) ) ;
#7821 = AXIS2_PLACEMENT_3D ( 'NONE', #4983, #11087, #5851 ) ;
#7822 = VERTEX_POINT ( 'NONE', #10445 ) ;
#7823 = DIRECTION ( 'NONE',  ( -1.000000000000000000, 0.0000000000000000000, 0.0000000000000000000 ) ) ;
#7824 = DIRECTION ( 'NONE',  ( 1.000000000000000000, 0.0000000000000000000, 0.0000000000000000000 ) ) ;
#7825 = CYLINDRICAL_SURFACE ( 'NONE', #3918, 0.2000000000000000900 ) ;
#7826 = CARTESIAN_POINT ( 'NONE',  ( 73.50000000000000000, 2.168404344971008900E-016, 168.0000000000000000 ) ) ;
#7827 = LINE ( 'NONE', #8969, #9865 ) ;
#7828 = ORIENTED_EDGE ( 'NONE', *, *, #2292, .T. ) ;
#7829 = DIRECTION ( 'NONE',  ( -0.0000000000000000000, -0.0000000000000000000, -1.000000000000000000 ) ) ;
#7830 = DIRECTION ( 'NONE',  ( 0.0000000000000000000, 0.0000000000000000000, 1.000000000000000000 ) ) ;
#7831 = EDGE_CURVE ( 'NONE', #8887, #5654, #3948, .T. ) ;
#7832 = VECTOR ( 'NONE', #2014, 1000.000000000000100 ) ;
#7833 = EDGE_CURVE ( 'NONE', #7578, #6039, #8598, .T. ) ;
#7834 = LOCAL_TIME ( 11, 17, 25.00000000000000000, #10135 ) ;
#7835 = ORIENTED_EDGE ( 'NONE', *, *, #5467, .T. ) ;
#7836 = CIRCLE ( 'NONE', #5737, 0.4000000000000000200 ) ;
#7837 = VECTOR ( 'NONE', #9628, 1000.000000000000000 ) ;
#7838 = CARTESIAN_POINT ( 'NONE',  ( -3.600000000000000500, 0.0000000000000000000, 248.0000000000000000 ) ) ;
#7839 = LINE ( 'NONE', #5561, #894 ) ;
#7840 = ORIENTED_EDGE ( 'NONE', *, *, #10308, .F. ) ;
#7841 = ORIENTED_EDGE ( 'NONE', *, *, #121, .T. ) ;
#7842 = ORIENTED_EDGE ( 'NONE', *, *, #7265, .T. ) ;
#7843 = CARTESIAN_POINT ( 'NONE',  ( 6.250000000000000000, 0.0000000000000000000, 248.0000000000000000 ) ) ;
#7844 = CC_DESIGN_PERSON_AND_ORGANIZATION_ASSIGNMENT ( #10165, #3051, ( #7245 ) ) ;
#7845 = EDGE_CURVE ( 'NONE', #4594, #6017, #6268, .T. ) ;
#7846 = ORIENTED_EDGE ( 'NONE', *, *, #1138, .F. ) ;
#7847 = FACE_OUTER_BOUND ( 'NONE', #6061, .T. ) ;
#7848 = DIRECTION ( 'NONE',  ( 0.0000000000000000000, 0.0000000000000000000, 1.000000000000000000 ) ) ;
#7849 = CARTESIAN_POINT ( 'NONE',  ( 3.950000000000000200, -4.474999999999999600, 71.99899999999999500 ) ) ;
#7850 = PERSON_AND_ORGANIZATION_ROLE ( 'classification_officer' ) ;
#7851 = VECTOR ( 'NONE', #10395, 1000.000000000000000 ) ;
#7852 = ORIENTED_EDGE ( 'NONE', *, *, #9297, .F. ) ;
#7853 = CARTESIAN_POINT ( 'NONE',  ( 0.0000000000000000000, 21.30000000000000100, 248.0000000000000000 ) ) ;
#7854 = DIRECTION ( 'NONE',  ( -1.000000000000000000, 0.0000000000000000000, 1.047444401652940200E-014 ) ) ;
#7855 = VERTEX_POINT ( 'NONE', #3540 ) ;
#7856 = CARTESIAN_POINT ( 'NONE',  ( -0.5000000000000000000, -1.772609963075401500, 2.597313342352047400 ) ) ;
#7857 = CARTESIAN_POINT ( 'NONE',  ( -3.555000258646199700, 0.9553798049340369600, 0.5000000000000000000 ) ) ;
#7858 = CARTESIAN_POINT ( 'NONE',  ( 5.850000000000001400, -6.275000000000000400, 71.99899999999999500 ) ) ;
#7859 = VECTOR ( 'NONE', #8018, 1000.000000000000000 ) ;
#7860 = ORIENTED_EDGE ( 'NONE', *, *, #2135, .F. ) ;
#7861 = DIRECTION ( 'NONE',  ( -0.0000000000000000000, -0.0000000000000000000, 1.000000000000000000 ) ) ;
#7862 = EDGE_CURVE ( 'NONE', #1129, #6183, #8318, .T. ) ;
#7863 = EDGE_CURVE ( 'NONE', #6958, #4305, #10635, .T. ) ;
#7864 = DIRECTION ( 'NONE',  ( 0.0000000000000000000, 0.0000000000000000000, 1.000000000000000000 ) ) ;
#7865 = VERTEX_POINT ( 'NONE', #9660 ) ;
#7866 = COORDINATED_UNIVERSAL_TIME_OFFSET ( 1, 0, .AHEAD. ) ;
#7867 = DIRECTION ( 'NONE',  ( -0.0000000000000000000, -0.0000000000000000000, -1.000000000000000000 ) ) ;
#7868 = CARTESIAN_POINT ( 'NONE',  ( 1.249999999999998200, -3.833233541708432300E-017, -7.999999999999994700 ) ) ;
#7869 = ORIENTED_EDGE ( 'NONE', *, *, #9626, .F. ) ;
#7870 = CARTESIAN_POINT ( 'NONE',  ( 5.850000000000001400, -9.525000000000000400, 72.00000000000001400 ) ) ;
#7871 = CIRCLE ( 'NONE', #2202, 0.4000000000000000800 ) ;
#7872 = ORIENTED_EDGE ( 'NONE', *, *, #9687, .T. ) ;
#7873 = CARTESIAN_POINT ( 'NONE',  ( 2.943331757292033200, -2.356332379780689700, 0.4999999999999979500 ) ) ;
#7874 = UNCERTAINTY_MEASURE_WITH_UNIT (LENGTH_MEASURE( 1.000000000000000100E-005 ), #2677, 'distance_accuracy_value', 'NONE');
#7875 = PERSON_AND_ORGANIZATION ( #9810, #4463 ) ;
#7876 = CARTESIAN_POINT ( 'NONE',  ( -73.50000000000000000, 1.500000000000000000, 168.0000000000000000 ) ) ;
#7877 = EDGE_LOOP ( 'NONE', ( #2547, #8474 ) ) ;
#7878 = FACE_OUTER_BOUND ( 'NONE', #10646, .T. ) ;
#7879 = ORIENTED_EDGE ( 'NONE', *, *, #10482, .T. ) ;
#7880 = ORIENTED_EDGE ( 'NONE', *, *, #7863, .T. ) ;
#7881 = AXIS2_PLACEMENT_3D ( 'NONE', #6133, #9665, #4415 ) ;
#7882 = CARTESIAN_POINT ( 'NONE',  ( -3.649999999999999900, 7.871034431950294300E-014, 0.5000000000000000000 ) ) ;
#7883 = PERSON_AND_ORGANIZATION ( #9810, #4463 ) ;
#7884 = CARTESIAN_POINT ( 'NONE',  ( 0.0000000000000000000, -3.700000000000000200, 3.000000000000000000 ) ) ;
#7885 = DATE_TIME_ROLE ( 'classification_date' ) ;
#7886 = CARTESIAN_POINT ( 'NONE',  ( -0.2000000000000000100, -14.50000000000000000, 72.00000000000001400 ) ) ;
#7887 = DIRECTION ( 'NONE',  ( 1.047444401652940200E-014, 0.0000000000000000000, 1.000000000000000000 ) ) ;
#7888 = CARTESIAN_POINT ( 'NONE',  ( 2.943334083476184300, -2.356394625395345600, -0.4999999999999971700 ) ) ;
#7889 = CARTESIAN_POINT ( 'NONE',  ( 2.243095548590674900, -2.918783954071120200, 0.5000000000000000000 ) ) ;
#7890 = AXIS2_PLACEMENT_3D ( 'NONE', #1846, #7917, #2716 ) ;
#7891 = PERSON ( 'NAUO-PER14', 'UNSPECIFIED', 'UNSPECIFIED', ('UNSPECIFIED'), ('UNSPECIFIED'), ('UNSPECIFIED') ) ;
#7892 = DIRECTION ( 'NONE',  ( 1.000000000000000000, 0.0000000000000000000, 0.0000000000000000000 ) ) ;
#7893 = VERTEX_POINT ( 'NONE', #54 ) ;
#7894 = DIRECTION ( 'NONE',  ( 0.0000000000000000000, 0.0000000000000000000, 1.000000000000000000 ) ) ;
#7895 = CARTESIAN_POINT ( 'NONE',  ( -83.39999999999570000, -49.25000000000000000, 0.0000000000000000000 ) ) ;
#7896 = CARTESIAN_POINT ( 'NONE',  ( -2.918783974753356600, -2.243095527908440400, 0.5000000000000002200 ) ) ;
#7897 = VERTEX_POINT ( 'NONE', #7926 ) ;
#7898 = DIRECTION ( 'NONE',  ( -0.8191520442889969100, -0.5735764363510388300, 0.0000000000000000000 ) ) ;
#7899 = ORIENTED_EDGE ( 'NONE', *, *, #9163, .T. ) ;
#7900 = ORIENTED_EDGE ( 'NONE', *, *, #6803, .T. ) ;
#7901 = VERTEX_POINT ( 'NONE', #2717 ) ;
#7902 = CC_DESIGN_DATE_AND_TIME_ASSIGNMENT ( #9530, #10705, ( #5552 ) ) ;
#7903 = DIRECTION ( 'NONE',  ( -1.000000000000000000, 0.0000000000000000000, 0.0000000000000000000 ) ) ;
#7904 = APPROVAL ( #6044, 'UNKNOWN' ) ;
#7905 = CARTESIAN_POINT ( 'NONE',  ( -0.7500000000000000000, -7.233910794848550300E-032, -8.000000000000000000 ) ) ;
#7906 = DIRECTION ( 'NONE',  ( 0.0000000000000000000, 0.0000000000000000000, 1.000000000000000000 ) ) ;
#7907 = ORIENTED_EDGE ( 'NONE', *, *, #4113, .F. ) ;
#7908 = CYLINDRICAL_SURFACE ( 'NONE', #3221, 0.2000000000000000900 ) ;
#7909 = VERTEX_POINT ( 'NONE', #1852 ) ;
#7910 = ORIENTED_EDGE ( 'NONE', *, *, #10589, .F. ) ;
#7911 = VERTEX_POINT ( 'NONE', #8801 ) ;
#7912 = CARTESIAN_POINT ( 'NONE',  ( 0.9553797779113728500, 3.555000269839353200, 0.5000000000000000000 ) ) ;
#7913 = DIRECTION ( 'NONE',  ( -9.436237713849984400E-020, -1.347634408217944600E-019, -1.000000000000000000 ) ) ;
#7914 = APPLICATION_CONTEXT ( 'configuration controlled 3d designs of mechanical parts and assemblies' ) ;
#7915 = DIRECTION ( 'NONE',  ( 6.071532165918830700E-016, 1.000000000000000000, 0.0000000000000000000 ) ) ;
#7916 = CARTESIAN_POINT ( 'NONE',  ( -3.799999999999999800, 4.975000000000000500, -0.001000000000000999900 ) ) ;
#7917 = DIRECTION ( 'NONE',  ( 0.0000000000000000000, 0.0000000000000000000, -1.000000000000000000 ) ) ;
#7918 = EDGE_CURVE ( 'NONE', #2823, #2103, #3690, .T. ) ;
#7919 = EDGE_CURVE ( 'NONE', #4680, #680, #1392, .T. ) ;
#7920 = VECTOR ( 'NONE', #9094, 1000.000000000000000 ) ;
#7921 = ORIENTED_EDGE ( 'NONE', *, *, #389, .F. ) ;
#7922 = VERTEX_POINT ( 'NONE', #6198 ) ;
#7923 = ORIENTED_EDGE ( 'NONE', *, *, #9310, .T. ) ;
#7924 = CIRCLE ( 'NONE', #9334, 0.2000000000000000900 ) ;
#7925 = LOCAL_TIME ( 11, 17, 25.00000000000000000, #10230 ) ;
#7926 = CARTESIAN_POINT ( 'NONE',  ( -3.799999999999999800, 9.275000000000000400, 248.0000000000000000 ) ) ;
#7927 = DIRECTION ( 'NONE',  ( -1.000000000000000000, 0.0000000000000000000, 0.0000000000000000000 ) ) ;
#7928 = DIRECTION ( 'NONE',  ( -0.0000000000000000000, -0.0000000000000000000, 1.000000000000000000 ) ) ;
#7929 = CARTESIAN_POINT ( 'NONE',  ( 3.950000000000000200, -15.62500000000000000, 72.00000000000001400 ) ) ;
#7930 = VECTOR ( 'NONE', #4588, 1000.000000000000000 ) ;
#7931 = DIRECTION ( 'NONE',  ( -6.454785026890447800E-015, -1.000000000000000000, 0.0000000000000000000 ) ) ;
#7932 = ORIENTED_EDGE ( 'NONE', *, *, #5577, .T. ) ;
#7933 = LINE ( 'NONE', #1281, #988 ) ;
#7934 = CALENDAR_DATE ( 2023, 9, 11 ) ;
#7935 = AXIS2_PLACEMENT_3D ( 'NONE', #4759, #10861, #5639 ) ;
#7936 = CIRCLE ( 'NONE', #10862, 2.149999999999999000 ) ;
#7937 = DIRECTION ( 'NONE',  ( -1.000000000000000000, -0.0000000000000000000, 0.0000000000000000000 ) ) ;
#7938 = VERTEX_POINT ( 'NONE', #122 ) ;
#7939 = EDGE_CURVE ( 'NONE', #3019, #7326, #10245, .T. ) ;
#7940 = PLANE ( 'NONE',  #863 ) ;
#7941 = AXIS2_PLACEMENT_3D ( 'NONE', #4597, #10698, #5469 ) ;
#7942 = CYLINDRICAL_SURFACE ( 'NONE', #6677, 2.000000000000000000 ) ;
#7943 = VECTOR ( 'NONE', #2418, 1000.000000000000000 ) ;
#7944 = DIRECTION ( 'NONE',  ( -0.0000000000000000000, 1.000000000000000000, 0.0000000000000000000 ) ) ;
#7945 = DIRECTION ( 'NONE',  ( -1.000000000000000000, 0.0000000000000000000, 0.0000000000000000000 ) ) ;
#7946 = FACE_OUTER_BOUND ( 'NONE', #384, .T. ) ;
#7947 = PLANE ( 'NONE',  #9802 ) ;
#7948 = VECTOR ( 'NONE', #1186, 1000.000000000000000 ) ;
#7949 = ORIENTED_EDGE ( 'NONE', *, *, #9135, .F. ) ;
#7950 = DIRECTION ( 'NONE',  ( 0.0000000000000000000, 0.0000000000000000000, 1.000000000000000000 ) ) ;
#7951 = AXIS2_PLACEMENT_3D ( 'NONE', #92, #6163, #962 ) ;
#7952 = ADVANCED_FACE ( 'NONE', ( #8062 ), #991, .T. ) ;
#7953 = FACE_OUTER_BOUND ( 'NONE', #9829, .T. ) ;
#7954 = ORIENTED_EDGE ( 'NONE', *, *, #2309, .F. ) ;
#7955 = APPROVAL_STATUS ( 'not_yet_approved' ) ;
#7956 = CARTESIAN_POINT ( 'NONE',  ( 3.950000000000000200, 10.12500000000000000, 248.0000000000000000 ) ) ;
#7957 = CARTESIAN_POINT ( 'NONE',  ( -1.499503652646089900, -3.999999999999999600, -2.295056433026238200 ) ) ;
#7958 = CONTEXT_DEPENDENT_SHAPE_REPRESENTATION ( #11024, #1070 ) ;
#7959 = DIRECTION ( 'NONE',  ( -4.483937902363304800E-016, 1.000000000000000000, 0.0000000000000000000 ) ) ;
#7960 = CARTESIAN_POINT ( 'NONE',  ( -88.50000000000000000, 31.00000000000000000, 185.0000000000000000 ) ) ;
#7961 = VERTEX_POINT ( 'NONE', #6235 ) ;
#7962 = LINE ( 'NONE', #6471, #3323 ) ;
#7963 = VECTOR ( 'NONE', #6709, 1000.000000000000000 ) ;
#7964 = ORIENTED_EDGE ( 'NONE', *, *, #9854, .T. ) ;
#7965 = DIRECTION ( 'NONE',  ( 0.0000000000000000000, 0.0000000000000000000, 1.000000000000000000 ) ) ;
#7966 = VECTOR ( 'NONE', #10671, 1000.000000000000000 ) ;
#7967 = EDGE_CURVE ( 'NONE', #1826, #23, #5607, .T. ) ;
#7968 = EDGE_CURVE ( 'NONE', #5915, #3352, #3302, .T. ) ;
#7969 = CARTESIAN_POINT ( 'NONE',  ( 88.49999999999975800, 32.34999999999999400, 184.9999999999999700 ) ) ;
#7970 = CC_DESIGN_PERSON_AND_ORGANIZATION_ASSIGNMENT ( #4972, #5662, ( #6937 ) ) ;
#7971 = ORGANIZATION ( 'NAUO-ORG1', 'UNSPECIFIED', 'UNSPECIFIED' ) ;
#7972 = AXIS2_PLACEMENT_3D ( 'NONE', #7956, #2743, #8833 ) ;
#7973 = AXIS2_PLACEMENT_3D ( 'NONE', #4353, #10461, #5237 ) ;
#7974 = DIRECTION ( 'NONE',  ( 1.000000000000000000, 0.0000000000000000000, 0.0000000000000000000 ) ) ;
#7975 = CARTESIAN_POINT ( 'NONE',  ( -1.145643923738960400, 0.0000000000000000000, 0.5000000000000000000 ) ) ;
#7976 = DIRECTION ( 'NONE',  ( 1.000000000000000000, 0.0000000000000000000, 0.0000000000000000000 ) ) ;
#7977 = DIRECTION ( 'NONE',  ( 0.0000000000000000000, 0.0000000000000000000, 1.000000000000000000 ) ) ;
#7978 = LINE ( 'NONE', #3829, #1190 ) ;
#7979 = CIRCLE ( 'NONE', #1329, 1.800000000000000300 ) ;
#7980 = CARTESIAN_POINT ( 'NONE',  ( 2.378146924196519900, -21.30000000000000100, 72.00000000000001400 ) ) ;
#7981 = EDGE_CURVE ( 'NONE', #7287, #8056, #7660, .T. ) ;
#7982 = LINE ( 'NONE', #3120, #7421 ) ;
#7983 = VECTOR ( 'NONE', #3326, 1000.000000000000000 ) ;
#7984 = EDGE_CURVE ( 'NONE', #7480, #7, #1271, .T. ) ;
#7985 = VERTEX_POINT ( 'NONE', #1077 ) ;
#7986 = ORIENTED_EDGE ( 'NONE', *, *, #1710, .F. ) ;
#7987 = DIRECTION ( 'NONE',  ( 1.000000000000000000, 0.0000000000000000000, -0.0000000000000000000 ) ) ;
#7988 = DIRECTION ( 'NONE',  ( 1.000000000000000000, 0.0000000000000000000, 0.0000000000000000000 ) ) ;
#7989 = ORIENTED_EDGE ( 'NONE', *, *, #3297, .F. ) ;
#7990 = DIRECTION ( 'NONE',  ( 0.0000000000000000000, 0.0000000000000000000, 1.000000000000000000 ) ) ;
#7991 = CC_DESIGN_PERSON_AND_ORGANIZATION_ASSIGNMENT ( #10680, #4016, ( #5037 ) ) ;
#7992 = ORIENTED_EDGE ( 'NONE', *, *, #6796, .T. ) ;
#7993 = ORIENTED_EDGE ( 'NONE', *, *, #10589, .T. ) ;
#7994 = EDGE_CURVE ( 'NONE', #4392, #7310, #3032, .T. ) ;
#7995 = ORIENTED_EDGE ( 'NONE', *, *, #7676, .F. ) ;
#7996 = APPROVAL_PERSON_ORGANIZATION ( #10302, #7608, #6577 ) ;
#7997 = CARTESIAN_POINT ( 'NONE',  ( -5.299999999999999800, 16.05552017741234700, 248.0000000000000000 ) ) ;
#7998 = PRODUCT_DEFINITION_SHAPE ( 'NONE', 'NONE',  #1414 ) ;
#7999 = CIRCLE ( 'NONE', #1987, 0.2000000000000000900 ) ;
#8000 = ORIENTED_EDGE ( 'NONE', *, *, #8425, .T. ) ;
#8001 = APPLICATION_PROTOCOL_DEFINITION ( 'international standard', 'config_control_design', 1994, #1902 ) ;
#8002 = CARTESIAN_POINT ( 'NONE',  ( -3.400000000000000400, 3.625000000000000000, 248.0000000000000000 ) ) ;
#8003 = CARTESIAN_POINT ( 'NONE',  ( -0.3880650582421684700, -1.599999999999999900, -2.469697453246349800 ) ) ;
#8004 = CARTESIAN_POINT ( 'NONE',  ( 3.750000000000000000, -10.12500000000000000, 72.00000000000001400 ) ) ;
#8005 = CARTESIAN_POINT ( 'NONE',  ( -4.750000000000000000, -3.700000000000000200, 3.000000000000000000 ) ) ;
#8006 = PERSON_AND_ORGANIZATION ( #9810, #4463 ) ;
#8007 = ORIENTED_EDGE ( 'NONE', *, *, #8213, .T. ) ;
#8008 = EDGE_CURVE ( 'NONE', #10538, #5709, #7936, .T. ) ;
#8009 = CIRCLE ( 'NONE', #9391, 0.1999999999999999800 ) ;
#8010 = ORIENTED_EDGE ( 'NONE', *, *, #9531, .F. ) ;
#8011 = CIRCLE ( 'NONE', #3574, 0.4000000000000001900 ) ;
#8012 = EDGE_LOOP ( 'NONE', ( #10979, #2666, #84, #8333, #4704, #4005, #7828, #841 ) ) ;
#8013 = CARTESIAN_POINT ( 'NONE',  ( 2.378146924196519900, 20.29999999999999700, 248.0000000000000000 ) ) ;
#8014 = CARTESIAN_POINT ( 'NONE',  ( 2.243095548590673200, -2.918783954071121100, 1.499999999999996900 ) ) ;
#8015 = PERSON_AND_ORGANIZATION_ROLE ( 'design_supplier' ) ;
#8016 = CARTESIAN_POINT ( 'NONE',  ( 6.250000000000000000, 1.025000000000000100, 72.00000000000001400 ) ) ;
#8017 = AXIS2_PLACEMENT_3D ( 'NONE', #2911, #9004, #3768 ) ;
#8018 = DIRECTION ( 'NONE',  ( -1.000000000000000000, -0.0000000000000000000, 0.0000000000000000000 ) ) ;
#8019 = CARTESIAN_POINT ( 'NONE',  ( -0.4999999999999997800, -4.000000000000000000, 2.449489742783179700 ) ) ;
#8020 = DATE_AND_TIME ( #10325, #1347 ) ;
#8021 = CARTESIAN_POINT ( 'NONE',  ( -3.399999999999999900, 3.824999999999999700, 248.0000000000000000 ) ) ;
#8022 = ADVANCED_FACE ( 'NONE', ( #7387 ), #9264, .T. ) ;
#8023 = CARTESIAN_POINT ( 'NONE',  ( -88.50000000000000000, 0.1499999999999785900, 0.0000000000000000000 ) ) ;
#8024 = VECTOR ( 'NONE', #320, 1000.000000000000000 ) ;
#8025 = EDGE_LOOP ( 'NONE', ( #5112, #4384, #11004, #9948 ) ) ;
#8026 = DIRECTION ( 'NONE',  ( -1.000000000000000000, 0.0000000000000000000, 0.0000000000000000000 ) ) ;
#8027 = CALENDAR_DATE ( 2023, 9, 11 ) ;
#8028 = CARTESIAN_POINT ( 'NONE',  ( -4.899999999999999500, -4.975000000000000500, 72.00000000000001400 ) ) ;
#8029 = DIRECTION ( 'NONE',  ( 1.000000000000000000, 0.0000000000000000000, 0.0000000000000000000 ) ) ;
#8030 = CARTESIAN_POINT ( 'NONE',  ( 0.0000000000000000000, 3.625000000000000000, 248.0000000000000000 ) ) ;
#8031 = CARTESIAN_POINT ( 'NONE',  ( 90.00000000000001400, 23.22500000000001200, 17.00000000000000000 ) ) ;
#8032 = DIRECTION ( 'NONE',  ( 0.0000000000000000000, -1.000000000000000000, 0.0000000000000000000 ) ) ;
#8033 = ORIENTED_EDGE ( 'NONE', *, *, #6657, .T. ) ;
#8034 = AXIS2_PLACEMENT_3D ( 'NONE', #2907, #9002, #3767 ) ;
#8035 = CARTESIAN_POINT ( 'NONE',  ( -1.217465845835394900, -0.3271848554491002000, -7.500000000000000900 ) ) ;
#8036 = AXIS2_PLACEMENT_3D ( 'NONE', #6374, #1176, #7252 ) ;
#8037 = DIRECTION ( 'NONE',  ( -1.000000000000000000, 0.0000000000000000000, 0.0000000000000000000 ) ) ;
#8038 = EDGE_CURVE ( 'NONE', #2543, #1326, #728, .T. ) ;
#8039 = ORIENTED_EDGE ( 'NONE', *, *, #4185, .T. ) ;
#8040 = ORIENTED_EDGE ( 'NONE', *, *, #8147, .T. ) ;
#8041 = EDGE_CURVE ( 'NONE', #9565, #3210, #3605, .T. ) ;
#8042 = EDGE_LOOP ( 'NONE', ( #954, #7923, #3884, #7639 ) ) ;
#8043 = VECTOR ( 'NONE', #2326, 1000.000000000000000 ) ;
#8044 = DIRECTION ( 'NONE',  ( -1.000000000000000000, 0.0000000000000000000, 0.0000000000000000000 ) ) ;
#8045 = VERTEX_POINT ( 'NONE', #5429 ) ;
#8046 = CARTESIAN_POINT ( 'NONE',  ( 0.9553798049339908800, 3.555000258646219700, 0.5000000000000000000 ) ) ;
#8047 = PRODUCT ( 'ZR185.180.65', 'ZR185.180.65', '', ( #4437 ) ) ;
#8048 = PERSON_AND_ORGANIZATION_ROLE ( 'creator' ) ;
#8049 = CARTESIAN_POINT ( 'NONE',  ( 6.250000000000000000, 12.50000000000000000, 248.0000000000000000 ) ) ;
#8050 = DIRECTION ( 'NONE',  ( 1.000000000000000000, 0.0000000000000000000, -0.0000000000000000000 ) ) ;
#8051 = DIRECTION ( 'NONE',  ( 0.0000000000000000000, 0.0000000000000000000, 1.000000000000000000 ) ) ;
#8052 = DIRECTION ( 'NONE',  ( -1.000000000000000000, 0.0000000000000000000, 0.0000000000000000000 ) ) ;
#8053 = CARTESIAN_POINT ( 'NONE',  ( 0.1963109229443166200, 0.7304795034938333900, -8.000000000000000000 ) ) ;
#8054 = CC_DESIGN_PERSON_AND_ORGANIZATION_ASSIGNMENT ( #799, #5581, ( #5687 ) ) ;
#8055 = DIRECTION ( 'NONE',  ( 1.000000000000000000, 0.0000000000000000000, 0.0000000000000000000 ) ) ;
#8056 = VERTEX_POINT ( 'NONE', #305 ) ;
#8057 = VECTOR ( 'NONE', #714, 1000.000000000000000 ) ;
#8058 = EDGE_LOOP ( 'NONE', ( #8524, #1019, #5011, #553 ) ) ;
#8059 = ORIENTED_EDGE ( 'NONE', *, *, #1744, .F. ) ;
#8060 = ORIENTED_EDGE ( 'NONE', *, *, #9462, .F. ) ;
#8061 = ORIENTED_EDGE ( 'NONE', *, *, #4466, .T. ) ;
#8062 = FACE_OUTER_BOUND ( 'NONE', #4655, .T. ) ;
#8063 = DIRECTION ( 'NONE',  ( 1.000000000000000000, -7.610399765575671300E-015, -0.0000000000000000000 ) ) ;
#8064 = VECTOR ( 'NONE', #1797, 1000.000000000000000 ) ;
#8065 = DIRECTION ( 'NONE',  ( 0.0000000000000000000, 0.0000000000000000000, -1.000000000000000000 ) ) ;
#8066 = DIRECTION ( 'NONE',  ( 1.000000000000000000, 0.0000000000000000000, 0.0000000000000000000 ) ) ;
#8067 = FACE_OUTER_BOUND ( 'NONE', #3043, .T. ) ;
#8068 = ADVANCED_FACE ( 'NONE', ( #1308 ), #5644, .T. ) ;
#8069 = ORGANIZATION ( 'NAUO-ORG19', 'UNSPECIFIED', 'UNSPECIFIED' ) ;
#8070 = DIRECTION ( 'NONE',  ( -0.0000000000000000000, -0.0000000000000000000, -1.000000000000000000 ) ) ;
#8071 = EDGE_LOOP ( 'NONE', ( #8113, #6566, #8007, #7774 ) ) ;
#8072 = EDGE_CURVE ( 'NONE', #6107, #7985, #10281, .T. ) ;
#8073 = AXIS2_PLACEMENT_3D ( 'NONE', #9560, #4323, #10414 ) ;
#8074 = CIRCLE ( 'NONE', #10846, 2.150000000000012800 ) ;
#8075 = CARTESIAN_POINT ( 'NONE',  ( 0.5062926226404931300, -3.092303132795075200, -3.222113615446451400 ) ) ;
#8076 = LINE ( 'NONE', #903, #3167 ) ;
#8077 = CARTESIAN_POINT ( 'NONE',  ( 0.8000000000000000400, 9.199999999999999300, 248.0000000000000000 ) ) ;
#8078 = CALENDAR_DATE ( 2023, 9, 11 ) ;
#8079 = ADVANCED_FACE ( 'NONE', ( #1025, #8253 ), #4669, .F. ) ;
#8080 = CARTESIAN_POINT ( 'NONE',  ( 3.950000000000000200, -15.42499999999999900, 71.99899999999999500 ) ) ;
#8081 = CARTESIAN_POINT ( 'NONE',  ( -2.918783954071170000, -2.243095548590625200, 0.5000000000000000000 ) ) ;
#8082 = PERSON_AND_ORGANIZATION_ROLE ( 'design_owner' ) ;
#8083 = ORIENTED_EDGE ( 'NONE', *, *, #939, .T. ) ;
#8084 = DIRECTION ( 'NONE',  ( 0.0000000000000000000, 1.000000000000000000, 0.0000000000000000000 ) ) ;
#8085 = LINE ( 'NONE', #6224, #6030 ) ;
#8086 = DIRECTION ( 'NONE',  ( 1.000000000000000000, 0.0000000000000000000, 0.0000000000000000000 ) ) ;
#8087 = CARTESIAN_POINT ( 'NONE',  ( 1.250000000000000000, 2.677674074204618600E-014, -7.500000000000000000 ) ) ;
#8088 = CARTESIAN_POINT ( 'NONE',  ( 3.750000000000000400, 2.824999999999999700, 71.99899999999999500 ) ) ;
#8089 = DIRECTION ( 'NONE',  ( -0.0000000000000000000, 0.0000000000000000000, 1.000000000000000000 ) ) ;
#8090 = B_SPLINE_CURVE_WITH_KNOTS ( 'NONE', 3,
 ( #7493, #1420, #3164, #9255, #4021, #10125, #4898, #11002, #5773, #583, #6656, #1457, #7527, #2331 ),
 .UNSPECIFIED., .F., .F.,
 ( 4, 2, 2, 2, 2, 2, 4 ),
 ( 2.168404344971008900E-019, 0.0006779370042854725700, 0.001016905506428208600, 0.001355874008570944900, 0.001694842510713681200, 0.002033811012856417300, 0.002711748017141887700 ),
 .UNSPECIFIED. ) ;
#8091 = VECTOR ( 'NONE', #739, 1000.000000000000000 ) ;
#8092 = LINE ( 'NONE', #1318, #3718 ) ;
#8093 = DIRECTION ( 'NONE',  ( 1.000000000000000000, 1.040834085586083900E-016, 0.0000000000000000000 ) ) ;
#8094 = CARTESIAN_POINT ( 'NONE',  ( -2.500000000000000000, -10.62500000000000000, 72.00000000000001400 ) ) ;
#8095 = DATE_AND_TIME ( #10401, #1415 ) ;
#8096 = AXIS2_PLACEMENT_3D ( 'NONE', #8185, #7338, #2134 ) ;
#8097 = ORIENTED_EDGE ( 'NONE', *, *, #1710, .T. ) ;
#8098 = VECTOR ( 'NONE', #7803, 1000.000000000000000 ) ;
#8099 = LINE ( 'NONE', #9782, #3458 ) ;
#8100 = ORIENTED_EDGE ( 'NONE', *, *, #7726, .T. ) ;
#8101 = CARTESIAN_POINT ( 'NONE',  ( 0.5000000000000005600, -3.647626508085710200, -2.734289214343054800 ) ) ;
#8102 = VECTOR ( 'NONE', #5694, 1000.000000000000000 ) ;
#8103 = COORDINATED_UNIVERSAL_TIME_OFFSET ( 1, 0, .AHEAD. ) ;
#8104 = ORIENTED_EDGE ( 'NONE', *, *, #5684, .F. ) ;
#8105 = AXIS2_PLACEMENT_3D ( 'NONE', #10091, #4869, #10965 ) ;
#8106 = VECTOR ( 'NONE', #8170, 1000.000000000000000 ) ;
#8107 = ORIENTED_EDGE ( 'NONE', *, *, #11259, .F. ) ;
#8108 = DIRECTION ( 'NONE',  ( -0.0000000000000000000, -0.0000000000000000000, 1.000000000000000000 ) ) ;
#8109 = LINE ( 'NONE', #3516, #1167 ) ;
#8110 = LINE ( 'NONE', #2914, #10141 ) ;
#8111 = ORIENTED_EDGE ( 'NONE', *, *, #339, .F. ) ;
#8112 = ORIENTED_EDGE ( 'NONE', *, *, #5577, .F. ) ;
#8113 = ORIENTED_EDGE ( 'NONE', *, *, #8737, .T. ) ;
#8114 = CARTESIAN_POINT ( 'NONE',  ( -4.500000000000000900, -9.275000000000000400, -0.001000000000000999900 ) ) ;
#8115 = DIRECTION ( 'NONE',  ( -1.000000000000000000, -0.0000000000000000000, 0.0000000000000000000 ) ) ;
#8116 = EDGE_LOOP ( 'NONE', ( #9646, #1908, #3006, #2846 ) ) ;
#8117 = CIRCLE ( 'NONE', #10335, 0.4000000000000001900 ) ;
#8118 = CARTESIAN_POINT ( 'NONE',  ( 6.250000000000000000, -2.625000000000000000, 72.00000000000001400 ) ) ;
#8119 = FACE_OUTER_BOUND ( 'NONE', #1137, .T. ) ;
#8120 = EDGE_CURVE ( 'NONE', #9284, #1165, #7979, .T. ) ;
#8121 = CLOSED_SHELL ( 'NONE', ( #3211, #3377, #2711, #5766, #1099, #10278, #10062, #3771, #9387, #9170, #3731, #5809, #7274, #1052, #5864, #1452, #9159, #8520 ) ) ;
#8122 = ORIENTED_EDGE ( 'NONE', *, *, #8188, .F. ) ;
#8123 = CARTESIAN_POINT ( 'NONE',  ( 73.50000000000000000, 2.168404344971008900E-016, 170.5000000000000000 ) ) ;
#8124 = CC_DESIGN_APPROVAL ( #7512, ( #6946 ) ) ;
#8125 = CARTESIAN_POINT ( 'NONE',  ( 3.649999999999999900, 0.0000000000000000000, 0.5000000000000000000 ) ) ;
#8126 = DATE_TIME_ROLE ( 'classification_date' ) ;
#8127 = VERTEX_POINT ( 'NONE', #2101 ) ;
#8128 = AXIS2_PLACEMENT_3D ( 'NONE', #8621, #1753, #7823 ) ;
#8129 = CARTESIAN_POINT ( 'NONE',  ( -3.250000000000000400, 1.898202538678397700E-016, 65.07035354437189800 ) ) ;
#8130 = CARTESIAN_POINT ( 'NONE',  ( 3.950000000000000200, 6.474999999999999600, 71.99899999999999500 ) ) ;
#8131 = DIRECTION ( 'NONE',  ( -1.000000000000000000, 7.610399765575671300E-015, 0.0000000000000000000 ) ) ;
#8132 = EDGE_CURVE ( 'NONE', #6183, #1129, #7699, .T. ) ;
#8133 = CC_DESIGN_SECURITY_CLASSIFICATION ( #7517, ( #11302 ) ) ;
#8134 = ADVANCED_FACE ( 'NONE', ( #3335 ), #9758, .F. ) ;
#8135 = VECTOR ( 'NONE', #8844, 1000.000000000000000 ) ;
#8136 = ORIENTED_EDGE ( 'NONE', *, *, #5935, .F. ) ;
#8137 = EDGE_CURVE ( 'NONE', #9216, #9056, #767, .T. ) ;
#8138 = CARTESIAN_POINT ( 'NONE',  ( 5.850000000000001400, -17.22500000000000100, 71.99899999999999500 ) ) ;
#8139 = DIRECTION ( 'NONE',  ( 0.0000000000000000000, -0.0000000000000000000, -1.000000000000000000 ) ) ;
#8140 = DIRECTION ( 'NONE',  ( 0.0000000000000000000, -1.000000000000000000, -0.0000000000000000000 ) ) ;
#8141 = DATE_AND_TIME ( #10448, #1458 ) ;
#8142 = CARTESIAN_POINT ( 'NONE',  ( -2.837722004935220100, -17.86858384626960100, 248.0000000000000000 ) ) ;
#8143 = APPROVAL ( #1574, 'UNKNOWN' ) ;
#8144 = CYLINDRICAL_SURFACE ( 'NONE', #11163, 2.149999999999999000 ) ;
#8145 = EDGE_LOOP ( 'NONE', ( #2132, #8206, #4825, #5547 ) ) ;
#8146 = ADVANCED_FACE ( 'NONE', ( #3070 ), #2801, .F. ) ;
#8147 = EDGE_CURVE ( 'NONE', #637, #7414, #5092, .T. ) ;
#8148 = EDGE_CURVE ( 'NONE', #7076, #10856, #10013, .T. ) ;
#8149 = CARTESIAN_POINT ( 'NONE',  ( 0.5997501243938350200, 0.4609100473859950000, -8.000000000000000000 ) ) ;
#8150 = COORDINATED_UNIVERSAL_TIME_OFFSET ( 1, 0, .AHEAD. ) ;
#8151 = DIRECTION ( 'NONE',  ( 0.0000000000000000000, 0.0000000000000000000, 1.000000000000000000 ) ) ;
#8152 = ORIENTED_EDGE ( 'NONE', *, *, #6365, .T. ) ;
#8153 = CARTESIAN_POINT ( 'NONE',  ( -88.49999999999998600, 32.34999999999999400, 184.9999999999999700 ) ) ;
#8154 = LINE ( 'NONE', #959, #10463 ) ;
#8155 = ORIENTED_EDGE ( 'NONE', *, *, #985, .F. ) ;
#8156 = EDGE_CURVE ( 'NONE', #1727, #1945, #5367, .T. ) ;
#8157 = DIRECTION ( 'NONE',  ( 1.000000000000000000, 0.0000000000000000000, 0.0000000000000000000 ) ) ;
#8158 = PERSON_AND_ORGANIZATION ( #9810, #4463 ) ;
#8159 = CARTESIAN_POINT ( 'NONE',  ( 2.378146924196519900, 21.30000000000000100, 248.0000000000000000 ) ) ;
#8160 = DIRECTION ( 'NONE',  ( 0.0000000000000000000, 0.0000000000000000000, 1.000000000000000000 ) ) ;
#8161 = CARTESIAN_POINT ( 'NONE',  ( -86.50000000000001400, 29.00000000000000000, 367.9104972384030200 ) ) ;
#8162 = APPROVAL_ROLE ( '' ) ;
#8163 = EDGE_CURVE ( 'NONE', #6953, #1873, #7420, .T. ) ;
#8164 = DIRECTION ( 'NONE',  ( 0.0000000000000000000, 1.000000000000000000, 0.0000000000000000000 ) ) ;
#8165 = PLANE ( 'NONE',  #231 ) ;
#8167 = AXIS2_PLACEMENT_3D ( 'NONE', #3233, #4967, #11070 ) ;
#8166 = AXIS2_PLACEMENT_3D ( 'NONE', #5544, #348, #6420 ) ;
#8168 = CARTESIAN_POINT ( 'NONE',  ( -4.899999999999999500, -4.575000000000000200, 72.00000000000001400 ) ) ;
#8169 = PLANE ( 'NONE',  #9314 ) ;
#8170 = DIRECTION ( 'NONE',  ( 0.0000000000000000000, 0.0000000000000000000, 1.000000000000000000 ) ) ;
#8171 = CARTESIAN_POINT ( 'NONE',  ( 2.250000000000000400, 0.8249999999999999600, 72.00000000000001400 ) ) ;
#8172 = ORIENTED_EDGE ( 'NONE', *, *, #3814, .T. ) ;
#8173 = DIRECTION ( 'NONE',  ( 1.000000000000000000, 0.0000000000000000000, 0.0000000000000000000 ) ) ;
#8174 = DIRECTION ( 'NONE',  ( 0.0000000000000000000, 0.0000000000000000000, 1.000000000000000000 ) ) ;
#8175 = DIRECTION ( 'NONE',  ( 0.0000000000000000000, 1.000000000000000000, 0.0000000000000000000 ) ) ;
#8176 = CARTESIAN_POINT ( 'NONE',  ( 5.850000000000001400, -15.62500000000000000, 248.0000000000000000 ) ) ;
#8177 = ORIENTED_EDGE ( 'NONE', *, *, #3582, .F. ) ;
#8178 = CARTESIAN_POINT ( 'NONE',  ( 3.950000000000000200, -8.125000000000000000, 71.99899999999999500 ) ) ;
#8179 = AXIS2_PLACEMENT_3D ( 'NONE', #3985, #556, #8344 ) ;
#8180 = ORIENTED_EDGE ( 'NONE', *, *, #6272, .T. ) ;
#8181 = ORIENTED_EDGE ( 'NONE', *, *, #2888, .F. ) ;
#8182 = VERTEX_POINT ( 'NONE', #4456 ) ;
#8183 = ADVANCED_FACE ( 'NONE', ( #7139 ), #6880, .F. ) ;
#8184 = CARTESIAN_POINT ( 'NONE',  ( 0.8309713053962711800, 1.441747545844420700, 1.500000000000000200 ) ) ;
#8185 = CARTESIAN_POINT ( 'NONE',  ( 3.750000000000000000, -11.97500000000000000, 71.99899999999999500 ) ) ;
#8186 = EDGE_CURVE ( 'NONE', #3744, #4196, #6052, .T. ) ;
#8187 = ORIENTED_EDGE ( 'NONE', *, *, #10665, .T. ) ;
#8188 = EDGE_CURVE ( 'NONE', #8596, #5702, #210, .T. ) ;
#8189 = LINE ( 'NONE', #8016, #5837 ) ;
#8190 = ORIENTED_EDGE ( 'NONE', *, *, #2136, .F. ) ;
#8191 = AXIS2_PLACEMENT_3D ( 'NONE', #849, #6931, #1738 ) ;
#8192 = AXIS2_PLACEMENT_3D ( 'NONE', #6580, #1383, #7465 ) ;
#8193 = ORIENTED_EDGE ( 'NONE', *, *, #1818, .F. ) ;
#8194 = AXIS2_PLACEMENT_3D ( 'NONE', #9151, #1356, #7428 ) ;
#8195 = ORIENTED_EDGE ( 'NONE', *, *, #6943, .T. ) ;
#8196 = DIRECTION ( 'NONE',  ( 0.0000000000000000000, 0.0000000000000000000, -1.000000000000000000 ) ) ;
#8197 = EDGE_CURVE ( 'NONE', #4308, #9136, #481, .T. ) ;
#8198 = DIRECTION ( 'NONE',  ( 0.0000000000000000000, 0.0000000000000000000, -1.000000000000000000 ) ) ;
#8199 = EDGE_CURVE ( 'NONE', #1010, #11169, #2533, .T. ) ;
#8200 = ADVANCED_FACE ( 'NONE', ( #2252 ), #4569, .F. ) ;
#8201 = DIRECTION ( 'NONE',  ( -6.454785026890447800E-015, -1.000000000000000000, 0.0000000000000000000 ) ) ;
#8202 = APPROVAL_STATUS ( 'not_yet_approved' ) ;
#8203 = LINE ( 'NONE', #334, #5849 ) ;
#8204 = CARTESIAN_POINT ( 'NONE',  ( 73.50000000000000000, 1.500000000000000000, 168.0000000000000000 ) ) ;
#8205 = CARTESIAN_POINT ( 'NONE',  ( 0.8000000000000000400, 5.450000000000000200, 248.0000000000000000 ) ) ;
#8206 = ORIENTED_EDGE ( 'NONE', *, *, #4450, .T. ) ;
#8207 = DIRECTION ( 'NONE',  ( 0.0000000000000000000, 1.000000000000000000, 0.0000000000000000000 ) ) ;
#8208 = ORIENTED_EDGE ( 'NONE', *, *, #6209, .F. ) ;
#8209 = CIRCLE ( 'NONE', #6997, 0.4000000000000000200 ) ;
#8210 = COORDINATED_UNIVERSAL_TIME_OFFSET ( 1, 0, .AHEAD. ) ;
#8211 = CC_DESIGN_APPROVAL ( #7608, ( #5833 ) ) ;
#8212 = CARTESIAN_POINT ( 'NONE',  ( 0.0000000000000000000, 0.0000000000000000000, 1.500000000000000000 ) ) ;
#8213 = EDGE_CURVE ( 'NONE', #8581, #5495, #8923, .T. ) ;
#8214 = FACE_OUTER_BOUND ( 'NONE', #8042, .T. ) ;
#8215 = CARTESIAN_POINT ( 'NONE',  ( -88.50000000000000000, 32.50000000000000000, 367.9104972384030200 ) ) ;
#8216 = DIRECTION ( 'NONE',  ( -0.0000000000000000000, -0.0000000000000000000, 1.000000000000000000 ) ) ;
#8217 = VECTOR ( 'NONE', #404, 1000.000000000000000 ) ;
#8218 = ITEM_DEFINED_TRANSFORMATION ( 'NONE', 'NONE', #10512,  #7819 ) ;
#8219 = ORIENTED_EDGE ( 'NONE', *, *, #6562, .T. ) ;
#8220 = CIRCLE ( 'NONE', #4914, 0.2000000000000000900 ) ;
#8221 = VECTOR ( 'NONE', #8454, 1000.000000000000000 ) ;
#8222 = CARTESIAN_POINT ( 'NONE',  ( -86.50000000000001400, 31.00000000000000000, 185.0000000000000000 ) ) ;
#8223 = CARTESIAN_POINT ( 'NONE',  ( 0.5000000000000000000, 0.0000000000000000000, 4.000000000000000000 ) ) ;
#8224 = CYLINDRICAL_SURFACE ( 'NONE', #4452, 0.4000000000000001900 ) ;
#8225 = PERSON_AND_ORGANIZATION ( #5249, #10530 ) ;
#8226 = EDGE_CURVE ( 'NONE', #6131, #5854, #4285, .T. ) ;
#8227 = ORIENTED_EDGE ( 'NONE', *, *, #10947, .T. ) ;
#8228 = AXIS2_PLACEMENT_3D ( 'NONE', #6558, #1368, #7451 ) ;
#8229 = CIRCLE ( 'NONE', #5939, 0.4000000000000001900 ) ;
#8230 = ORIENTED_EDGE ( 'NONE', *, *, #6746, .T. ) ;
#8231 = DIRECTION ( 'NONE',  ( 0.0000000000000000000, 0.0000000000000000000, 1.000000000000000000 ) ) ;
#8232 = FACE_OUTER_BOUND ( 'NONE', #6388, .T. ) ;
#8233 = CARTESIAN_POINT ( 'NONE',  ( 6.250000000000000000, 13.17499999999999900, 72.00000000000001400 ) ) ;
#8234 = ORIENTED_EDGE ( 'NONE', *, *, #3002, .T. ) ;
#8235 = DATE_AND_TIME ( #10542, #1564 ) ;
#8236 = APPLICATION_PROTOCOL_DEFINITION ( 'international standard', 'config_control_design', 1994, #7914 ) ;
#8237 = CARTESIAN_POINT ( 'NONE',  ( 6.250000000000000000, 0.0000000000000000000, 248.0000000000000000 ) ) ;
#8238 = DIRECTION ( 'NONE',  ( 1.000000000000000000, 0.0000000000000000000, 0.0000000000000000000 ) ) ;
#8239 = DIRECTION ( 'NONE',  ( 1.000000000000000000, 0.0000000000000000000, 0.0000000000000000000 ) ) ;
#8240 = DIRECTION ( 'NONE',  ( 0.0000000000000000000, 0.0000000000000000000, 1.000000000000000000 ) ) ;
#8241 = CARTESIAN_POINT ( 'NONE',  ( -0.4999999999999996700, -4.000000000000000000, -2.449489742783179700 ) ) ;
#8242 = ORIENTED_EDGE ( 'NONE', *, *, #4998, .T. ) ;
#8243 = LINE ( 'NONE', #2035, #1301 ) ;
#8244 = ADVANCED_FACE ( 'NONE', ( #10950 ), #3990, .F. ) ;
#8245 = CYLINDRICAL_SURFACE ( 'NONE', #233, 0.2000000000000000900 ) ;
#8246 = CLOSED_SHELL ( 'NONE', ( #379, #8146, #8946, #6857, #7334, #251, #1504, #7386, #5014, #5745, #2887, #4857, #3664, #472, #765, #4109, #8338, #9249, #10521, #585, #7598, #4157 ) ) ;
#8247 = ORIENTED_EDGE ( 'NONE', *, *, #6010, .T. ) ;
#8248 = DIRECTION ( 'NONE',  ( -1.000000000000000000, 0.0000000000000000000, 0.0000000000000000000 ) ) ;
#8249 = VECTOR ( 'NONE', #1128, 1000.000000000000000 ) ;
#8250 = AXIS2_PLACEMENT_3D ( 'NONE', #5124, #11231, #6003 ) ;
#8251 = COORDINATED_UNIVERSAL_TIME_OFFSET ( 1, 0, .AHEAD. ) ;
#8252 = CYLINDRICAL_SURFACE ( 'NONE', #10115, 1.000000000000000900 ) ;
#8253 = FACE_BOUND ( 'NONE', #2646, .T. ) ;
#8254 = DIRECTION ( 'NONE',  ( 1.000000000000000000, 0.0000000000000000000, 0.0000000000000000000 ) ) ;
#8255 = CYLINDRICAL_SURFACE ( 'NONE', #9849, 2.499999999999998700 ) ;
#8256 = LINE ( 'NONE', #10291, #7983 ) ;
#8257 = ORIENTED_EDGE ( 'NONE', *, *, #8733, .T. ) ;
#8258 = ADVANCED_FACE ( 'NONE', ( #8653 ), #10684, .F. ) ;
#8259 = ORIENTED_EDGE ( 'NONE', *, *, #1558, .F. ) ;
#8260 = AXIS2_PLACEMENT_3D ( 'NONE', #912, #6988, #1796 ) ;
#8261 = EDGE_LOOP ( 'NONE', ( #2232, #3637 ) ) ;
#8262 = DIRECTION ( 'NONE',  ( 0.0000000000000000000, 0.0000000000000000000, 1.000000000000000000 ) ) ;
#8263 = ORIENTED_EDGE ( 'NONE', *, *, #5139, .T. ) ;
#8264 = EDGE_CURVE ( 'NONE', #6529, #2897, #1976, .T. ) ;
#8265 = DIRECTION ( 'NONE',  ( 0.0000000000000000000, 0.0000000000000000000, 1.000000000000000000 ) ) ;
#8266 = EDGE_CURVE ( 'NONE', #7036, #6550, #1718, .T. ) ;
#8267 = ORIENTED_EDGE ( 'NONE', *, *, #10653, .F. ) ;
#8268 = ORIENTED_EDGE ( 'NONE', *, *, #1926, .F. ) ;
#8269 = COORDINATED_UNIVERSAL_TIME_OFFSET ( 1, 0, .AHEAD. ) ;
#8270 = DIRECTION ( 'NONE',  ( 1.219727444046192000E-016, 0.0000000000000000000, -1.000000000000000000 ) ) ;
#8271 = CYLINDRICAL_SURFACE ( 'NONE', #826, 2.500000000000000000 ) ;
#8272 = VERTEX_POINT ( 'NONE', #1213 ) ;
#8273 = CC_DESIGN_APPROVAL ( #7684, ( #7089 ) ) ;
#8274 = SECURITY_CLASSIFICATION_LEVEL ( 'unclassified' ) ;
#8275 = DIRECTION ( 'NONE',  ( 1.000000000000000000, 0.0000000000000000000, -0.0000000000000000000 ) ) ;
#8276 = PERSON_AND_ORGANIZATION ( #9810, #4463 ) ;
#8277 = CC_DESIGN_DATE_AND_TIME_ASSIGNMENT ( #7504, #10467, ( #5916 ) ) ;
#8278 = EDGE_LOOP ( 'NONE', ( #4885, #6530, #1175, #6771, #1805, #3371, #5458, #6454, #5797, #4754, #3741, #3170 ) ) ;
#8279 = FACE_OUTER_BOUND ( 'NONE', #6727, .T. ) ;
#8280 = ORIENTED_EDGE ( 'NONE', *, *, #10585, .T. ) ;
#8281 = CARTESIAN_POINT ( 'NONE',  ( 0.6295237254636241200, 1.092232985442822500, -7.500000000000000900 ) ) ;
#8282 = LINE ( 'NONE', #8434, #1340 ) ;
#8283 = ORIENTED_EDGE ( 'NONE', *, *, #3033, .F. ) ;
#8284 = CARTESIAN_POINT ( 'NONE',  ( -4.500000000000000900, 9.275000000000000400, -0.001000000000000999900 ) ) ;
#8285 = PERSON_AND_ORGANIZATION ( #9810, #4463 ) ;
#8286 = CARTESIAN_POINT ( 'NONE',  ( 5.850000000000001400, -5.875000000000000000, 72.00000000000001400 ) ) ;
#8287 = CYLINDRICAL_SURFACE ( 'NONE', #9780, 0.4000000000000001900 ) ;
#8288 = EDGE_CURVE ( 'NONE', #1342, #3019, #6598, .T. ) ;
#8289 = EDGE_CURVE ( 'NONE', #5852, #10856, #3739, .T. ) ;
#8290 = ADVANCED_FACE ( 'NONE', ( #3474 ), #10138, .T. ) ;
#8291 = CARTESIAN_POINT ( 'NONE',  ( -3.799999999999999800, -9.475000000000001400, 72.00000000000001400 ) ) ;
#8292 = DATE_AND_TIME ( #10603, #1633 ) ;
#8293 = CARTESIAN_POINT ( 'NONE',  ( -3.599999999999999600, -10.42500000000000100, 248.0000000000000000 ) ) ;
#8294 = ADVANCED_FACE ( 'NONE', ( #5756 ), #10780, .T. ) ;
#8295 = DATE_TIME_ROLE ( 'creation_date' ) ;
#8296 = EDGE_CURVE ( 'NONE', #8272, #216, #1166, .T. ) ;
#8297 = EDGE_LOOP ( 'NONE', ( #8673, #5608, #3530, #3620 ) ) ;
#8298 = CARTESIAN_POINT ( 'NONE',  ( 3.950000000000000200, -15.42499999999999900, 72.00000000000001400 ) ) ;
#8299 = PLANE ( 'NONE',  #9940 ) ;
#8300 = CARTESIAN_POINT ( 'NONE',  ( 0.0000000000000000000, 4.500000000000000900, 0.0000000000000000000 ) ) ;
#8301 = CARTESIAN_POINT ( 'NONE',  ( -2.449489742783179700, -1.599999999999999900, -0.5000000000000000000 ) ) ;
#8302 = DIRECTION ( 'NONE',  ( 0.0000000000000000000, -1.000000000000000000, 0.0000000000000000000 ) ) ;
#8303 = EDGE_LOOP ( 'NONE', ( #5990, #7289, #1888, #6036 ) ) ;
#8304 = ORIENTED_EDGE ( 'NONE', *, *, #9806, .F. ) ;
#8305 = PLANE ( 'NONE',  #5104 ) ;
#8306 = VERTEX_POINT ( 'NONE', #2983 ) ;
#8307 = ORIENTED_EDGE ( 'NONE', *, *, #3971, .T. ) ;
#8308 = ORIENTED_EDGE ( 'NONE', *, *, #6874, .T. ) ;
#8309 = LINE ( 'NONE', #3160, #5984 ) ;
#8310 = ORIENTED_EDGE ( 'NONE', *, *, #5376, .F. ) ;
#8311 = CARTESIAN_POINT ( 'NONE',  ( 0.5000000000000005600, -2.251980311234674600, 2.897279032088317500 ) ) ;
#8312 = ORIENTED_EDGE ( 'NONE', *, *, #4275, .T. ) ;
#8313 = FACE_OUTER_BOUND ( 'NONE', #5781, .T. ) ;
#8314 = ORIENTED_EDGE ( 'NONE', *, *, #10111, .T. ) ;
#8315 = ORIENTED_EDGE ( 'NONE', *, *, #9355, .T. ) ;
#8316 = VERTEX_POINT ( 'NONE', #7317 ) ;
#8317 = EDGE_LOOP ( 'NONE', ( #5244, #4510, #4467, #9217 ) ) ;
#8318 = CIRCLE ( 'NONE', #7951, 2.499999999999998700 ) ;
#8319 = CARTESIAN_POINT ( 'NONE',  ( 3.750000000000000000, 4.474999999999999600, 248.0000000000000000 ) ) ;
#8320 = EDGE_CURVE ( 'NONE', #7411, #7641, #8363, .T. ) ;
#8321 = EDGE_CURVE ( 'NONE', #6265, #1253, #7836, .T. ) ;
#8322 = PRODUCT_DEFINITION ( 'UNKNOWN', '', #11264, #9583 ) ;
#8323 = AXIS2_PLACEMENT_3D ( 'NONE', #10595, #5368, #169 ) ;
#8324 = AXIS2_PLACEMENT_3D ( 'NONE', #4763, #8254, #10864 ) ;
#8325 = CIRCLE ( 'NONE', #7973, 2.250000000000001800 ) ;
#8326 = VERTEX_POINT ( 'NONE', #10817 ) ;
#8327 = EDGE_CURVE ( 'NONE', #10432, #1336, #2020, .T. ) ;
#8328 = VECTOR ( 'NONE', #9377, 1000.000000000000000 ) ;
#8329 = SECURITY_CLASSIFICATION ( '', '', #4171 ) ;
#8330 = COORDINATED_UNIVERSAL_TIME_OFFSET ( 1, 0, .AHEAD. ) ;
#8331 = EDGE_CURVE ( 'NONE', #1336, #4149, #4010, .T. ) ;
#8332 = APPROVAL_ROLE ( '' ) ;
#8333 = ORIENTED_EDGE ( 'NONE', *, *, #4113, .T. ) ;
#8334 = VECTOR ( 'NONE', #7770, 1000.000000000000000 ) ;
#8335 = CARTESIAN_POINT ( 'NONE',  ( 6.250000000000000000, 19.27500000000000600, 71.99899999999999500 ) ) ;
#8336 = CARTESIAN_POINT ( 'NONE',  ( 6.250000000000000000, 12.50000000000000000, 248.0000000000000000 ) ) ;
#8337 = CARTESIAN_POINT ( 'NONE',  ( 2.059984127722458400E-015, -9.199999999999999300, -1.510173831053895000 ) ) ;
#8338 = ADVANCED_FACE ( 'NONE', ( #3188 ), #5381, .F. ) ;
#8339 = VECTOR ( 'NONE', #7272, 1000.000000000000000 ) ;
#8340 = FACE_OUTER_BOUND ( 'NONE', #6944, .T. ) ;
#8341 = CC_DESIGN_SECURITY_CLASSIFICATION ( #7766, ( #11295 ) ) ;
#8342 = CARTESIAN_POINT ( 'NONE',  ( -0.5997501243938340200, 0.4609100473859870700, -8.000000000000000000 ) ) ;
#8343 = LOCAL_TIME ( 11, 17, 25.00000000000000000, #10651 ) ;
#8344 = DIRECTION ( 'NONE',  ( -1.000000000000000000, 0.0000000000000000000, 0.0000000000000000000 ) ) ;
#8345 = EDGE_CURVE ( 'NONE', #5885, #4756, #838, .T. ) ;
#8346 = EDGE_LOOP ( 'NONE', ( #6676, #5944, #257, #9065 ) ) ;
#8347 = EDGE_CURVE ( 'NONE', #10791, #6531, #10417, .T. ) ;
#8348 = CIRCLE ( 'NONE', #10613, 0.2000000000000000900 ) ;
#8349 = PLANE ( 'NONE',  #6065 ) ;
#8350 = FACE_OUTER_BOUND ( 'NONE', #4945, .T. ) ;
#8351 = PRODUCT_DEFINITION_SHAPE ( 'NONE', 'NONE',  #11304 ) ;
#8352 = ADVANCED_FACE ( 'NONE', ( #891 ), #3129, .T. ) ;
#8353 = CIRCLE ( 'NONE', #5254, 1.250000000000000000 ) ;
#8354 = VERTEX_POINT ( 'NONE', #5695 ) ;
#8355 = LINE ( 'NONE', #6960, #8098 ) ;
#8356 = DIRECTION ( 'NONE',  ( 0.0000000000000000000, -0.0000000000000000000, 1.000000000000000000 ) ) ;
#8357 = CIRCLE ( 'NONE', #10734, 0.2000000000000000900 ) ;
#8358 = ORIENTED_EDGE ( 'NONE', *, *, #9522, .F. ) ;
#8359 = EDGE_CURVE ( 'NONE', #5702, #3116, #8090, .T. ) ;
#8360 = VECTOR ( 'NONE', #466, 1000.000000000000000 ) ;
#8361 = APPROVAL_PERSON_ORGANIZATION ( #10680, #6219, #3157 ) ;
#8362 = ORIENTED_EDGE ( 'NONE', *, *, #6234, .T. ) ;
#8363 = CIRCLE ( 'NONE', #5167, 0.2000000000000000900 ) ;
#8364 = VERTEX_POINT ( 'NONE', #9229 ) ;
#8365 = FACE_OUTER_BOUND ( 'NONE', #6341, .T. ) ;
#8366 = DIRECTION ( 'NONE',  ( 0.0000000000000000000, 1.000000000000000000, 0.0000000000000000000 ) ) ;
#8367 = VECTOR ( 'NONE', #7246, 1000.000000000000000 ) ;
#8368 = VERTEX_POINT ( 'NONE', #3199 ) ;
#8369 = ORIENTED_EDGE ( 'NONE', *, *, #8912, .F. ) ;
#8370 = EDGE_LOOP ( 'NONE', ( #3045, #11082, #3268, #7227 ) ) ;
#8371 = APPROVAL_STATUS ( 'not_yet_approved' ) ;
#8372 = DIRECTION ( 'NONE',  ( -1.000000000000000000, 0.0000000000000000000, 0.0000000000000000000 ) ) ;
#8373 = CARTESIAN_POINT ( 'NONE',  ( 5.850000000000001400, -1.025000000000000400, 71.99899999999999500 ) ) ;
#8374 = CARTESIAN_POINT ( 'NONE',  ( -0.5062997613013853200, -3.092303132795075200, 3.222112493736329200 ) ) ;
#8375 = CARTESIAN_POINT ( 'NONE',  ( 5.850000000000001400, 9.525000000000000400, 248.0000000000000000 ) ) ;
#8376 = EDGE_LOOP ( 'NONE', ( #10837, #5430, #4212, #3193 ) ) ;
#8377 = DIRECTION ( 'NONE',  ( 0.0000000000000000000, -0.0000000000000000000, 1.000000000000000000 ) ) ;
#8378 = VERTEX_POINT ( 'NONE', #8415 ) ;
#8379 = LINE ( 'NONE', #2827, #6071 ) ;
#8380 = AXIS2_PLACEMENT_3D ( 'NONE', #7739, #2529, #8608 ) ;
#8381 = CARTESIAN_POINT ( 'NONE',  ( 0.7500000000000000000, -0.09817475995270570600, -8.000000000000000000 ) ) ;
#8382 = FACE_BOUND ( 'NONE', #619, .T. ) ;
#8383 = ORIENTED_EDGE ( 'NONE', *, *, #858, .T. ) ;
#8384 = CARTESIAN_POINT ( 'NONE',  ( -88.31999999999999300, -5.850000000000001400, 0.0000000000000000000 ) ) ;
#8385 = ORIENTED_EDGE ( 'NONE', *, *, #5152, .F. ) ;
#8386 = ORIENTED_EDGE ( 'NONE', *, *, #10754, .F. ) ;
#8387 = DIRECTION ( 'NONE',  ( -1.000000000000000000, 0.0000000000000000000, 0.0000000000000000000 ) ) ;
#8388 = DIRECTION ( 'NONE',  ( 0.0000000000000000000, -1.000000000000000000, -0.0000000000000000000 ) ) ;
#8389 = LINE ( 'NONE', #1050, #4307 ) ;
#8390 = EDGE_LOOP ( 'NONE', ( #2026, #6179, #7872, #4480 ) ) ;
#8391 = ADVANCED_FACE ( 'NONE', ( #3081 ), #5110, .T. ) ;
#8392 =( GEOMETRIC_REPRESENTATION_CONTEXT ( 3 ) GLOBAL_UNCERTAINTY_ASSIGNED_CONTEXT ( ( #10596 ) ) GLOBAL_UNIT_ASSIGNED_CONTEXT ( ( #1524, #7611, #2401 ) ) REPRESENTATION_CONTEXT ( 'NONE', 'WORKASPACE' ) );
#8393 = AXIS2_PLACEMENT_3D ( 'NONE', #1541, #7623, #7022 ) ;
#8394 = CARTESIAN_POINT ( 'NONE',  ( 0.7304795034937839900, -0.1963109229443065200, -8.000000000000000000 ) ) ;
#8395 = PERSON_AND_ORGANIZATION ( #9810, #4463 ) ;
#8396 = ADVANCED_FACE ( 'NONE', ( #781 ), #496, .F. ) ;
#8397 = FACE_OUTER_BOUND ( 'NONE', #6809, .T. ) ;
#8398 = EDGE_CURVE ( 'NONE', #11136, #5971, #10031, .T. ) ;
#8399 = PLANE ( 'NONE',  #2626 ) ;
#8400 = CIRCLE ( 'NONE', #8260, 2.500000000000002200 ) ;
#8401 = DIRECTION ( 'NONE',  ( 0.0000000000000000000, 0.0000000000000000000, -1.000000000000000000 ) ) ;
#8402 = ORIENTED_EDGE ( 'NONE', *, *, #4764, .T. ) ;
#8403 = EDGE_CURVE ( 'NONE', #10770, #3982, #9770, .T. ) ;
#8404 = DATE_AND_TIME ( #10725, #1764 ) ;
#8405 = DIRECTION ( 'NONE',  ( 0.0000000000000000000, 0.0000000000000000000, -1.000000000000000000 ) ) ;
#8406 = ADVANCED_FACE ( 'NONE', ( #9494 ), #9214, .T. ) ;
#8407 = CC_DESIGN_DATE_AND_TIME_ASSIGNMENT ( #916, #9147, ( #7245 ) ) ;
#8408 = VERTEX_POINT ( 'NONE', #5841 ) ;
#8409 = CYLINDRICAL_SURFACE ( 'NONE', #10117, 0.4000000000000001900 ) ;
#8411 = ORIENTED_EDGE ( 'NONE', *, *, #1925, .F. ) ;
#8410 = SECURITY_CLASSIFICATION_LEVEL ( 'unclassified' ) ;
#8412 = CARTESIAN_POINT ( 'NONE',  ( -88.50000000000000000, -1.995711507853524900E-014, 185.0000000000000000 ) ) ;
#8413 = DIRECTION ( 'NONE',  ( 0.0000000000000000000, 0.0000000000000000000, -1.000000000000000000 ) ) ;
#8414 = CARTESIAN_POINT ( 'NONE',  ( -73.50000000000000000, 1.500000000000000000, 14.50000000000000200 ) ) ;
#8415 = CARTESIAN_POINT ( 'NONE',  ( 3.950000000000000200, 2.624999999999999600, 248.0000000000000000 ) ) ;
#8416 = EDGE_CURVE ( 'NONE', #896, #9155, #2546, .T. ) ;
#8417 = ORIENTED_EDGE ( 'NONE', *, *, #2608, .T. ) ;
#8418 = CALENDAR_DATE ( 2023, 9, 11 ) ;
#8419 = CARTESIAN_POINT ( 'NONE',  ( -0.6553397952731289100, -0.3777142256033279600, -8.000000000000000000 ) ) ;
#8420 = PLANE ( 'NONE',  #9931 ) ;
#8421 = DIRECTION ( 'NONE',  ( 1.000000000000000000, 0.0000000000000000000, 0.0000000000000000000 ) ) ;
#8422 = B_SPLINE_CURVE_WITH_KNOTS ( 'NONE', 3,
 ( #3567, #1842, #4436, #9747, #8889, #5541, #342, #6418, #1227, #7301, #2092, #8184, #2967, #9068, #3821, #9934, #4699, #10795 ),
 .UNSPECIFIED., .F., .F.,
 ( 4, 2, 2, 2, 2, 2, 2, 2, 4 ),
 ( 0.0000000000000000000, 0.1250000000000003300, 0.2500000000000005600, 0.3750000000000006700, 0.5000000000000008900, 0.6250000000000004400, 0.7500000000000003300, 0.8750000000000001100, 1.000000000000000000 ),
 .UNSPECIFIED. ) ;
#8423 = CARTESIAN_POINT ( 'NONE',  ( 88.50000000000001400, 23.22500000000000100, 168.0000000000000000 ) ) ;
#8424 = ORIENTED_EDGE ( 'NONE', *, *, #2727, .F. ) ;
#8425 = EDGE_CURVE ( 'NONE', #7922, #7028, #221, .T. ) ;
#8426 = EDGE_CURVE ( 'NONE', #6096, #2789, #4836, .T. ) ;
#8427 = CARTESIAN_POINT ( 'NONE',  ( -0.7304795034938010900, -0.1963109229443084900, -8.000000000000000000 ) ) ;
#8428 = AXIS2_PLACEMENT_3D ( 'NONE', #624, #1480, #7569 ) ;
#8429 = VERTEX_POINT ( 'NONE', #3272 ) ;
#8430 = DIRECTION ( 'NONE',  ( -1.000000000000000000, 0.0000000000000000000, 0.0000000000000000000 ) ) ;
#8431 = CARTESIAN_POINT ( 'NONE',  ( 0.7999999999999999300, 5.049999999999999800, 72.00000000000001400 ) ) ;
#8432 = ORIENTED_EDGE ( 'NONE', *, *, #9360, .F. ) ;
#8433 = VERTEX_POINT ( 'NONE', #11120 ) ;
#8434 = CARTESIAN_POINT ( 'NONE',  ( -4.899999999999999500, 9.274999999999998600, 248.0000000000000000 ) ) ;
#8435 = EDGE_LOOP ( 'NONE', ( #8242, #9910, #6526, #10295 ) ) ;
#8436 = CARTESIAN_POINT ( 'NONE',  ( -89.99999999999998600, 27.52500000000001300, 17.00000000000000000 ) ) ;
#8437 =( REPRESENTATION_RELATIONSHIP ('NONE','NONE', #9710, #2133 ) REPRESENTATION_RELATIONSHIP_WITH_TRANSFORMATION ( #5624 )SHAPE_REPRESENTATION_RELATIONSHIP( ) );
#8438 = ORIENTED_EDGE ( 'NONE', *, *, #2501, .T. ) ;
#8439 = VERTEX_POINT ( 'NONE', #5882 ) ;
#8440 = CARTESIAN_POINT ( 'NONE',  ( 3.950000000000000200, -13.57500000000000100, 248.0000000000000000 ) ) ;
#8441 =( LENGTH_UNIT ( ) NAMED_UNIT ( * ) SI_UNIT ( .MILLI., .METRE. ) );
#8442 = FACE_OUTER_BOUND ( 'NONE', #4286, .T. ) ;
#8443 = AXIS2_PLACEMENT_3D ( 'NONE', #8013, #2794, #8876 ) ;
#8444 = ORIENTED_EDGE ( 'NONE', *, *, #804, .F. ) ;
#8445 = DIRECTION ( 'NONE',  ( -4.483937902363304800E-016, 1.000000000000000000, 0.0000000000000000000 ) ) ;
#8446 = DIRECTION ( 'NONE',  ( 0.0000000000000000000, 0.0000000000000000000, -1.000000000000000000 ) ) ;
#8447 = CARTESIAN_POINT ( 'NONE',  ( -5.299999999999998900, -4.574999999999999300, 72.00000000000001400 ) ) ;
#8448 = CARTESIAN_POINT ( 'NONE',  ( 6.250000000000000000, -15.62500000000000000, 72.00000000000001400 ) ) ;
#8449 = EDGE_LOOP ( 'NONE', ( #8061, #7333 ) ) ;
#8450 = ORIENTED_EDGE ( 'NONE', *, *, #758, .T. ) ;
#8451 = ADVANCED_FACE ( 'NONE', ( #8944 ), #4298, .T. ) ;
#8452 = CARTESIAN_POINT ( 'NONE',  ( 0.1636245999211762000, 1.250000000000016900, -7.999999999999994700 ) ) ;
#8453 = CARTESIAN_POINT ( 'NONE',  ( 0.4999999999999501500, -3.645797574289105100, 2.735483122786362300 ) ) ;
#8454 = DIRECTION ( 'NONE',  ( 0.0000000000000000000, 0.0000000000000000000, 1.000000000000000000 ) ) ;
#8455 = VECTOR ( 'NONE', #1225, 1000.000000000000000 ) ;
#8456 = CARTESIAN_POINT ( 'NONE',  ( -0.1499999999999997400, 0.0000000000000000000, 248.0000000000000000 ) ) ;
#8457 = ORIENTED_EDGE ( 'NONE', *, *, #9462, .T. ) ;
#8458 = AXIS2_PLACEMENT_3D ( 'NONE', #9655, #4406, #10502 ) ;
#8459 = ORIENTED_EDGE ( 'NONE', *, *, #3615, .T. ) ;
#8460 = DIRECTION ( 'NONE',  ( 0.0000000000000000000, 1.000000000000000000, 0.0000000000000000000 ) ) ;
#8461 = CIRCLE ( 'NONE', #6410, 0.2000000000000000900 ) ;
#8462 = PLANE ( 'NONE',  #1989 ) ;
#8463 = APPROVAL_PERSON_ORGANIZATION ( #10784, #10601, #1807 ) ;
#8464 = CARTESIAN_POINT ( 'NONE',  ( -0.4318840214085200600, -1.607054911442810300, 1.500000000000000400 ) ) ;
#8465 = ADVANCED_FACE ( 'NONE', ( #2816 ), #10971, .T. ) ;
#8466 = CARTESIAN_POINT ( 'NONE',  ( 0.3271848715738420200, 1.217465839156336900, -7.999999999999994700 ) ) ;
#8467 = VECTOR ( 'NONE', #7565, 1000.000000000000000 ) ;
#8468 = CARTESIAN_POINT ( 'NONE',  ( 5.850000000000001400, -4.675000000000001600, 72.00000000000001400 ) ) ;
#8469 = CARTESIAN_POINT ( 'NONE',  ( -0.2000000000000000100, 14.50000000000000000, 72.00000000000001400 ) ) ;
#8470 = VECTOR ( 'NONE', #10747, 1000.000000000000000 ) ;
#8471 = APPROVAL_DATE_TIME ( #10790, #4386 ) ;
#8472 = DIRECTION ( 'NONE',  ( -0.0000000000000000000, -0.0000000000000000000, -1.000000000000000000 ) ) ;
#8473 = PRODUCT_DEFINITION_FORMATION_WITH_SPECIFIED_SOURCE ( 'ANY', '', #1113, .NOT_KNOWN. ) ;
#8474 = ORIENTED_EDGE ( 'NONE', *, *, #4238, .F. ) ;
#8475 = CC_DESIGN_APPROVAL ( #7904, ( #6725 ) ) ;
#8476 = LINE ( 'NONE', #9341, #1544 ) ;
#8477 = PLANE ( 'NONE',  #1090 ) ;
#8478 = LINE ( 'NONE', #7648, #5874 ) ;
#8479 = LOCAL_TIME ( 11, 17, 25.00000000000000000, #10798 ) ;
#8480 = CARTESIAN_POINT ( 'NONE',  ( -0.4999999999999996700, 0.0000000000000000000, 1.145643923738960400 ) ) ;
#8481 = CARTESIAN_POINT ( 'NONE',  ( 2.449999999999999700, -19.07500000000000300, 72.00000000000001400 ) ) ;
#8482 = CARTESIAN_POINT ( 'NONE',  ( 73.50000000000000000, 1.500000000000000000, 168.0000000000000000 ) ) ;
#8483 = CARTESIAN_POINT ( 'NONE',  ( 0.4318840214085230000, 1.607054911442825000, 1.500000000000000000 ) ) ;
#8484 = DIRECTION ( 'NONE',  ( 0.0000000000000000000, -1.000000000000000000, -0.0000000000000000000 ) ) ;
#8485 = EDGE_LOOP ( 'NONE', ( #6451, #6404, #9269, #1930 ) ) ;
#8486 = DIRECTION ( 'NONE',  ( 0.0000000000000000000, 0.0000000000000000000, 1.000000000000000000 ) ) ;
#8487 = FACE_OUTER_BOUND ( 'NONE', #3959, .T. ) ;
#8488 = VECTOR ( 'NONE', #2181, 1000.000000000000000 ) ;
#8489 = ORIENTED_EDGE ( 'NONE', *, *, #10083, .F. ) ;
#8490 = CARTESIAN_POINT ( 'NONE',  ( 0.6295237093388836900, -1.092232992121912500, -7.999999999999994700 ) ) ;
#8491 = LINE ( 'NONE', #7402, #10804 ) ;
#8492 = ORIENTED_EDGE ( 'NONE', *, *, #3489, .T. ) ;
#8493 = DIRECTION ( 'NONE',  ( 0.0000000000000000000, 1.000000000000000000, 0.0000000000000000000 ) ) ;
#8494 = CALENDAR_DATE ( 2023, 9, 11 ) ;
#8495 = EDGE_CURVE ( 'NONE', #6884, #9969, #11260, .T. ) ;
#8496 = EDGE_CURVE ( 'NONE', #2475, #2739, #4560, .T. ) ;
#8497 = CARTESIAN_POINT ( 'NONE',  ( 90.00100000000000500, 7.125000000000000000, 17.00000000000000000 ) ) ;
#8498 = ORIENTED_EDGE ( 'NONE', *, *, #8802, .F. ) ;
#8499 = CARTESIAN_POINT ( 'NONE',  ( 6.250000000000000000, -16.82499999999999900, 248.0000000000000000 ) ) ;
#8500 = CYLINDRICAL_SURFACE ( 'NONE', #2402, 0.2000000000000000900 ) ;
#8501 = DIRECTION ( 'NONE',  ( 1.000000000000000000, 0.0000000000000000000, 0.0000000000000000000 ) ) ;
#8502 = PRODUCT_DEFINITION_SHAPE ( 'NONE', 'NONE',  #11309 ) ;
#8503 = CIRCLE ( 'NONE', #9210, 2.000000000000000000 ) ;
#8504 = EDGE_LOOP ( 'NONE', ( #3753, #7389, #2989, #5383 ) ) ;
#8505 = ORIENTED_EDGE ( 'NONE', *, *, #608, .T. ) ;
#8506 = DIRECTION ( 'NONE',  ( 0.0000000000000000000, 0.0000000000000000000, 1.000000000000000000 ) ) ;
#8507 = LINE ( 'NONE', #9788, #6460 ) ;
#8508 = CARTESIAN_POINT ( 'NONE',  ( 0.3271848715738427400, -1.217465839156301600, -7.999999999999994700 ) ) ;
#8509 = ADVANCED_FACE ( 'NONE', ( #8672 ), #10699, .T. ) ;
#8510 = CARTESIAN_POINT ( 'NONE',  ( 0.0000000000000000000, 0.0000000000000000000, 0.0000000000000000000 ) ) ;
#8511 = FACE_OUTER_BOUND ( 'NONE', #10495, .T. ) ;
#8512 = VECTOR ( 'NONE', #3648, 1000.000000000000000 ) ;
#8513 = EDGE_LOOP ( 'NONE', ( #8717, #9023, #367, #4079 ) ) ;
#8514 = AXIS2_PLACEMENT_3D ( 'NONE', #6547, #1363, #7440 ) ;
#8515 = ORIENTED_EDGE ( 'NONE', *, *, #2087, .T. ) ;
#8516 = EDGE_CURVE ( 'NONE', #6614, #1470, #1735, .T. ) ;
#8517 = AXIS2_PLACEMENT_3D ( 'NONE', #8911, #3692, #9807 ) ;
#8518 = EDGE_LOOP ( 'NONE', ( #7035, #1998, #3459, #1102 ) ) ;
#8519 = ORIENTED_EDGE ( 'NONE', *, *, #170, .F. ) ;
#8520 = ADVANCED_FACE ( 'N', ( #6333, #8382, #4002, #6074, #3752 ), #11196, .F. ) ;
#8521 = DIRECTION ( 'NONE',  ( 1.000000000000000000, 0.0000000000000000000, 0.0000000000000000000 ) ) ;
#8522 = PERSON_AND_ORGANIZATION_ROLE ( 'classification_officer' ) ;
#8523 = PLANE ( 'NONE',  #61 ) ;
#8524 = ORIENTED_EDGE ( 'NONE', *, *, #9703, .T. ) ;
#8525 = CARTESIAN_POINT ( 'NONE',  ( -5.299999999999999800, 9.674999999999998900, 248.0000000000000000 ) ) ;
#8526 = DIRECTION ( 'NONE',  ( 1.000000000000000000, 0.0000000000000000000, 0.0000000000000000000 ) ) ;
#8527 = CARTESIAN_POINT ( 'NONE',  ( -1.319450280607509900, -1.014002097308097900, 1.500000000000000000 ) ) ;
#8528 = CARTESIAN_POINT ( 'NONE',  ( 5.850000000000001400, -16.02500000000000200, 248.0000000000000000 ) ) ;
#8529 = EDGE_LOOP ( 'NONE', ( #3527, #1236, #3817, #11111 ) ) ;
#8530 = ORIENTED_EDGE ( 'NONE', *, *, #8156, .T. ) ;
#8531 = DATE_AND_TIME ( #10838, #1874 ) ;
#8532 = DIRECTION ( 'NONE',  ( 0.0000000000000000000, 1.000000000000000000, 0.0000000000000000000 ) ) ;
#8533 = AXIS2_PLACEMENT_3D ( 'NONE', #9726, #4477, #10584 ) ;
#8534 = CARTESIAN_POINT ( 'NONE',  ( -1.250000000000000000, 0.1636245999211584900, -7.500000000000000000 ) ) ;
#8535 = CIRCLE ( 'NONE', #9801, 2.250000000000001800 ) ;
#8536 = ORIENTED_EDGE ( 'NONE', *, *, #8186, .T. ) ;
#8537 = CARTESIAN_POINT ( 'NONE',  ( 88.49999999999975800, 32.34999999999999400, 0.0000000000000000000 ) ) ;
#8538 = DIRECTION ( 'NONE',  ( -1.000000000000000000, -6.071532165918830700E-016, -0.0000000000000000000 ) ) ;
#8539 = COORDINATED_UNIVERSAL_TIME_OFFSET ( 1, 0, .AHEAD. ) ;
#8540 = CARTESIAN_POINT ( 'NONE',  ( 6.250000000000000900, 16.82499999999999900, 248.0000000000000000 ) ) ;
#8541 = ORIENTED_EDGE ( 'NONE', *, *, #5655, .F. ) ;
#8542 = VECTOR ( 'NONE', #10833, 1000.000000000000000 ) ;
#8543 = CARTESIAN_POINT ( 'NONE',  ( 0.8000000000000000400, -8.800000000000000700, -0.001000000000000999900 ) ) ;
#8544 = ORIENTED_EDGE ( 'NONE', *, *, #10402, .T. ) ;
#8545 = LINE ( 'NONE', #611, #5945 ) ;
#8546 = EDGE_CURVE ( 'NONE', #4767, #6017, #10431, .T. ) ;
#8547 = VERTEX_POINT ( 'NONE', #8607 ) ;
#8548 = VERTEX_POINT ( 'NONE', #789 ) ;
#8549 = EDGE_CURVE ( 'NONE', #3999, #10818, #3491, .T. ) ;
#8550 = SECURITY_CLASSIFICATION ( '', '', #7461 ) ;
#8551 = AXIS2_PLACEMENT_3D ( 'NONE', #48, #7915, #2714 ) ;
#8552 = CARTESIAN_POINT ( 'NONE',  ( -1.217465839156314200, 0.3271848715738245900, -7.500000000000000000 ) ) ;
#8553 = AXIS2_PLACEMENT_3D ( 'NONE', #872, #6952, #1765 ) ;
#8554 = CARTESIAN_POINT ( 'NONE',  ( -0.6295237254636251200, -1.092232985442821900, -7.500000000000000900 ) ) ;
#8555 = CARTESIAN_POINT ( 'NONE',  ( 6.250000000000000000, 0.0000000000000000000, 72.00000000000001400 ) ) ;
#8556 = PERSON_AND_ORGANIZATION ( #9810, #4463 ) ;
#8557 = EDGE_CURVE ( 'NONE', #7485, #3212, #1444, .T. ) ;
#8558 = CARTESIAN_POINT ( 'NONE',  ( 90.00000000000001400, 32.34999999999999400, 184.9999999999999700 ) ) ;
#8559 = EDGE_CURVE ( 'NONE', #7310, #7266, #5779, .T. ) ;
#8560 = DIRECTION ( 'NONE',  ( -1.000000000000000000, 0.0000000000000000000, 0.0000000000000000000 ) ) ;
#8561 = APPROVAL_DATE_TIME ( #10867, #10297 ) ;
#8562 = SECURITY_CLASSIFICATION ( '', '', #10993 ) ;
#8563 = DATE_TIME_ROLE ( 'classification_date' ) ;
#8564 = CARTESIAN_POINT ( 'NONE',  ( -1.250000000000000000, 1.530808498934190800E-016, -8.000000000000000000 ) ) ;
#8565 = DIRECTION ( 'NONE',  ( 1.000000000000000000, 0.0000000000000000000, 0.0000000000000000000 ) ) ;
#8566 = CARTESIAN_POINT ( 'NONE',  ( 2.449489742783179200, -1.599999999999999900, 0.5000000000000001100 ) ) ;
#8567 = DIRECTION ( 'NONE',  ( 0.0000000000000000000, 0.0000000000000000000, 1.000000000000000000 ) ) ;
#8568 = CARTESIAN_POINT ( 'NONE',  ( 1.649999999999999900, 0.0000000000000000000, 1.500000000000000000 ) ) ;
#8569 = DIRECTION ( 'NONE',  ( 0.0000000000000000000, 0.0000000000000000000, -1.000000000000000000 ) ) ;
#8570 = EDGE_CURVE ( 'NONE', #6942, #4237, #10151, .T. ) ;
#8571 = CARTESIAN_POINT ( 'NONE',  ( 3.950000000000000200, -13.77500000000000000, 248.0000000000000000 ) ) ;
#8572 = ADVANCED_FACE ( 'NONE', ( #8119 ), #9893, .F. ) ;
#8573 = CARTESIAN_POINT ( 'NONE',  ( 1.092232992121912000, 0.6295237093388749100, -7.500000000000000000 ) ) ;
#8574 = DIRECTION ( 'NONE',  ( 1.000000000000000000, 0.0000000000000000000, 0.0000000000000000000 ) ) ;
#8575 = ORIENTED_EDGE ( 'NONE', *, *, #7475, .F. ) ;
#8576 = CARTESIAN_POINT ( 'NONE',  ( 1.441747545844438000, 0.8309713053962709500, 1.500000000000000000 ) ) ;
#8577 = CARTESIAN_POINT ( 'NONE',  ( 0.5062997189773168500, -3.092303132795075200, 3.222112500386832100 ) ) ;
#8578 = CARTESIAN_POINT ( 'NONE',  ( 88.50000000000000000, 0.1500000000000008300, 367.9104972384030200 ) ) ;
#8579 = DIRECTION ( 'NONE',  ( 0.0000000000000000000, -0.0000000000000000000, 1.000000000000000000 ) ) ;
#8580 = EDGE_CURVE ( 'NONE', #1557, #1990, #904, .T. ) ;
#8581 = VERTEX_POINT ( 'NONE', #9577 ) ;
#8582 = ORIENTED_EDGE ( 'NONE', *, *, #8557, .T. ) ;
#8583 = EDGE_LOOP ( 'NONE', ( #8247, #6486, #10072, #2197 ) ) ;
#8584 = AXIS2_PLACEMENT_3D ( 'NONE', #8905, #3686, #9800 ) ;
#8585 = EDGE_LOOP ( 'NONE', ( #4630, #9208, #9734, #6768 ) ) ;
#8586 = FACE_OUTER_BOUND ( 'NONE', #4008, .T. ) ;
#8587 = ORIENTED_EDGE ( 'NONE', *, *, #9360, .T. ) ;
#8588 = ORIENTED_EDGE ( 'NONE', *, *, #9687, .F. ) ;
#8589 = CARTESIAN_POINT ( 'NONE',  ( 1.217465839156304000, 0.3271848715738529500, -7.500000000000000000 ) ) ;
#8590 = ORIENTED_EDGE ( 'NONE', *, *, #3110, .F. ) ;
#8591 = AXIS2_PLACEMENT_3D ( 'NONE', #11220, #6878, #1674 ) ;
#8592 = DIRECTION ( 'NONE',  ( -1.000000000000000000, 0.0000000000000000000, 0.0000000000000000000 ) ) ;
#8593 = DIRECTION ( 'NONE',  ( 0.8191520442889912400, -0.5735764363510468300, 0.0000000000000000000 ) ) ;
#8594 = VECTOR ( 'NONE', #561, 1000.000000000000000 ) ;
#8595 = VERTEX_POINT ( 'NONE', #3470 ) ;
#8596 = VERTEX_POINT ( 'NONE', #12 ) ;
#8597 = ORIENTED_EDGE ( 'NONE', *, *, #5352, .F. ) ;
#8598 = LINE ( 'NONE', #930, #1932 ) ;
#8599 = DIRECTION ( 'NONE',  ( 1.000000000000000000, 0.0000000000000000000, -0.0000000000000000000 ) ) ;
#8600 = CARTESIAN_POINT ( 'NONE',  ( 5.850000000000001400, 2.225000000000000100, 72.00000000000001400 ) ) ;
#8601 = APPROVAL_ROLE ( '' ) ;
#8602 = CARTESIAN_POINT ( 'NONE',  ( -90.00000000000000000, -2.130012680187214700E-014, 367.9104972384030200 ) ) ;
#8603 = CARTESIAN_POINT ( 'NONE',  ( -73.50000000000000000, 2.168404344971009900E-016, 168.0000000000000000 ) ) ;
#8604 = CARTESIAN_POINT ( 'NONE',  ( -0.6553397952731285800, -0.3777142256033279000, -8.000000000000000000 ) ) ;
#8605 = DIRECTION ( 'NONE',  ( -0.0000000000000000000, -0.0000000000000000000, 1.000000000000000000 ) ) ;
#8606 = CARTESIAN_POINT ( 'NONE',  ( -2.243095548590623900, 2.918783954071121100, 1.499999999999996900 ) ) ;
#8607 = CARTESIAN_POINT ( 'NONE',  ( -3.400000000000000400, 3.625000000000000000, 72.00000000000001400 ) ) ;
#8608 = DIRECTION ( 'NONE',  ( 0.0000000000000000000, 0.0000000000000000000, 1.000000000000000000 ) ) ;
#8609 = CIRCLE ( 'NONE', #5616, 0.2000000000000000900 ) ;
#8610 = ORIENTED_EDGE ( 'NONE', *, *, #10184, .F. ) ;
#8611 = LINE ( 'NONE', #11074, #8328 ) ;
#8612 = CARTESIAN_POINT ( 'NONE',  ( -0.6295237093388860200, -1.092232992121907800, -7.500000000000000000 ) ) ;
#8613 = PERSON_AND_ORGANIZATION ( #9810, #4463 ) ;
#8614 = DIRECTION ( 'NONE',  ( -1.000000000000000000, 0.0000000000000000000, 0.0000000000000000000 ) ) ;
#8615 = DIRECTION ( 'NONE',  ( 0.0000000000000000000, 1.000000000000000000, 0.0000000000000000000 ) ) ;
#8616 = ORIENTED_EDGE ( 'NONE', *, *, #939, .F. ) ;
#8617 = FACE_BOUND ( 'NONE', #9049, .T. ) ;
#8618 = AXIS2_PLACEMENT_3D ( 'NONE', #9838, #10707, #3736 ) ;
#8619 = CARTESIAN_POINT ( 'NONE',  ( -1.649999999999999900, 0.2159844817121075200, 1.500000000000000000 ) ) ;
#8620 = AXIS2_PLACEMENT_3D ( 'NONE', #1131, #8980, #4579 ) ;
#8621 = CARTESIAN_POINT ( 'NONE',  ( -3.399999999999999900, 10.42500000000000100, -0.001000000000000999900 ) ) ;
#8622 = LINE ( 'NONE', #9145, #865 ) ;
#8623 = DIRECTION ( 'NONE',  ( 1.000000000000000000, 7.610399765575671300E-015, 0.0000000000000000000 ) ) ;
#8624 = CARTESIAN_POINT ( 'NONE',  ( -5.299999999999997200, -16.05552017741234700, 72.00000000000001400 ) ) ;
#8625 = EDGE_CURVE ( 'NONE', #1873, #4301, #5516, .T. ) ;
#8626 = VECTOR ( 'NONE', #1671, 1000.000000000000000 ) ;
#8627 = CONTEXT_DEPENDENT_SHAPE_REPRESENTATION ( #4200, #524 ) ;
#8628 = EDGE_CURVE ( 'NONE', #2597, #1470, #5243, .T. ) ;
#8629 = ORIENTED_EDGE ( 'NONE', *, *, #7833, .T. ) ;
#8630 = CARTESIAN_POINT ( 'NONE',  ( -0.7681834123099761100, -0.9995835406563921000, -7.500000000000000000 ) ) ;
#8631 = DIRECTION ( 'NONE',  ( -1.000000000000000000, 0.0000000000000000000, 0.0000000000000000000 ) ) ;
#8632 = VECTOR ( 'NONE', #5239, 1000.000000000000000 ) ;
#8633 = CARTESIAN_POINT ( 'NONE',  ( 86.50000000000000000, 31.00000000000001400, 0.0000000000000000000 ) ) ;
#8634 = CARTESIAN_POINT ( 'NONE',  ( -0.5999999999999998700, -10.62500000000000000, 248.0000000000000000 ) ) ;
#8635 = LINE ( 'NONE', #2405, #6032 ) ;
#8636 = CARTESIAN_POINT ( 'NONE',  ( 5.850000000000001400, -20.89999999999999900, 72.00000000000001400 ) ) ;
#8637 = VECTOR ( 'NONE', #6396, 1000.000000000000000 ) ;
#8638 = SECURITY_CLASSIFICATION ( '', '', #399 ) ;
#8639 = ORGANIZATION ( 'NAUO-ORG8', 'UNSPECIFIED', 'UNSPECIFIED' ) ;
#8640 = VERTEX_POINT ( 'NONE', #2635 ) ;
#8641 = FACE_OUTER_BOUND ( 'NONE', #2128, .T. ) ;
#8642 = CIRCLE ( 'NONE', #7228, 0.4000000000000000200 ) ;
#8643 = ORIENTED_EDGE ( 'NONE', *, *, #8778, .T. ) ;
#8644 = CARTESIAN_POINT ( 'NONE',  ( 3.950000000000000200, -11.77500000000000000, 72.00000000000001400 ) ) ;
#8645 = DIRECTION ( 'NONE',  ( -0.0000000000000000000, 1.000000000000000000, 0.0000000000000000000 ) ) ;
#8646 = LINE ( 'NONE', #10849, #6306 ) ;
#8647 = APPROVAL_STATUS ( 'not_yet_approved' ) ;
#8648 = DIRECTION ( 'NONE',  ( 0.0000000000000000000, 0.0000000000000000000, -1.000000000000000000 ) ) ;
#8649 = CARTESIAN_POINT ( 'NONE',  ( 0.7500000000000010000, -0.09817475995270057200, -8.000000000000000000 ) ) ;
#8650 = CARTESIAN_POINT ( 'NONE',  ( 0.4777838534843649700, -3.649999999999999500, 1.499999999999996900 ) ) ;
#8651 = CALENDAR_DATE ( 2023, 9, 11 ) ;
#8652 = EDGE_LOOP ( 'NONE', ( #4664, #8680 ) ) ;
#8653 = FACE_OUTER_BOUND ( 'NONE', #4443, .T. ) ;
#8654 = ORIENTED_EDGE ( 'NONE', *, *, #10585, .F. ) ;
#8655 = LINE ( 'NONE', #10446, #5759 ) ;
#8656 = LINE ( 'NONE', #3705, #10689 ) ;
#8657 = ORIENTED_EDGE ( 'NONE', *, *, #5842, .F. ) ;
#8658 = VERTEX_POINT ( 'NONE', #5202 ) ;
#8659 = CARTESIAN_POINT ( 'NONE',  ( -88.50000000000000000, 7.125000000000000000, 17.00000000000000000 ) ) ;
#8660 = VERTEX_POINT ( 'NONE', #6093 ) ;
#8661 = EDGE_CURVE ( 'NONE', #6812, #4680, #4955, .T. ) ;
#8662 = CARTESIAN_POINT ( 'NONE',  ( -0.5999999999999998700, 10.62500000000000000, 72.00000000000001400 ) ) ;
#8663 = CARTESIAN_POINT ( 'NONE',  ( 1.319450280607487900, -1.014002097308120100, 1.500000000000000000 ) ) ;
#8664 = ORIENTED_EDGE ( 'NONE', *, *, #3082, .T. ) ;
#8665 = CARTESIAN_POINT ( 'NONE',  ( -0.5000000000004158900, -2.912517625789005300, -3.025711744395987300 ) ) ;
#8666 = AXIS2_PLACEMENT_3D ( 'NONE', #8781, #3553, #9674 ) ;
#8667 = CARTESIAN_POINT ( 'NONE',  ( -90.00000000000000000, -1.995711507853524900E-014, 0.0000000000000000000 ) ) ;
#8668 = VERTEX_POINT ( 'NONE', #5248 ) ;
#8669 = LINE ( 'NONE', #8870, #1991 ) ;
#8670 = DIRECTION ( 'NONE',  ( 0.0000000000000000000, 0.0000000000000000000, 1.000000000000000000 ) ) ;
#8671 = DIRECTION ( 'NONE',  ( 0.0000000000000000000, -1.000000000000000000, 0.0000000000000000000 ) ) ;
#8672 = FACE_OUTER_BOUND ( 'NONE', #2118, .T. ) ;
#8673 = ORIENTED_EDGE ( 'NONE', *, *, #9242, .T. ) ;
#8674 = EDGE_LOOP ( 'NONE', ( #10975, #7986, #7407, #1841 ) ) ;
#8675 = ORIENTED_EDGE ( 'NONE', *, *, #10531, .T. ) ;
#8676 = DIRECTION ( 'NONE',  ( 0.0000000000000000000, 0.0000000000000000000, -1.000000000000000000 ) ) ;
#8677 = DIRECTION ( 'NONE',  ( 0.0000000000000000000, -1.000000000000000000, 0.0000000000000000000 ) ) ;
#8678 = ORIENTED_EDGE ( 'NONE', *, *, #10293, .F. ) ;
#8679 = CYLINDRICAL_SURFACE ( 'NONE', #9588, 0.4000000000000001900 ) ;
#8680 = ORIENTED_EDGE ( 'NONE', *, *, #9137, .T. ) ;
#8681 = DIRECTION ( 'NONE',  ( -0.0000000000000000000, -0.0000000000000000000, 1.000000000000000000 ) ) ;
#8682 = AXIS2_PLACEMENT_3D ( 'NONE', #10986, #5749, #571 ) ;
#8683 = PERSON_AND_ORGANIZATION ( #9810, #4463 ) ;
#8684 = LINE ( 'NONE', #1640, #2016 ) ;
#8685 = DIRECTION ( 'NONE',  ( -0.0000000000000000000, -0.0000000000000000000, 1.000000000000000000 ) ) ;
#8686 = LINE ( 'NONE', #7838, #4027 ) ;
#8687 = SECURITY_CLASSIFICATION_LEVEL ( 'unclassified' ) ;
#8688 = ORIENTED_EDGE ( 'NONE', *, *, #1949, .F. ) ;
#8689 = DIRECTION ( 'NONE',  ( -6.546126324440770800E-016, -1.000000000000000000, 0.0000000000000000000 ) ) ;
#8690 = DIRECTION ( 'NONE',  ( 0.9205172879356965400, -6.120374704698027300E-017, 0.3907018333864203400 ) ) ;
#8691 = CARTESIAN_POINT ( 'NONE',  ( -4.899999999999999500, 4.975000000000000500, -0.001000000000000999900 ) ) ;
#8692 = CARTESIAN_POINT ( 'NONE',  ( 2.918783954071134900, 2.243095548590665200, 0.5000000000000000000 ) ) ;
#8693 = CARTESIAN_POINT ( 'NONE',  ( -0.4000000000000000200, -10.12500000000000000, 72.00000000000001400 ) ) ;
#8694 = AXIS2_PLACEMENT_3D ( 'NONE', #3058, #2113, #3098 ) ;
#8695 = PERSON_AND_ORGANIZATION ( #9810, #4463 ) ;
#8696 = PERSON ( 'NAUO-PER2', 'UNSPECIFIED', 'UNSPECIFIED', ('UNSPECIFIED'), ('UNSPECIFIED'), ('UNSPECIFIED') ) ;
#8697 = CARTESIAN_POINT ( 'NONE',  ( -3.799999999999999800, -9.475000000000001400, 248.0000000000000000 ) ) ;
#8698 = ORIENTED_EDGE ( 'NONE', *, *, #6270, .T. ) ;
#8699 = VECTOR ( 'NONE', #10922, 1000.000000000000000 ) ;
#8700 = ORIENTED_EDGE ( 'NONE', *, *, #3472, .T. ) ;
#8701 = DIRECTION ( 'NONE',  ( 1.000000000000000000, 0.0000000000000000000, 0.0000000000000000000 ) ) ;
#8702 = CARTESIAN_POINT ( 'NONE',  ( 0.4777838534843585300, 3.649999999999999500, 1.499999999999996900 ) ) ;
#8703 = PLANE ( 'NONE',  #8712 ) ;
#8704 = CARTESIAN_POINT ( 'NONE',  ( 5.850000000000001400, -1.425000000000000000, 248.0000000000000000 ) ) ;
#8705 = DIRECTION ( 'NONE',  ( 0.0000000000000000000, 0.0000000000000000000, 1.000000000000000000 ) ) ;
#8706 = ORIENTED_EDGE ( 'NONE', *, *, #7778, .T. ) ;
#8707 = DIRECTION ( 'NONE',  ( -1.000000000000000000, -1.521687259628780000E-016, 0.0000000000000000000 ) ) ;
#8708 = DATE_AND_TIME ( #11005, #2032 ) ;
#8709 = DIRECTION ( 'NONE',  ( -1.000000000000000000, -1.387778780781445900E-016, 0.0000000000000000000 ) ) ;
#8710 = EDGE_CURVE ( 'NONE', #11019, #3999, #7297, .T. ) ;
#8711 = CC_DESIGN_PERSON_AND_ORGANIZATION_ASSIGNMENT ( #7059, #8048, ( #6946 ) ) ;
#8712 = AXIS2_PLACEMENT_3D ( 'NONE', #9590, #6020, #10449 ) ;
#8713 = APPROVAL ( #2522, 'UNKNOWN' ) ;
#8714 = EDGE_CURVE ( 'NONE', #2675, #7108, #353, .T. ) ;
#8715 = ORIENTED_EDGE ( 'NONE', *, *, #5860, .T. ) ;
#8717 = ORIENTED_EDGE ( 'NONE', *, *, #730, .F. ) ;
#8716 =( REPRESENTATION_RELATIONSHIP ('NONE','NONE', #9710, #5900 ) REPRESENTATION_RELATIONSHIP_WITH_TRANSFORMATION ( #10105 )SHAPE_REPRESENTATION_RELATIONSHIP( ) );
#8718 = CARTESIAN_POINT ( 'NONE',  ( 83.79999999999999700, 25.37499999999935000, 168.0000000000000000 ) ) ;
#8719 = CARTESIAN_POINT ( 'NONE',  ( 2.449489742783179200, -1.599999999999999900, -0.5000000000000001100 ) ) ;
#8720 = ORIENTED_EDGE ( 'NONE', *, *, #6447, .F. ) ;
#8721 = CARTESIAN_POINT ( 'NONE',  ( -3.649999999999999900, -0.4777838534843580300, 0.5000000000000000000 ) ) ;
#8722 = DIRECTION ( 'NONE',  ( -0.0000000000000000000, 0.0000000000000000000, -1.000000000000000000 ) ) ;
#8723 = EDGE_CURVE ( 'NONE', #2653, #5096, #7558, .T. ) ;
#8724 = EDGE_CURVE ( 'NONE', #5052, #2446, #9635, .T. ) ;
#8725 = VERTEX_POINT ( 'NONE', #960 ) ;
#8726 = EDGE_LOOP ( 'NONE', ( #5618, #2378, #10493, #5450, #9714, #7869, #7368, #1039, #9419, #3745, #6775, #6336, #3341, #2776, #8492, #5302, #9270, #6840, #2693, #2206, #2766, #1929, #8922, #8283, #9564, #489, #8897, #7954, #9140, #10769, #1675, #1238, #6459, #95, #3670, #4761, #6925, #661, #4807, #6491, #486, #222, #6159, #1787, #4152, #7964, #6204, #7479, #8590, #7549, #4448, #1968, #8000, #1982, #4004, #994, #10201, #7993, #9471, #9130, #6941, #9401, #7013, #2188, #10405, #9787, #10690, #3492, #446, #7339, #785, #4538, #10878, #8715, #6527, #4570, #3928, #876, #9222, #7840, #2944, #2217, #644, #6896, #10677, #8033, #8180, #10348, #7215, #5432, #2372, #4014, #4685, #4420, #1401, #9091, #8385, #9866, #7486, #1384, #5314, #9086, #4619, #10800, #5526, #10822, #1312, #7505, #5925, #906, #4668, #2325, #2880, #2474, #10564, #6386, #4371, #7032, #1813, #3076, #303, #10036, #9339, #4118, #4066, #6956, #10901, #1228, #10204, #1519, #8800, #1259, #9207, #9928, #9503, #11109, #8230, #7273, #1802, #10367, #7932, #2992, #980, #3618, #4549, #7404, #2157, #1915, #3547, #7148, #10462, #5451 ) ) ;
#8727 = VECTOR ( 'NONE', #3549, 1000.000000000000000 ) ;
#8728 = ORIENTED_EDGE ( 'NONE', *, *, #7628, .F. ) ;
#8729 = VERTEX_POINT ( 'NONE', #50 ) ;
#8730 = ORIENTED_EDGE ( 'NONE', *, *, #8398, .T. ) ;
#8731 = CARTESIAN_POINT ( 'NONE',  ( 85.64999999999570000, -49.25000000000000000, 1.500000000000000000 ) ) ;
#8732 = CARTESIAN_POINT ( 'NONE',  ( 3.555000269839352400, -0.9553797779113720700, 0.5000000000000000000 ) ) ;
#8733 = EDGE_CURVE ( 'NONE', #9970, #5709, #83, .T. ) ;
#8734 = DIRECTION ( 'NONE',  ( 1.000000000000000000, 0.0000000000000000000, 0.0000000000000000000 ) ) ;
#8735 = EDGE_LOOP ( 'NONE', ( #700, #4292, #9925, #9570 ) ) ;
#8736 = AXIS2_PLACEMENT_3D ( 'NONE', #3804, #8174, #3774 ) ;
#8737 = EDGE_CURVE ( 'NONE', #9455, #2475, #9336, .T. ) ;
#8738 = CARTESIAN_POINT ( 'NONE',  ( 2.735730916456033500, -1.954121458947978300, 0.4999999999999408300 ) ) ;
#8739 = LINE ( 'NONE', #2046, #8455 ) ;
#8740 = AXIS2_PLACEMENT_3D ( 'NONE', #2318, #8401, #3185 ) ;
#8741 = EDGE_LOOP ( 'NONE', ( #7992, #10487, #9245, #313 ) ) ;
#8742 = ORIENTED_EDGE ( 'NONE', *, *, #6819, .T. ) ;
#8743 = FACE_OUTER_BOUND ( 'NONE', #4427, .T. ) ;
#8744 = CALENDAR_DATE ( 2023, 9, 11 ) ;
#8745 = DIRECTION ( 'NONE',  ( 1.000000000000000000, 0.0000000000000000000, 0.0000000000000000000 ) ) ;
#8746 = LINE ( 'NONE', #4924, #6425 ) ;
#8747 = DIRECTION ( 'NONE',  ( -0.0000000000000000000, 1.000000000000000000, 0.0000000000000000000 ) ) ;
#8748 = CARTESIAN_POINT ( 'NONE',  ( 86.42000000000000200, -65.54999999999999700, 0.0000000000000000000 ) ) ;
#8749 = LINE ( 'NONE', #2009, #6428 ) ;
#8750 = DATE_AND_TIME ( #11057, #2085 ) ;
#8751 = DIRECTION ( 'NONE',  ( 1.000000000000000000, 0.0000000000000000000, 0.0000000000000000000 ) ) ;
#8752 =( NAMED_UNIT ( * ) PLANE_ANGLE_UNIT ( ) SI_UNIT ( $, .RADIAN. ) );
#8753 = CARTESIAN_POINT ( 'NONE',  ( 3.025913700171607000, -2.687700889676373000, -0.5000000000004173300 ) ) ;
#8754 = CARTESIAN_POINT ( 'NONE',  ( 3.189320328686184900, -1.838209251331140100, 0.5000000000000000000 ) ) ;
#8755 = CARTESIAN_POINT ( 'NONE',  ( 88.50000000000000000, 0.1500000000000008300, 185.0000000000000000 ) ) ;
#8756 = ORIENTED_EDGE ( 'NONE', *, *, #5027, .T. ) ;
#8757 = CYLINDRICAL_SURFACE ( 'NONE', #10407, 0.4000000000000001900 ) ;
#8758 = VECTOR ( 'NONE', #7539, 1000.000000000000000 ) ;
#8759 = PERSON ( 'NAUO-PER15', 'UNSPECIFIED', 'UNSPECIFIED', ('UNSPECIFIED'), ('UNSPECIFIED'), ('UNSPECIFIED') ) ;
#8760 = FACE_OUTER_BOUND ( 'NONE', #75, .T. ) ;
#8761 = COORDINATED_UNIVERSAL_TIME_OFFSET ( 1, 0, .AHEAD. ) ;
#8762 = EDGE_CURVE ( 'NONE', #3831, #741, #2396, .T. ) ;
#8763 = EDGE_CURVE ( 'NONE', #2049, #5022, #6740, .T. ) ;
#8764 = DIRECTION ( 'NONE',  ( -0.0000000000000000000, 1.000000000000000000, -0.0000000000000000000 ) ) ;
#8765 = AXIS2_PLACEMENT_3D ( 'NONE', #7806, #2598, #8690 ) ;
#8766 = AXIS2_PLACEMENT_3D ( 'NONE', #2220, #4785, #10847 ) ;
#8767 = ORIENTED_EDGE ( 'NONE', *, *, #10876, .F. ) ;
#8768 = DIRECTION ( 'NONE',  ( 1.000000000000000000, 0.0000000000000000000, 0.0000000000000000000 ) ) ;
#8769 = DIRECTION ( 'NONE',  ( 1.000000000000000000, 0.0000000000000000000, 0.0000000000000000000 ) ) ;
#8770 = CYLINDRICAL_SURFACE ( 'NONE', #3617, 0.4000000000000001900 ) ;
#8771 = CARTESIAN_POINT ( 'NONE',  ( 3.750000000000000000, 2.625000000000000000, 71.99899999999999500 ) ) ;
#8772 = CARTESIAN_POINT ( 'NONE',  ( -3.555000269839351900, -0.9553797779113758500, 0.5000000000000001100 ) ) ;
#8773 = LINE ( 'NONE', #1319, #8488 ) ;
#8774 = ORIENTED_EDGE ( 'NONE', *, *, #6172, .T. ) ;
#8775 = CARTESIAN_POINT ( 'NONE',  ( 7.652592279016515600E-016, 1.136868377216160300E-010, 6.248815809051677700 ) ) ;
#8776 = EDGE_CURVE ( 'NONE', #6300, #1326, #4419, .T. ) ;
#8777 = CIRCLE ( 'NONE', #8514, 0.4000000000000001900 ) ;
#8778 = EDGE_CURVE ( 'NONE', #1851, #136, #11106, .T. ) ;
#8779 = VERTEX_POINT ( 'NONE', #4473 ) ;
#8780 = ITEM_DEFINED_TRANSFORMATION ( 'NONE', 'NONE', #4069,  #7819 ) ;
#8781 = CARTESIAN_POINT ( 'NONE',  ( -3.799999999999999800, 9.475000000000001400, 248.0000000000000000 ) ) ;
#8782 = VERTEX_POINT ( 'NONE', #1034 ) ;
#8783 = VECTOR ( 'NONE', #5472, 1000.000000000000000 ) ;
#8784 = DIRECTION ( 'NONE',  ( 0.0000000000000000000, -0.0000000000000000000, -1.000000000000000000 ) ) ;
#8785 = LINE ( 'NONE', #9549, #4126 ) ;
#8786 = ORIENTED_EDGE ( 'NONE', *, *, #3080, .F. ) ;
#8787 = VERTEX_POINT ( 'NONE', #8004 ) ;
#8788 = CARTESIAN_POINT ( 'NONE',  ( -88.50000000000000000, 32.34999999999999400, 0.0000000000000000000 ) ) ;
#8789 = CC_DESIGN_SECURITY_CLASSIFICATION ( #5833, ( #2955 ) ) ;
#8790 = FACE_OUTER_BOUND ( 'NONE', #8435, .T. ) ;
#8791 = EDGE_CURVE ( 'NONE', #4593, #10859, #8794, .T. ) ;
#8792 = LINE ( 'NONE', #5936, #80 ) ;
#8793 = CARTESIAN_POINT ( 'NONE',  ( 2.243095527908439900, 2.918783974753357000, 0.5000000000000000000 ) ) ;
#8794 = LINE ( 'NONE', #8866, #8512 ) ;
#8795 = ORIENTED_EDGE ( 'NONE', *, *, #8763, .T. ) ;
#8796 = VERTEX_POINT ( 'NONE', #7106 ) ;
#8797 = DIRECTION ( 'NONE',  ( -0.0000000000000000000, 0.0000000000000000000, 1.000000000000000000 ) ) ;
#8798 = DIRECTION ( 'NONE',  ( 0.0000000000000000000, -1.000000000000000000, -0.0000000000000000000 ) ) ;
#8799 = VERTEX_POINT ( 'NONE', #4509 ) ;
#8800 = ORIENTED_EDGE ( 'NONE', *, *, #5467, .F. ) ;
#8801 = CARTESIAN_POINT ( 'NONE',  ( 6.250000000000000000, 2.225000000000000100, 248.0000000000000000 ) ) ;
#8802 = EDGE_CURVE ( 'NONE', #1648, #7424, #1862, .T. ) ;
#8803 = VERTEX_POINT ( 'NONE', #1905 ) ;
#8804 = CARTESIAN_POINT ( 'NONE',  ( -88.31999999999999300, -5.850000000000001400, 0.0000000000000000000 ) ) ;
#8805 = VERTEX_POINT ( 'NONE', #5391 ) ;
#8806 = ORIENTED_EDGE ( 'NONE', *, *, #5935, .T. ) ;
#8807 = PERSON_AND_ORGANIZATION ( #9810, #4463 ) ;
#8809 = CARTESIAN_POINT ( 'NONE',  ( 0.0000000000000000000, -19.27500000000000600, 248.0000000000000000 ) ) ;
#8808 = AXIS2_PLACEMENT_3D ( 'NONE', #1404, #7477, #2279 ) ;
#8810 = CARTESIAN_POINT ( 'NONE',  ( -90.00000000000001400, 32.34999999999999400, 0.0000000000000000000 ) ) ;
#8811 = DIRECTION ( 'NONE',  ( -0.8191520442889878000, -0.5735764363510518200, -0.0000000000000000000 ) ) ;
#8812 = CARTESIAN_POINT ( 'NONE',  ( 86.50000000000000000, 2.168404344971009900E-016, 185.0000000000000000 ) ) ;
#8813 = CARTESIAN_POINT ( 'NONE',  ( -90.00100000000000500, 7.125000000000000000, 168.0000000000000000 ) ) ;
#8814 = ADVANCED_FACE ( 'NONE', ( #10827 ), #7147, .F. ) ;
#8815 = FACE_OUTER_BOUND ( 'NONE', #3538, .T. ) ;
#8816 = ORIENTED_EDGE ( 'NONE', *, *, #5410, .T. ) ;
#8817 = CARTESIAN_POINT ( 'NONE',  ( 0.7500000000000000000, 1.939568159792238600E-014, -8.000000000000000000 ) ) ;
#8818 = DATE_AND_TIME ( #11131, #2155 ) ;
#8819 = CARTESIAN_POINT ( 'NONE',  ( 5.850000000000001400, 13.17499999999999900, 248.0000000000000000 ) ) ;
#8820 = ORIENTED_EDGE ( 'NONE', *, *, #9297, .T. ) ;
#8821 = VECTOR ( 'NONE', #7913, 1000.000000000000000 ) ;
#8822 = CARTESIAN_POINT ( 'NONE',  ( -2.500000000000000000, 4.975000000000000500, -0.001000000000000999900 ) ) ;
#8823 = ORIENTED_EDGE ( 'NONE', *, *, #10152, .F. ) ;
#8824 = LINE ( 'NONE', #9861, #4170 ) ;
#8825 = ORIENTED_EDGE ( 'NONE', *, *, #10739, .F. ) ;
#8826 = EDGE_LOOP ( 'NONE', ( #10524, #6116, #10835, #3325 ) ) ;
#8827 = AXIS2_PLACEMENT_3D ( 'NONE', #8600, #3388, #9492 ) ;
#8828 = PLANE ( 'NONE',  #1075 ) ;
#8829 = CALENDAR_DATE ( 2023, 9, 11 ) ;
#8830 = CARTESIAN_POINT ( 'NONE',  ( 0.0000000000000000000, -10.62500000000000000, 248.0000000000000000 ) ) ;
#8831 = ORIENTED_EDGE ( 'NONE', *, *, #7181, .F. ) ;
#8832 = PERSON_AND_ORGANIZATION_ROLE ( 'creator' ) ;
#8833 = DIRECTION ( 'NONE',  ( -1.000000000000000000, 0.0000000000000000000, 0.0000000000000000000 ) ) ;
#8834 = CARTESIAN_POINT ( 'NONE',  ( -3.222112500386832100, -3.092303132795074700, -0.5062997189773148500 ) ) ;
#8835 = CARTESIAN_POINT ( 'NONE',  ( 90.00000000000000000, 25.37500000000001100, 17.00000000000000000 ) ) ;
#8836 = DIRECTION ( 'NONE',  ( 1.000000000000000000, 1.176083712526651900E-016, -0.0000000000000000000 ) ) ;
#8837 = AXIS2_PLACEMENT_3D ( 'NONE', #4352, #10460, #5232 ) ;
#8838 = APPROVAL_PERSON_ORGANIZATION ( #11149, #10297, #992 ) ;
#8839 = EDGE_CURVE ( 'NONE', #6250, #10202, #10102, .T. ) ;
#8840 = EDGE_CURVE ( 'NONE', #2256, #555, #6467, .T. ) ;
#8841 = CARTESIAN_POINT ( 'NONE',  ( -4.873576436351053000, -16.87467222170134900, 72.00000000000001400 ) ) ;
#8842 = CARTESIAN_POINT ( 'NONE',  ( 6.250000000000000000, 2.625000000000000000, 71.99899999999999500 ) ) ;
#8843 = CARTESIAN_POINT ( 'NONE',  ( -3.600000000000000100, 4.774999999999999500, -0.001000000000000999900 ) ) ;
#8844 = DIRECTION ( 'NONE',  ( 0.0000000000000000000, -1.000000000000000000, -0.0000000000000000000 ) ) ;
#8845 = CARTESIAN_POINT ( 'NONE',  ( 0.5000000000000000000, -4.000000000000000000, 0.0000000000000000000 ) ) ;
#8846 = DIRECTION ( 'NONE',  ( -0.0000000000000000000, -0.0000000000000000000, -1.000000000000000000 ) ) ;
#8847 = DIRECTION ( 'NONE',  ( 0.0000000000000000000, 0.0000000000000000000, 1.000000000000000000 ) ) ;
#8848 = CC_DESIGN_PERSON_AND_ORGANIZATION_ASSIGNMENT ( #2701, #2948, ( #7089 ) ) ;
#8849 = ORIENTED_EDGE ( 'NONE', *, *, #4703, .F. ) ;
#8850 = DIRECTION ( 'NONE',  ( -0.0000000000000000000, 0.0000000000000000000, -1.000000000000000000 ) ) ;
#8851 = CC_DESIGN_PERSON_AND_ORGANIZATION_ASSIGNMENT ( #2622, #5242, ( #5916 ) ) ;
#8852 = CARTESIAN_POINT ( 'NONE',  ( 0.0000000000000000000, -4.000000000000000000, 0.0000000000000000000 ) ) ;
#8853 = DIRECTION ( 'NONE',  ( 0.0000000000000000000, -0.0000000000000000000, -1.000000000000000000 ) ) ;
#8854 = ORIENTED_EDGE ( 'NONE', *, *, #8347, .T. ) ;
#8855 = ORIENTED_EDGE ( 'NONE', *, *, #7601, .T. ) ;
#8856 = ORIENTED_EDGE ( 'NONE', *, *, #6421, .T. ) ;
#8857 = ORIENTED_EDGE ( 'NONE', *, *, #4077, .T. ) ;
#8858 = LINE ( 'NONE', #7427, #11174 ) ;
#8859 = EDGE_LOOP ( 'NONE', ( #7491, #7092, #3882, #11017 ) ) ;
#8860 = ORIENTED_EDGE ( 'NONE', *, *, #559, .F. ) ;
#8861 = VERTEX_POINT ( 'NONE', #1545 ) ;
#8862 = CARTESIAN_POINT ( 'NONE',  ( 0.5000000000000000000, -4.000000000000000000, 2.449489742783178800 ) ) ;
#8863 = DIRECTION ( 'NONE',  ( 0.0000000000000000000, 0.0000000000000000000, 1.000000000000000000 ) ) ;
#8864 = ADVANCED_FACE ( 'NONE', ( #6191 ), #3609, .F. ) ;
#8865 = APPROVAL_ROLE ( '' ) ;
#8866 = CARTESIAN_POINT ( 'NONE',  ( 4.750000000000000000, 3.700000000000000200, 3.000000000000000000 ) ) ;
#8867 = EDGE_CURVE ( 'NONE', #10369, #637, #10559, .T. ) ;
#8868 = EDGE_CURVE ( 'NONE', #7616, #5052, #5911, .T. ) ;
#8869 = CYLINDRICAL_SURFACE ( 'NONE', #537, 1.550000000000000300 ) ;
#8870 = CARTESIAN_POINT ( 'NONE',  ( 1.200000000000000000, 8.800000000000000700, -0.001000000000000999900 ) ) ;
#8871 = ORIENTED_EDGE ( 'NONE', *, *, #3259, .F. ) ;
#8872 = EDGE_LOOP ( 'NONE', ( #6328, #658, #4635, #1614, #9536, #2383, #1759, #691, #1977, #1409, #5680, #2600, #10895, #10145, #2161, #8450, #6888, #4330, #8498, #1202, #6811, #10418, #7514, #529, #4061, #7012, #7575, #8854, #971, #10694, #8155, #3322, #4977, #1649, #5382, #51, #8979, #5568, #10823, #9092, #10344, #2465, #4123, #4989, #2515, #1877, #9483, #4561, #1538, #10755, #1871, #5634, #9688, #2855, #6258, #5236, #2164, #3978, #1054, #10955, #1736, #9986, #3251, #3347, #7133, #6806, #4618, #2460, #500, #8855, #8097, #7446, #1434, #10153, #4781, #2726, #7439, #8909, #6246, #1791, #1913, #8951, #3672, #2918, #2277, #9884, #9636, #10916, #7304, #8947, #3726, #10360, #7899, #1260, #275, #3136, #141, #10693, #2704, #4359, #3639, #9241, #6723, #6088, #2734, #6319, #3443, #10063, #6945, #7548, #3501, #2458, #1510, #8939, #8700, #10545, #3219, #8856, #3475, #9599, #4870, #3792, #9071, #7305, #10885, #702, #527, #7879, #5355, #4711, #3673, #2817, #2088, #8706, #7619, #10549, #8806, #1092, #4488, #2029, #7050, #2241, #3895, #9206, #6611, #3571, #10480, #3887, #5359, #412, #7212, #8312 ) ) ;
#8873 = ORIENTED_EDGE ( 'NONE', *, *, #2087, .F. ) ;
#8874 = AXIS2_PLACEMENT_3D ( 'NONE', #880, #6959, #1770 ) ;
#8875 = CIRCLE ( 'NONE', #5603, 0.2000000000000000900 ) ;
#8876 = DIRECTION ( 'NONE',  ( -1.000000000000000000, 0.0000000000000000000, 0.0000000000000000000 ) ) ;
#8877 = CARTESIAN_POINT ( 'NONE',  ( 3.189320328686239900, -1.838209251331187200, 1.500000000000045500 ) ) ;
#8878 = PERSON_AND_ORGANIZATION_ROLE ( 'classification_officer' ) ;
#8879 = CARTESIAN_POINT ( 'NONE',  ( 3.750000000000000000, -8.125000000000000000, 72.00000000000001400 ) ) ;
#8880 = VECTOR ( 'NONE', #4089, 1000.000000000000000 ) ;
#8881 = CARTESIAN_POINT ( 'NONE',  ( 3.950000000000000200, -13.57500000000000100, 71.99899999999999500 ) ) ;
#8882 = DIRECTION ( 'NONE',  ( 0.0000000000000000000, 1.000000000000000000, 0.0000000000000000000 ) ) ;
#8883 = VERTEX_POINT ( 'NONE', #2456 ) ;
#8884 = DIRECTION ( 'NONE',  ( -1.000000000000000000, 0.0000000000000000000, 0.0000000000000000000 ) ) ;
#8885 = FACE_OUTER_BOUND ( 'NONE', #4956, .T. ) ;
#8886 = PERSON_AND_ORGANIZATION ( #90, #11202 ) ;
#8887 = VERTEX_POINT ( 'NONE', #7670 ) ;
#8888 = EDGE_CURVE ( 'NONE', #8581, #2475, #3339, .T. ) ;
#8889 = CARTESIAN_POINT ( 'NONE',  ( -1.319450280607484800, 1.014002097308119200, 1.500000000000000200 ) ) ;
#8890 = CYLINDRICAL_SURFACE ( 'NONE', #1231, 2.149999999999999000 ) ;
#8891 = LINE ( 'NONE', #9908, #8339 ) ;
#8892 = CARTESIAN_POINT ( 'NONE',  ( 1.649999999999999900, 0.0000000000000000000, 1.500000000000000000 ) ) ;
#8893 = LINE ( 'NONE', #10292, #4247 ) ;
#8894 = DATE_AND_TIME ( #11215, #2229 ) ;
#8895 = ORIENTED_EDGE ( 'NONE', *, *, #7027, .T. ) ;
#8896 = VECTOR ( 'NONE', #9612, 1000.000000000000000 ) ;
#8897 = ORIENTED_EDGE ( 'NONE', *, *, #5276, .F. ) ;
#8898 = CARTESIAN_POINT ( 'NONE',  ( -3.600000000000000100, 4.774999999999999500, 248.0000000000000000 ) ) ;
#8899 = AXIS2_PLACEMENT_3D ( 'NONE', #8921, #3701, #9815 ) ;
#8900 = CARTESIAN_POINT ( 'NONE',  ( 1.600000000000000100, 14.50000000000000000, 72.00000000000001400 ) ) ;
#8901 = CYLINDRICAL_SURFACE ( 'NONE', #4643, 0.2000000000000000900 ) ;
#8902 = PRODUCT_DEFINITION_SHAPE ( 'NONE', 'NONE',  #11297 ) ;
#8903 = LINE ( 'NONE', #8129, #4264 ) ;
#8904 = COORDINATED_UNIVERSAL_TIME_OFFSET ( 1, 0, .AHEAD. ) ;
#8905 = CARTESIAN_POINT ( 'NONE',  ( -0.2000000000000000100, -14.50000000000000000, 72.00000000000001400 ) ) ;
#8906 = ORIENTED_EDGE ( 'NONE', *, *, #4880, .F. ) ;
#8907 = VECTOR ( 'NONE', #2477, 1000.000000000000000 ) ;
#8908 = VECTOR ( 'NONE', #1706, 1000.000000000000000 ) ;
#8909 = ORIENTED_EDGE ( 'NONE', *, *, #7231, .T. ) ;
#8910 = FACE_OUTER_BOUND ( 'NONE', #10094, .T. ) ;
#8911 = CARTESIAN_POINT ( 'NONE',  ( -88.50000000000000000, 32.50000000000000000, 185.0000000000000000 ) ) ;
#8912 = EDGE_CURVE ( 'NONE', #10130, #10714, #8256, .T. ) ;
#8913 = EDGE_CURVE ( 'NONE', #1326, #8596, #5646, .T. ) ;
#8914 = CARTESIAN_POINT ( 'NONE',  ( -3.600000000000000100, -4.774999999999999500, -0.001000000000000999900 ) ) ;
#8915 = APPROVAL ( #2779, 'UNSPECIFIED' ) ;
#8916 = CARTESIAN_POINT ( 'NONE',  ( -0.4777838534843580300, 3.649999999999999900, 0.5000000000000000000 ) ) ;
#8917 = LOCAL_TIME ( 11, 17, 25.00000000000000000, #11239 ) ;
#8918 = AXIS2_PLACEMENT_3D ( 'NONE', #2759, #8847, #3628 ) ;
#8919 = APPROVAL_STATUS ( 'not_yet_approved' ) ;
#8920 = CARTESIAN_POINT ( 'NONE',  ( 3.950000000000000200, 15.42499999999999900, 248.0000000000000000 ) ) ;
#8921 = CARTESIAN_POINT ( 'NONE',  ( -83.39999999999570000, -49.25000000000000000, 1.500000000000000000 ) ) ;
#8922 = ORIENTED_EDGE ( 'NONE', *, *, #560, .T. ) ;
#8923 = LINE ( 'NONE', #8088, #11243 ) ;
#8924 = CARTESIAN_POINT ( 'NONE',  ( -0.09817475995271021700, 0.7500000000000238700, -8.000000000000000000 ) ) ;
#8925 =( BOUNDED_CURVE ( )  B_SPLINE_CURVE ( 2, ( #8892, #220, #7177 ),
 .UNSPECIFIED., .F., .F. ) 
 B_SPLINE_CURVE_WITH_KNOTS ( ( 3, 3 ),
 ( 0.0000000000000000000, 1.000000000000000000 ),
 .UNSPECIFIED. ) 
 CURVE ( )  GEOMETRIC_REPRESENTATION_ITEM ( )  RATIONAL_B_SPLINE_CURVE ( ( 1.000000000000000000, 0.7071067811865480200, 1.000000000000000000 ) ) 
 REPRESENTATION_ITEM ( '' )  );
#8926 = ORIENTED_EDGE ( 'NONE', *, *, #1746, .F. ) ;
#8927 = EDGE_CURVE ( 'NONE', #5980, #10818, #10016, .T. ) ;
#8928 = VECTOR ( 'NONE', #1559, 1000.000000000000000 ) ;
#8929 = CC_DESIGN_SECURITY_CLASSIFICATION ( #8329, ( #11299 ) ) ;
#8930 = ADVANCED_FACE ( 'NONE', ( #5371 ), #7713, .T. ) ;
#8931 = FACE_OUTER_BOUND ( 'NONE', #8485, .T. ) ;
#8932 = ORIENTED_EDGE ( 'NONE', *, *, #9098, .F. ) ;
#8933 = EDGE_CURVE ( 'NONE', #5980, #7495, #9760, .T. ) ;
#8934 = ORIENTED_EDGE ( 'NONE', *, *, #10653, .T. ) ;
#8935 = ORIENTED_EDGE ( 'NONE', *, *, #6595, .T. ) ;
#8936 = PLANE ( 'NONE',  #11164 ) ;
#8937 = CARTESIAN_POINT ( 'NONE',  ( -5.647037742799590800, 16.33308878441255300, 248.0000000000000000 ) ) ;
#8938 = ORIENTED_EDGE ( 'NONE', *, *, #2973, .F. ) ;
#8939 = ORIENTED_EDGE ( 'NONE', *, *, #9976, .F. ) ;
#8940 = CARTESIAN_POINT ( 'NONE',  ( 1.804570487845482500, -21.11915204428899200, 248.0000000000000000 ) ) ;
#8941 = FACE_BOUND ( 'NONE', #4957, .T. ) ;
#8942 = DIRECTION ( 'NONE',  ( -1.000000000000000000, -6.071532165918830700E-016, -0.0000000000000000000 ) ) ;
#8943 = APPROVAL ( #9327, 'UNKNOWN' ) ;
#8944 = FACE_OUTER_BOUND ( 'NONE', #7559, .T. ) ;
#8945 = ORIENTED_EDGE ( 'NONE', *, *, #6833, .F. ) ;
#8946 = ADVANCED_FACE ( 'NONE', ( #5095 ), #9482, .F. ) ;
#8947 = ORIENTED_EDGE ( 'NONE', *, *, #538, .F. ) ;
#8948 = EDGE_CURVE ( 'NONE', #776, #4921, #485, .T. ) ;
#8949 = ORIENTED_EDGE ( 'NONE', *, *, #10163, .F. ) ;
#8950 = EDGE_CURVE ( 'NONE', #4921, #6453, #2804, .T. ) ;
#8951 = ORIENTED_EDGE ( 'NONE', *, *, #965, .F. ) ;
#8952 = CARTESIAN_POINT ( 'NONE',  ( 0.0000000000000000000, -1.025000000000000100, 248.0000000000000000 ) ) ;
#8953 = VECTOR ( 'NONE', #1428, 1000.000000000000000 ) ;
#8954 = EDGE_LOOP ( 'NONE', ( #2924, #11030, #5999, #9936 ) ) ;
#8955 = CARTESIAN_POINT ( 'NONE',  ( 6.250000000000000000, 0.0000000000000000000, 248.0000000000000000 ) ) ;
#8956 = COORDINATED_UNIVERSAL_TIME_OFFSET ( 1, 0, .AHEAD. ) ;
#8957 = EDGE_CURVE ( 'NONE', #9652, #5022, #7422, .T. ) ;
#8958 = VECTOR ( 'NONE', #9433, 1000.000000000000000 ) ;
#8959 = CARTESIAN_POINT ( 'NONE',  ( 2.994266153231730100, -3.092303132795074700, -1.956344188507920200 ) ) ;
#8960 = VECTOR ( 'NONE', #10384, 1000.000000000000000 ) ;
#8961 = ORIENTED_EDGE ( 'NONE', *, *, #2826, .F. ) ;
#8962 = CARTESIAN_POINT ( 'NONE',  ( 88.50000000000000000, 32.34999999999999400, 185.0000000000000000 ) ) ;
#8963 = CARTESIAN_POINT ( 'NONE',  ( -1.838209251331180300, -3.189320328686169800, 0.5000000000000000000 ) ) ;
#8964 = APPLICATION_PROTOCOL_DEFINITION ( 'international standard', 'config_control_design', 1994, #2865 ) ;
#8965 = DIRECTION ( 'NONE',  ( -0.0000000000000000000, 0.0000000000000000000, -1.000000000000000000 ) ) ;
#8966 = DIRECTION ( 'NONE',  ( 0.0000000000000000000, -0.0000000000000000000, 1.000000000000000000 ) ) ;
#8967 = AXIS2_PLACEMENT_3D ( 'NONE', #467, #9228, #3977 ) ;
#8968 = DIRECTION ( 'NONE',  ( 0.0000000000000000000, 0.0000000000000000000, -1.000000000000000000 ) ) ;
#8969 = CARTESIAN_POINT ( 'NONE',  ( 3.950000000000000200, 11.97500000000000100, 71.99899999999999500 ) ) ;
#8970 = CARTESIAN_POINT ( 'NONE',  ( 3.950000000000000200, -11.77500000000000000, 71.99899999999999500 ) ) ;
#8971 = PERSON_AND_ORGANIZATION ( #9810, #4463 ) ;
#8972 = DIRECTION ( 'NONE',  ( 0.0000000000000000000, -0.0000000000000000000, 1.000000000000000000 ) ) ;
#8973 = VERTEX_POINT ( 'NONE', #829 ) ;
#8974 = DIRECTION ( 'NONE',  ( 0.0000000000000000000, 0.0000000000000000000, 1.000000000000000000 ) ) ;
#8975 = FACE_BOUND ( 'NONE', #9180, .T. ) ;
#8976 = EDGE_LOOP ( 'NONE', ( #8263, #3018, #10956, #388 ) ) ;
#8977 = CARTESIAN_POINT ( 'NONE',  ( 5.850000000000001400, 21.30000000000000100, -6.054130821183109700 ) ) ;
#8978 = ORIENTED_EDGE ( 'NONE', *, *, #9376, .T. ) ;
#8979 = ORIENTED_EDGE ( 'NONE', *, *, #4672, .F. ) ;
#8980 = DIRECTION ( 'NONE',  ( 0.0000000000000000000, 0.0000000000000000000, 1.000000000000000000 ) ) ;
#8981 = AXIS2_PLACEMENT_3D ( 'NONE', #2081, #8175, #2957 ) ;
#8982 = APPROVAL_DATE_TIME ( #1013, #8915 ) ;
#8983 = CARTESIAN_POINT ( 'NONE',  ( 0.4999999999999967800, -3.243396590459965500, -2.942896425152004400 ) ) ;
#8984 = CARTESIAN_POINT ( 'NONE',  ( -0.7304795034937871000, 0.1963109229443025000, -8.000000000000000000 ) ) ;
#8985 = ADVANCED_FACE ( 'NONE', ( #213 ), #6912, .F. ) ;
#8986 = DIRECTION ( 'NONE',  ( 0.0000000000000000000, -0.0000000000000000000, 1.000000000000000000 ) ) ;
#8987 =( GEOMETRIC_REPRESENTATION_CONTEXT ( 3 ) GLOBAL_UNCERTAINTY_ASSIGNED_CONTEXT ( ( #7381 ) ) GLOBAL_UNIT_ASSIGNED_CONTEXT ( ( #8441, #11115, #5877 ) ) REPRESENTATION_CONTEXT ( 'NONE', 'WORKASPACE' ) );
#8988 = AXIS2_PLACEMENT_3D ( 'NONE', #1464, #3207, #8421 ) ;
#8989 = AXIS2_PLACEMENT_3D ( 'NONE', #5408, #207, #6278 ) ;
#8990 = CARTESIAN_POINT ( 'NONE',  ( -1.145643923738960400, -4.001000000000000300, 0.5000000000000000000 ) ) ;
#8991 = EDGE_CURVE ( 'NONE', #10494, #8803, #6882, .T. ) ;
#8992 = ORIENTED_EDGE ( 'NONE', *, *, #11261, .F. ) ;
#8993 = CARTESIAN_POINT ( 'NONE',  ( 6.250000000000000000, -11.97500000000000000, 71.99899999999999500 ) ) ;
#8994 = VERTEX_POINT ( 'NONE', #2250 ) ;
#8995 = EDGE_CURVE ( 'NONE', #5998, #7703, #9205, .T. ) ;
#8996 = ADVANCED_FACE ( 'NONE', ( #4546 ), #5145, .T. ) ;
#8997 = ORIENTED_EDGE ( 'NONE', *, *, #9097, .F. ) ;
#8998 = DIRECTION ( 'NONE',  ( 0.0000000000000000000, -0.0000000000000000000, 1.000000000000000000 ) ) ;
#8999 = ORIENTED_EDGE ( 'NONE', *, *, #10402, .F. ) ;
#9000 = APPROVAL_ROLE ( '' ) ;
#9001 = CARTESIAN_POINT ( 'NONE',  ( 5.850000000000001400, -5.875000000000000000, 71.99899999999999500 ) ) ;
#9002 = DIRECTION ( 'NONE',  ( -0.0000000000000000000, -0.0000000000000000000, 1.000000000000000000 ) ) ;
#9003 = DIRECTION ( 'NONE',  ( 0.0000000000000000000, 0.0000000000000000000, 1.000000000000000000 ) ) ;
#9004 = DIRECTION ( 'NONE',  ( 0.0000000000000000000, 0.0000000000000000000, 1.000000000000000000 ) ) ;
#9005 = CARTESIAN_POINT ( 'NONE',  ( 5.850000000000001400, 13.57500000000000300, 71.99899999999999500 ) ) ;
#9006 = CARTESIAN_POINT ( 'NONE',  ( 5.850000000000001400, 1.425000000000000000, 72.00000000000001400 ) ) ;
#9007 = APPROVAL ( #3909, 'UNSPECIFIED' ) ;
#9008 = CARTESIAN_POINT ( 'NONE',  ( -83.39999999999570000, -49.25000000000000000, -0.0009999999999999161000 ) ) ;
#9009 = ORIENTED_EDGE ( 'NONE', *, *, #5353, .T. ) ;
#9010 = EDGE_LOOP ( 'NONE', ( #8767, #8136, #2117, #10828 ) ) ;
#9011 = CARTESIAN_POINT ( 'NONE',  ( 3.950000000000000200, 2.824999999999999700, 248.0000000000000000 ) ) ;
#9012 = CYLINDRICAL_SURFACE ( 'NONE', #9875, 0.4000000000000001900 ) ;
#9013 = ORIENTED_EDGE ( 'NONE', *, *, #9355, .F. ) ;
#9014 = CARTESIAN_POINT ( 'NONE',  ( -3.600000000000000500, -3.225000000000000100, 248.0000000000000000 ) ) ;
#9015 = EDGE_CURVE ( 'NONE', #1694, #4149, #2255, .T. ) ;
#9016 = VERTEX_POINT ( 'NONE', #6072 ) ;
#9017 = ORIENTED_EDGE ( 'NONE', *, *, #4343, .F. ) ;
#9018 = CARTESIAN_POINT ( 'NONE',  ( 83.39999999999548700, -20.25000000000000000, 0.0000000000000000000 ) ) ;
#9019 = DIRECTION ( 'NONE',  ( 0.8191520442889919100, -0.5735764363510458300, 0.0000000000000000000 ) ) ;
#9020 = VERTEX_POINT ( 'NONE', #5220 ) ;
#9021 = LINE ( 'NONE', #2815, #35 ) ;
#9022 = CARTESIAN_POINT ( 'NONE',  ( 0.7304795034937828800, 0.1963109229443039900, -8.000000000000000000 ) ) ;
#9023 = ORIENTED_EDGE ( 'NONE', *, *, #41, .F. ) ;
#9024 = VECTOR ( 'NONE', #2230, 1000.000000000000000 ) ;
#9025 = LOCAL_TIME ( 11, 17, 25.00000000000000000, #38 ) ;
#9026 = CARTESIAN_POINT ( 'NONE',  ( 86.50000000000000000, 31.00000000000001400, 185.0000000000000000 ) ) ;
#9027 = DIRECTION ( 'NONE',  ( -0.0000000000000000000, -0.0000000000000000000, -1.000000000000000000 ) ) ;
#9028 = PRODUCT_DEFINITION_SHAPE ( 'NONE', 'NONE',  #11289 ) ;
#9029 = ORIENTED_EDGE ( 'NONE', *, *, #7629, .T. ) ;
#9030 = EDGE_CURVE ( 'NONE', #8779, #10032, #1311, .T. ) ;
#9031 = EDGE_CURVE ( 'NONE', #4128, #8326, #11247, .T. ) ;
#9032 = AXIS2_PLACEMENT_3D ( 'NONE', #692, #6776, #1575 ) ;
#9033 = FACE_OUTER_BOUND ( 'NONE', #567, .T. ) ;
#9034 = LINE ( 'NONE', #1924, #6699 ) ;
#9035 = CARTESIAN_POINT ( 'NONE',  ( -2.000000000000000000, 2.449293598294706400E-016, 0.0000000000000000000 ) ) ;
#9036 = PERSON_AND_ORGANIZATION_ROLE ( 'design_supplier' ) ;
#9037 = ORIENTED_EDGE ( 'NONE', *, *, #541, .F. ) ;
#9038 = CARTESIAN_POINT ( 'NONE',  ( -0.2000000000000000100, 14.50000000000000000, 65.07035354437189800 ) ) ;
#9039 = PLANE ( 'NONE',  #10363 ) ;
#9040 = VECTOR ( 'NONE', #3495, 1000.000000000000000 ) ;
#9041 = CARTESIAN_POINT ( 'NONE',  ( 2.449999999999999700, 17.22499999999999800, 248.0000000000000000 ) ) ;
#9042 = DIRECTION ( 'NONE',  ( -1.000000000000000000, 0.0000000000000000000, 0.0000000000000000000 ) ) ;
#9043 = DIRECTION ( 'NONE',  ( -1.040834085586083900E-016, 1.000000000000000000, 0.0000000000000000000 ) ) ;
#9044 = DIRECTION ( 'NONE',  ( 0.0000000000000000000, 0.0000000000000000000, -1.000000000000000000 ) ) ;
#9045 = CARTESIAN_POINT ( 'NONE',  ( -88.50000000000000000, 1.500000000000000000, 185.0000000000000000 ) ) ;
#9046 = ADVANCED_FACE ( 'NONE', ( #8931 ), #9633, .F. ) ;
#9047 = FACE_OUTER_BOUND ( 'NONE', #4633, .T. ) ;
#9048 = VECTOR ( 'NONE', #4928, 1000.000000000000000 ) ;
#9049 = EDGE_LOOP ( 'NONE', ( #9558, #10074 ) ) ;
#9050 = DIRECTION ( 'NONE',  ( 0.0000000000000000000, 0.0000000000000000000, 1.000000000000000000 ) ) ;
#9051 = CARTESIAN_POINT ( 'NONE',  ( 2.449999999999999700, 1.025000000000001200, 248.0000000000000000 ) ) ;
#9052 = APPROVAL_PERSON_ORGANIZATION ( #56, #8143, #7645 ) ;
#9053 = DIRECTION ( 'NONE',  ( 0.0000000000000000000, -0.0000000000000000000, 1.000000000000000000 ) ) ;
#9054 = AXIS2_PLACEMENT_3D ( 'NONE', #3621, #9731, #4484 ) ;
#9055 = DIRECTION ( 'NONE',  ( 1.000000000000000000, 0.0000000000000000000, 0.0000000000000000000 ) ) ;
#9056 = VERTEX_POINT ( 'NONE', #4380 ) ;
#9057 = FACE_OUTER_BOUND ( 'NONE', #2054, .T. ) ;
#9058 = DIRECTION ( 'NONE',  ( -0.0000000000000000000, -0.0000000000000000000, -1.000000000000000000 ) ) ;
#9059 = FACE_OUTER_BOUND ( 'NONE', #4910, .T. ) ;
#9060 = VERTEX_POINT ( 'NONE', #1965 ) ;
#9061 = VECTOR ( 'NONE', #2120, 1000.000000000000000 ) ;
#9062 = ORIENTED_EDGE ( 'NONE', *, *, #4476, .T. ) ;
#9063 = ADVANCED_FACE ( 'NONE', ( #4288 ), #3993, .F. ) ;
#9064 = APPROVAL_DATE_TIME ( #70, #1934 ) ;
#9065 = ORIENTED_EDGE ( 'NONE', *, *, #4031, .T. ) ;
#9066 = AXIS2_PLACEMENT_3D ( 'NONE', #6935, #6900, #9546 ) ;
#9067 = CIRCLE ( 'NONE', #10193, 2.000000000000001800 ) ;
#9068 = CARTESIAN_POINT ( 'NONE',  ( 1.319450280607480400, 1.014002097308101200, 1.500000000000000200 ) ) ;
#9069 = FACE_OUTER_BOUND ( 'NONE', #8872, .T. ) ;
#9070 = ORIENTED_EDGE ( 'NONE', *, *, #6177, .T. ) ;
#9071 = ORIENTED_EDGE ( 'NONE', *, *, #1926, .T. ) ;
#9072 = LINE ( 'NONE', #1012, #11097 ) ;
#9073 = CYLINDRICAL_SURFACE ( 'NONE', #7195, 2.149999999999999000 ) ;
#9074 = CARTESIAN_POINT ( 'NONE',  ( 1.649999999999999900, 0.0000000000000000000, 1.499999999999999800 ) ) ;
#9075 = CARTESIAN_POINT ( 'NONE',  ( 6.250000000000000000, 9.924999999999998900, 71.99899999999999500 ) ) ;
#9076 = VECTOR ( 'NONE', #9686, 1000.000000000000000 ) ;
#9077 = ORIENTED_EDGE ( 'NONE', *, *, #6803, .F. ) ;
#9078 = ORIENTED_EDGE ( 'NONE', *, *, #8778, .F. ) ;
#9079 = CARTESIAN_POINT ( 'NONE',  ( -88.50000000000000000, 25.37500000000000000, 17.00000000000000000 ) ) ;
#9080 = APPROVAL ( #5474, 'UNSPECIFIED' ) ;
#9081 = CARTESIAN_POINT ( 'NONE',  ( 0.0000000000000000000, 0.0000000000000000000, 0.0000000000000000000 ) ) ;
#9082 = PERSON_AND_ORGANIZATION_ROLE ( 'creator' ) ;
#9083 = DIRECTION ( 'NONE',  ( 0.0000000000000000000, 1.000000000000000000, 0.0000000000000000000 ) ) ;
#9084 = DIRECTION ( 'NONE',  ( 1.000000000000000000, 0.0000000000000000000, 0.0000000000000000000 ) ) ;
#9085 = CARTESIAN_POINT ( 'NONE',  ( -90.00000000000000000, 3.500000000000000400, 185.0000000000000000 ) ) ;
#9086 = ORIENTED_EDGE ( 'NONE', *, *, #4692, .F. ) ;
#9087 = CC_DESIGN_DATE_AND_TIME_ASSIGNMENT ( #5605, #6929, ( #6725 ) ) ;
#9088 = ORIENTED_EDGE ( 'NONE', *, *, #1230, .F. ) ;
#9089 = DIRECTION ( 'NONE',  ( 0.0000000000000000000, 0.0000000000000000000, 1.000000000000000000 ) ) ;
#9090 = CARTESIAN_POINT ( 'NONE',  ( -3.600000000000000100, -3.824999999999999700, -0.001000000000000999900 ) ) ;
#9091 = ORIENTED_EDGE ( 'NONE', *, *, #9187, .F. ) ;
#9092 = ORIENTED_EDGE ( 'NONE', *, *, #8321, .T. ) ;
#9093 = PERSON_AND_ORGANIZATION ( #9810, #4463 ) ;
#9094 = DIRECTION ( 'NONE',  ( 0.0000000000000000000, 0.0000000000000000000, 1.000000000000000000 ) ) ;
#9095 = VECTOR ( 'NONE', #7210, 1000.000000000000000 ) ;
#9096 = ORIENTED_EDGE ( 'NONE', *, *, #9531, .T. ) ;
#9097 = EDGE_CURVE ( 'NONE', #3599, #8429, #1981, .T. ) ;
#9098 = EDGE_CURVE ( 'NONE', #1451, #102, #8656, .T. ) ;
#9099 = PERSON_AND_ORGANIZATION ( #9810, #4463 ) ;
#9100 = ADVANCED_FACE ( 'NONE', ( #6057 ), #8936, .F. ) ;
#9101 = CARTESIAN_POINT ( 'NONE',  ( 5.850000000000001400, -8.325000000000001100, 72.00000000000001400 ) ) ;
#9102 = VERTEX_POINT ( 'NONE', #7208 ) ;
#9103 = CIRCLE ( 'NONE', #8228, 1.000000000000000000 ) ;
#9104 = ORIENTED_EDGE ( 'NONE', *, *, #5613, .F. ) ;
#9105 = LINE ( 'NONE', #2824, #6772 ) ;
#9106 = ORIENTED_EDGE ( 'NONE', *, *, #3677, .T. ) ;
#9107 = ORIENTED_EDGE ( 'NONE', *, *, #2545, .T. ) ;
#9108 = DATE_AND_TIME ( #114, #2433 ) ;
#9109 = CARTESIAN_POINT ( 'NONE',  ( 89.99999999999998600, 27.52500000000001300, 17.00000000000000000 ) ) ;
#9110 = ORIENTED_EDGE ( 'NONE', *, *, #7182, .T. ) ;
#9111 = ADVANCED_FACE ( 'NONE', ( #3743 ), #10421, .T. ) ;
#9112 = AXIS2_PLACEMENT_3D ( 'NONE', #6744, #1536, #7620 ) ;
#9113 = CARTESIAN_POINT ( 'NONE',  ( 6.250000000000000000, -8.325000000000001100, 71.99899999999999500 ) ) ;
#9114 = PERSON_AND_ORGANIZATION_ROLE ( 'design_owner' ) ;
#9115 = EDGE_CURVE ( 'NONE', #3934, #10854, #1724, .T. ) ;
#9116 = DIRECTION ( 'NONE',  ( -0.0000000000000000000, 1.000000000000000000, 0.0000000000000000000 ) ) ;
#9117 = DIRECTION ( 'NONE',  ( 0.0000000000000000000, 0.0000000000000000000, 1.000000000000000000 ) ) ;
#9118 = CARTESIAN_POINT ( 'NONE',  ( 3.750000000000000000, -6.474999999999999600, 72.00000000000001400 ) ) ;
#9119 = DIRECTION ( 'NONE',  ( -1.219727444046192000E-016, -0.0000000000000000000, 1.000000000000000000 ) ) ;
#9120 = PLANE ( 'NONE',  #6028 ) ;
#9121 = CARTESIAN_POINT ( 'NONE',  ( 0.8000000000000000400, -8.800000000000000700, 248.0000000000000000 ) ) ;
#9122 = SHAPE_DEFINITION_REPRESENTATION ( #7998, #9676 ) ;
#9123 = CARTESIAN_POINT ( 'NONE',  ( -88.50000000000000000, 0.1499999999999800100, 367.9104972384030200 ) ) ;
#9124 = DIRECTION ( 'NONE',  ( 0.0000000000000000000, 0.0000000000000000000, 1.000000000000000000 ) ) ;
#9125 = PLANE ( 'NONE',  #7935 ) ;
#9126 = EDGE_LOOP ( 'NONE', ( #2668, #2688, #1646, #7361 ) ) ;
#9127 = DIRECTION ( 'NONE',  ( -1.000000000000000000, 7.610399765575671300E-015, 0.0000000000000000000 ) ) ;
#9128 = AXIS2_PLACEMENT_3D ( 'NONE', #1950, #8037, #2831 ) ;
#9129 = DIRECTION ( 'NONE',  ( 0.0000000000000000000, 0.0000000000000000000, -1.000000000000000000 ) ) ;
#9130 = ORIENTED_EDGE ( 'NONE', *, *, #1936, .F. ) ;
#9131 = UNCERTAINTY_MEASURE_WITH_UNIT (LENGTH_MEASURE( 1.000000000000000100E-005 ), #6777, 'distance_accuracy_value', 'NONE');
#9132 = DIRECTION ( 'NONE',  ( -0.0000000000000000000, 1.000000000000000000, 0.0000000000000000000 ) ) ;
#9133 = DIRECTION ( 'NONE',  ( 0.0000000000000000000, 1.000000000000000000, 0.0000000000000000000 ) ) ;
#9134 = ORIENTED_EDGE ( 'NONE', *, *, #6237, .F. ) ;
#9135 = EDGE_CURVE ( 'NONE', #9979, #9370, #10954, .T. ) ;
#9136 = VERTEX_POINT ( 'NONE', #2042 ) ;
#9137 = EDGE_CURVE ( 'NONE', #1863, #2356, #1169, .T. ) ;
#9138 = ORIENTED_EDGE ( 'NONE', *, *, #6177, .F. ) ;
#9139 = LINE ( 'NONE', #5583, #6814 ) ;
#9140 = ORIENTED_EDGE ( 'NONE', *, *, #10870, .T. ) ;
#9141 = CC_DESIGN_PERSON_AND_ORGANIZATION_ASSIGNMENT ( #2171, #10539, ( #8047 ) ) ;
#9142 = EDGE_LOOP ( 'NONE', ( #1984, #9452, #4165, #3933 ) ) ;
#9143 = ORIENTED_EDGE ( 'NONE', *, *, #10324, .F. ) ;
#9144 = EDGE_CURVE ( 'NONE', #1010, #7188, #8110, .T. ) ;
#9145 = CARTESIAN_POINT ( 'NONE',  ( 6.250000000000000900, -13.17499999999999900, 71.99899999999999500 ) ) ;
#9146 = EDGE_CURVE ( 'NONE', #7287, #10888, #3477, .T. ) ;
#9147 = DATE_TIME_ROLE ( 'classification_date' ) ;
#9148 = DIRECTION ( 'NONE',  ( -0.0000000000000000000, -0.0000000000000000000, 1.000000000000000000 ) ) ;
#9149 = VECTOR ( 'NONE', #2275, 1000.000000000000000 ) ;
#9150 = CARTESIAN_POINT ( 'NONE',  ( 1.200000000000000000, -8.800000000000000700, 248.0000000000000000 ) ) ;
#9151 = CARTESIAN_POINT ( 'NONE',  ( 6.250000000000000000, 1.025000000000000100, 71.99899999999999500 ) ) ;
#9152 = PLANE ( 'NONE',  #7201 ) ;
#9153 = CARTESIAN_POINT ( 'NONE',  ( -2.734289214343057100, -3.647626508085710700, -0.4999999999999996700 ) ) ;
#9154 = ORIENTED_EDGE ( 'NONE', *, *, #4849, .T. ) ;
#9155 = VERTEX_POINT ( 'NONE', #7290 ) ;
#9156 = CARTESIAN_POINT ( 'NONE',  ( 81.14999999999548700, -20.25000000000000000, 0.0000000000000000000 ) ) ;
#9157 = ORIENTED_EDGE ( 'NONE', *, *, #2718, .F. ) ;
#9158 = LINE ( 'NONE', #5136, #6830 ) ;
#9159 = ADVANCED_FACE ( 'NONE', ( #3191 ), #7546, .F. ) ;
#9160 = CC_DESIGN_SECURITY_CLASSIFICATION ( #8562, ( #11292 ) ) ;
#9161 = CARTESIAN_POINT ( 'NONE',  ( 0.1636246173744682300, 1.250000000000000000, -7.500000000000000900 ) ) ;
#9162 = CARTESIAN_POINT ( 'NONE',  ( 90.00000000000000000, 7.125000000000000000, 19.14999999999999900 ) ) ;
#9163 = EDGE_CURVE ( 'NONE', #5765, #11263, #7839, .T. ) ;
#9164 = FACE_OUTER_BOUND ( 'NONE', #3548, .T. ) ;
#9165 = VECTOR ( 'NONE', #383, 1000.000000000000000 ) ;
#9166 = ORIENTED_EDGE ( 'NONE', *, *, #9962, .F. ) ;
#9167 = DIRECTION ( 'NONE',  ( 1.000000000000000000, 0.0000000000000000000, 0.0000000000000000000 ) ) ;
#9168 = VECTOR ( 'NONE', #10924, 1000.000000000000000 ) ;
#9169 = LOCAL_TIME ( 11, 17, 25.00000000000000000, #172 ) ;
#9170 = ADVANCED_FACE ( 'NONE', ( #1433 ), #9622, .T. ) ;
#9171 = ORIENTED_EDGE ( 'NONE', *, *, #7182, .F. ) ;
#9172 = FACE_OUTER_BOUND ( 'NONE', #11175, .T. ) ;
#9173 = VECTOR ( 'NONE', #273, 1000.000000000000000 ) ;
#9174 = DIRECTION ( 'NONE',  ( 1.000000000000000000, 0.0000000000000000000, 0.0000000000000000000 ) ) ;
#9175 = EDGE_CURVE ( 'NONE', #11170, #6673, #618, .T. ) ;
#9176 = CARTESIAN_POINT ( 'NONE',  ( -3.400000000000000400, 3.625000000000000000, -0.001000000000000999900 ) ) ;
#9177 = FACE_OUTER_BOUND ( 'NONE', #5103, .T. ) ;
#9178 = CALENDAR_DATE ( 2023, 9, 11 ) ;
#9179 = AXIS2_PLACEMENT_3D ( 'NONE', #5312, #1035, #7111 ) ;
#9180 = EDGE_LOOP ( 'NONE', ( #4143, #3588 ) ) ;
#9181 = AXIS2_PLACEMENT_3D ( 'NONE', #11270, #5151, #9842 ) ;
#9182 = LINE ( 'NONE', #2591, #4524 ) ;
#9183 = ORIENTED_EDGE ( 'NONE', *, *, #8723, .T. ) ;
#9184 = LINE ( 'NONE', #5149, #2778 ) ;
#9185 = CARTESIAN_POINT ( 'NONE',  ( -88.50000000000000000, 2.168404344971009900E-016, 185.0000000000000000 ) ) ;
#9186 = VECTOR ( 'NONE', #281, 1000.000000000000000 ) ;
#9187 = EDGE_CURVE ( 'NONE', #4936, #10396, #3404, .T. ) ;
#9188 = APPROVAL_ROLE ( '' ) ;
#9189 = DIRECTION ( 'NONE',  ( -1.000000000000000000, 0.0000000000000000000, 0.0000000000000000000 ) ) ;
#9190 = CARTESIAN_POINT ( 'NONE',  ( 5.850000000000001400, -21.30000000000000100, 72.00000000000001400 ) ) ;
#9191 = DIRECTION ( 'NONE',  ( 0.0000000000000000000, 0.0000000000000000000, 1.000000000000000000 ) ) ;
#9192 = DIRECTION ( 'NONE',  ( 8.953411488912540800E-016, -1.000000000000000000, 0.0000000000000000000 ) ) ;
#9193 = ORIENTED_EDGE ( 'NONE', *, *, #8840, .F. ) ;
#9194 = LINE ( 'NONE', #9397, #8907 ) ;
#9195 = VECTOR ( 'NONE', #7789, 1000.000000000000000 ) ;
#9196 = ORIENTED_EDGE ( 'NONE', *, *, #6234, .F. ) ;
#9197 = DIRECTION ( 'NONE',  ( -1.000000000000000000, -8.953411488912540800E-016, 0.0000000000000000000 ) ) ;
#9198 = CIRCLE ( 'NONE', #2902, 0.4000000000000000800 ) ;
#9199 = CARTESIAN_POINT ( 'NONE',  ( 0.4999999999999970600, -2.573267924665423300, 3.007810249709216100 ) ) ;
#9200 = CONTEXT_DEPENDENT_SHAPE_REPRESENTATION ( #10084, #9458 ) ;
#9201 = CARTESIAN_POINT ( 'NONE',  ( 3.750000000000000000, 0.0000000000000000000, 248.0000000000000000 ) ) ;
#9202 = ORIENTED_EDGE ( 'NONE', *, *, #10681, .T. ) ;
#9203 = DIRECTION ( 'NONE',  ( -1.000000000000000000, 6.071532165918830700E-016, 0.0000000000000000000 ) ) ;
#9204 = LINE ( 'NONE', #4309, #6600 ) ;
#9205 = CIRCLE ( 'NONE', #4734, 0.4000000000000001900 ) ;
#9206 = ORIENTED_EDGE ( 'NONE', *, *, #9756, .T. ) ;
#9207 = ORIENTED_EDGE ( 'NONE', *, *, #3679, .F. ) ;
#9208 = ORIENTED_EDGE ( 'NONE', *, *, #7167, .F. ) ;
#9209 = ORIENTED_EDGE ( 'NONE', *, *, #10766, .F. ) ;
#9210 = AXIS2_PLACEMENT_3D ( 'NONE', #13, #11241, #6667 ) ;
#9211 = ADVANCED_FACE ( 'NONE', ( #7286 ), #343, .F. ) ;
#9212 = VECTOR ( 'NONE', #8836, 1000.000000000000000 ) ;
#9213 = EDGE_CURVE ( 'NONE', #9370, #10171, #2665, .T. ) ;
#9214 = CYLINDRICAL_SURFACE ( 'NONE', #2052, 0.2000000000000000900 ) ;
#9215 = EDGE_CURVE ( 'NONE', #6222, #8306, #5233, .T. ) ;
#9216 = VERTEX_POINT ( 'NONE', #5597 ) ;
#9217 = ORIENTED_EDGE ( 'NONE', *, *, #2958, .F. ) ;
#9218 = ORIENTED_EDGE ( 'NONE', *, *, #2585, .F. ) ;
#9219 = ORIENTED_EDGE ( 'NONE', *, *, #1720, .T. ) ;
#9220 = CARTESIAN_POINT ( 'NONE',  ( 0.6999999999999999600, 9.199999999999999300, 72.00000000000001400 ) ) ;
#9221 = LINE ( 'NONE', #2691, #10713 ) ;
#9222 = ORIENTED_EDGE ( 'NONE', *, *, #3582, .T. ) ;
#9223 = ADVANCED_FACE ( 'NONE', ( #7010 ), #74, .T. ) ;
#9224 = CC_DESIGN_PERSON_AND_ORGANIZATION_ASSIGNMENT ( #9789, #6473, ( #8638 ) ) ;
#9225 = PERSON_AND_ORGANIZATION_ROLE ( 'classification_officer' ) ;
#9226 = CARTESIAN_POINT ( 'NONE',  ( 0.0000000000000000000, 0.0000000000000000000, 0.0000000000000000000 ) ) ;
#9227 = DIRECTION ( 'NONE',  ( -1.000000000000000000, -1.176083712526651900E-016, 0.0000000000000000000 ) ) ;
#9228 = DIRECTION ( 'NONE',  ( 1.000000000000000000, 0.0000000000000000000, 1.219727444046192000E-016 ) ) ;
#9229 = CARTESIAN_POINT ( 'NONE',  ( 5.850000000000001400, -17.22500000000000100, 72.00000000000001400 ) ) ;
#9230 = DATE_AND_TIME ( #234, #2560 ) ;
#9231 = DIRECTION ( 'NONE',  ( 0.0000000000000000000, -0.0000000000000000000, 1.000000000000000000 ) ) ;
#9232 = VECTOR ( 'NONE', #1511, 1000.000000000000000 ) ;
#9233 = CARTESIAN_POINT ( 'NONE',  ( -0.3777142256033310100, 0.6553397952731469000, -8.000000000000000000 ) ) ;
#9234 = LINE ( 'NONE', #7763, #8960 ) ;
#9235 = ORIENTED_EDGE ( 'NONE', *, *, #7516, .T. ) ;
#9236 = CARTESIAN_POINT ( 'NONE',  ( 1.200000000000000000, -8.800000000000000700, 72.00000000000001400 ) ) ;
#9237 = CALENDAR_DATE ( 2023, 9, 11 ) ;
#9238 = DIRECTION ( 'NONE',  ( 0.0000000000000000000, 0.0000000000000000000, 1.000000000000000000 ) ) ;
#9239 = ORIENTED_EDGE ( 'NONE', *, *, #6795, .F. ) ;
#9240 = LINE ( 'NONE', #5628, #6923 ) ;
#9241 = ORIENTED_EDGE ( 'NONE', *, *, #4765, .T. ) ;
#9242 = EDGE_CURVE ( 'NONE', #4705, #879, #6903, .T. ) ;
#9243 = ORIENTED_EDGE ( 'NONE', *, *, #5652, .F. ) ;
#9244 = AXIS2_PLACEMENT_3D ( 'NONE', #10563, #5334, #133 ) ;
#9245 = ORIENTED_EDGE ( 'NONE', *, *, #10509, .T. ) ;
#9246 = CARTESIAN_POINT ( 'NONE',  ( 3.950000000000000200, -9.924999999999998900, 71.99899999999999500 ) ) ;
#9247 = APPROVAL_PERSON_ORGANIZATION ( #261, #8915, #8865 ) ;
#9248 = DIRECTION ( 'NONE',  ( 0.0000000000000000000, 0.0000000000000000000, 1.000000000000000000 ) ) ;
#9249 = ADVANCED_FACE ( 'NONE', ( #2385 ), #8305, .F. ) ;
#9250 = DATE_TIME_ROLE ( 'classification_date' ) ;
#9251 = CARTESIAN_POINT ( 'NONE',  ( -86.50000000000001400, -1.301042606982605300E-015, 0.0000000000000000000 ) ) ;
#9252 = CARTESIAN_POINT ( 'NONE',  ( 88.49999999999998600, 27.52500000000000200, 168.0000000000000000 ) ) ;
#9253 = DIRECTION ( 'NONE',  ( -0.0000000000000000000, 0.0000000000000000000, 1.000000000000000000 ) ) ;
#9254 = CARTESIAN_POINT ( 'NONE',  ( -2.994262739104520200, -3.092303132795075200, 1.956344966155602300 ) ) ;
#9255 = CARTESIAN_POINT ( 'NONE',  ( -2.897279032088317500, -2.251980311234675000, 0.4999999999999996700 ) ) ;
#9256 = ADVANCED_FACE ( 'NONE', ( #2930, #6726, #4684, #9069 ), #10927, .T. ) ;
#9257 = ORIENTED_EDGE ( 'NONE', *, *, #5471, .F. ) ;
#9258 = CARTESIAN_POINT ( 'NONE',  ( 0.6553397952731469000, -0.3777142256033259600, -8.000000000000000000 ) ) ;
#9259 = ORIENTED_EDGE ( 'NONE', *, *, #2958, .T. ) ;
#9260 = CARTESIAN_POINT ( 'NONE',  ( 1.600000000000000100, -14.50000000000000000, 72.00000000000001400 ) ) ;
#9261 = EDGE_LOOP ( 'NONE', ( #7441, #9078, #8489, #7537, #2057, #10633, #948, #3256 ) ) ;
#9262 = SHAPE_REPRESENTATION_RELATIONSHIP ( 'NONE' , 'NONE' ,  #9640, #5685 ) ;
#9263 = ORIENTED_EDGE ( 'NONE', *, *, #3925, .T. ) ;
#9264 =( BOUNDED_SURFACE ( )  B_SPLINE_SURFACE ( 3, 3, ( 
 ( #6269, #9804, #7192, #1992 ),
 ( #8075, #2854, #8959, #3727 ),
 ( #9832, #4595, #10697, #5466 ),
 ( #271, #6346, #1150, #7230 ) ),
 .UNSPECIFIED., .F., .F., .F. ) 
 B_SPLINE_SURFACE_WITH_KNOTS ( ( 4, 4 ),
 ( 4, 4 ),
 ( 0.0000000000000000000, 1.000000000000000000 ),
 ( 0.0000000000000000000, 1.000000000000000000 ),
 .UNSPECIFIED. ) 
 GEOMETRIC_REPRESENTATION_ITEM ( )  RATIONAL_B_SPLINE_SURFACE ( (
 ( 1.000000000000000000, 0.8721981950825613600, 0.8721981950825613600, 1.000000000000000000),
 ( 1.000000000000000000, 0.8721981950825613600, 0.8721981950825613600, 1.000000000000000000),
 ( 1.000000000000000000, 0.8721981950825613600, 0.8721981950825613600, 1.000000000000000000),
 ( 1.000000000000000000, 0.8721981950825613600, 0.8721981950825613600, 1.000000000000000000) ) ) 
 REPRESENTATION_ITEM ( '' )  SURFACE ( )  );
#9265 = ADVANCED_FACE ( 'NONE', ( #11092 ), #2851, .T. ) ;
#9266 = EDGE_LOOP ( 'NONE', ( #1708, #10341, #10484, #3674 ) ) ;
#9267 = ORIENTED_EDGE ( 'NONE', *, *, #534, .F. ) ;
#9268 = LINE ( 'NONE', #5290, #2609 ) ;
#9269 = ORIENTED_EDGE ( 'NONE', *, *, #10874, .F. ) ;
#9270 = ORIENTED_EDGE ( 'NONE', *, *, #3440, .F. ) ;
#9271 = CARTESIAN_POINT ( 'NONE',  ( 0.5997501243938249100, -0.4609100473859779600, -8.000000000000000000 ) ) ;
#9272 = EDGE_LOOP ( 'NONE', ( #9110, #7226, #7543, #11284 ) ) ;
#9273 = PLANE ( 'NONE',  #2753 ) ;
#9274 = DIRECTION ( 'NONE',  ( -0.0000000000000000000, 1.000000000000000000, 0.0000000000000000000 ) ) ;
#9275 = CC_DESIGN_DATE_AND_TIME_ASSIGNMENT ( #9108, #2836, ( #6946 ) ) ;
#9276 = AXIS2_PLACEMENT_3D ( 'NONE', #7082, #1890, #7974 ) ;
#9277 = CIRCLE ( 'NONE', #1919, 0.2000000000000000900 ) ;
#9278 = ORIENTED_EDGE ( 'NONE', *, *, #7615, .F. ) ;
#9279 = LINE ( 'NONE', #5598, #4647 ) ;
#9280 = CC_DESIGN_APPROVAL ( #8713, ( #7517 ) ) ;
#9281 = PLANE ( 'NONE',  #10057 ) ;
#9282 = CONTEXT_DEPENDENT_SHAPE_REPRESENTATION ( #8716, #2130 ) ;
#9283 = APPROVAL_ROLE ( '' ) ;
#9284 = VERTEX_POINT ( 'NONE', #1697 ) ;
#9285 = DIRECTION ( 'NONE',  ( 0.0000000000000000000, 0.0000000000000000000, -1.000000000000000000 ) ) ;
#9286 =( LENGTH_UNIT ( ) NAMED_UNIT ( * ) SI_UNIT ( .MILLI., .METRE. ) );
#9287 = DIRECTION ( 'NONE',  ( -0.0000000000000000000, -0.0000000000000000000, -1.000000000000000000 ) ) ;
#9288 = DIRECTION ( 'NONE',  ( 0.0000000000000000000, 0.0000000000000000000, 1.000000000000000000 ) ) ;
#9289 = DIRECTION ( 'NONE',  ( -6.546126324440770800E-016, 1.000000000000000000, 0.0000000000000000000 ) ) ;
#9290 = FACE_OUTER_BOUND ( 'NONE', #154, .T. ) ;
#9291 = CIRCLE ( 'NONE', #8918, 0.4000000000000001900 ) ;
#9292 = CARTESIAN_POINT ( 'NONE',  ( -0.7500000000000089900, -0.09817475995271562900, -8.000000000000000000 ) ) ;
#9293 = ORGANIZATION ( 'NAUO-ORG15', 'UNSPECIFIED', 'UNSPECIFIED' ) ;
#9294 = CARTESIAN_POINT ( 'NONE',  ( 4.750000000000000000, -3.700000000000000200, 0.0000000000000000000 ) ) ;
#9295 = EDGE_CURVE ( 'NONE', #10976, #1300, #6457, .T. ) ;
#9296 = ORIENTED_EDGE ( 'NONE', *, *, #2858, .F. ) ;
#9297 = EDGE_CURVE ( 'NONE', #5500, #1333, #8785, .T. ) ;
#9298 = LINE ( 'NONE', #1761, #9040 ) ;
#9299 = DIRECTION ( 'NONE',  ( 1.000000000000000000, 0.0000000000000000000, 0.0000000000000000000 ) ) ;
#9300 = VECTOR ( 'NONE', #5782, 1000.000000000000000 ) ;
#9301 = LINE ( 'NONE', #1455, #6989 ) ;
#9302 = CALENDAR_DATE ( 2023, 9, 11 ) ;
#9303 = ORIENTED_EDGE ( 'NONE', *, *, #3691, .T. ) ;
#9304 = CARTESIAN_POINT ( 'NONE',  ( -0.7500000000000000000, -7.300770222279489800E-032, -8.000000000000000000 ) ) ;
#9305 = LINE ( 'NONE', #7101, #6716 ) ;
#9306 = ADVANCED_FACE ( 'NONE', ( #4944 ), #7947, .F. ) ;
#9307 = DIRECTION ( 'NONE',  ( -1.000000000000000000, 0.0000000000000000000, 0.0000000000000000000 ) ) ;
#9308 = CYLINDRICAL_SURFACE ( 'NONE', #4665, 0.4000000000000001900 ) ;
#9309 = ORIENTED_EDGE ( 'NONE', *, *, #389, .T. ) ;
#9310 = EDGE_CURVE ( 'NONE', #1990, #9856, #10821, .T. ) ;
#9311 = VECTOR ( 'NONE', #3809, 1000.000000000000000 ) ;
#9312 = DIRECTION ( 'NONE',  ( 0.0000000000000000000, 0.0000000000000000000, 1.000000000000000000 ) ) ;
#9313 = EDGE_LOOP ( 'NONE', ( #4328, #6000, #673, #1105 ) ) ;
#9314 = AXIS2_PLACEMENT_3D ( 'NONE', #9876, #2952, #9043 ) ;
#9315 = DATE_AND_TIME ( #337, #2659 ) ;
#9316 = EDGE_CURVE ( 'NONE', #10207, #4631, #8503, .T. ) ;
#9318 = AXIS2_PLACEMENT_3D ( 'NONE', #9449, #4208, #10322 ) ;
#9317 = AXIS2_PLACEMENT_3D ( 'NONE', #4920, #11018, #5796 ) ;
#9319 = ORIENTED_EDGE ( 'NONE', *, *, #1298, .F. ) ;
#9320 = CIRCLE ( 'NONE', #8443, 1.000000000000000000 ) ;
#9321 = DIRECTION ( 'NONE',  ( 0.0000000000000000000, -1.000000000000000000, -0.0000000000000000000 ) ) ;
#9322 = VECTOR ( 'NONE', #9956, 1000.000000000000000 ) ;
#9323 = ORIENTED_EDGE ( 'NONE', *, *, #6646, .T. ) ;
#9324 = VERTEX_POINT ( 'NONE', #2604 ) ;
#9325 = ORIENTED_EDGE ( 'NONE', *, *, #3330, .T. ) ;
#9326 = ADVANCED_FACE ( 'NONE', ( #3857 ), #8245, .F. ) ;
#9327 = APPROVAL_STATUS ( 'not_yet_approved' ) ;
#9328 = DIRECTION ( 'NONE',  ( 0.0000000000000000000, 1.000000000000000000, 0.0000000000000000000 ) ) ;
#9329 = CARTESIAN_POINT ( 'NONE',  ( 6.250000000000000000, 12.50000000000000000, 248.0000000000000000 ) ) ;
#9330 = CARTESIAN_POINT ( 'NONE',  ( -4.299999999999999800, 16.05552017741234700, 72.00000000000001400 ) ) ;
#9331 = DIRECTION ( 'NONE',  ( 1.000000000000000000, 0.0000000000000000000, 0.0000000000000000000 ) ) ;
#9332 = CARTESIAN_POINT ( 'NONE',  ( 3.449999999999999700, -3.700000000000000200, 1.000000000000000000 ) ) ;
#9333 = FACE_OUTER_BOUND ( 'NONE', #2573, .T. ) ;
#9334 = AXIS2_PLACEMENT_3D ( 'NONE', #3240, #9338, #4100 ) ;
#9335 = CARTESIAN_POINT ( 'NONE',  ( 0.6295237093388829100, 1.092232992121877900, -7.999999999999994700 ) ) ;
#9336 = LINE ( 'NONE', #4440, #4695 ) ;
#9337 = EDGE_LOOP ( 'NONE', ( #1552, #913, #16, #6604, #2773 ) ) ;
#9338 = DIRECTION ( 'NONE',  ( 0.0000000000000000000, 0.0000000000000000000, -1.000000000000000000 ) ) ;
#9339 = ORIENTED_EDGE ( 'NONE', *, *, #11140, .T. ) ;
#9340 = CARTESIAN_POINT ( 'NONE',  ( 0.5000000000000000000, -4.000000000000000000, 2.449489742783178800 ) ) ;
#9341 = CARTESIAN_POINT ( 'NONE',  ( -86.42000000000000200, -65.54999999999999700, 0.0000000000000000000 ) ) ;
#9342 = DIRECTION ( 'NONE',  ( 0.0000000000000000000, 0.0000000000000000000, 1.000000000000000000 ) ) ;
#9343 = DIRECTION ( 'NONE',  ( -0.0000000000000000000, -0.0000000000000000000, -1.000000000000000000 ) ) ;
#9344 = VERTEX_POINT ( 'NONE', #8423 ) ;
#9345 = CARTESIAN_POINT ( 'NONE',  ( -1.014002097308096100, -1.319450280607509700, 1.500000000000000400 ) ) ;
#9346 = EDGE_CURVE ( 'NONE', #3754, #9465, #1567, .T. ) ;
#9347 = EDGE_CURVE ( 'NONE', #5669, #10396, #4411, .T. ) ;
#9348 = AXIS2_PLACEMENT_3D ( 'NONE', #3466, #9574, #4338 ) ;
#9349 = VERTEX_POINT ( 'NONE', #11048 ) ;
#9350 = ORIENTED_EDGE ( 'NONE', *, *, #7845, .T. ) ;
#9351 = CARTESIAN_POINT ( 'NONE',  ( 0.7681834123099646700, 0.9995835406563929900, -7.999999999999994700 ) ) ;
#9352 = AXIS2_PLACEMENT_3D ( 'NONE', #3975, #10089, #4865 ) ;
#9353 = COORDINATED_UNIVERSAL_TIME_OFFSET ( 1, 0, .AHEAD. ) ;
#9354 = VERTEX_POINT ( 'NONE', #639 ) ;
#9355 = EDGE_CURVE ( 'NONE', #6953, #1371, #1302, .T. ) ;
#9356 = DIRECTION ( 'NONE',  ( 1.000000000000000000, 0.0000000000000000000, 0.0000000000000000000 ) ) ;
#9357 = VECTOR ( 'NONE', #9790, 1000.000000000000000 ) ;
#9358 = CARTESIAN_POINT ( 'NONE',  ( -3.337849213179366400, 17.94999999999999900, 72.00000000000001400 ) ) ;
#9359 = EDGE_LOOP ( 'NONE', ( #5390, #6322, #6076, #729 ) ) ;
#9360 = EDGE_CURVE ( 'NONE', #1333, #7717, #10547, .T. ) ;
#9361 = PERSON_AND_ORGANIZATION ( #9810, #4463 ) ;
#9362 = DIRECTION ( 'NONE',  ( 0.0000000000000000000, 0.0000000000000000000, 1.000000000000000000 ) ) ;
#9363 = EDGE_LOOP ( 'NONE', ( #7283, #6631, #5572, #1171 ) ) ;
#9364 = CIRCLE ( 'NONE', #4707, 2.149999999999999000 ) ;
#9365 = PRODUCT_RELATED_PRODUCT_CATEGORY ( 'detail', '', ( #6937 ) ) ;
#9366 = VERTEX_POINT ( 'NONE', #7587 ) ;
#9367 = VECTOR ( 'NONE', #230, 1000.000000000000000 ) ;
#9369 = ORIENTED_EDGE ( 'NONE', *, *, #10876, .T. ) ;
#9368 = SECURITY_CLASSIFICATION_LEVEL ( 'unclassified' ) ;
#9370 = VERTEX_POINT ( 'NONE', #10212 ) ;
#9371 =( NAMED_UNIT ( * ) PLANE_ANGLE_UNIT ( ) SI_UNIT ( $, .RADIAN. ) );
#9372 = CARTESIAN_POINT ( 'NONE',  ( 85.64999999999548700, -20.25000000000000000, 0.0000000000000000000 ) ) ;
#9373 = DIRECTION ( 'NONE',  ( -1.000000000000000000, 0.0000000000000000000, 0.0000000000000000000 ) ) ;
#9374 = DIRECTION ( 'NONE',  ( 0.0000000000000000000, 0.0000000000000000000, 1.000000000000000000 ) ) ;
#9375 = CARTESIAN_POINT ( 'NONE',  ( -0.2159844817121070500, 1.649999999999999900, 1.500000000000000000 ) ) ;
#9376 = EDGE_CURVE ( 'NONE', #2024, #2139, #3598, .T. ) ;
#9377 = DIRECTION ( 'NONE',  ( -1.000000000000000000, -0.0000000000000000000, 0.0000000000000000000 ) ) ;
#9378 = ADVANCED_FACE ( 'NONE', ( #5633 ), #8462, .F. ) ;
#9379 = APPROVAL_DATE_TIME ( #393, #7512 ) ;
#9380 = CARTESIAN_POINT ( 'NONE',  ( 0.1636245999211739500, -1.250000000000016900, -7.999999999999994700 ) ) ;
#9381 = ORIENTED_EDGE ( 'NONE', *, *, #5017, .F. ) ;
#9382 = CARTESIAN_POINT ( 'NONE',  ( 0.0000000000000000000, 17.94999999999999900, 72.00000000000001400 ) ) ;
#9383 = CARTESIAN_POINT ( 'NONE',  ( 6.250000000000000000, 5.074999999999999300, 72.00000000000001400 ) ) ;
#9384 = CARTESIAN_POINT ( 'NONE',  ( 2.250000000000000000, 19.07500000000000300, 71.99899999999999500 ) ) ;
#9385 = DIRECTION ( 'NONE',  ( 1.387778780781445900E-016, -1.000000000000000000, 0.0000000000000000000 ) ) ;
#9386 = DIRECTION ( 'NONE',  ( -1.000000000000000000, 0.0000000000000000000, 0.0000000000000000000 ) ) ;
#9387 = ADVANCED_FACE ( 'NONE', ( #10268 ), #1543, .T. ) ;
#9388 = SHAPE_DEFINITION_REPRESENTATION ( #10002, #5900 ) ;
#9389 = EDGE_CURVE ( 'NONE', #7783, #7079, #7689, .T. ) ;
#9390 = CARTESIAN_POINT ( 'NONE',  ( -0.1636245999211787500, -1.249999999999981600, -7.999999999999994700 ) ) ;
#9391 = AXIS2_PLACEMENT_3D ( 'NONE', #4848, #10941, #5714 ) ;
#9392 = ORIENTED_EDGE ( 'NONE', *, *, #8038, .T. ) ;
#9393 = CARTESIAN_POINT ( 'NONE',  ( 1.301042606982603900E-015, 4.649999999999999500, 72.00000000000001400 ) ) ;
#9394 = PLANE ( 'NONE',  #5893 ) ;
#9395 = VERTEX_POINT ( 'NONE', #1595 ) ;
#9396 = CARTESIAN_POINT ( 'NONE',  ( 6.250000000000000000, 0.0000000000000000000, 248.0000000000000000 ) ) ;
#9397 = CARTESIAN_POINT ( 'NONE',  ( 6.250000000000000900, -2.225000000000000100, 71.99899999999999500 ) ) ;
#9398 =( REPRESENTATION_RELATIONSHIP ('NONE','NONE', #9710, #2159 ) REPRESENTATION_RELATIONSHIP_WITH_TRANSFORMATION ( #4391 )SHAPE_REPRESENTATION_RELATIONSHIP( ) );
#9399 = ORIENTED_EDGE ( 'NONE', *, *, #10906, .F. ) ;
#9400 = DIRECTION ( 'NONE',  ( -7.610399765575671300E-015, 1.000000000000000000, 0.0000000000000000000 ) ) ;
#9401 = ORIENTED_EDGE ( 'NONE', *, *, #6101, .T. ) ;
#9402 =( NAMED_UNIT ( * ) SI_UNIT ( $, .STERADIAN. ) SOLID_ANGLE_UNIT ( ) );
#9403 = LINE ( 'NONE', #8237, #2461 ) ;
#9404 = AXIS2_PLACEMENT_3D ( 'NONE', #7691, #9444, #1613 ) ;
#9405 = VERTEX_POINT ( 'NONE', #716 ) ;
#9406 = CARTESIAN_POINT ( 'NONE',  ( 0.0000000000000000000, -4.000000000000000000, 0.0000000000000000000 ) ) ;
#9407 = CARTESIAN_POINT ( 'NONE',  ( -0.8309713053962809500, -1.441747545844436000, 1.500000000000000000 ) ) ;
#9408 = DIRECTION ( 'NONE',  ( 0.0000000000000000000, 0.0000000000000000000, 1.000000000000000000 ) ) ;
#9409 = ORIENTED_EDGE ( 'NONE', *, *, #8120, .T. ) ;
#9410 = VERTEX_POINT ( 'NONE', #6791 ) ;
#9411 = UNCERTAINTY_MEASURE_WITH_UNIT (LENGTH_MEASURE( 1.000000000000000100E-005 ), #5001, 'distance_accuracy_value', 'NONE');
#9412 = CARTESIAN_POINT ( 'NONE',  ( -1.092232992121900100, 0.6295237093389000100, -7.500000000000000000 ) ) ;
#9413 = DIRECTION ( 'NONE',  ( -0.0000000000000000000, 1.000000000000000000, 0.0000000000000000000 ) ) ;
#9414 = CARTESIAN_POINT ( 'NONE',  ( 88.49999999999998600, 27.52500000000000200, 17.00000000000000000 ) ) ;
#9415 = CARTESIAN_POINT ( 'NONE',  ( 2.449999999999999700, 1.025000000000002600, 71.99899999999999500 ) ) ;
#9416 = LINE ( 'NONE', #1397, #9149 ) ;
#9417 = CARTESIAN_POINT ( 'NONE',  ( 5.850000000000001400, 19.27500000000000600, 248.0000000000000000 ) ) ;
#9418 = AXIS2_PLACEMENT_3D ( 'NONE', #1679, #3451, #1723 ) ;
#9419 = ORIENTED_EDGE ( 'NONE', *, *, #237, .F. ) ;
#9420 = ORIENTED_EDGE ( 'NONE', *, *, #2143, .T. ) ;
#9421 = AXIS2_PLACEMENT_3D ( 'NONE', #29, #6285, #1086 ) ;
#9422 = ORIENTED_EDGE ( 'NONE', *, *, #7053, .F. ) ;
#9423 = CIRCLE ( 'NONE', #2709, 0.2000000000000000900 ) ;
#9424 = DIRECTION ( 'NONE',  ( -0.0000000000000000000, -0.0000000000000000000, -1.000000000000000000 ) ) ;
#9425 = DIRECTION ( 'NONE',  ( -0.0000000000000000000, -1.000000000000000000, -0.0000000000000000000 ) ) ;
#9426 = EDGE_CURVE ( 'NONE', #5032, #11000, #10007, .T. ) ;
#9427 = EDGE_CURVE ( 'NONE', #10088, #2259, #3324, .T. ) ;
#9428 = CARTESIAN_POINT ( 'NONE',  ( -0.9995835406563959900, 0.7681834123099728900, -7.500000000000000000 ) ) ;
#9429 = CIRCLE ( 'NONE', #9352, 0.4000000000000001900 ) ;
#9430 = ADVANCED_FACE ( 'NONE', ( #5078 ), #4188, .T. ) ;
#9431 = CARTESIAN_POINT ( 'NONE',  ( -0.1636246173744686500, -1.249999999999999800, -7.500000000000000900 ) ) ;
#9432 = VECTOR ( 'NONE', #5571, 1000.000000000000000 ) ;
#9433 = DIRECTION ( 'NONE',  ( 0.0000000000000000000, -1.000000000000000000, -0.0000000000000000000 ) ) ;
#9434 = VERTEX_POINT ( 'NONE', #752 ) ;
#9435 = VECTOR ( 'NONE', #10061, 1000.000000000000000 ) ;
#9436 = COORDINATED_UNIVERSAL_TIME_OFFSET ( 1, 0, .AHEAD. ) ;
#9437 = CARTESIAN_POINT ( 'NONE',  ( 1.301042606982604500E-015, 5.049999999999999800, 248.0000000000000000 ) ) ;
#9438 = CC_DESIGN_PERSON_AND_ORGANIZATION_ASSIGNMENT ( #380, #9036, ( #7089 ) ) ;
#9439 = ORIENTED_EDGE ( 'NONE', *, *, #630, .F. ) ;
#9440 = FACE_BOUND ( 'NONE', #5843, .T. ) ;
#9441 = SECURITY_CLASSIFICATION ( '', '', #920 ) ;
#9442 = FACE_BOUND ( 'NONE', #7877, .T. ) ;
#9443 = DIRECTION ( 'NONE',  ( -0.0000000000000000000, -0.0000000000000000000, 1.000000000000000000 ) ) ;
#9444 = DIRECTION ( 'NONE',  ( 0.0000000000000000000, 0.0000000000000000000, 1.000000000000000000 ) ) ;
#9445 = FACE_OUTER_BOUND ( 'NONE', #7288, .T. ) ;
#9446 = ITEM_DEFINED_TRANSFORMATION ( 'NONE', 'NONE', #8191,  #7819 ) ;
#9447 = CARTESIAN_POINT ( 'NONE',  ( -86.42000000000000200, -5.850000000000001400, 1.500000000000000000 ) ) ;
#9448 = DIRECTION ( 'NONE',  ( 0.0000000000000000000, 0.0000000000000000000, 1.000000000000000000 ) ) ;
#9449 = CARTESIAN_POINT ( 'NONE',  ( 5.850000000000001400, -8.724999999999999600, 72.00000000000001400 ) ) ;
#9450 = CARTESIAN_POINT ( 'NONE',  ( 3.649999999999999500, 0.4777838534845876300, 1.499999999999996900 ) ) ;
#9451 = CARTESIAN_POINT ( 'NONE',  ( 6.250000000000000000, -6.275000000000000400, 72.00000000000001400 ) ) ;
#9452 = ORIENTED_EDGE ( 'NONE', *, *, #7374, .F. ) ;
#9453 = DIRECTION ( 'NONE',  ( -1.000000000000000000, 0.0000000000000000000, 0.0000000000000000000 ) ) ;
#9454 = VECTOR ( 'NONE', #10312, 1000.000000000000000 ) ;
#9455 = VERTEX_POINT ( 'NONE', #9469 ) ;
#9456 = CARTESIAN_POINT ( 'NONE',  ( 1.250000000000000000, 0.1636245999212139800, -7.500000000000000000 ) ) ;
#9457 = LINE ( 'NONE', #1638, #2510 ) ;
#9458 = PRODUCT_DEFINITION_SHAPE ( 'NONE', 'NONE',  #11290 ) ;
#9459 = VECTOR ( 'NONE', #8050, 1000.000000000000000 ) ;
#9460 = DIRECTION ( 'NONE',  ( -0.0000000000000000000, -0.0000000000000000000, -1.000000000000000000 ) ) ;
#9461 = PERSON_AND_ORGANIZATION ( #1778, #462 ) ;
#9462 = EDGE_CURVE ( 'NONE', #2653, #4161, #7413, .T. ) ;
#9463 = EDGE_CURVE ( 'NONE', #10432, #7717, #753, .T. ) ;
#9464 = CARTESIAN_POINT ( 'NONE',  ( 1.014002097308125800, 1.319450280607504400, 1.500000000000000000 ) ) ;
#9465 = VERTEX_POINT ( 'NONE', #4225 ) ;
#9466 = CARTESIAN_POINT ( 'NONE',  ( 2.983498891077205300, -2.493718516972145400, 1.949306091326373600 ) ) ;
#9467 = AXIS2_PLACEMENT_3D ( 'NONE', #1685, #10388, #5154 ) ;
#9468 = FACE_BOUND ( 'NONE', #3901, .T. ) ;
#9469 = CARTESIAN_POINT ( 'NONE',  ( 3.750000000000000000, 4.474999999999999600, 72.00000000000001400 ) ) ;
#9470 = CIRCLE ( 'NONE', #3723, 2.000000000000000000 ) ;
#9471 = ORIENTED_EDGE ( 'NONE', *, *, #4623, .F. ) ;
#9472 = DIRECTION ( 'NONE',  ( -1.000000000000000000, 7.610399765575671300E-015, 0.0000000000000000000 ) ) ;
#9473 = DIRECTION ( 'NONE',  ( 1.000000000000000000, -6.071532165918830700E-016, -0.0000000000000000000 ) ) ;
#9474 = CYLINDRICAL_SURFACE ( 'NONE', #8736, 1.800000000000000300 ) ;
#9475 = DATE_AND_TIME ( #479, #2796 ) ;
#9476 = CARTESIAN_POINT ( 'NONE',  ( 1.250000000000000000, -0.1636245999212139800, -7.500000000000000000 ) ) ;
#9477 = CARTESIAN_POINT ( 'NONE',  ( -73.50000000000000000, 1.500000000000000000, 14.50000000000000200 ) ) ;
#9478 = CARTESIAN_POINT ( 'NONE',  ( 5.850000000000001400, 8.724999999999999600, 72.00000000000001400 ) ) ;
#9479 = VECTOR ( 'NONE', #1893, 1000.000000000000000 ) ;
#9480 = CIRCLE ( 'NONE', #875, 0.4000000000000001900 ) ;
#9481 = DIRECTION ( 'NONE',  ( -1.000000000000000000, -1.387778780781445900E-016, 0.0000000000000000000 ) ) ;
#9482 = CYLINDRICAL_SURFACE ( 'NONE', #4146, 2.149999999999999000 ) ;
#9483 = ORIENTED_EDGE ( 'NONE', *, *, #4640, .F. ) ;
#9484 = ORIENTED_EDGE ( 'NONE', *, *, #8289, .T. ) ;
#9485 = VERTEX_POINT ( 'NONE', #5106 ) ;
#9486 = VERTEX_POINT ( 'NONE', #801 ) ;
#9487 = EDGE_CURVE ( 'NONE', #2139, #2024, #9470, .T. ) ;
#9488 = AXIS2_PLACEMENT_3D ( 'NONE', #10953, #8405, #2291 ) ;
#9489 = ORIENTED_EDGE ( 'NONE', *, *, #4447, .T. ) ;
#9490 = LINE ( 'NONE', #2369, #7149 ) ;
#9491 = CARTESIAN_POINT ( 'NONE',  ( 0.0000000000000000000, 2.000000000000000000, 0.0000000000000000000 ) ) ;
#9492 = DIRECTION ( 'NONE',  ( 1.000000000000000000, 0.0000000000000000000, 0.0000000000000000000 ) ) ;
#9493 = PERSON_AND_ORGANIZATION_ROLE ( 'classification_officer' ) ;
#9494 = FACE_OUTER_BOUND ( 'NONE', #6257, .T. ) ;
#9495 = ORIENTED_EDGE ( 'NONE', *, *, #173, .T. ) ;
#9496 = DIRECTION ( 'NONE',  ( -1.000000000000000000, -8.953411488912540800E-016, 0.0000000000000000000 ) ) ;
#9497 = DIRECTION ( 'NONE',  ( 0.9205172879356964300, -5.551115123125782700E-017, 0.3907018333864206700 ) ) ;
#9498 = EDGE_LOOP ( 'NONE', ( #7189, #3228, #749, #6763 ) ) ;
#9499 = CARTESIAN_POINT ( 'NONE',  ( -0.4609100473859849000, -0.5997501243938359000, -8.000000000000000000 ) ) ;
#9500 = DIRECTION ( 'NONE',  ( 0.0000000000000000000, 0.0000000000000000000, 1.000000000000000000 ) ) ;
#9501 = CARTESIAN_POINT ( 'NONE',  ( -3.189320328686196900, 1.838209251331133400, 1.499999999999996900 ) ) ;
#9502 = DIRECTION ( 'NONE',  ( 1.000000000000000000, 0.0000000000000000000, 0.0000000000000000000 ) ) ;
#9503 = ORIENTED_EDGE ( 'NONE', *, *, #3148, .T. ) ;
#9504 = CARTESIAN_POINT ( 'NONE',  ( -90.00000000000000000, 25.37500000000001100, 168.0000000000000000 ) ) ;
#9505 = ORIENTED_EDGE ( 'NONE', *, *, #159, .F. ) ;
#9506 = AXIS2_PLACEMENT_3D ( 'NONE', #167, #1051, #6243 ) ;
#9507 = CARTESIAN_POINT ( 'NONE',  ( -0.9995835406563879900, -0.7681834123099811100, -7.500000000000000000 ) ) ;
#9508 = CIRCLE ( 'NONE', #7225, 2.500000000000000000 ) ;
#9509 = ORIENTED_EDGE ( 'NONE', *, *, #9213, .F. ) ;
#9510 = CARTESIAN_POINT ( 'NONE',  ( 6.250000000000000000, 17.22500000000000100, 71.99899999999999500 ) ) ;
#9511 = CARTESIAN_POINT ( 'NONE',  ( -90.00000000000000000, 7.125000000000000000, 170.1500000000000300 ) ) ;
#9512 = CARTESIAN_POINT ( 'NONE',  ( -1.607054911442800100, -0.4318840214085215600, 1.500000000000000000 ) ) ;
#9513 = PERSON_AND_ORGANIZATION ( #9810, #4463 ) ;
#9514 = CARTESIAN_POINT ( 'NONE',  ( -0.4999999999999993300, -1.772493499892661100, -2.597213602994114200 ) ) ;
#9515 = CARTESIAN_POINT ( 'NONE',  ( 0.0000000000000000000, 0.0000000000000000000, 0.0000000000000000000 ) ) ;
#9516 = PERSON ( 'NAUO-PER20', 'UNSPECIFIED', 'UNSPECIFIED', ('UNSPECIFIED'), ('UNSPECIFIED'), ('UNSPECIFIED') ) ;
#9517 = CARTESIAN_POINT ( 'NONE',  ( -86.50000000000001400, 3.500000000000000000, 185.0000000000000000 ) ) ;
#9518 = VECTOR ( 'NONE', #11053, 1000.000000000000000 ) ;
#9519 = LINE ( 'NONE', #1641, #7179 ) ;
#9520 = EDGE_CURVE ( 'NONE', #7130, #3274, #4810, .T. ) ;
#9521 = VERTEX_POINT ( 'NONE', #1670 ) ;
#9522 = EDGE_CURVE ( 'NONE', #7677, #2049, #196, .T. ) ;
#9523 = CC_DESIGN_APPROVAL ( #8915, ( #8322 ) ) ;
#9524 = AXIS2_PLACEMENT_3D ( 'NONE', #8813, #5295, #9701 ) ;
#9525 = CARTESIAN_POINT ( 'NONE',  ( -1.092232992121904100, -0.6295237093388910100, -7.500000000000000000 ) ) ;
#9526 = AXIS2_PLACEMENT_3D ( 'NONE', #10103, #4875, #10977 ) ;
#9527 = CARTESIAN_POINT ( 'NONE',  ( 6.250000000000000000, 0.0000000000000000000, 248.0000000000000000 ) ) ;
#9528 = CARTESIAN_POINT ( 'NONE',  ( -88.50000000000000000, 31.00000000000000000, 0.0000000000000000000 ) ) ;
#9529 = DIRECTION ( 'NONE',  ( 0.8191520442889919100, -0.5735764363510458300, 0.0000000000000000000 ) ) ;
#9530 = DATE_AND_TIME ( #522, #2839 ) ;
#9531 = EDGE_CURVE ( 'NONE', #7188, #5971, #2788, .T. ) ;
#9532 = APPROVAL ( #10273, 'UNKNOWN' ) ;
#9533 = DIRECTION ( 'NONE',  ( 1.000000000000000000, 0.0000000000000000000, 0.0000000000000000000 ) ) ;
#9534 = EDGE_CURVE ( 'NONE', #7093, #11136, #2517, .T. ) ;
#9535 = CIRCLE ( 'NONE', #3123, 1.899999999999999000 ) ;
#9536 = ORIENTED_EDGE ( 'NONE', *, *, #5182, .T. ) ;
#9537 = ORIENTED_EDGE ( 'NONE', *, *, #8912, .T. ) ;
#9538 = ORIENTED_EDGE ( 'NONE', *, *, #3863, .F. ) ;
#9539 = DIRECTION ( 'NONE',  ( -1.000000000000000000, 0.0000000000000000000, 0.0000000000000000000 ) ) ;
#9540 = CALENDAR_DATE ( 2023, 9, 11 ) ;
#9541 = CC_DESIGN_APPROVAL ( #8943, ( #7766 ) ) ;
#9542 = DATE_TIME_ROLE ( 'classification_date' ) ;
#9543 = CARTESIAN_POINT ( 'NONE',  ( 73.50000000000000000, -2.000000000000000000, 168.0000000000000000 ) ) ;
#9544 = DIRECTION ( 'NONE',  ( -1.000000000000000000, 0.0000000000000000000, 0.0000000000000000000 ) ) ;
#9545 = CARTESIAN_POINT ( 'NONE',  ( 1.838209251331150300, -3.189320328686289200, 1.499999999999951800 ) ) ;
#9546 = DIRECTION ( 'NONE',  ( -1.000000000000000000, 0.0000000000000000000, 0.0000000000000000000 ) ) ;
#9547 = EDGE_CURVE ( 'NONE', #4832, #2946, #6869, .T. ) ;
#9548 = EDGE_CURVE ( 'NONE', #10464, #1931, #4537, .T. ) ;
#9549 = CARTESIAN_POINT ( 'NONE',  ( -0.5000000000000000000, 0.0000000000000000000, 4.000000000000000000 ) ) ;
#9550 = DIRECTION ( 'NONE',  ( 0.0000000000000000000, 0.0000000000000000000, -1.000000000000000000 ) ) ;
#9551 = DIRECTION ( 'NONE',  ( 0.0000000000000000000, -1.000000000000000000, -0.0000000000000000000 ) ) ;
#9552 = CARTESIAN_POINT ( 'NONE',  ( 1.607054911442784800, -0.4318840214085200600, 1.500000000000000000 ) ) ;
#9553 = CARTESIAN_POINT ( 'NONE',  ( -0.4999999999999975000, -3.243428153940574700, -2.942903560859610100 ) ) ;
#9554 = EDGE_CURVE ( 'NONE', #5669, #744, #2246, .T. ) ;
#9555 = ORIENTED_EDGE ( 'NONE', *, *, #9115, .T. ) ;
#9556 = EDGE_LOOP ( 'NONE', ( #9568, #9879, #2283, #5835 ) ) ;
#9557 = AXIS2_PLACEMENT_3D ( 'NONE', #10773, #5553, #358 ) ;
#9558 = ORIENTED_EDGE ( 'NONE', *, *, #10981, .T. ) ;
#9559 = EDGE_LOOP ( 'NONE', ( #4752, #3811, #11256, #10994 ) ) ;
#9560 = CARTESIAN_POINT ( 'NONE',  ( -2.500000000000000000, -4.975000000000000500, -0.001000000000000999900 ) ) ;
#9561 = AXIS2_PLACEMENT_3D ( 'NONE', #5807, #628, #6695 ) ;
#9562 = DIRECTION ( 'NONE',  ( 1.000000000000000000, 7.610399765575671300E-015, 0.0000000000000000000 ) ) ;
#9563 = CARTESIAN_POINT ( 'NONE',  ( 6.250000000000000000, 12.50000000000000000, 248.0000000000000000 ) ) ;
#9564 = ORIENTED_EDGE ( 'NONE', *, *, #2028, .F. ) ;
#9565 = VERTEX_POINT ( 'NONE', #3486 ) ;
#9566 = VECTOR ( 'NONE', #26, 1000.000000000000000 ) ;
#9567 = VERTEX_POINT ( 'NONE', #5217 ) ;
#9568 = ORIENTED_EDGE ( 'NONE', *, *, #7373, .F. ) ;
#9569 = VERTEX_POINT ( 'NONE', #10451 ) ;
#9570 = ORIENTED_EDGE ( 'NONE', *, *, #7025, .F. ) ;
#9571 = CARTESIAN_POINT ( 'NONE',  ( -88.50000000000001400, 23.22500000000000100, 17.00000000000000000 ) ) ;
#9572 = APPROVAL_ROLE ( '' ) ;
#9573 = CARTESIAN_POINT ( 'NONE',  ( 0.0000000000000000000, -4.000000000000000000, 0.5000000000000000000 ) ) ;
#9574 = DIRECTION ( 'NONE',  ( 1.000000000000000000, 0.0000000000000000000, -3.491481338843135300E-015 ) ) ;
#9575 = CARTESIAN_POINT ( 'NONE',  ( -0.4999999999999998900, -3.347875045883621900, 2.896839542379694000 ) ) ;
#9576 = CARTESIAN_POINT ( 'NONE',  ( 1.838209251331165000, 3.189320328686179500, 0.5000000000000000000 ) ) ;
#9577 = CARTESIAN_POINT ( 'NONE',  ( 3.750000000000000000, 2.824999999999999700, 248.0000000000000000 ) ) ;
#9578 = FACE_OUTER_BOUND ( 'NONE', #1064, .T. ) ;
#9579 = CIRCLE ( 'NONE', #10131, 3.500000000000003100 ) ;
#9580 = PERSON ( 'NAUO-PER3', 'UNSPECIFIED', 'UNSPECIFIED', ('UNSPECIFIED'), ('UNSPECIFIED'), ('UNSPECIFIED') ) ;
#9581 = DATE_AND_TIME ( #576, #2895 ) ;
#9582 = DIRECTION ( 'NONE',  ( 1.000000000000000000, 0.0000000000000000000, 0.0000000000000000000 ) ) ;
#9583 = DESIGN_CONTEXT ( 'detailed design', #1902, 'design' ) ;
#9584 = ORIENTED_EDGE ( 'NONE', *, *, #10737, .T. ) ;
#9585 = DIRECTION ( 'NONE',  ( 0.0000000000000000000, 0.0000000000000000000, -1.000000000000000000 ) ) ;
#9586 =( GEOMETRIC_REPRESENTATION_CONTEXT ( 3 ) GLOBAL_UNCERTAINTY_ASSIGNED_CONTEXT ( ( #7742 ) ) GLOBAL_UNIT_ASSIGNED_CONTEXT ( ( #6691, #9371, #4132 ) ) REPRESENTATION_CONTEXT ( 'NONE', 'WORKASPACE' ) );
#9587 = CARTESIAN_POINT ( 'NONE',  ( -0.9553798049340255200, 3.555000258646142400, 1.500000000000045500 ) ) ;
#9588 = AXIS2_PLACEMENT_3D ( 'NONE', #5815, #6706, #9299 ) ;
#9589 = AXIS2_PLACEMENT_3D ( 'NONE', #2799, #8882, #3661 ) ;
#9590 = CARTESIAN_POINT ( 'NONE',  ( -90.00000000000000000, 32.50000000000000000, 185.0000000000000000 ) ) ;
#9591 = DIRECTION ( 'NONE',  ( 1.000000000000000000, 0.0000000000000000000, 0.0000000000000000000 ) ) ;
#9592 = CARTESIAN_POINT ( 'NONE',  ( 3.650000000000000400, -0.4777838827334472400, 0.5000000000000001100 ) ) ;
#9593 = FACE_BOUND ( 'NONE', #844, .T. ) ;
#9594 = DIRECTION ( 'NONE',  ( -6.454785026890447800E-015, -1.000000000000000000, 0.0000000000000000000 ) ) ;
#9595 = EDGE_CURVE ( 'NONE', #155, #1451, #4855, .T. ) ;
#9596 = LINE ( 'NONE', #9671, #4918 ) ;
#9597 = COORDINATED_UNIVERSAL_TIME_OFFSET ( 1, 0, .AHEAD. ) ;
#9598 = EDGE_CURVE ( 'NONE', #3929, #4705, #1676, .T. ) ;
#9599 = ORIENTED_EDGE ( 'NONE', *, *, #7542, .T. ) ;
#9600 = CARTESIAN_POINT ( 'NONE',  ( 2.734289214343056200, -3.647626508085710200, 0.5000000000000002200 ) ) ;
#9601 = VECTOR ( 'NONE', #9821, 1000.000000000000000 ) ;
#9602 = CIRCLE ( 'NONE', #10489, 1.000000000000000000 ) ;
#9603 = CARTESIAN_POINT ( 'NONE',  ( 88.50000000000000000, 25.37500000000000000, 168.0000000000000000 ) ) ;
#9604 = VECTOR ( 'NONE', #10998, 1000.000000000000000 ) ;
#9605 = CC_DESIGN_APPROVAL ( #9007, ( #7245 ) ) ;
#9606 = LOCAL_TIME ( 11, 17, 25.00000000000000000, #599 ) ;
#9607 = EDGE_CURVE ( 'NONE', #3417, #6669, #6587, .T. ) ;
#9608 = ORIENTED_EDGE ( 'NONE', *, *, #3542, .T. ) ;
#9609 = VECTOR ( 'NONE', #9680, 1000.000000000000000 ) ;
#9610 = FACE_OUTER_BOUND ( 'NONE', #8116, .T. ) ;
#9611 = ORIENTED_EDGE ( 'NONE', *, *, #2351, .F. ) ;
#9612 = DIRECTION ( 'NONE',  ( -0.0000000000000000000, 0.0000000000000000000, 1.000000000000000000 ) ) ;
#9613 = LINE ( 'NONE', #328, #610 ) ;
#9614 = APPROVAL_STATUS ( 'not_yet_approved' ) ;
#9615 = ORIENTED_EDGE ( 'NONE', *, *, #10894, .T. ) ;
#9616 = CARTESIAN_POINT ( 'NONE',  ( -88.50000000000000000, 25.37500000000000000, 168.0000000000000000 ) ) ;
#9617 = DIRECTION ( 'NONE',  ( -3.491481338843135300E-015, 0.0000000000000000000, -1.000000000000000000 ) ) ;
#9618 = CARTESIAN_POINT ( 'NONE',  ( -4.899999999999999500, -4.975000000000000500, 248.0000000000000000 ) ) ;
#9619 = CARTESIAN_POINT ( 'NONE',  ( -3.189320328686179500, -1.838209251331160100, 0.5000000000000000000 ) ) ;
#9620 = ORIENTED_EDGE ( 'NONE', *, *, #9744, .T. ) ;
#9621 = CYLINDRICAL_SURFACE ( 'NONE', #9644, 0.2000000000000000900 ) ;
#9622 = CYLINDRICAL_SURFACE ( 'NONE', #2786, 1.899999999999999000 ) ;
#9623 = EDGE_LOOP ( 'NONE', ( #2127, #10534, #9615, #6406 ) ) ;
#9624 = ORIENTED_EDGE ( 'NONE', *, *, #4342, .F. ) ;
#9625 = ORIENTED_EDGE ( 'NONE', *, *, #7516, .F. ) ;
#9626 = EDGE_CURVE ( 'NONE', #10735, #10107, #4272, .T. ) ;
#9627 = EDGE_CURVE ( 'NONE', #5852, #6958, #8642, .T. ) ;
#9628 = DIRECTION ( 'NONE',  ( 0.0000000000000000000, -0.0000000000000000000, 1.000000000000000000 ) ) ;
#9629 = CARTESIAN_POINT ( 'NONE',  ( -0.4000000000000000200, 10.12500000000000000, 248.0000000000000000 ) ) ;
#9630 = AXIS2_PLACEMENT_3D ( 'NONE', #11068, #663, #6731 ) ;
#9631 = CARTESIAN_POINT ( 'NONE',  ( 2.918783974753357500, -2.243095527908439900, 0.5000000000000000000 ) ) ;
#9632 = FACE_OUTER_BOUND ( 'NONE', #1983, .T. ) ;
#9633 = PLANE ( 'NONE',  #9421 ) ;
#9634 = DIRECTION ( 'NONE',  ( 0.0000000000000000000, -1.000000000000000000, -0.0000000000000000000 ) ) ;
#9635 = CIRCLE ( 'NONE', #7890, 0.2000000000000000900 ) ;
#9636 = ORIENTED_EDGE ( 'NONE', *, *, #3118, .T. ) ;
#9637 = ORIENTED_EDGE ( 'NONE', *, *, #33, .F. ) ;
#9638 = CARTESIAN_POINT ( 'NONE',  ( 2.449489742783179200, -1.599999999999999900, 0.5000000000000001100 ) ) ;
#9639 = MANIFOLD_SOLID_BREP ( 'Import1', #2706 ) ;
#9640 = SHAPE_REPRESENTATION ( 'Base(Domyùlna)', ( #7819 ), #7224 ) ;
#9641 = CARTESIAN_POINT ( 'NONE',  ( 3.750000000000000000, 2.824999999999999700, 72.00000000000001400 ) ) ;
#9642 = ORIENTED_EDGE ( 'NONE', *, *, #10009, .F. ) ;
#9643 = DIRECTION ( 'NONE',  ( 0.0000000000000000000, 0.0000000000000000000, 1.000000000000000000 ) ) ;
#9644 = AXIS2_PLACEMENT_3D ( 'NONE', #3583, #93, #9694 ) ;
#9645 = ORIENTED_EDGE ( 'NONE', *, *, #8957, .T. ) ;
#9646 = ORIENTED_EDGE ( 'NONE', *, *, #5799, .T. ) ;
#9647 = DATE_AND_TIME ( #647, #2960 ) ;
#9648 = ORIENTED_EDGE ( 'NONE', *, *, #7593, .F. ) ;
#9649 = CARTESIAN_POINT ( 'NONE',  ( 88.31999999999999300, -5.850000000000001400, 0.0000000000000000000 ) ) ;
#9650 = VECTOR ( 'NONE', #3636, 1000.000000000000000 ) ;
#9651 = SECURITY_CLASSIFICATION_LEVEL ( 'unclassified' ) ;
#9652 = VERTEX_POINT ( 'NONE', #2725 ) ;
#9653 = CARTESIAN_POINT ( 'NONE',  ( 3.007585135165836500, -3.026185824819447800, -0.4999999999999980600 ) ) ;
#9654 = CARTESIAN_POINT ( 'NONE',  ( 3.649999999999999900, -0.4777838534845880200, 0.5000000000000000000 ) ) ;
#9655 = CARTESIAN_POINT ( 'NONE',  ( 5.850000000000001400, -20.89999999999999900, 248.0000000000000000 ) ) ;
#9656 = AXIS2_PLACEMENT_3D ( 'NONE', #8835, #3614, #9722 ) ;
#9657 = CALENDAR_DATE ( 2023, 9, 11 ) ;
#9658 = PERSON ( 'NAUO-PER16', 'UNSPECIFIED', 'UNSPECIFIED', ('UNSPECIFIED'), ('UNSPECIFIED'), ('UNSPECIFIED') ) ;
#9659 = LINE ( 'NONE', #9573, #7322 ) ;
#9660 = CARTESIAN_POINT ( 'NONE',  ( 5.850000000000001400, -11.97500000000000000, 248.0000000000000000 ) ) ;
#9661 = ORIENTED_EDGE ( 'NONE', *, *, #11054, .F. ) ;
#9662 = LINE ( 'NONE', #10645, #9367 ) ;
#9663 = VERTEX_POINT ( 'NONE', #126 ) ;
#9664 = ORIENTED_EDGE ( 'NONE', *, *, #2314, .T. ) ;
#9665 = DIRECTION ( 'NONE',  ( 0.0000000000000000000, 0.0000000000000000000, 1.000000000000000000 ) ) ;
#9666 = CARTESIAN_POINT ( 'NONE',  ( 6.250000000000000900, 16.02500000000000200, 71.99899999999999500 ) ) ;
#9667 = DIRECTION ( 'NONE',  ( 6.071532165918830700E-016, 1.000000000000000000, 0.0000000000000000000 ) ) ;
#9668 = DIRECTION ( 'NONE',  ( 0.0000000000000000000, 0.0000000000000000000, 1.000000000000000000 ) ) ;
#9669 = CARTESIAN_POINT ( 'NONE',  ( -3.649999999999999900, 7.871034431950294300E-014, 0.5000000000000000000 ) ) ;
#9670 = APPROVAL_PERSON_ORGANIZATION ( #671, #7512, #1955 ) ;
#9671 = CARTESIAN_POINT ( 'NONE',  ( -3.337849213179370000, 17.94999999999999900, 248.0000000000000000 ) ) ;
#9672 = ORIENTED_EDGE ( 'NONE', *, *, #7761, .F. ) ;
#9673 = CC_DESIGN_APPROVAL ( #9080, ( #8473 ) ) ;
#9674 = DIRECTION ( 'NONE',  ( 1.000000000000000000, 0.0000000000000000000, 0.0000000000000000000 ) ) ;
#9675 = CC_DESIGN_PERSON_AND_ORGANIZATION_ASSIGNMENT ( #725, #1734, ( #6725 ) ) ;
#9676 = SHAPE_REPRESENTATION ( 'Front', ( #7819 ), #8392 ) ;
#9677 = CARTESIAN_POINT ( 'NONE',  ( 0.5000000000000002200, 0.0000000000000000000, 2.449489742783179200 ) ) ;
#9678 = ORIENTED_EDGE ( 'NONE', *, *, #11061, .T. ) ;
#9679 = CARTESIAN_POINT ( 'NONE',  ( 3.189320317493041600, 1.838209278353781600, 0.5000000000000000000 ) ) ;
#9680 = DIRECTION ( 'NONE',  ( 0.0000000000000000000, 0.0000000000000000000, 1.000000000000000000 ) ) ;
#9681 = ADVANCED_FACE ( 'NONE', ( #1707 ), #6038, .T. ) ;
#9682 = ORIENTED_EDGE ( 'NONE', *, *, #7127, .T. ) ;
#9683 = CARTESIAN_POINT ( 'NONE',  ( 0.0000000000000000000, -11.97500000000000000, 248.0000000000000000 ) ) ;
#9684 = APPLICATION_PROTOCOL_DEFINITION ( 'international standard', 'config_control_design', 1994, #3568 ) ;
#9685 = ORIENTED_EDGE ( 'NONE', *, *, #4980, .F. ) ;
#9686 = DIRECTION ( 'NONE',  ( 1.000000000000000000, 0.0000000000000000000, 0.0000000000000000000 ) ) ;
#9687 = EDGE_CURVE ( 'NONE', #3744, #5563, #10676, .T. ) ;
#9688 = ORIENTED_EDGE ( 'NONE', *, *, #5227, .T. ) ;
#9689 = EDGE_CURVE ( 'NONE', #10791, #17, #3981, .T. ) ;
#9690 = CARTESIAN_POINT ( 'NONE',  ( 0.0000000000000000000, -17.94999999999999900, 72.00000000000001400 ) ) ;
#9691 = SHAPE_REPRESENTATION ( 'Rail_v1', ( #7819 ), #10144 ) ;
#9692 = VERTEX_POINT ( 'NONE', #4492 ) ;
#9693 = CIRCLE ( 'NONE', #1402, 0.1999999999999999800 ) ;
#9694 = DIRECTION ( 'NONE',  ( -1.000000000000000000, 0.0000000000000000000, 0.0000000000000000000 ) ) ;
#9695 = ORIENTED_EDGE ( 'NONE', *, *, #4849, .F. ) ;
#9696 = ORIENTED_EDGE ( 'NONE', *, *, #9487, .F. ) ;
#9697 =( BOUNDED_SURFACE ( )  B_SPLINE_SURFACE ( 2, 3, ( 
 ( #7708, #10288, #2494, #8576, #3360, #9464, #4219, #10329, #5101, #11208, #5972, #798, #6865, #1665, #7748, #2542, #8619, #3398, #9512, #4267, #10364, #5140, #11251, #6019, #825, #6908, #1702, #7784, #2577, #8663, #3433, #9552, #4311, #10404 ),
 ( #5175, #4795, #6064, #861, #6938, #1751, #7820, #2612, #8702, #3482, #9587, #4345, #10447, #5213, #21, #6102, #899, #6974, #1782, #4282, #4486, #10591, #5362, #162, #6239, #1046, #7116, #1917, #8014, #2795, #8877, #3656, #9775, #4520 ),
 ( #10622, #5403, #201, #6273, #1081, #7158, #1954, #8046, #2835, #8916, #3695, #9809, #4563, #10656, #5437, #243, #6308, #1112, #7197, #2000, #8081, #2862, #8963, #3733, #9835, #4601, #10704, #5473, #277, #6354, #1155, #7234, #2036, #8125 ) ),
 .UNSPECIFIED., .F., .T., .T. ) 
 B_SPLINE_SURFACE_WITH_KNOTS ( ( 3, 3 ),
 ( 4, 2, 2, 2, 2, 2, 2, 2, 2, 2, 2, 2, 2, 2, 2, 2, 4 ),
 ( 0.0000000000000000000, 1.000000000000000000 ),
 ( 0.0000000000000000000, 0.3926990816987240300, 0.7853981633974479500, 1.178097245096172000, 1.570796326794895000, 1.963495408493620000, 2.356194490192344800, 2.748893571891069900, 3.141592653589795300, 3.534291735288519900, 3.926990816987240100, 4.319689898685965100, 4.712388980384689700, 5.105088062083409800, 5.497787143782139700, 5.890486225480859900, 6.283185307179590700 ),
 .UNSPECIFIED. ) 
 GEOMETRIC_REPRESENTATION_ITEM ( )  RATIONAL_B_SPLINE_SURFACE ( (
 ( 1.000000000000000000, 1.000000000000000000, 1.000000000000000000, 1.000000000000000000, 1.000000000000000000, 1.000000000000000000, 1.000000000000000000, 1.000000000000000000, 1.000000000000000000, 1.000000000000000000, 1.000000000000000000, 1.000000000000000000, 1.000000000000000000, 1.000000000000000000, 1.000000000000000000, 1.000000000000000000, 1.000000000000000000, 1.000000000000000000, 1.000000000000000000, 1.000000000000000000, 1.000000000000000000, 1.000000000000000000, 1.000000000000000000, 1.000000000000000000, 1.000000000000000000, 1.000000000000000000, 1.000000000000000000, 1.000000000000000000, 1.000000000000000000, 1.000000000000000000, 1.000000000000000000, 1.000000000000000000, 1.000000000000000000, 1.000000000000000000),
 ( 0.7071067811865480200, 0.7071067811865480200, 0.7071067811865480200, 0.7071067811865480200, 0.7071067811865480200, 0.7071067811865480200, 0.7071067811865480200, 0.7071067811865480200, 0.7071067811865480200, 0.7071067811865480200, 0.7071067811865480200, 0.7071067811865480200, 0.7071067811865480200, 0.7071067811865480200, 0.7071067811865480200, 0.7071067811865480200, 0.7071067811865480200, 0.7071067811865480200, 0.7071067811865480200, 0.7071067811865480200, 0.7071067811865480200, 0.7071067811865480200, 0.7071067811865480200, 0.7071067811865480200, 0.7071067811865480200, 0.7071067811865480200, 0.7071067811865480200, 0.7071067811865480200, 0.7071067811865480200, 0.7071067811865480200, 0.7071067811865480200, 0.7071067811865480200, 0.7071067811865480200, 0.7071067811865480200),
 ( 1.000000000000000000, 1.000000000000000000, 1.000000000000000000, 1.000000000000000000, 1.000000000000000000, 1.000000000000000000, 1.000000000000000000, 1.000000000000000000, 1.000000000000000000, 1.000000000000000000, 1.000000000000000000, 1.000000000000000000, 1.000000000000000000, 1.000000000000000000, 1.000000000000000000, 1.000000000000000000, 1.000000000000000000, 1.000000000000000000, 1.000000000000000000, 1.000000000000000000, 1.000000000000000000, 1.000000000000000000, 1.000000000000000000, 1.000000000000000000, 1.000000000000000000, 1.000000000000000000, 1.000000000000000000, 1.000000000000000000, 1.000000000000000000, 1.000000000000000000, 1.000000000000000000, 1.000000000000000000, 1.000000000000000000, 1.000000000000000000) ) ) 
 REPRESENTATION_ITEM ( '' )  SURFACE ( )  );
#9698 = ORIENTED_EDGE ( 'NONE', *, *, #6872, .T. ) ;
#9699 = DIRECTION ( 'NONE',  ( -0.0000000000000000000, 0.0000000000000000000, -1.000000000000000000 ) ) ;
#9700 = DIRECTION ( 'NONE',  ( 1.000000000000000000, 0.0000000000000000000, 0.0000000000000000000 ) ) ;
#9701 = DIRECTION ( 'NONE',  ( 0.0000000000000000000, 0.0000000000000000000, -1.000000000000000000 ) ) ;
#9702 = CARTESIAN_POINT ( 'NONE',  ( 6.250000000000000000, 13.57500000000000300, 71.99899999999999500 ) ) ;
#9703 = EDGE_CURVE ( 'NONE', #5702, #10224, #3725, .T. ) ;
#9704 = CIRCLE ( 'NONE', #7758, 0.4000000000000001900 ) ;
#9705 = ORIENTED_EDGE ( 'NONE', *, *, #4077, .F. ) ;
#9706 = ORIENTED_EDGE ( 'NONE', *, *, #3971, .F. ) ;
#9707 = ORIENTED_EDGE ( 'NONE', *, *, #5353, .F. ) ;
#9708 = VECTOR ( 'NONE', #5889, 1000.000000000000000 ) ;
#9709 = DIRECTION ( 'NONE',  ( 0.0000000000000000000, 0.0000000000000000000, 1.000000000000000000 ) ) ;
#9710 = SHAPE_REPRESENTATION ( 'ZR185.180.65', ( #3864, #1193, #1781, #2344, #2936, #3517, #4069, #4662, #5253, #5821, #6422, #7017, #7594, #8191, #8765, #9348, #9939, #10512, #11100, #390, #968, #1550, #2137 ), #2721 ) ;
#9711 = DIRECTION ( 'NONE',  ( 0.0000000000000000000, -0.0000000000000000000, -1.000000000000000000 ) ) ;
#9712 = CIRCLE ( 'NONE', #7597, 0.2000000000000000900 ) ;
#9713 = CYLINDRICAL_SURFACE ( 'NONE', #6327, 0.2000000000000000900 ) ;
#9714 = ORIENTED_EDGE ( 'NONE', *, *, #7628, .T. ) ;
#9715 = AXIS2_PLACEMENT_3D ( 'NONE', #9769, #4515, #10614 ) ;
#9716 = VECTOR ( 'NONE', #5631, 1000.000000000000000 ) ;
#9717 = APPROVAL_PERSON_ORGANIZATION ( #725, #7904, #847 ) ;
#9718 = VECTOR ( 'NONE', #3650, 1000.000000000000000 ) ;
#9719 = SECURITY_CLASSIFICATION_LEVEL ( 'unclassified' ) ;
#9720 = CARTESIAN_POINT ( 'NONE',  ( 3.950000000000000200, -6.274999999999998600, 72.00000000000001400 ) ) ;
#9721 = CARTESIAN_POINT ( 'NONE',  ( -1.956341299732634800, -3.092303132795074700, -2.994266587629311500 ) ) ;
#9722 = DIRECTION ( 'NONE',  ( -6.454785026890447800E-015, 1.000000000000000000, 0.0000000000000000000 ) ) ;
#9723 = VERTEX_POINT ( 'NONE', #8019 ) ;
#9724 = LINE ( 'NONE', #4086, #5053 ) ;
#9725 = LINE ( 'NONE', #3395, #450 ) ;
#9726 = CARTESIAN_POINT ( 'NONE',  ( -83.39999999999548700, -20.25000000000000000, 1.500000000000000000 ) ) ;
#9727 = VECTOR ( 'NONE', #118, 1000.000000000000000 ) ;
#9728 = APPROVAL_DATE_TIME ( #736, #1722 ) ;
#9729 = EDGE_CURVE ( 'NONE', #2408, #8182, #10409, .T. ) ;
#9730 = EDGE_CURVE ( 'NONE', #9856, #10929, #8099, .T. ) ;
#9731 = DIRECTION ( 'NONE',  ( -0.0000000000000000000, -0.0000000000000000000, -1.000000000000000000 ) ) ;
#9732 = PRODUCT_DEFINITION ( 'UNKNOWN', '', #1344, #4064 ) ;
#9733 = AXIS2_PLACEMENT_3D ( 'NONE', #1598, #7672, #2457 ) ;
#9734 = ORIENTED_EDGE ( 'NONE', *, *, #3930, .T. ) ;
#9735 = AXIS2_PLACEMENT_3D ( 'NONE', #7063, #1870, #7945 ) ;
#9736 = DIRECTION ( 'NONE',  ( 0.0000000000000000000, 1.000000000000000000, 0.0000000000000000000 ) ) ;
#9737 = VECTOR ( 'NONE', #5080, 1000.000000000000000 ) ;
#9738 = CARTESIAN_POINT ( 'NONE',  ( 5.850000000000001400, -9.525000000000000400, 71.99899999999999500 ) ) ;
#9739 = ORIENTED_EDGE ( 'NONE', *, *, #6951, .F. ) ;
#9740 = CARTESIAN_POINT ( 'NONE',  ( 7.471678547331675600E-016, 4.500000000000000900, 5.953361263601726300 ) ) ;
#9741 = EDGE_CURVE ( 'NONE', #4485, #8803, #8357, .T. ) ;
#9742 = ADVANCED_FACE ( 'NONE', ( #1147 ), #3182, .T. ) ;
#9743 = CIRCLE ( 'NONE', #4779, 2.500000000000002200 ) ;
#9744 = EDGE_CURVE ( 'NONE', #6992, #7578, #5494, .T. ) ;
#9745 = CARTESIAN_POINT ( 'NONE',  ( 5.850000000000001400, -19.67500000000000100, 248.0000000000000000 ) ) ;
#9746 = LOCAL_TIME ( 11, 17, 25.00000000000000000, #748 ) ;
#9747 = CARTESIAN_POINT ( 'NONE',  ( -1.441747545844442400, 0.8309713053962621800, 1.500000000000000200 ) ) ;
#9748 = VERTEX_POINT ( 'NONE', #6314 ) ;
#9749 = FACE_OUTER_BOUND ( 'NONE', #7221, .T. ) ;
#9750 = CARTESIAN_POINT ( 'NONE',  ( 81.14999999999570000, -49.25000000000000000, -0.0009999999999999161000 ) ) ;
#9751 = VECTOR ( 'NONE', #5940, 1000.000000000000000 ) ;
#9752 = VERTEX_POINT ( 'NONE', #4568 ) ;
#9753 = APPROVAL ( #5768, 'UNKNOWN' ) ;
#9754 = FACE_OUTER_BOUND ( 'NONE', #4058, .T. ) ;
#9755 = CALENDAR_DATE ( 2023, 9, 11 ) ;
#9756 = EDGE_CURVE ( 'NONE', #1920, #9155, #5747, .T. ) ;
#9757 = DIRECTION ( 'NONE',  ( -2.868245165298555100E-019, -0.0000000000000000000, -1.000000000000000000 ) ) ;
#9758 = CYLINDRICAL_SURFACE ( 'NONE', #6551, 0.1999999999999999800 ) ;
#9759 = LINE ( 'NONE', #4001, #484 ) ;
#9760 = LINE ( 'NONE', #4226, #771 ) ;
#9761 = EDGE_LOOP ( 'NONE', ( #4974, #4497, #5054, #4220 ) ) ;
#9762 = ORIENTED_EDGE ( 'NONE', *, *, #928, .T. ) ;
#9763 = DATE_TIME_ROLE ( 'creation_date' ) ;
#9764 = ORIENTED_EDGE ( 'NONE', *, *, #7191, .T. ) ;
#9765 = DIRECTION ( 'NONE',  ( 1.000000000000000000, 0.0000000000000000000, 0.0000000000000000000 ) ) ;
#9766 = CARTESIAN_POINT ( 'NONE',  ( 88.31999999999997900, -5.850000000000001400, 0.0000000000000000000 ) ) ;
#9767 = LINE ( 'NONE', #7614, #6889 ) ;
#9768 = EDGE_CURVE ( 'NONE', #7855, #2605, #7827, .T. ) ;
#9769 = CARTESIAN_POINT ( 'NONE',  ( -0.2000000000000000100, 14.50000000000000000, 72.00000000000001400 ) ) ;
#9770 = LINE ( 'NONE', #1487, #7152 ) ;
#9771 = ORIENTED_EDGE ( 'NONE', *, *, #8327, .T. ) ;
#9772 = AXIS2_PLACEMENT_3D ( 'NONE', #7796, #2588, #5439 ) ;
#9773 = ORIENTED_EDGE ( 'NONE', *, *, #10830, .T. ) ;
#9774 = CARTESIAN_POINT ( 'NONE',  ( 88.50000000000000000, 31.00000000000000000, 367.9104972384030200 ) ) ;
#9775 = CARTESIAN_POINT ( 'NONE',  ( 3.649999999999999500, -0.4777838534845882900, 1.499999999999996900 ) ) ;
#9776 = APPROVAL_STATUS ( 'not_yet_approved' ) ;
#9777 = ORIENTED_EDGE ( 'NONE', *, *, #1803, .F. ) ;
#9778 = COORDINATED_UNIVERSAL_TIME_OFFSET ( 1, 0, .AHEAD. ) ;
#9779 = DIRECTION ( 'NONE',  ( 0.0000000000000000000, -0.0000000000000000000, 1.000000000000000000 ) ) ;
#9780 = AXIS2_PLACEMENT_3D ( 'NONE', #3408, #10381, #4283 ) ;
#9781 = CARTESIAN_POINT ( 'NONE',  ( -2.500000000000000000, -4.975000000000000500, 248.0000000000000000 ) ) ;
#9782 = CARTESIAN_POINT ( 'NONE',  ( -0.4000000000000000200, -10.12500000000000000, 248.0000000000000000 ) ) ;
#9783 = CARTESIAN_POINT ( 'NONE',  ( 2.449489742783179200, -3.999999999999999100, 0.4999999999999997800 ) ) ;
#9784 = DIRECTION ( 'NONE',  ( 0.0000000000000000000, 0.0000000000000000000, 1.000000000000000000 ) ) ;
#9785 = UNCERTAINTY_MEASURE_WITH_UNIT (LENGTH_MEASURE( 1.000000000000000100E-005 ), #9286, 'distance_accuracy_value', 'NONE');
#9786 = LINE ( 'NONE', #9201, #2822 ) ;
#9787 = ORIENTED_EDGE ( 'NONE', *, *, #10629, .T. ) ;
#9788 = CARTESIAN_POINT ( 'NONE',  ( 4.750000000000000000, -3.700000000000000200, 3.000000000000000000 ) ) ;
#9789 = PERSON_AND_ORGANIZATION ( #9810, #4463 ) ;
#9790 = DIRECTION ( 'NONE',  ( 0.0000000000000000000, 0.0000000000000000000, -1.000000000000000000 ) ) ;
#9791 = ORIENTED_EDGE ( 'NONE', *, *, #8948, .F. ) ;
#9792 = VECTOR ( 'NONE', #3252, 1000.000000000000000 ) ;
#9793 = DIRECTION ( 'NONE',  ( 1.000000000000000000, 0.0000000000000000000, -0.0000000000000000000 ) ) ;
#9794 = LINE ( 'NONE', #3338, #2833 ) ;
#9795 = VERTEX_POINT ( 'NONE', #282 ) ;
#9796 = APPROVAL_DATE_TIME ( #811, #6141 ) ;
#9797 = ADVANCED_FACE ( 'NONE', ( #878 ), #606, .F. ) ;
#9798 = VECTOR ( 'NONE', #9921, 1000.000000000000000 ) ;
#9799 = EDGE_LOOP ( 'NONE', ( #5780, #8208, #10834, #5590 ) ) ;
#9800 = DIRECTION ( 'NONE',  ( 1.000000000000000000, 0.0000000000000000000, 0.0000000000000000000 ) ) ;
#9801 = AXIS2_PLACEMENT_3D ( 'NONE', #6488, #1291, #7362 ) ;
#9802 = AXIS2_PLACEMENT_3D ( 'NONE', #6055, #6936, #1747 ) ;
#9803 = ORIENTED_EDGE ( 'NONE', *, *, #10247, .F. ) ;
#9804 = CARTESIAN_POINT ( 'NONE',  ( 1.499505866845162200, -4.000000000000000000, -2.295056100067587800 ) ) ;
#9805 = DATE_AND_TIME ( #815, #3119 ) ;
#9806 = EDGE_CURVE ( 'NONE', #7213, #7411, #2920, .T. ) ;
#9807 = DIRECTION ( 'NONE',  ( -7.610399765575671300E-015, -1.000000000000000000, 0.0000000000000000000 ) ) ;
#9808 = EDGE_CURVE ( 'NONE', #7961, #6501, #10129, .T. ) ;
#9809 = CARTESIAN_POINT ( 'NONE',  ( -1.838209251331130100, 3.189320328686189800, 0.5000000000000000000 ) ) ;
#9810 = PERSON ( 'UNSPECIFIED', 'UNSPECIFIED', 'UNSPECIFIED', ('UNSPECIFIED'), ('UNSPECIFIED'), ('UNSPECIFIED') ) ;
#9811 = PERSON_AND_ORGANIZATION_ROLE ( 'creator' ) ;
#9812 = DIRECTION ( 'NONE',  ( 1.387778780781445900E-016, -1.000000000000000000, 0.0000000000000000000 ) ) ;
#9813 = CARTESIAN_POINT ( 'NONE',  ( 1.200000000000000000, 8.800000000000000700, 248.0000000000000000 ) ) ;
#9814 = DIRECTION ( 'NONE',  ( -1.000000000000000000, 0.0000000000000000000, 0.0000000000000000000 ) ) ;
#9815 = DIRECTION ( 'NONE',  ( 1.000000000000000000, 0.0000000000000000000, 0.0000000000000000000 ) ) ;
#9816 = CARTESIAN_POINT ( 'NONE',  ( -0.3777142256033476100, 0.6553397952731758700, -8.000000000000000000 ) ) ;
#9817 = CC_DESIGN_DATE_AND_TIME_ASSIGNMENT ( #513, #1274, ( #8638 ) ) ;
#9818 = ORIENTED_EDGE ( 'NONE', *, *, #6209, .T. ) ;
#9819 = ORIENTED_EDGE ( 'NONE', *, *, #7107, .F. ) ;
#9820 = ORIENTED_EDGE ( 'NONE', *, *, #11104, .F. ) ;
#9821 = DIRECTION ( 'NONE',  ( -0.0000000000000000000, 0.0000000000000000000, -1.000000000000000000 ) ) ;
#9822 = CARTESIAN_POINT ( 'NONE',  ( 6.250000000000000000, 1.425000000000000000, 72.00000000000001400 ) ) ;
#9823 = PRODUCT_DEFINITION_SHAPE ( 'NONE', 'NONE',  #11306 ) ;
#9824 = DIRECTION ( 'NONE',  ( -0.0000000000000000000, -0.0000000000000000000, 1.000000000000000000 ) ) ;
#9825 = ORIENTED_EDGE ( 'NONE', *, *, #2027, .T. ) ;
#9826 = EDGE_CURVE ( 'NONE', #17, #10285, #7532, .T. ) ;
#9827 = CIRCLE ( 'NONE', #3445, 2.149999999999999000 ) ;
#9828 = VERTEX_POINT ( 'NONE', #10743 ) ;
#9829 = EDGE_LOOP ( 'NONE', ( #11078, #2055, #4895, #2204 ) ) ;
#9830 = VERTEX_POINT ( 'NONE', #7281 ) ;
#9831 = ORIENTED_EDGE ( 'NONE', *, *, #9030, .T. ) ;
#9832 = CARTESIAN_POINT ( 'NONE',  ( 0.5044719412924507700, -2.493718516972145000, -3.210526557096043300 ) ) ;
#9833 = CARTESIAN_POINT ( 'NONE',  ( 6.250000000000000000, 0.0000000000000000000, 248.0000000000000000 ) ) ;
#9834 = CARTESIAN_POINT ( 'NONE',  ( 0.0000000000000000000, 21.30000000000000100, 72.00000000000001400 ) ) ;
#9835 = CARTESIAN_POINT ( 'NONE',  ( -0.4777838534843530400, -3.649999999999999900, 0.5000000000000000000 ) ) ;
#9836 = APPROVAL_ROLE ( '' ) ;
#9837 = DIRECTION ( 'NONE',  ( 1.000000000000000000, 0.0000000000000000000, 0.0000000000000000000 ) ) ;
#9838 = CARTESIAN_POINT ( 'NONE',  ( -3.799999999999999800, -9.475000000000001400, -0.001000000000000999900 ) ) ;
#9839 = VECTOR ( 'NONE', #2703, 1000.000000000000000 ) ;
#9840 = CARTESIAN_POINT ( 'NONE',  ( 3.750000000000000000, 0.0000000000000000000, 72.00000000000001400 ) ) ;
#9841 = DIRECTION ( 'NONE',  ( 0.0000000000000000000, -0.0000000000000000000, 1.000000000000000000 ) ) ;
#9842 = DIRECTION ( 'NONE',  ( 0.0000000000000000000, 0.0000000000000000000, -1.000000000000000000 ) ) ;
#9843 = CARTESIAN_POINT ( 'NONE',  ( 5.850000000000001400, -1.025000000000000400, 248.0000000000000000 ) ) ;
#9844 = FACE_OUTER_BOUND ( 'NONE', #4995, .T. ) ;
#9845 = ADVANCED_FACE ( 'NONE', ( #9610 ), #9308, .T. ) ;
#9846 = CALENDAR_DATE ( 2023, 9, 11 ) ;
#9847 = DIRECTION ( 'NONE',  ( 1.000000000000000000, 0.0000000000000000000, 0.0000000000000000000 ) ) ;
#9848 = ORIENTED_EDGE ( 'NONE', *, *, #612, .F. ) ;
#9849 = AXIS2_PLACEMENT_3D ( 'NONE', #7372, #9133, #3900 ) ;
#9850 = CIRCLE ( 'NONE', #3634, 0.2000000000000000900 ) ;
#9851 = CARTESIAN_POINT ( 'NONE',  ( 2.449999999999999700, -19.27500000000000600, 248.0000000000000000 ) ) ;
#9852 = CARTESIAN_POINT ( 'NONE',  ( 0.5000000000005104800, -2.912149102440376900, -3.025751002451789500 ) ) ;
#9853 = LINE ( 'NONE', #8775, #5468 ) ;
#9854 = EDGE_CURVE ( 'NONE', #9455, #5495, #3675, .T. ) ;
#9855 = ADVANCED_FACE ( 'NONE', ( #2652 ), #5555, .F. ) ;
#9856 = VERTEX_POINT ( 'NONE', #4678 ) ;
#9857 = VECTOR ( 'NONE', #2820, 1000.000000000000000 ) ;
#9858 = CARTESIAN_POINT ( 'NONE',  ( -0.5997501243938340200, 0.4609100473859870700, -8.000000000000000000 ) ) ;
#9859 = CIRCLE ( 'NONE', #2110, 0.1999999999999999800 ) ;
#9860 = CIRCLE ( 'NONE', #7595, 1.250000000000000000 ) ;
#9861 = CARTESIAN_POINT ( 'NONE',  ( -4.000000000000000000, 0.0000000000000000000, -0.5000000000000000000 ) ) ;
#9862 = CONTEXT_DEPENDENT_SHAPE_REPRESENTATION ( #3263, #8902 ) ;
#9863 = EDGE_LOOP ( 'NONE', ( #5657, #7299, #8774, #11026 ) ) ;
#9864 = VECTOR ( 'NONE', #5280, 1000.000000000000000 ) ;
#9865 = VECTOR ( 'NONE', #9841, 1000.000000000000000 ) ;
#9866 = ORIENTED_EDGE ( 'NONE', *, *, #7831, .T. ) ;
#9867 = VECTOR ( 'NONE', #1174, 1000.000000000000000 ) ;
#9868 = CARTESIAN_POINT ( 'NONE',  ( 86.50000000000000000, -1.301042606982605300E-015, 185.0000000000000000 ) ) ;
#9869 = ORIENTED_EDGE ( 'NONE', *, *, #33, .T. ) ;
#9870 = PRODUCT_DEFINITION_FORMATION_WITH_SPECIFIED_SOURCE ( 'ANY', '', #244, .NOT_KNOWN. ) ;
#9871 = CARTESIAN_POINT ( 'NONE',  ( -4.299999999999999800, 16.05552017741234700, 248.0000000000000000 ) ) ;
#9872 = ORGANIZATION ( 'NAUO-ORG4', 'UNSPECIFIED', 'UNSPECIFIED' ) ;
#9873 = MECHANICAL_CONTEXT ( 'NONE', #7044, 'mechanical' ) ;
#9874 = DIRECTION ( 'NONE',  ( 0.0000000000000000000, 0.0000000000000000000, 1.000000000000000000 ) ) ;
#9875 = AXIS2_PLACEMENT_3D ( 'NONE', #10477, #3484, #5258 ) ;
#9876 = CARTESIAN_POINT ( 'NONE',  ( -5.299999999999999800, 12.50000000000000000, 248.0000000000000000 ) ) ;
#9877 = CARTESIAN_POINT ( 'NONE',  ( 3.950000000000000200, 8.325000000000002800, 71.99899999999999500 ) ) ;
#9878 = DIRECTION ( 'NONE',  ( 0.0000000000000000000, 0.0000000000000000000, 1.000000000000000000 ) ) ;
#9879 = ORIENTED_EDGE ( 'NONE', *, *, #1369, .F. ) ;
#9880 = DIRECTION ( 'NONE',  ( 1.000000000000000000, 0.0000000000000000000, 0.0000000000000000000 ) ) ;
#9881 = CIRCLE ( 'NONE', #7292, 2.149999999999999000 ) ;
#9882 = CC_DESIGN_DATE_AND_TIME_ASSIGNMENT ( #3711, #3389, ( #7517 ) ) ;
#9883 = VECTOR ( 'NONE', #6445, 1000.000000000000000 ) ;
#9884 = ORIENTED_EDGE ( 'NONE', *, *, #6083, .T. ) ;
#9885 = ORIENTED_EDGE ( 'NONE', *, *, #4670, .T. ) ;
#9886 = ORIENTED_EDGE ( 'NONE', *, *, #8132, .T. ) ;
#9887 = DIRECTION ( 'NONE',  ( 0.0000000000000000000, 0.0000000000000000000, -1.000000000000000000 ) ) ;
#9888 = DIRECTION ( 'NONE',  ( -1.000000000000000000, 0.0000000000000000000, 0.0000000000000000000 ) ) ;
#9889 = CARTESIAN_POINT ( 'NONE',  ( 0.0000000000000000000, 0.0000000000000000000, 1.500000000000000000 ) ) ;
#9890 = DIRECTION ( 'NONE',  ( 1.000000000000000000, 0.0000000000000000000, 0.0000000000000000000 ) ) ;
#9891 = VECTOR ( 'NONE', #8965, 1000.000000000000000 ) ;
#9892 = CARTESIAN_POINT ( 'NONE',  ( -88.31999999999999300, -63.64999999999999900, 0.0000000000000000000 ) ) ;
#9893 = CYLINDRICAL_SURFACE ( 'NONE', #9066, 0.2000000000000000900 ) ;
#9894 = ORIENTED_EDGE ( 'NONE', *, *, #10083, .T. ) ;
#9895 = EDGE_LOOP ( 'NONE', ( #2011, #2931, #4696, #6286 ) ) ;
#9896 = EDGE_CURVE ( 'NONE', #3612, #7100, #7268, .T. ) ;
#9897 = EDGE_CURVE ( 'NONE', #6597, #10568, #6994, .T. ) ;
#9898 = CARTESIAN_POINT ( 'NONE',  ( 0.7500000000000000000, -0.09817475995270570600, -8.000000000000000000 ) ) ;
#9899 = ADVANCED_FACE ( 'NONE', ( #4932 ), #4394, .F. ) ;
#9900 = VECTOR ( 'NONE', #10625, 1000.000000000000000 ) ;
#9901 = EDGE_LOOP ( 'NONE', ( #1650, #8678, #5700, #4930 ) ) ;
#9902 = CARTESIAN_POINT ( 'NONE',  ( -73.50000000000000000, 1.500000000000000000, 17.00000000000000000 ) ) ;
#9903 = DIRECTION ( 'NONE',  ( 1.000000000000000000, 0.0000000000000000000, -0.0000000000000000000 ) ) ;
#9904 = EDGE_LOOP ( 'NONE', ( #4321, #3264, #10143, #3965 ) ) ;
#9905 = PERSON_AND_ORGANIZATION ( #9810, #4463 ) ;
#9906 = ORIENTED_EDGE ( 'NONE', *, *, #8226, .F. ) ;
#9907 = EDGE_CURVE ( 'NONE', #1061, #934, #6717, .T. ) ;
#9908 = CARTESIAN_POINT ( 'NONE',  ( 1.600000000000000100, 14.50000000000000000, 65.07035354437189800 ) ) ;
#9909 = CIRCLE ( 'NONE', #448, 1.800000000000000300 ) ;
#9910 = ORIENTED_EDGE ( 'NONE', *, *, #708, .T. ) ;
#9911 = ADVANCED_FACE ( 'NONE', ( #9059 ), #6450, .F. ) ;
#9912 = CARTESIAN_POINT ( 'NONE',  ( 3.950000000000000200, -13.77500000000000000, 71.99899999999999500 ) ) ;
#9913 = PERSON_AND_ORGANIZATION_ROLE ( 'classification_officer' ) ;
#9914 = EDGE_CURVE ( 'NONE', #1794, #9349, #2098, .T. ) ;
#9915 = CARTESIAN_POINT ( 'NONE',  ( 0.0000000000000000000, 0.0000000000000000000, 0.0000000000000000000 ) ) ;
#9916 = DIRECTION ( 'NONE',  ( 6.071532165918830700E-016, -1.000000000000000000, 0.0000000000000000000 ) ) ;
#9917 = AXIS2_PLACEMENT_3D ( 'NONE', #10236, #11118, #5880 ) ;
#9918 = CARTESIAN_POINT ( 'NONE',  ( 73.50000000000000000, 2.168404344971008900E-016, 19.50000000000000000 ) ) ;
#9919 = DIRECTION ( 'NONE',  ( 1.000000000000000000, 0.0000000000000000000, 0.0000000000000000000 ) ) ;
#9920 = CARTESIAN_POINT ( 'NONE',  ( 6.250000000000000900, 13.17499999999999900, 248.0000000000000000 ) ) ;
#9921 = DIRECTION ( 'NONE',  ( 0.0000000000000000000, 0.0000000000000000000, -1.000000000000000000 ) ) ;
#9922 = DIRECTION ( 'NONE',  ( 1.000000000000000000, 0.0000000000000000000, 0.0000000000000000000 ) ) ;
#9923 = DATE_AND_TIME ( #929, #3222 ) ;
#9924 = DIRECTION ( 'NONE',  ( -1.000000000000000000, -7.610399765575671300E-015, -0.0000000000000000000 ) ) ;
#9925 = ORIENTED_EDGE ( 'NONE', *, *, #6378, .T. ) ;
#9926 = DIRECTION ( 'NONE',  ( -0.0000000000000000000, -0.0000000000000000000, -1.000000000000000000 ) ) ;
#9927 = ORIENTED_EDGE ( 'NONE', *, *, #3330, .F. ) ;
#9928 = ORIENTED_EDGE ( 'NONE', *, *, #5982, .T. ) ;
#9929 = CARTESIAN_POINT ( 'NONE',  ( 3.950000000000000200, -8.325000000000002800, 71.99899999999999500 ) ) ;
#9930 = DIRECTION ( 'NONE',  ( 0.0000000000000000000, 0.0000000000000000000, -1.000000000000000000 ) ) ;
#9931 = AXIS2_PLACEMENT_3D ( 'NONE', #4059, #5813, #636 ) ;
#9932 = CALENDAR_DATE ( 2023, 9, 11 ) ;
#9933 = CARTESIAN_POINT ( 'NONE',  ( -0.4999999999999996700, -4.000000000000000000, -2.449489742783179700 ) ) ;
#9934 = CARTESIAN_POINT ( 'NONE',  ( 1.607054911442808800, 0.4318840214085250500, 1.500000000000000200 ) ) ;
#9935 = CARTESIAN_POINT ( 'NONE',  ( 0.0000000000000000000, 17.22500000000000100, 248.0000000000000000 ) ) ;
#9936 = ORIENTED_EDGE ( 'NONE', *, *, #2718, .T. ) ;
#9937 = EDGE_CURVE ( 'NONE', #1129, #3132, #65, .T. ) ;
#9938 = EDGE_CURVE ( 'NONE', #6448, #4237, #8773, .T. ) ;
#9939 = AXIS2_PLACEMENT_3D ( 'NONE', #10434, #5199, #8 ) ;
#9940 = AXIS2_PLACEMENT_3D ( 'NONE', #3942, #5693, #509 ) ;
#9941 = ORIENTED_EDGE ( 'NONE', *, *, #2751, .T. ) ;
#9942 = DIRECTION ( 'NONE',  ( -0.0000000000000000000, -0.0000000000000000000, -1.000000000000000000 ) ) ;
#9943 = EDGE_CURVE ( 'NONE', #6614, #9979, #4117, .T. ) ;
#9944 = CARTESIAN_POINT ( 'NONE',  ( 90.00000000000000000, 7.125000000000000000, 168.0000000000000000 ) ) ;
#9945 = ORIENTED_EDGE ( 'NONE', *, *, #4992, .T. ) ;
#9946 = EDGE_CURVE ( 'NONE', #216, #7567, #6170, .T. ) ;
#9947 = DIRECTION ( 'NONE',  ( -6.454785026890447800E-015, -1.000000000000000000, 0.0000000000000000000 ) ) ;
#9948 = ORIENTED_EDGE ( 'NONE', *, *, #8264, .T. ) ;
#9949 = CARTESIAN_POINT ( 'NONE',  ( 0.5000000000000003300, 0.0000000000000000000, 1.145643923738960200 ) ) ;
#9950 = APPROVAL_STATUS ( 'not_yet_approved' ) ;
#9951 = CARTESIAN_POINT ( 'NONE',  ( 5.850000000000001400, 1.425000000000000000, 248.0000000000000000 ) ) ;
#9952 = DIRECTION ( 'NONE',  ( 0.0000000000000000000, 1.000000000000000000, 0.0000000000000000000 ) ) ;
#9953 = DIRECTION ( 'NONE',  ( 0.0000000000000000000, 0.0000000000000000000, 1.000000000000000000 ) ) ;
#9954 = ADVANCED_FACE ( 'NONE', ( #3848 ), #6538, .F. ) ;
#9955 = CC_DESIGN_SECURITY_CLASSIFICATION ( #8550, ( #11289 ) ) ;
#9956 = DIRECTION ( 'NONE',  ( -0.0000000000000000000, -0.0000000000000000000, -1.000000000000000000 ) ) ;
#9957 = EDGE_LOOP ( 'NONE', ( #5575, #4554, #1217, #7497 ) ) ;
#9958 = CARTESIAN_POINT ( 'NONE',  ( 5.850000000000001400, 1.425000000000000000, 71.99899999999999500 ) ) ;
#9959 = VECTOR ( 'NONE', #4641, 1000.000000000000000 ) ;
#9960 = ORIENTED_EDGE ( 'NONE', *, *, #7994, .F. ) ;
#9961 = DIRECTION ( 'NONE',  ( -0.0000000000000000000, -0.0000000000000000000, -1.000000000000000000 ) ) ;
#9962 = EDGE_CURVE ( 'NONE', #1794, #6371, #9712, .T. ) ;
#9963 = ORIENTED_EDGE ( 'NONE', *, *, #8570, .F. ) ;
#9964 = ORIENTED_EDGE ( 'NONE', *, *, #11168, .F. ) ;
#9965 = DIRECTION ( 'NONE',  ( 0.0000000000000000000, -1.000000000000000000, 0.0000000000000000000 ) ) ;
#9966 = CARTESIAN_POINT ( 'NONE',  ( 3.950000000000000200, 11.77500000000000000, 248.0000000000000000 ) ) ;
#9967 = ADVANCED_FACE ( 'NONE', ( #7566 ), #8299, .F. ) ;
#9968 = VECTOR ( 'NONE', #3029, 1000.000000000000000 ) ;
#9969 = VERTEX_POINT ( 'NONE', #9190 ) ;
#9970 = VERTEX_POINT ( 'NONE', #1385 ) ;
#9971 = B_SPLINE_CURVE_WITH_KNOTS ( 'NONE', 3,
 ( #2231, #6514, #10893, #8311, #3109, #9199, #3951, #10066, #1496, #7584, #2379, #8453, #3241, #9340 ),
 .UNSPECIFIED., .F., .F.,
 ( 4, 2, 2, 2, 2, 2, 4 ),
 ( 6.133173666733496700E-019, 0.0006779370042854737600, 0.001016905506428209500, 0.001355874008570945600, 0.001694842510713681600, 0.002033811012856417300, 0.002711748017141888500 ),
 .UNSPECIFIED. ) ;
#9972 = EDGE_LOOP ( 'NONE', ( #1429, #807, #11025, #6324 ) ) ;
#9973 = FACE_OUTER_BOUND ( 'NONE', #9010, .T. ) ;
#9974 = ORGANIZATION ( 'NAUO-ORG22', 'UNSPECIFIED', 'UNSPECIFIED' ) ;
#9975 = DIRECTION ( 'NONE',  ( 0.0000000000000000000, 0.0000000000000000000, 1.000000000000000000 ) ) ;
#9976 = EDGE_CURVE ( 'NONE', #5374, #607, #9429, .T. ) ;
#9977 = AXIS2_PLACEMENT_3D ( 'NONE', #3924, #10905, #4809 ) ;
#9978 = FACE_OUTER_BOUND ( 'NONE', #4562, .T. ) ;
#9979 = VERTEX_POINT ( 'NONE', #9118 ) ;
#9980 = CIRCLE ( 'NONE', #1713, 2.000000000000001800 ) ;
#9981 = PLANE ( 'NONE',  #3054 ) ;
#9982 = CALENDAR_DATE ( 2023, 9, 11 ) ;
#9983 = VECTOR ( 'NONE', #1907, 1000.000000000000000 ) ;
#9984 = DIRECTION ( 'NONE',  ( 6.071532165918830700E-016, -1.000000000000000000, 0.0000000000000000000 ) ) ;
#9985 = APPLICATION_PROTOCOL_DEFINITION ( 'international standard', 'config_control_design', 1994, #3875 ) ;
#9986 = ORIENTED_EDGE ( 'NONE', *, *, #9554, .T. ) ;
#9987 = CARTESIAN_POINT ( 'NONE',  ( 6.250000000000000000, -13.57500000000000300, 71.99899999999999500 ) ) ;
#9988 = VECTOR ( 'NONE', #3159, 1000.000000000000000 ) ;
#9989 = CARTESIAN_POINT ( 'NONE',  ( 5.850000000000001400, 8.724999999999999600, 71.99899999999999500 ) ) ;
#9990 = CARTESIAN_POINT ( 'NONE',  ( 90.00000000000000000, 7.125000000000000000, 168.0000000000000000 ) ) ;
#9991 = DIRECTION ( 'NONE',  ( -1.000000000000000000, 0.0000000000000000000, 0.0000000000000000000 ) ) ;
#9992 = DIRECTION ( 'NONE',  ( 0.0000000000000000000, 0.0000000000000000000, -1.000000000000000000 ) ) ;
#9993 = FACE_OUTER_BOUND ( 'NONE', #420, .T. ) ;
#9994 = CIRCLE ( 'NONE', #7972, 0.2000000000000000900 ) ;
#9995 = DATE_AND_TIME ( #1000, #3308 ) ;
#9996 = AXIS2_PLACEMENT_3D ( 'NONE', #2592, #8685, #3461 ) ;
#9997 = EDGE_LOOP ( 'NONE', ( #7785, #8104, #5127, #1799 ) ) ;
#9998 = VECTOR ( 'NONE', #11148, 1000.000000000000000 ) ;
#9999 = DIRECTION ( 'NONE',  ( -1.000000000000000000, -1.176083712526651900E-016, 0.0000000000000000000 ) ) ;
#10000 = ORIENTED_EDGE ( 'NONE', *, *, #6594, .T. ) ;
#10001 = LINE ( 'NONE', #8843, #7123 ) ;
#10002 = PRODUCT_DEFINITION_SHAPE ( 'NONE', 'NONE',  #8322 ) ;
#10003 = COORDINATED_UNIVERSAL_TIME_OFFSET ( 1, 0, .AHEAD. ) ;
#10004 = ORIENTED_EDGE ( 'NONE', *, *, #9703, .F. ) ;
#10005 = LINE ( 'NONE', #2977, #3061 ) ;
#10006 = ADVANCED_FACE ( 'NONE', ( #7378 ), #7466, .F. ) ;
#10007 = LINE ( 'NONE', #8540, #3062 ) ;
#10008 = ORIENTED_EDGE ( 'NONE', *, *, #9426, .T. ) ;
#10009 = EDGE_CURVE ( 'NONE', #214, #8272, #2752, .T. ) ;
#10010 = VECTOR ( 'NONE', #2043, 1000.000000000000000 ) ;
#10011 = EDGE_CURVE ( 'NONE', #5997, #6982, #7098, .T. ) ;
#10012 = ITEM_DEFINED_TRANSFORMATION ( 'NONE', 'NONE', #1781,  #7819 ) ;
#10013 = CIRCLE ( 'NONE', #5387, 0.4000000000000000200 ) ;
#10014 = FACE_OUTER_BOUND ( 'NONE', #5531, .T. ) ;
#10015 = CARTESIAN_POINT ( 'NONE',  ( -0.5999999999999999800, 3.625000000000000000, -0.001000000000000999900 ) ) ;
#10016 = LINE ( 'NONE', #4189, #3074 ) ;
#10017 = ORIENTED_EDGE ( 'NONE', *, *, #8802, .T. ) ;
#10018 = ADVANCED_FACE ( 'NONE', ( #439 ), #3162, .F. ) ;
#10019 = VERTEX_POINT ( 'NONE', #1418 ) ;
#10020 = SECURITY_CLASSIFICATION ( '', '', #3794 ) ;
#10021 = APPROVAL_ROLE ( '' ) ;
#10022 = DIRECTION ( 'NONE',  ( 6.071532165918830700E-016, 1.000000000000000000, 0.0000000000000000000 ) ) ;
#10023 = CARTESIAN_POINT ( 'NONE',  ( 3.950000000000000200, -6.474999999999999600, 72.00000000000001400 ) ) ;
#10024 = CARTESIAN_POINT ( 'NONE',  ( 0.0000000000000000000, 0.0000000000000000000, 0.0000000000000000000 ) ) ;
#10025 = DIRECTION ( 'NONE',  ( -0.0000000000000000000, -0.0000000000000000000, -1.000000000000000000 ) ) ;
#10026 = CARTESIAN_POINT ( 'NONE',  ( -2.942896425152004400, -3.243396590459965100, -0.4999999999999960000 ) ) ;
#10027 = CARTESIAN_POINT ( 'NONE',  ( 85.64999999999570000, -49.25000000000000000, 0.0000000000000000000 ) ) ;
#10028 = CC_DESIGN_SECURITY_CLASSIFICATION ( #9441, ( #11309 ) ) ;
#10029 = ORIENTED_EDGE ( 'NONE', *, *, #7831, .F. ) ;
#10030 = CARTESIAN_POINT ( 'NONE',  ( -0.3271848554491004200, 1.217465845835394600, -7.500000000000000900 ) ) ;
#10031 = LINE ( 'NONE', #8448, #7436 ) ;
#10032 = VERTEX_POINT ( 'NONE', #6654 ) ;
#10033 = PLANE ( 'NONE',  #4055 ) ;
#10034 = ORIENTED_EDGE ( 'NONE', *, *, #6562, .F. ) ;
#10035 = DIRECTION ( 'NONE',  ( 0.0000000000000000000, 0.0000000000000000000, -1.000000000000000000 ) ) ;
#10036 = ORIENTED_EDGE ( 'NONE', *, *, #6520, .F. ) ;
#10037 = DATE_AND_TIME ( #1048, #3353 ) ;
#10038 = DIRECTION ( 'NONE',  ( -0.0000000000000000000, -0.0000000000000000000, 1.000000000000000000 ) ) ;
#10039 = VECTOR ( 'NONE', #480, 1000.000000000000000 ) ;
#10040 = ORIENTED_EDGE ( 'NONE', *, *, #5861, .T. ) ;
#10041 = EDGE_CURVE ( 'NONE', #1093, #6222, #6835, .T. ) ;
#10042 = EDGE_CURVE ( 'NONE', #6597, #2175, #4773, .T. ) ;
#10043 = CALENDAR_DATE ( 2023, 9, 11 ) ;
#10044 = DIRECTION ( 'NONE',  ( 0.0000000000000000000, 0.0000000000000000000, -1.000000000000000000 ) ) ;
#10045 = ORIENTED_EDGE ( 'NONE', *, *, #10376, .F. ) ;
#10046 = VECTOR ( 'NONE', #10984, 1000.000000000000000 ) ;
#10047 = VECTOR ( 'NONE', #4121, 1000.000000000000000 ) ;
#10048 = ORIENTED_EDGE ( 'NONE', *, *, #2528, .T. ) ;
#10049 = APPROVAL_PERSON_ORGANIZATION ( #1068, #6141, #9836 ) ;
#10050 = DIRECTION ( 'NONE',  ( -0.0000000000000000000, -0.0000000000000000000, 1.000000000000000000 ) ) ;
#10051 = LINE ( 'NONE', #9877, #8024 ) ;
#10053 = ORIENTED_EDGE ( 'NONE', *, *, #11204, .T. ) ;
#10052 = PERSON_AND_ORGANIZATION_ROLE ( 'design_supplier' ) ;
#10054 = EDGE_CURVE ( 'NONE', #5144, #9349, #165, .T. ) ;
#10055 = CARTESIAN_POINT ( 'NONE',  ( 5.850000000000001400, 19.67500000000000100, 72.00000000000001400 ) ) ;
#10056 = PLANE ( 'NONE',  #5462 ) ;
#10057 = AXIS2_PLACEMENT_3D ( 'NONE', #10155, #7519, #11022 ) ;
#10058 = CARTESIAN_POINT ( 'NONE',  ( 3.950000000000000200, -2.824999999999999700, 72.00000000000001400 ) ) ;
#10059 = DIRECTION ( 'NONE',  ( 1.000000000000000000, 0.0000000000000000000, 0.0000000000000000000 ) ) ;
#10060 = CARTESIAN_POINT ( 'NONE',  ( 2.449489742783179200, -4.000000000000000000, -0.4999999999999997800 ) ) ;
#10061 = DIRECTION ( 'NONE',  ( 0.0000000000000000000, -0.0000000000000000000, -1.000000000000000000 ) ) ;
#10062 = ADVANCED_FACE ( 'NONE', ( #2210 ), #5806, .T. ) ;
#10063 = ORIENTED_EDGE ( 'NONE', *, *, #1222, .F. ) ;
#10064 = PERSON_AND_ORGANIZATION ( #9810, #4463 ) ;
#10065 = CARTESIAN_POINT ( 'NONE',  ( 0.0000000000000000000, 0.0000000000000000000, 248.0000000000000000 ) ) ;
#10066 = CARTESIAN_POINT ( 'NONE',  ( 0.5000000000004165600, -2.912517625789005300, 3.025711744395987800 ) ) ;
#10067 = DIRECTION ( 'NONE',  ( -0.0000000000000000000, 1.000000000000000000, 0.0000000000000000000 ) ) ;
#10068 = CARTESIAN_POINT ( 'NONE',  ( 6.250000000000000000, 0.0000000000000000000, 72.00000000000001400 ) ) ;
#10069 = ADVANCED_FACE ( 'NONE', ( #9164 ), #1937, .F. ) ;
#10070 = CARTESIAN_POINT ( 'NONE',  ( 5.850000000000001400, -2.624999999999999600, 248.0000000000000000 ) ) ;
#10071 = CARTESIAN_POINT ( 'NONE',  ( 88.50000000000000000, 3.500000000000007500, 185.0000000000000000 ) ) ;
#10072 = ORIENTED_EDGE ( 'NONE', *, *, #1549, .F. ) ;
#10073 = EDGE_CURVE ( 'NONE', #4574, #9434, #4233, .T. ) ;
#10074 = ORIENTED_EDGE ( 'NONE', *, *, #10765, .T. ) ;
#10075 = EDGE_CURVE ( 'NONE', #10888, #10396, #11197, .T. ) ;
#10076 = ORIENTED_EDGE ( 'NONE', *, *, #2389, .F. ) ;
#10077 = CC_DESIGN_PERSON_AND_ORGANIZATION_ASSIGNMENT ( #6645, #3646, ( #8322 ) ) ;
#10078 = AXIS2_PLACEMENT_3D ( 'NONE', #8021, #2802, #8884 ) ;
#10079 = AXIS2_PLACEMENT_3D ( 'NONE', #483, #3113, #9203 ) ;
#10080 = EDGE_CURVE ( 'NONE', #5033, #4308, #10909, .T. ) ;
#10081 = CC_DESIGN_APPROVAL ( #9532, ( #8329 ) ) ;
#10082 = DIRECTION ( 'NONE',  ( 0.0000000000000000000, 0.0000000000000000000, 1.000000000000000000 ) ) ;
#10083 = EDGE_CURVE ( 'NONE', #3212, #1851, #6548, .T. ) ;
#10084 =( REPRESENTATION_RELATIONSHIP ('NONE','NONE', #9710, #9676 ) REPRESENTATION_RELATIONSHIP_WITH_TRANSFORMATION ( #10012 )SHAPE_REPRESENTATION_RELATIONSHIP( ) );
#10085 = VERTEX_POINT ( 'NONE', #11117 ) ;
#10086 = PLANE ( 'NONE',  #5513 ) ;
#10087 = DIRECTION ( 'NONE',  ( 0.0000000000000000000, 0.0000000000000000000, 1.000000000000000000 ) ) ;
#10088 = VERTEX_POINT ( 'NONE', #10235 ) ;
#10089 = DIRECTION ( 'NONE',  ( -0.0000000000000000000, -0.0000000000000000000, -1.000000000000000000 ) ) ;
#10090 = DIRECTION ( 'NONE',  ( 0.0000000000000000000, 0.0000000000000000000, 1.000000000000000000 ) ) ;
#10091 = CARTESIAN_POINT ( 'NONE',  ( -4.899999999999999500, -4.575000000000000200, 248.0000000000000000 ) ) ;
#10092 = ORIENTED_EDGE ( 'NONE', *, *, #9175, .T. ) ;
#10093 = ORIENTED_EDGE ( 'NONE', *, *, #6172, .F. ) ;
#10094 = EDGE_LOOP ( 'NONE', ( #2399, #8457, #9762, #4648 ) ) ;
#10095 = CC_DESIGN_DATE_AND_TIME_ASSIGNMENT ( #3050, #10190, ( #7766 ) ) ;
#10096 = CARTESIAN_POINT ( 'NONE',  ( -0.09817475995270590100, 0.7499999999999910100, -8.000000000000000000 ) ) ;
#10097 = CARTESIAN_POINT ( 'NONE',  ( -83.39999999999548700, -20.25000000000000000, 0.0000000000000000000 ) ) ;
#10098 = EDGE_CURVE ( 'NONE', #5563, #487, #3952, .T. ) ;
#10099 = EDGE_CURVE ( 'NONE', #10770, #10019, #8609, .T. ) ;
#10100 = VECTOR ( 'NONE', #3526, 1000.000000000000000 ) ;
#10101 = DIRECTION ( 'NONE',  ( 1.000000000000000000, 6.071532165918830700E-016, 0.0000000000000000000 ) ) ;
#10102 = B_SPLINE_CURVE_WITH_KNOTS ( 'NONE', 3,
 ( #9074, #10178, #4947, #11050, #5818, #641, #6711, #1503, #7588, #2388, #8464, #3247, #9345, #4108, #10213, #4985, #11095, #5859 ),
 .UNSPECIFIED., .F., .F.,
 ( 4, 2, 2, 2, 2, 2, 2, 2, 4 ),
 ( 0.0000000000000000000, 0.1250000000000020300, 0.2500000000000006700, 0.3750000000000024400, 0.5000000000000011100, 0.6250000000000011100, 0.7500000000000013300, 0.8750000000000000000, 1.000000000000000000 ),
 .UNSPECIFIED. ) ;
#10103 = CARTESIAN_POINT ( 'NONE',  ( 5.850000000000001400, -16.82499999999999900, 248.0000000000000000 ) ) ;
#10104 = VECTOR ( 'NONE', #2483, 1000.000000000000000 ) ;
#10105 = ITEM_DEFINED_TRANSFORMATION ( 'NONE', 'NONE', #968,  #7819 ) ;
#10106 = ADVANCED_FACE ( 'NONE', ( #1673 ), #6921, .F. ) ;
#10107 = VERTEX_POINT ( 'NONE', #4966 ) ;
#10108 = ADVANCED_FACE ( 'NONE', ( #10379 ), #6081, .F. ) ;
#10109 = CYLINDRICAL_SURFACE ( 'NONE', #2472, 0.2000000000000000900 ) ;
#10110 = CARTESIAN_POINT ( 'NONE',  ( 0.6999999999999999600, -9.199999999999999300, -1.510173831053895000 ) ) ;
#10111 = EDGE_CURVE ( 'NONE', #4237, #6942, #8325, .T. ) ;
#10112 = DIRECTION ( 'NONE',  ( -0.0000000000000000000, 0.0000000000000000000, -1.000000000000000000 ) ) ;
#10113 = LINE ( 'NONE', #5222, #7804 ) ;
#10114 = PERSON_AND_ORGANIZATION ( #7891, #1135 ) ;
#10115 = AXIS2_PLACEMENT_3D ( 'NONE', #9871, #5519, #6389 ) ;
#10116 = ORIENTED_EDGE ( 'NONE', *, *, #10249, .F. ) ;
#10117 = AXIS2_PLACEMENT_3D ( 'NONE', #10964, #10090, #10059 ) ;
#10118 = CIRCLE ( 'NONE', #2242, 2.000000000000001800 ) ;
#10119 = VECTOR ( 'NONE', #5961, 1000.000000000000000 ) ;
#10120 = ADVANCED_FACE ( 'NONE', ( #3698 ), #3426, .F. ) ;
#10121 = VECTOR ( 'NONE', #8275, 1000.000000000000000 ) ;
#10122 = DATE_AND_TIME ( #1144, #3455 ) ;
#10123 = CARTESIAN_POINT ( 'NONE',  ( 90.00000000000000000, 1.500000000000000000, 0.0000000000000000000 ) ) ;
#10124 = CARTESIAN_POINT ( 'NONE',  ( -0.5044790542819700400, -2.493718516972145000, 3.210525439419709100 ) ) ;
#10125 = CARTESIAN_POINT ( 'NONE',  ( -3.007810249709213800, -2.573267924665423800, 0.4999999999999972800 ) ) ;
#10126 = ORIENTED_EDGE ( 'NONE', *, *, #7511, .F. ) ;
#10127 = DIRECTION ( 'NONE',  ( 0.0000000000000000000, 0.0000000000000000000, 1.000000000000000000 ) ) ;
#10128 = LINE ( 'NONE', #7884, #1146 ) ;
#10129 = CIRCLE ( 'NONE', #2347, 1.899999999999999000 ) ;
#10130 = VERTEX_POINT ( 'NONE', #914 ) ;
#10131 = AXIS2_PLACEMENT_3D ( 'NONE', #2987, #9089, #3844 ) ;
#10132 = CARTESIAN_POINT ( 'NONE',  ( 0.4609100473859950000, -0.5997501243938440100, -8.000000000000000000 ) ) ;
#10133 = CIRCLE ( 'NONE', #2698, 0.4000000000000001900 ) ;
#10134 = DIRECTION ( 'NONE',  ( -0.8191520442889961300, -0.5735764363510400500, -0.0000000000000000000 ) ) ;
#10135 = COORDINATED_UNIVERSAL_TIME_OFFSET ( 1, 0, .AHEAD. ) ;
#10136 = CARTESIAN_POINT ( 'NONE',  ( 3.950000000000000200, 10.12500000000000000, 72.00000000000001400 ) ) ;
#10137 = ORIENTED_EDGE ( 'NONE', *, *, #5182, .F. ) ;
#10138 = CYLINDRICAL_SURFACE ( 'NONE', #3989, 0.4000000000000001900 ) ;
#10139 = CARTESIAN_POINT ( 'NONE',  ( -4.899999999999999500, -9.274999999999998600, -0.001000000000000999900 ) ) ;
#10140 = FACE_OUTER_BOUND ( 'NONE', #653, .T. ) ;
#10141 = VECTOR ( 'NONE', #3773, 1000.000000000000000 ) ;
#10142 = ORIENTED_EDGE ( 'NONE', *, *, #8733, .F. ) ;
#10143 = ORIENTED_EDGE ( 'NONE', *, *, #9347, .F. ) ;
#10144 =( GEOMETRIC_REPRESENTATION_CONTEXT ( 3 ) GLOBAL_UNCERTAINTY_ASSIGNED_CONTEXT ( ( #9131 ) ) GLOBAL_UNIT_ASSIGNED_CONTEXT ( ( #6777, #1576, #7646 ) ) REPRESENTATION_CONTEXT ( 'NONE', 'WORKASPACE' ) );
#10145 = ORIENTED_EDGE ( 'NONE', *, *, #10754, .T. ) ;
#10146 = CARTESIAN_POINT ( 'NONE',  ( 0.3777142256033324500, -0.6553397952731461200, -8.000000000000000000 ) ) ;
#10147 = AXIS2_PLACEMENT_3D ( 'NONE', #5324, #7977, #9700 ) ;
#10148 = LINE ( 'NONE', #5476, #9891 ) ;
#10149 = EDGE_CURVE ( 'NONE', #5998, #5032, #5716, .T. ) ;
#10150 = CARTESIAN_POINT ( 'NONE',  ( 5.850000000000001400, 19.67500000000000100, 248.0000000000000000 ) ) ;
#10151 = CIRCLE ( 'NONE', #7300, 2.250000000000001800 ) ;
#10152 = EDGE_CURVE ( 'NONE', #10226, #6599, #1395, .T. ) ;
#10153 = ORIENTED_EDGE ( 'NONE', *, *, #121, .F. ) ;
#10154 = ORIENTED_EDGE ( 'NONE', *, *, #5707, .T. ) ;
#10155 = CARTESIAN_POINT ( 'NONE',  ( -4.750000000000000000, -3.700000000000000200, 3.000000000000000000 ) ) ;
#10156 = VECTOR ( 'NONE', #4525, 1000.000000000000000 ) ;
#10157 = VERTEX_POINT ( 'NONE', #4389 ) ;
#10158 = CC_DESIGN_SECURITY_CLASSIFICATION ( #7245, ( #4327 ) ) ;
#10159 = PERSON_AND_ORGANIZATION_ROLE ( 'classification_officer' ) ;
#10160 = CARTESIAN_POINT ( 'NONE',  ( 0.0000000000000000000, -4.000000000000000000, -0.5000000000000000000 ) ) ;
#10161 = CARTESIAN_POINT ( 'NONE',  ( 5.850000000000001400, -19.27500000000000600, 72.00000000000001400 ) ) ;
#10162 = DIRECTION ( 'NONE',  ( 0.0000000000000000000, 0.0000000000000000000, 1.000000000000000000 ) ) ;
#10163 = EDGE_CURVE ( 'NONE', #2247, #3483, #5455, .T. ) ;
#10164 = ORIENTED_EDGE ( 'NONE', *, *, #1109, .F. ) ;
#10165 = PERSON_AND_ORGANIZATION ( #9810, #4463 ) ;
#10166 = CARTESIAN_POINT ( 'NONE',  ( 2.250000000000000000, -19.07500000000000300, 71.99899999999999500 ) ) ;
#10167 = ADVANCED_FACE ( 'NONE', ( #7794 ), #7500, .T. ) ;
#10168 = ORIENTED_EDGE ( 'NONE', *, *, #10488, .T. ) ;
#10169 = CARTESIAN_POINT ( 'NONE',  ( -1.249999999999998200, 1.530808498934189600E-016, -7.999999999999994700 ) ) ;
#10170 = VECTOR ( 'NONE', #8784, 1000.000000000000000 ) ;
#10171 = VERTEX_POINT ( 'NONE', #1831 ) ;
#10172 = CARTESIAN_POINT ( 'NONE',  ( 0.8000000000000000400, -5.450000000000000200, 72.00000000000001400 ) ) ;
#10173 = DIRECTION ( 'NONE',  ( -1.000000000000000000, -6.071532165918830700E-016, -0.0000000000000000000 ) ) ;
#10174 = CARTESIAN_POINT ( 'NONE',  ( 0.0000000000000000000, 0.0000000000000000000, 0.0000000000000000000 ) ) ;
#10175 = APPROVAL_DATE_TIME ( #1214, #4743 ) ;
#10176 = DIRECTION ( 'NONE',  ( 0.0000000000000000000, 1.000000000000000000, 0.0000000000000000000 ) ) ;
#10177 = DIRECTION ( 'NONE',  ( 0.0000000000000000000, -1.000000000000000000, -0.0000000000000000000 ) ) ;
#10178 = CARTESIAN_POINT ( 'NONE',  ( 1.649999999999999900, -0.2159844817122110200, 1.500000000000000400 ) ) ;
#10179 = ADVANCED_FACE ( 'NONE', ( #1118 ), #2890, .F. ) ;
#10180 = EDGE_LOOP ( 'NONE', ( #2657, #8444, #8060, #987 ) ) ;
#10181 = LINE ( 'NONE', #2715, #932 ) ;
#10182 = ORIENTED_EDGE ( 'NONE', *, *, #8072, .F. ) ;
#10183 = EDGE_CURVE ( 'NONE', #1375, #5980, #5185, .T. ) ;
#10184 = EDGE_CURVE ( 'NONE', #5828, #7616, #853, .T. ) ;
#10185 = CARTESIAN_POINT ( 'NONE',  ( -1.249999999999981600, 0.1636245999211583800, -7.999999999999994700 ) ) ;
#10186 = DATE_AND_TIME ( #1224, #3522 ) ;
#10187 = CARTESIAN_POINT ( 'NONE',  ( 5.850000000000001400, -5.074999999999999300, 248.0000000000000000 ) ) ;
#10188 = PLANE ( 'NONE',  #11227 ) ;
#10189 = EDGE_LOOP ( 'NONE', ( #6618, #5234, #354, #8616, #2687, #6613, #8100, #5706, #953, #10225, #4620, #5158 ) ) ;
#10190 = DATE_TIME_ROLE ( 'classification_date' ) ;
#10191 = PLANE ( 'NONE',  #9630 ) ;
#10192 =( NAMED_UNIT ( * ) PLANE_ANGLE_UNIT ( ) SI_UNIT ( $, .RADIAN. ) );
#10193 = AXIS2_PLACEMENT_3D ( 'NONE', #5435, #242, #6307 ) ;
#10194 = DIRECTION ( 'NONE',  ( 1.387778780781445900E-016, -1.000000000000000000, 0.0000000000000000000 ) ) ;
#10195 = CARTESIAN_POINT ( 'NONE',  ( 6.250000000000000000, -9.924999999999998900, 72.00000000000001400 ) ) ;
#10196 = DIRECTION ( 'NONE',  ( 2.602085213965208300E-015, 1.000000000000000000, 0.0000000000000000000 ) ) ;
#10197 = CARTESIAN_POINT ( 'NONE',  ( -3.799999999999999800, 4.975000000000000500, 248.0000000000000000 ) ) ;
#10198 = DIRECTION ( 'NONE',  ( -0.0000000000000000000, 1.000000000000000000, 0.0000000000000000000 ) ) ;
#10199 = DIRECTION ( 'NONE',  ( 1.000000000000000000, 0.0000000000000000000, 0.0000000000000000000 ) ) ;
#10200 = DIRECTION ( 'NONE',  ( -0.0000000000000000000, -0.0000000000000000000, -1.000000000000000000 ) ) ;
#10201 = ORIENTED_EDGE ( 'NONE', *, *, #2509, .F. ) ;
#10202 = VERTEX_POINT ( 'NONE', #6185 ) ;
#10203 = CARTESIAN_POINT ( 'NONE',  ( 0.9995835406564028700, 0.7681834123099734500, -7.999999999999994700 ) ) ;
#10204 = ORIENTED_EDGE ( 'NONE', *, *, #9826, .F. ) ;
#10205 = DIRECTION ( 'NONE',  ( 0.0000000000000000000, 0.0000000000000000000, 1.000000000000000000 ) ) ;
#10206 = SHAPE_REPRESENTATION_RELATIONSHIP ( 'NONE' , 'NONE' ,  #2133, #5344 ) ;
#10207 = VERTEX_POINT ( 'NONE', #3561 ) ;
#10208 = CARTESIAN_POINT ( 'NONE',  ( 0.0000000000000000000, -21.30000000000000100, -6.054130821183109700 ) ) ;
#10209 = DIRECTION ( 'NONE',  ( 0.0000000000000000000, -0.0000000000000000000, -1.000000000000000000 ) ) ;
#10210 = AXIS2_PLACEMENT_3D ( 'NONE', #5351, #150, #6232 ) ;
#10211 = DIRECTION ( 'NONE',  ( 0.0000000000000000000, 1.000000000000000000, 0.0000000000000000000 ) ) ;
#10212 = CARTESIAN_POINT ( 'NONE',  ( 3.750000000000000000, -6.474999999999999600, 248.0000000000000000 ) ) ;
#10213 = CARTESIAN_POINT ( 'NONE',  ( -1.441747545844445800, -0.8309713053962701800, 1.500000000000000400 ) ) ;
#10214 = EDGE_LOOP ( 'NONE', ( #132, #9257, #417, #9325 ) ) ;
#10215 = FACE_OUTER_BOUND ( 'NONE', #5446, .T. ) ;
#10216 = ORIENTED_EDGE ( 'NONE', *, *, #2147, .T. ) ;
#10217 = ORIENTED_EDGE ( 'NONE', *, *, #9463, .F. ) ;
#10218 = CARTESIAN_POINT ( 'NONE',  ( 1.092232992121912500, 0.6295237093388708100, -7.999999999999994700 ) ) ;
#10219 = ORIENTED_EDGE ( 'NONE', *, *, #1203, .F. ) ;
#10220 = ADVANCED_FACE ( 'NONE', ( #9578 ), #109, .F. ) ;
#10221 = CARTESIAN_POINT ( 'NONE',  ( 3.950000000000000200, 11.97500000000000000, 248.0000000000000000 ) ) ;
#10222 = CC_DESIGN_PERSON_AND_ORGANIZATION_ASSIGNMENT ( #2288, #6356, ( #8473 ) ) ;
#10223 = LINE ( 'NONE', #1293, #3279 ) ;
#10224 = VERTEX_POINT ( 'NONE', #10567 ) ;
#10225 = ORIENTED_EDGE ( 'NONE', *, *, #7520, .F. ) ;
#10226 = VERTEX_POINT ( 'NONE', #9677 ) ;
#10227 = VECTOR ( 'NONE', #10205, 1000.000000000000000 ) ;
#10228 = SECURITY_CLASSIFICATION ( '', '', #8687 ) ;
#10229 = CARTESIAN_POINT ( 'NONE',  ( -3.337849213179368700, 17.94999999999999900, 248.0000000000000000 ) ) ;
#10230 = COORDINATED_UNIVERSAL_TIME_OFFSET ( 1, 0, .AHEAD. ) ;
#10231 = ADVANCED_FACE ( 'NONE', ( #6012 ), #295, .F. ) ;
#10232 = APPROVAL_ROLE ( '' ) ;
#10233 = CARTESIAN_POINT ( 'NONE',  ( 88.50000000000000000, 1.500000000000000000, 185.0000000000000000 ) ) ;
#10234 = DIRECTION ( 'NONE',  ( -1.000000000000000000, -0.0000000000000000000, -0.0000000000000000000 ) ) ;
#10235 = CARTESIAN_POINT ( 'NONE',  ( -4.750000000000000000, 3.700000000000000200, 3.000000000000000000 ) ) ;
#10236 = CARTESIAN_POINT ( 'NONE',  ( 0.0000000000000000000, -4.000000000000000000, 0.0000000000000000000 ) ) ;
#10237 = CARTESIAN_POINT ( 'NONE',  ( -0.8309713053962729500, 1.441747545844446000, 1.500000000000000000 ) ) ;
#10238 = DIRECTION ( 'NONE',  ( -0.0000000000000000000, -0.0000000000000000000, 1.000000000000000000 ) ) ;
#10239 = CARTESIAN_POINT ( 'NONE',  ( 2.250000000000000400, -17.42500000000000100, 72.00000000000001400 ) ) ;
#10240 = FACE_OUTER_BOUND ( 'NONE', #5689, .T. ) ;
#10241 = LINE ( 'NONE', #2184, #7656 ) ;
#10242 = CARTESIAN_POINT ( 'NONE',  ( -0.3271848715738441300, -1.217465839156320200, -7.999999999999994700 ) ) ;
#10243 = LOCAL_TIME ( 11, 17, 25.00000000000000000, #1270 ) ;
#10244 = DIRECTION ( 'NONE',  ( 1.000000000000000000, 0.0000000000000000000, -0.0000000000000000000 ) ) ;
#10245 = CIRCLE ( 'NONE', #8533, 2.250000000000001800 ) ;
#10246 = CARTESIAN_POINT ( 'NONE',  ( 6.250000000000000000, 0.0000000000000000000, 72.00000000000001400 ) ) ;
#10247 = EDGE_CURVE ( 'NONE', #776, #2397, #4905, .T. ) ;
#10248 = ORIENTED_EDGE ( 'NONE', *, *, #10111, .F. ) ;
#10249 = EDGE_CURVE ( 'NONE', #1375, #6453, #7237, .T. ) ;
#10250 = FACE_OUTER_BOUND ( 'NONE', #5192, .T. ) ;
#10251 = DIRECTION ( 'NONE',  ( -1.000000000000000000, 0.0000000000000000000, 0.0000000000000000000 ) ) ;
#10252 = CIRCLE ( 'NONE', #3260, 2.000000000000001800 ) ;
#10253 = DIRECTION ( 'NONE',  ( -0.0000000000000000000, 1.000000000000000000, 0.0000000000000000000 ) ) ;
#10254 = CARTESIAN_POINT ( 'NONE',  ( 0.5000000000000000000, -1.599999999999999900, 2.449489742783178800 ) ) ;
#10255 = CIRCLE ( 'NONE', #3291, 0.4000000000000001900 ) ;
#10256 = CARTESIAN_POINT ( 'NONE',  ( -0.6295237093388764700, -1.092232992121895800, -7.999999999999994700 ) ) ;
#10257 = LINE ( 'NONE', #6807, #5068 ) ;
#10258 = DIRECTION ( 'NONE',  ( 1.000000000000000000, 0.0000000000000000000, 0.0000000000000000000 ) ) ;
#10259 = ORIENTED_EDGE ( 'NONE', *, *, #5421, .F. ) ;
#10260 = CIRCLE ( 'NONE', #2469, 2.250000000000001800 ) ;
#10261 = CARTESIAN_POINT ( 'NONE',  ( 5.850000000000001400, 20.89999999999999900, 248.0000000000000000 ) ) ;
#10262 = ORIENTED_EDGE ( 'NONE', *, *, #1041, .T. ) ;
#10263 = APPROVAL_PERSON_ORGANIZATION ( #1297, #5419, #6688 ) ;
#10264 = EDGE_CURVE ( 'NONE', #8658, #6669, #9277, .T. ) ;
#10265 = AXIS2_PLACEMENT_3D ( 'NONE', #8993, #6385, #1200 ) ;
#10266 = EDGE_LOOP ( 'NONE', ( #5394, #5163, #2196, #1440 ) ) ;
#10267 = LINE ( 'NONE', #6387, #3855 ) ;
#10268 = FACE_OUTER_BOUND ( 'NONE', #711, .T. ) ;
#10269 = ORIENTED_EDGE ( 'NONE', *, *, #6073, .T. ) ;
#10270 = CARTESIAN_POINT ( 'NONE',  ( -0.4000000000000000200, 10.42500000000000100, 72.00000000000001400 ) ) ;
#10271 = DIRECTION ( 'NONE',  ( 0.0000000000000000000, 0.0000000000000000000, 1.000000000000000000 ) ) ;
#10272 = LINE ( 'NONE', #10716, #1021 ) ;
#10273 = APPROVAL_STATUS ( 'not_yet_approved' ) ;
#10274 = DIRECTION ( 'NONE',  ( -0.0000000000000000000, 0.0000000000000000000, -1.000000000000000000 ) ) ;
#10275 = CARTESIAN_POINT ( 'NONE',  ( -0.2159844817121049900, -1.649999999999999900, 1.500000000000000000 ) ) ;
#10276 = APPROVAL_DATE_TIME ( #1306, #10529 ) ;
#10277 = DIRECTION ( 'NONE',  ( 1.000000000000000000, 0.0000000000000000000, -0.0000000000000000000 ) ) ;
#10278 = ADVANCED_FACE ( 'NONE', ( #4642 ), #6682, .T. ) ;
#10279 = CYLINDRICAL_SURFACE ( 'NONE', #572, 3.500000000000003100 ) ;
#10280 = AXIS2_PLACEMENT_3D ( 'NONE', #2750, #7965, #3619 ) ;
#10281 = LINE ( 'NONE', #10771, #5908 ) ;
#10282 = VECTOR ( 'NONE', #5683, 1000.000000000000000 ) ;
#10283 = CARTESIAN_POINT ( 'NONE',  ( -0.7681834123099718900, 0.9995835406563959900, -7.500000000000000000 ) ) ;
#10284 = VECTOR ( 'NONE', #1597, 1000.000000000000000 ) ;
#10285 = VERTEX_POINT ( 'NONE', #8028 ) ;
#10286 = ORIENTED_EDGE ( 'NONE', *, *, #4462, .F. ) ;
#10287 = DIRECTION ( 'NONE',  ( -0.0000000000000000000, 1.000000000000000000, 0.0000000000000000000 ) ) ;
#10288 = CARTESIAN_POINT ( 'NONE',  ( 1.649999999999999900, 0.2159844817122110200, 1.500000000000000000 ) ) ;
#10289 = CARTESIAN_POINT ( 'NONE',  ( 0.8000000000000000400, 8.800000000000000700, 248.0000000000000000 ) ) ;
#10290 = ORIENTED_EDGE ( 'NONE', *, *, #5490, .F. ) ;
#10291 = CARTESIAN_POINT ( 'NONE',  ( 6.250000000000000900, -16.82499999999999900, 71.99899999999999500 ) ) ;
#10292 = CARTESIAN_POINT ( 'NONE',  ( 3.750000000000000000, 0.0000000000000000000, 72.00000000000001400 ) ) ;
#10293 = EDGE_CURVE ( 'NONE', #10157, #8326, #9021, .T. ) ;
#10294 = EDGE_CURVE ( 'NONE', #2860, #680, #2620, .T. ) ;
#10295 = ORIENTED_EDGE ( 'NONE', *, *, #5043, .T. ) ;
#10296 = ORIENTED_EDGE ( 'NONE', *, *, #7475, .T. ) ;
#10297 = APPROVAL ( #6193, 'UNSPECIFIED' ) ;
#10298 = AXIS2_PLACEMENT_3D ( 'NONE', #4471, #10577, #5348 ) ;
#10299 = ORIENTED_EDGE ( 'NONE', *, *, #4992, .F. ) ;
#10300 = CARTESIAN_POINT ( 'NONE',  ( -0.6295237093388839100, 1.092232992121907800, -7.500000000000000000 ) ) ;
#10301 = AXIS2_PLACEMENT_3D ( 'NONE', #9603, #3499, #2624 ) ;
#10302 = PERSON_AND_ORGANIZATION ( #9810, #4463 ) ;
#10303 = CARTESIAN_POINT ( 'NONE',  ( 0.3271848554491004800, -1.217465845835394600, -7.500000000000000000 ) ) ;
#10304 = CARTESIAN_POINT ( 'NONE',  ( 6.250000000000000000, -1.025000000000000100, 71.99899999999999500 ) ) ;
#10305 = EDGE_CURVE ( 'NONE', #6250, #155, #8925, .T. ) ;
#10306 = LINE ( 'NONE', #441, #5659 ) ;
#10307 = ORIENTED_EDGE ( 'NONE', *, *, #6200, .T. ) ;
#10308 = EDGE_CURVE ( 'NONE', #7266, #5533, #11042, .T. ) ;
#10309 = DATE_AND_TIME ( #1334, #3635 ) ;
#10310 = ORIENTED_EDGE ( 'NONE', *, *, #8331, .F. ) ;
#10311 = FACE_OUTER_BOUND ( 'NONE', #8954, .T. ) ;
#10312 = DIRECTION ( 'NONE',  ( -0.0000000000000000000, -0.0000000000000000000, 1.000000000000000000 ) ) ;
#10313 = CARTESIAN_POINT ( 'NONE',  ( 2.449999999999999700, 0.8249999999999999600, 248.0000000000000000 ) ) ;
#10314 = ORIENTED_EDGE ( 'NONE', *, *, #6158, .F. ) ;
#10315 = CC_DESIGN_APPROVAL ( #9753, ( #8562 ) ) ;
#10316 = CIRCLE ( 'NONE', #2996, 0.4000000000000000200 ) ;
#10317 = SECURITY_CLASSIFICATION_LEVEL ( 'unclassified' ) ;
#10318 = ORIENTED_EDGE ( 'NONE', *, *, #2793, .F. ) ;
#10319 = DIRECTION ( 'NONE',  ( 1.000000000000000000, 0.0000000000000000000, 0.0000000000000000000 ) ) ;
#10320 = CARTESIAN_POINT ( 'NONE',  ( 3.415236843329340500E-018, 67.25000000000000000, 4.500000000000000900 ) ) ;
#10321 = CARTESIAN_POINT ( 'NONE',  ( -86.42000000000000200, -65.54999999999999700, 1.500000000000000000 ) ) ;
#10322 = DIRECTION ( 'NONE',  ( 1.000000000000000000, 0.0000000000000000000, 0.0000000000000000000 ) ) ;
#10323 = CARTESIAN_POINT ( 'NONE',  ( 3.189320328686090700, 1.838209251331119000, 1.499999999999996900 ) ) ;
#10324 = EDGE_CURVE ( 'NONE', #110, #4347, #4369, .T. ) ;
#10325 = CALENDAR_DATE ( 2023, 9, 11 ) ;
#10326 = CARTESIAN_POINT ( 'NONE',  ( 1.217465839156305800, -0.3271848715738434600, -7.500000000000000000 ) ) ;
#10327 = CARTESIAN_POINT ( 'NONE',  ( 73.50000000000000000, 1.500000000000000000, 17.00000000000000000 ) ) ;
#10328 = FACE_OUTER_BOUND ( 'NONE', #526, .T. ) ;
#10329 = CARTESIAN_POINT ( 'NONE',  ( 0.4318840214085230000, 1.607054911442825000, 1.500000000000000000 ) ) ;
#10330 = CARTESIAN_POINT ( 'NONE',  ( 0.5044790121101034900, -2.493718516972145000, 3.210525446046295100 ) ) ;
#10331 = DIRECTION ( 'NONE',  ( 0.0000000000000000000, 0.0000000000000000000, -1.000000000000000000 ) ) ;
#10332 = EDGE_CURVE ( 'NONE', #4756, #4347, #10931, .T. ) ;
#10333 = LOCAL_TIME ( 11, 17, 25.00000000000000000, #1360 ) ;
#10334 = DIRECTION ( 'NONE',  ( -0.0000000000000000000, -0.0000000000000000000, -1.000000000000000000 ) ) ;
#10335 = AXIS2_PLACEMENT_3D ( 'NONE', #11269, #6031, #837 ) ;
#10336 = CARTESIAN_POINT ( 'NONE',  ( 1.092232992121910100, -0.6295237093388780200, -7.500000000000000000 ) ) ;
#10337 = ADVANCED_FACE ( 'NONE', ( #4078 ), #4581, .T. ) ;
#10338 = CARTESIAN_POINT ( 'NONE',  ( 5.850000000000001400, 1.025000000000000400, 72.00000000000001400 ) ) ;
#10339 = DIRECTION ( 'NONE',  ( 1.000000000000000000, 0.0000000000000000000, 0.0000000000000000000 ) ) ;
#10340 = CARTESIAN_POINT ( 'NONE',  ( -2.721447687268545100, -17.94999999999999900, 248.0000000000000000 ) ) ;
#10341 = ORIENTED_EDGE ( 'NONE', *, *, #6745, .F. ) ;
#10342 = DIRECTION ( 'NONE',  ( 0.0000000000000000000, 0.0000000000000000000, 1.000000000000000000 ) ) ;
#10343 = CARTESIAN_POINT ( 'NONE',  ( 3.950000000000000200, 10.12500000000000000, 71.99899999999999500 ) ) ;
#10344 = ORIENTED_EDGE ( 'NONE', *, *, #57, .F. ) ;
#10346 = EDGE_LOOP ( 'NONE', ( #9420, #10832, #2048, #6970 ) ) ;
#10345 =( REPRESENTATION_RELATIONSHIP ('NONE','NONE', #9710, #5900 ) REPRESENTATION_RELATIONSHIP_WITH_TRANSFORMATION ( #3169 )SHAPE_REPRESENTATION_RELATIONSHIP( ) );
#10347 = CARTESIAN_POINT ( 'NONE',  ( -2.500000000000000000, 10.62500000000000000, 72.00000000000001400 ) ) ;
#10348 = ORIENTED_EDGE ( 'NONE', *, *, #8398, .F. ) ;
#10349 = DIRECTION ( 'NONE',  ( 0.3907018333864206700, 1.665334536937735600E-016, -0.9205172879356964300 ) ) ;
#10350 = LINE ( 'NONE', #5770, #8043 ) ;
#10351 = CARTESIAN_POINT ( 'NONE',  ( -0.1963109229443064900, -0.7304795034937836600, -8.000000000000000000 ) ) ;
#10352 = ORIENTED_EDGE ( 'NONE', *, *, #6943, .F. ) ;
#10353 = CARTESIAN_POINT ( 'NONE',  ( 86.50000000000001400, 3.500000000000000000, 0.0000000000000000000 ) ) ;
#10354 = CARTESIAN_POINT ( 'NONE',  ( -3.649999999999999500, 0.4777838534843585300, 1.499999999999996900 ) ) ;
#10355 = DIRECTION ( 'NONE',  ( -0.0000000000000000000, -0.0000000000000000000, 1.000000000000000000 ) ) ;
#10356 = CARTESIAN_POINT ( 'NONE',  ( 6.250000000000000900, 2.225000000000000100, 248.0000000000000000 ) ) ;
#10357 = CARTESIAN_POINT ( 'NONE',  ( -1.217465839156310000, -0.3271848715738360800, -7.500000000000000000 ) ) ;
#10358 = PRODUCT_DEFINITION_SHAPE ( 'NONE', 'NONE',  #11299 ) ;
#10359 = DIRECTION ( 'NONE',  ( 1.000000000000000000, 6.071532165918830700E-016, 0.0000000000000000000 ) ) ;
#10360 = ORIENTED_EDGE ( 'NONE', *, *, #2545, .F. ) ;
#10361 = LINE ( 'NONE', #9384, #8057 ) ;
#10362 = EDGE_LOOP ( 'NONE', ( #4760, #3998, #7323, #9017 ) ) ;
#10363 = AXIS2_PLACEMENT_3D ( 'NONE', #3797, #9916, #4677 ) ;
#10364 = CARTESIAN_POINT ( 'NONE',  ( -1.319450280607509900, -1.014002097308097900, 1.500000000000000000 ) ) ;
#10365 = AXIS2_PLACEMENT_3D ( 'NONE', #10756, #5534, #331 ) ;
#10366 = ORIENTED_EDGE ( 'NONE', *, *, #7761, .T. ) ;
#10367 = ORIENTED_EDGE ( 'NONE', *, *, #1993, .F. ) ;
#10368 = AXIS2_PLACEMENT_3D ( 'NONE', #7625, #2421, #8501 ) ;
#10369 = VERTEX_POINT ( 'NONE', #4652 ) ;
#10370 = CARTESIAN_POINT ( 'NONE',  ( -90.00000000000000000, 7.125000000000000000, 17.00000000000000000 ) ) ;
#10371 = VECTOR ( 'NONE', #7892, 1000.000000000000000 ) ;
#10372 = DIRECTION ( 'NONE',  ( 1.000000000000000000, 0.0000000000000000000, 0.0000000000000000000 ) ) ;
#10373 = PERSON ( 'NAUO-PER21', 'UNSPECIFIED', 'UNSPECIFIED', ('UNSPECIFIED'), ('UNSPECIFIED'), ('UNSPECIFIED') ) ;
#10374 = DIRECTION ( 'NONE',  ( 1.000000000000000000, 0.0000000000000000000, 0.0000000000000000000 ) ) ;
#10375 = DIRECTION ( 'NONE',  ( 1.000000000000000000, 4.783244878612519700E-017, 0.0000000000000000000 ) ) ;
#10376 = EDGE_CURVE ( 'NONE', #7961, #6039, #1812, .T. ) ;
#10377 = EDGE_CURVE ( 'NONE', #2739, #607, #8739, .T. ) ;
#10378 = CARTESIAN_POINT ( 'NONE',  ( -1.250000000000000000, -0.1636245999211584900, -7.500000000000000000 ) ) ;
#10379 = FACE_OUTER_BOUND ( 'NONE', #10435, .T. ) ;
#10380 = DIRECTION ( 'NONE',  ( 1.000000000000000000, 0.0000000000000000000, 0.0000000000000000000 ) ) ;
#10381 = DIRECTION ( 'NONE',  ( 0.0000000000000000000, 0.0000000000000000000, -1.000000000000000000 ) ) ;
#10382 = LINE ( 'NONE', #1623, #10104 ) ;
#10383 = APPROVAL_DATE_TIME ( #1399, #3597 ) ;
#10384 = DIRECTION ( 'NONE',  ( -0.0000000000000000000, 0.0000000000000000000, -1.000000000000000000 ) ) ;
#10385 = APPROVAL ( #7345, 'UNSPECIFIED' ) ;
#10386 = VERTEX_POINT ( 'NONE', #10637 ) ;
#10387 = CIRCLE ( 'NONE', #731, 0.4000000000000001900 ) ;
#10388 = DIRECTION ( 'NONE',  ( 0.0000000000000000000, 0.0000000000000000000, 1.000000000000000000 ) ) ;
#10389 = PLANE ( 'NONE',  #438 ) ;
#10390 = CIRCLE ( 'NONE', #5404, 0.4000000000000001900 ) ;
#10391 = LOCAL_TIME ( 11, 17, 25.00000000000000000, #1407 ) ;
#10392 = DIRECTION ( 'NONE',  ( 0.9205172879356965400, -6.120374704698027300E-017, 0.3907018333864203400 ) ) ;
#10393 = CARTESIAN_POINT ( 'NONE',  ( -0.5999999999999999800, 10.42500000000000100, 248.0000000000000000 ) ) ;
#10394 = CARTESIAN_POINT ( 'NONE',  ( 2.918783954071106500, -2.243095548590687400, 1.499999999999996900 ) ) ;
#10395 = DIRECTION ( 'NONE',  ( -0.0000000000000000000, -1.000000000000000000, 0.0000000000000000000 ) ) ;
#10396 = VERTEX_POINT ( 'NONE', #6411 ) ;
#10397 = FACE_OUTER_BOUND ( 'NONE', #285, .T. ) ;
#10398 = DIRECTION ( 'NONE',  ( -0.0000000000000000000, -0.0000000000000000000, 1.000000000000000000 ) ) ;
#10399 = FACE_OUTER_BOUND ( 'NONE', #10582, .T. ) ;
#10400 = VECTOR ( 'NONE', #3877, 1000.000000000000000 ) ;
#10401 = CALENDAR_DATE ( 2023, 9, 11 ) ;
#10402 = EDGE_CURVE ( 'NONE', #4921, #5160, #8203, .T. ) ;
#10403 = CARTESIAN_POINT ( 'NONE',  ( -83.39999999999548700, -20.25000000000000000, -0.0009999999999999161000 ) ) ;
#10404 = CARTESIAN_POINT ( 'NONE',  ( 1.649999999999999900, 0.0000000000000000000, 1.500000000000000000 ) ) ;
#10405 = ORIENTED_EDGE ( 'NONE', *, *, #3253, .F. ) ;
#10406 = CARTESIAN_POINT ( 'NONE',  ( -0.4999999999999487100, -3.645797574289103300, -2.735483122786361000 ) ) ;
#10407 = AXIS2_PLACEMENT_3D ( 'NONE', #10455, #5267, #7903 ) ;
#10408 = LINE ( 'NONE', #2672, #9864 ) ;
#10409 = CIRCLE ( 'NONE', #8989, 1.899999999999999000 ) ;
#10410 = EDGE_LOOP ( 'NONE', ( #2427, #8730, #8010, #4592 ) ) ;
#10411 = CARTESIAN_POINT ( 'NONE',  ( 3.950000000000000200, 15.62500000000000000, 71.99899999999999500 ) ) ;
#10412 = LINE ( 'NONE', #4866, #1151 ) ;
#10413 = DIRECTION ( 'NONE',  ( 0.0000000000000000000, 0.0000000000000000000, 1.000000000000000000 ) ) ;
#10414 = DIRECTION ( 'NONE',  ( 0.0000000000000000000, -0.0000000000000000000, -1.000000000000000000 ) ) ;
#10415 = CARTESIAN_POINT ( 'NONE',  ( 0.0000000000000000000, 0.0000000000000000000, 1.500000000000000000 ) ) ;
#10416 = ORIENTED_EDGE ( 'NONE', *, *, #2528, .F. ) ;
#10417 = CIRCLE ( 'NONE', #8105, 0.4000000000000001900 ) ;
#10418 = ORIENTED_EDGE ( 'NONE', *, *, #6907, .T. ) ;
#10419 = VECTOR ( 'NONE', #1780, 1000.000000000000000 ) ;
#10420 = CARTESIAN_POINT ( 'NONE',  ( -0.5999999999999999800, 3.824999999999999700, 248.0000000000000000 ) ) ;
#10421 = CYLINDRICAL_SURFACE ( 'NONE', #1037, 0.4000000000000001900 ) ;
#10422 = ORIENTED_EDGE ( 'NONE', *, *, #6326, .T. ) ;
#10423 = ORIENTED_EDGE ( 'NONE', *, *, #2147, .F. ) ;
#10424 = ORIENTED_EDGE ( 'NONE', *, *, #5111, .T. ) ;
#10425 = DIRECTION ( 'NONE',  ( 1.387778780781445900E-016, -1.000000000000000000, 0.0000000000000000000 ) ) ;
#10426 = AXIS2_PLACEMENT_3D ( 'NONE', #6523, #1338, #7416 ) ;
#10427 = ORIENTED_EDGE ( 'NONE', *, *, #1001, .T. ) ;
#10428 = FACE_OUTER_BOUND ( 'NONE', #2409, .T. ) ;
#10429 = CARTESIAN_POINT ( 'NONE',  ( -88.50000000000000000, 25.37500000000000000, 168.0000000000000000 ) ) ;
#10430 = PERSON_AND_ORGANIZATION_ROLE ( 'classification_officer' ) ;
#10431 = CIRCLE ( 'NONE', #2639, 0.2000000000000000900 ) ;
#10432 = VERTEX_POINT ( 'NONE', #9933 ) ;
#10433 = CARTESIAN_POINT ( 'NONE',  ( 85.64999999999548700, -20.25000000000000000, 1.500000000000000000 ) ) ;
#10434 = CARTESIAN_POINT ( 'NONE',  ( -83.79999999999840600, 25.37499999999935000, 168.0000000000000000 ) ) ;
#10435 = EDGE_LOOP ( 'NONE', ( #9848, #8268, #3206, #6995 ) ) ;
#10436 = CARTESIAN_POINT ( 'NONE',  ( -0.4999999999999960000, -3.026577627125650600, 3.007484986178142500 ) ) ;
#10437 = CARTESIAN_POINT ( 'NONE',  ( 0.4777838534843590300, 3.649999999999999900, 0.5000000000000000000 ) ) ;
#10438 = CARTESIAN_POINT ( 'NONE',  ( -86.50000000000001400, 32.50000000000000000, 367.9104972384030200 ) ) ;
#10439 = ORIENTED_EDGE ( 'NONE', *, *, #2889, .T. ) ;
#10440 = AXIS2_PLACEMENT_3D ( 'NONE', #2482, #8569, #3351 ) ;
#10441 = CARTESIAN_POINT ( 'NONE',  ( -3.399999999999999900, -10.42500000000000100, -0.001000000000000999900 ) ) ;
#10442 = PERSON ( 'NAUO-PER4', 'UNSPECIFIED', 'UNSPECIFIED', ('UNSPECIFIED'), ('UNSPECIFIED'), ('UNSPECIFIED') ) ;
#10443 = LINE ( 'NONE', #1007, #8135 ) ;
#10444 = ORIENTED_EDGE ( 'NONE', *, *, #10668, .F. ) ;
#10445 = CARTESIAN_POINT ( 'NONE',  ( -3.600000000000000100, 10.42500000000000100, 248.0000000000000000 ) ) ;
#10446 = CARTESIAN_POINT ( 'NONE',  ( -2.000000000000000000, 14.50000000000000000, 65.07035354437189800 ) ) ;
#10447 = CARTESIAN_POINT ( 'NONE',  ( -2.243095548590623900, 2.918783954071121100, 1.499999999999996900 ) ) ;
#10448 = CALENDAR_DATE ( 2023, 9, 11 ) ;
#10449 = DIRECTION ( 'NONE',  ( -7.610399765575671300E-015, -1.000000000000000000, 0.0000000000000000000 ) ) ;
#10450 = DIRECTION ( 'NONE',  ( 0.0000000000000000000, 0.0000000000000000000, 1.000000000000000000 ) ) ;
#10451 = CARTESIAN_POINT ( 'NONE',  ( 2.449999999999999700, -1.025000000000001200, 248.0000000000000000 ) ) ;
#10452 = CIRCLE ( 'NONE', #10579, 2.150000000000012800 ) ;
#10453 = ORIENTED_EDGE ( 'NONE', *, *, #5321, .F. ) ;
#10454 = APPROVAL ( #8919, 'UNSPECIFIED' ) ;
#10455 = CARTESIAN_POINT ( 'NONE',  ( -4.899999999999999500, -4.575000000000000200, 248.0000000000000000 ) ) ;
#10456 = AXIS2_PLACEMENT_3D ( 'NONE', #60, #7894, #8768 ) ;
#10457 = APPROVAL_PERSON_ORGANIZATION ( #1466, #4743, #6390 ) ;
#10458 =( BOUNDED_SURFACE ( )  B_SPLINE_SURFACE ( 3, 3, ( 
 ( #548, #4868, #7492, #2301 ),
 ( #8374, #3163, #9254, #4020 ),
 ( #10124, #4897, #11001, #5772 ),
 ( #582, #6655, #1456, #7525 ) ),
 .UNSPECIFIED., .F., .F., .F. ) 
 B_SPLINE_SURFACE_WITH_KNOTS ( ( 4, 4 ),
 ( 4, 4 ),
 ( 0.0000000000000000000, 1.000000000000000000 ),
 ( 0.0000000000000000000, 1.000000000000000000 ),
 .UNSPECIFIED. ) 
 GEOMETRIC_REPRESENTATION_ITEM ( )  RATIONAL_B_SPLINE_SURFACE ( (
 ( 1.000000000000000000, 0.8721990647097258600, 0.8721990647097258600, 1.000000000000000000),
 ( 1.000000000000000000, 0.8721990647097258600, 0.8721990647097258600, 1.000000000000000000),
 ( 1.000000000000000000, 0.8721990647097258600, 0.8721990647097258600, 1.000000000000000000),
 ( 1.000000000000000000, 0.8721990647097258600, 0.8721990647097258600, 1.000000000000000000) ) ) 
 REPRESENTATION_ITEM ( '' )  SURFACE ( )  );
#10459 = CC_DESIGN_PERSON_AND_ORGANIZATION_ASSIGNMENT ( #10114, #9493, ( #7517 ) ) ;
#10460 = DIRECTION ( 'NONE',  ( 0.0000000000000000000, 0.0000000000000000000, 1.000000000000000000 ) ) ;
#10461 = DIRECTION ( 'NONE',  ( -0.0000000000000000000, -0.0000000000000000000, -1.000000000000000000 ) ) ;
#10462 = ORIENTED_EDGE ( 'NONE', *, *, #10551, .F. ) ;
#10463 = VECTOR ( 'NONE', #8446, 1000.000000000000000 ) ;
#10464 = VERTEX_POINT ( 'NONE', #2963 ) ;
#10465 = PERSON_AND_ORGANIZATION ( #9810, #4463 ) ;
#10466 = DIRECTION ( 'NONE',  ( -1.000000000000000000, 0.0000000000000000000, 0.0000000000000000000 ) ) ;
#10467 = DATE_TIME_ROLE ( 'classification_date' ) ;
#10468 = DIRECTION ( 'NONE',  ( -6.454785026890447800E-015, -1.000000000000000000, 0.0000000000000000000 ) ) ;
#10469 = DIRECTION ( 'NONE',  ( -1.000000000000000000, 0.0000000000000000000, 1.047444401652940200E-014 ) ) ;
#10470 = CARTESIAN_POINT ( 'NONE',  ( 5.850000000000001400, 13.57500000000000300, 72.00000000000001400 ) ) ;
#10471 = CARTESIAN_POINT ( 'NONE',  ( -2.243095548590625200, -2.918783954071174900, 0.5000000000000000000 ) ) ;
#10472 = EDGE_CURVE ( 'NONE', #9349, #4495, #10777, .T. ) ;
#10473 = EDGE_CURVE ( 'NONE', #7893, #7287, #3815, .T. ) ;
#10474 = DIRECTION ( 'NONE',  ( 0.0000000000000000000, 0.0000000000000000000, -1.000000000000000000 ) ) ;
#10475 = ORIENTED_EDGE ( 'NONE', *, *, #985, .T. ) ;
#10476 = PRODUCT_DEFINITION_SHAPE ( 'NONE', 'NONE',  #9732 ) ;
#10477 = CARTESIAN_POINT ( 'NONE',  ( 5.850000000000001400, -1.425000000000000000, 248.0000000000000000 ) ) ;
#10478 = PLANE ( 'NONE',  #5373 ) ;
#10479 = CARTESIAN_POINT ( 'NONE',  ( 1.838209278353785100, -3.189320317493040700, 0.5000000000000000000 ) ) ;
#10480 = ORIENTED_EDGE ( 'NONE', *, *, #4598, .T. ) ;
#10481 = CARTESIAN_POINT ( 'NONE',  ( 5.850000000000001400, 8.724999999999999600, 248.0000000000000000 ) ) ;
#10482 = EDGE_CURVE ( 'NONE', #4153, #2605, #1516, .T. ) ;
#10483 = DIRECTION ( 'NONE',  ( -1.000000000000000000, 7.610399765575671300E-015, 0.0000000000000000000 ) ) ;
#10484 = ORIENTED_EDGE ( 'NONE', *, *, #9548, .T. ) ;
#10485 = ORIENTED_EDGE ( 'NONE', *, *, #2727, .T. ) ;
#10486 = AXIS2_PLACEMENT_3D ( 'NONE', #429, #6506, #1320 ) ;
#10487 = ORIENTED_EDGE ( 'NONE', *, *, #3243, .F. ) ;
#10488 = EDGE_CURVE ( 'NONE', #6801, #2050, #3554, .T. ) ;
#10489 = AXIS2_PLACEMENT_3D ( 'NONE', #6933, #1741, #7808 ) ;
#10490 = CARTESIAN_POINT ( 'NONE',  ( 88.50000000000000000, 7.125000000000000000, 168.0000000000000000 ) ) ;
#10491 = ORIENTED_EDGE ( 'NONE', *, *, #7072, .T. ) ;
#10492 = LINE ( 'NONE', #4523, #1801 ) ;
#10493 = ORIENTED_EDGE ( 'NONE', *, *, #1408, .F. ) ;
#10494 = VERTEX_POINT ( 'NONE', #6489 ) ;
#10495 = EDGE_LOOP ( 'NONE', ( #5593, #1596, #5313, #4290 ) ) ;
#10496 = CARTESIAN_POINT ( 'NONE',  ( -3.189320317493040700, 1.838209278353783100, 0.4999999999999998900 ) ) ;
#10497 = CARTESIAN_POINT ( 'NONE',  ( 0.0000000000000000000, 0.0000000000000000000, 0.0000000000000000000 ) ) ;
#10498 = APPROVAL_ROLE ( '' ) ;
#10499 = CARTESIAN_POINT ( 'NONE',  ( -81.14999999999570000, -49.25000000000000000, 1.500000000000000000 ) ) ;
#10500 = DIRECTION ( 'NONE',  ( 0.0000000000000000000, 0.0000000000000000000, 1.000000000000000000 ) ) ;
#10501 = CARTESIAN_POINT ( 'NONE',  ( 2.897408614015467300, -3.346637281128672200, -0.4999999999999497100 ) ) ;
#10502 = DIRECTION ( 'NONE',  ( 1.000000000000000000, 0.0000000000000000000, 0.0000000000000000000 ) ) ;
#10503 = VECTOR ( 'NONE', #5565, 1000.000000000000000 ) ;
#10504 = ORIENTED_EDGE ( 'NONE', *, *, #6520, .T. ) ;
#10505 = ORIENTED_EDGE ( 'NONE', *, *, #9946, .T. ) ;
#10506 = CYLINDRICAL_SURFACE ( 'NONE', #8179, 0.2000000000000000900 ) ;
#10507 = PERSON ( 'NAUO-PER17', 'UNSPECIFIED', 'UNSPECIFIED', ('UNSPECIFIED'), ('UNSPECIFIED'), ('UNSPECIFIED') ) ;
#10508 = CARTESIAN_POINT ( 'NONE',  ( 3.555000258646150000, -0.9553798049339777800, 1.499999999999951800 ) ) ;
#10509 = EDGE_CURVE ( 'NONE', #9795, #10859, #10223, .T. ) ;
#10510 = EDGE_CURVE ( 'NONE', #9020, #2074, #1258, .T. ) ;
#10511 = CARTESIAN_POINT ( 'NONE',  ( 1.200000000000000200, 5.450000000000000200, 248.0000000000000000 ) ) ;
#10512 = AXIS2_PLACEMENT_3D ( 'NONE', #6090, #884, #6964 ) ;
#10513 = AXIS2_PLACEMENT_3D ( 'NONE', #8335, #4864, #10962 ) ;
#10514 = DIRECTION ( 'NONE',  ( 1.000000000000000000, 0.0000000000000000000, 0.0000000000000000000 ) ) ;
#10515 = DIRECTION ( 'NONE',  ( 1.000000000000000000, 0.0000000000000000000, -0.0000000000000000000 ) ) ;
#10516 = CARTESIAN_POINT ( 'NONE',  ( -3.799999999999999800, -4.975000000000000500, -0.001000000000000999900 ) ) ;
#10517 = LINE ( 'NONE', #10727, #986 ) ;
#10518 = CARTESIAN_POINT ( 'NONE',  ( -2.721447687268544200, -17.94999999999999900, 248.0000000000000000 ) ) ;
#10519 = EDGE_CURVE ( 'NONE', #7213, #5235, #5584, .T. ) ;
#10520 = VECTOR ( 'NONE', #1215, 1000.000000000000000 ) ;
#10521 = ADVANCED_FACE ( 'NONE', ( #709 ), #7365, .F. ) ;
#10522 = CONTEXT_DEPENDENT_SHAPE_REPRESENTATION ( #7768, #8351 ) ;
#10523 = EDGE_CURVE ( 'NONE', #1470, #6801, #9704, .T. ) ;
#10524 = ORIENTED_EDGE ( 'NONE', *, *, #7862, .F. ) ;
#10525 = CARTESIAN_POINT ( 'NONE',  ( -0.5000000000000000000, 0.0000000000000000000, 4.000000000000000000 ) ) ;
#10526 = CIRCLE ( 'NONE', #2030, 0.4000000000000001900 ) ;
#10527 = VECTOR ( 'NONE', #7621, 1000.000000000000000 ) ;
#10528 = LINE ( 'NONE', #8525, #1832 ) ;
#10529 = APPROVAL ( #2260, 'UNKNOWN' ) ;
#10530 = ORGANIZATION ( 'NAUO-ORG11', 'UNSPECIFIED', 'UNSPECIFIED' ) ;
#10531 = EDGE_CURVE ( 'NONE', #3995, #9830, #3012, .T. ) ;
#10532 = VERTEX_POINT ( 'NONE', #7408 ) ;
#10533 = CYLINDRICAL_SURFACE ( 'NONE', #5356, 2.250000000000001800 ) ;
#10534 = ORIENTED_EDGE ( 'NONE', *, *, #9607, .F. ) ;
#10535 = CARTESIAN_POINT ( 'NONE',  ( 3.650000000000000400, 0.4777838827334465200, 0.5000000000000001100 ) ) ;
#10536 = DIRECTION ( 'NONE',  ( 0.0000000000000000000, 0.0000000000000000000, 1.000000000000000000 ) ) ;
#10537 = CIRCLE ( 'NONE', #129, 0.4000000000000001900 ) ;
#10538 = VERTEX_POINT ( 'NONE', #3921 ) ;
#10539 = PERSON_AND_ORGANIZATION_ROLE ( 'design_owner' ) ;
#10540 = DIRECTION ( 'NONE',  ( 0.0000000000000000000, -0.9978515513277540500, -0.06551550589589318100 ) ) ;
#10541 = DIRECTION ( 'NONE',  ( -1.000000000000000000, -0.0000000000000000000, 0.0000000000000000000 ) ) ;
#10542 = CALENDAR_DATE ( 2023, 9, 11 ) ;
#10543 = CARTESIAN_POINT ( 'NONE',  ( 88.31999999999999300, -34.75000000000000000, 0.0000000000000000000 ) ) ;
#10544 = DIRECTION ( 'NONE',  ( 1.000000000000000000, 0.0000000000000000000, -0.0000000000000000000 ) ) ;
#10545 = ORIENTED_EDGE ( 'NONE', *, *, #2261, .F. ) ;
#10546 = CIRCLE ( 'NONE', #1252, 2.149999999999999000 ) ;
#10547 = LINE ( 'NONE', #1502, #7963 ) ;
#10548 = ORIENTED_EDGE ( 'NONE', *, *, #975, .T. ) ;
#10549 = ORIENTED_EDGE ( 'NONE', *, *, #9741, .T. ) ;
#10550 = VECTOR ( 'NONE', #10628, 1000.000000000000000 ) ;
#10551 = EDGE_CURVE ( 'NONE', #4948, #1073, #2745, .T. ) ;
#10552 = DIRECTION ( 'NONE',  ( -1.000000000000000000, 0.0000000000000000000, 0.0000000000000000000 ) ) ;
#10553 = DATE_AND_TIME ( #1581, #7442 ) ;
#10554 = CARTESIAN_POINT ( 'NONE',  ( 2.250000000000000400, -19.07500000000000300, 72.00000000000001400 ) ) ;
#10555 = CIRCLE ( 'NONE', #7792, 2.149999999999999000 ) ;
#10556 = VECTOR ( 'NONE', #4558, 1000.000000000000000 ) ;
#10557 = DIRECTION ( 'NONE',  ( 0.0000000000000000000, 0.0000000000000000000, -1.000000000000000000 ) ) ;
#10558 = LINE ( 'NONE', #9176, #1309 ) ;
#10559 = LINE ( 'NONE', #5899, #1587 ) ;
#10560 = EDGE_LOOP ( 'NONE', ( #7811, #5416, #6663, #9624 ) ) ;
#10561 = ORIENTED_EDGE ( 'NONE', *, *, #6024, .T. ) ;
#10562 = DIRECTION ( 'NONE',  ( 0.0000000000000000000, 0.0000000000000000000, 1.000000000000000000 ) ) ;
#10563 = CARTESIAN_POINT ( 'NONE',  ( -88.50000000000000000, 7.125000000000000000, 168.0000000000000000 ) ) ;
#10564 = ORIENTED_EDGE ( 'NONE', *, *, #3930, .F. ) ;
#10565 = CARTESIAN_POINT ( 'NONE',  ( 0.5000000000000002200, -4.000000000000000000, 1.145643923738960400 ) ) ;
#10566 = EDGE_LOOP ( 'NONE', ( #10053, #9620, #8961, #7907 ) ) ;
#10567 = CARTESIAN_POINT ( 'NONE',  ( -0.4999999999999997800, -1.599999999999999900, 2.449489742783179200 ) ) ;
#10568 = VERTEX_POINT ( 'NONE', #1331 ) ;
#10569 = ORIENTED_EDGE ( 'NONE', *, *, #10831, .F. ) ;
#10570 = PERSON_AND_ORGANIZATION ( #9810, #4463 ) ;
#10571 = DIRECTION ( 'NONE',  ( 1.000000000000000000, 7.610399765575671300E-015, 0.0000000000000000000 ) ) ;
#10572 = CARTESIAN_POINT ( 'NONE',  ( -3.600000000000000100, -4.774999999999999500, 72.00000000000001400 ) ) ;
#10573 = ADVANCED_FACE ( 'NONE', ( #977 ), #5676, .F. ) ;
#10574 = LINE ( 'NONE', #2121, #10840 ) ;
#10575 = CLOSED_SHELL ( 'NONE', ( #4962, #9265, #2873, #6282, #488, #1400, #8451, #413, #3819, #989, #1182 ) ) ;
#10576 = DATE_TIME_ROLE ( 'classification_date' ) ;
#10577 = DIRECTION ( 'NONE',  ( 0.0000000000000000000, 1.000000000000000000, 0.0000000000000000000 ) ) ;
#10578 = CARTESIAN_POINT ( 'NONE',  ( -3.210525446046295100, -2.493718516972144500, -0.5044790121101014900 ) ) ;
#10579 = AXIS2_PLACEMENT_3D ( 'NONE', #10490, #5269, #73 ) ;
#10580 = AXIS2_PLACEMENT_3D ( 'NONE', #7172, #2841, #9594 ) ;
#10581 = APPROVAL_DATE_TIME ( #1609, #3382 ) ;
#10582 = EDGE_LOOP ( 'NONE', ( #4358, #1938, #9239, #10902 ) ) ;
#10583 = LINE ( 'NONE', #2245, #1062 ) ;
#10584 = DIRECTION ( 'NONE',  ( 1.000000000000000000, 0.0000000000000000000, 0.0000000000000000000 ) ) ;
#10585 = EDGE_CURVE ( 'NONE', #7036, #2415, #7090, .T. ) ;
#10586 = ORIENTED_EDGE ( 'NONE', *, *, #159, .T. ) ;
#10587 = CIRCLE ( 'NONE', #4145, 0.4000000000000001900 ) ;
#10588 = ORIENTED_EDGE ( 'NONE', *, *, #4765, .F. ) ;
#10589 = EDGE_CURVE ( 'NONE', #5983, #7256, #427, .T. ) ;
#10590 = CARTESIAN_POINT ( 'NONE',  ( 0.0000000000000000000, -6.275000000000000400, 248.0000000000000000 ) ) ;
#10591 = CARTESIAN_POINT ( 'NONE',  ( -2.243095548590623900, -2.918783954071170400, 1.499999999999996900 ) ) ;
#10592 = CARTESIAN_POINT ( 'NONE',  ( -0.4000000000000000200, -9.599999999999999600, 248.0000000000000000 ) ) ;
#10593 = DIRECTION ( 'NONE',  ( -0.0000000000000000000, 0.0000000000000000000, -1.000000000000000000 ) ) ;
#10594 = DATE_AND_TIME ( #1625, #3906 ) ;
#10595 = CARTESIAN_POINT ( 'NONE',  ( 86.42000000000000200, -5.850000000000001400, 0.0000000000000000000 ) ) ;
#10596 = UNCERTAINTY_MEASURE_WITH_UNIT (LENGTH_MEASURE( 1.000000000000000100E-005 ), #1524, 'distance_accuracy_value', 'NONE');
#10597 = CC_DESIGN_PERSON_AND_ORGANIZATION_ASSIGNMENT ( #9361, #9913, ( #10020 ) ) ;
#10598 = CARTESIAN_POINT ( 'NONE',  ( -3.449999999999999700, 3.700000000000000200, 3.000000000000000000 ) ) ;
#10599 = LINE ( 'NONE', #3379, #3647 ) ;
#10600 = CARTESIAN_POINT ( 'NONE',  ( 3.750000000000000000, -8.325000000000001100, 71.99899999999999500 ) ) ;
#10601 = APPROVAL ( #7000, 'UNKNOWN' ) ;
#10602 = PLANE ( 'NONE',  #5102 ) ;
#10603 = CALENDAR_DATE ( 2023, 9, 11 ) ;
#10604 = DIRECTION ( 'NONE',  ( 1.000000000000000000, 0.0000000000000000000, 0.0000000000000000000 ) ) ;
#10605 = DIRECTION ( 'NONE',  ( -1.000000000000000000, 0.0000000000000000000, 0.0000000000000000000 ) ) ;
#10606 = CARTESIAN_POINT ( 'NONE',  ( 5.850000000000001400, 5.875000000000000000, 248.0000000000000000 ) ) ;
#10607 = APPROVAL_ROLE ( '' ) ;
#10608 = DIRECTION ( 'NONE',  ( 0.0000000000000000000, 0.0000000000000000000, 1.000000000000000000 ) ) ;
#10609 = EDGE_CURVE ( 'NONE', #3755, #4392, #9416, .T. ) ;
#10610 = ORIENTED_EDGE ( 'NONE', *, *, #7457, .F. ) ;
#10611 = EDGE_CURVE ( 'NONE', #10714, #1170, #4766, .T. ) ;
#10612 = CARTESIAN_POINT ( 'NONE',  ( -1.250000000000000200, -0.1636246173744682900, -7.500000000000000000 ) ) ;
#10613 = AXIS2_PLACEMENT_3D ( 'NONE', #1875, #7950, #2740 ) ;
#10614 = DIRECTION ( 'NONE',  ( 1.000000000000000000, 0.0000000000000000000, 0.0000000000000000000 ) ) ;
#10615 = ORIENTED_EDGE ( 'NONE', *, *, #5287, .F. ) ;
#10616 = DIRECTION ( 'NONE',  ( 0.0000000000000000000, 1.000000000000000000, -0.0000000000000000000 ) ) ;
#10617 = ORIENTED_EDGE ( 'NONE', *, *, #5758, .F. ) ;
#10618 = ORIENTED_EDGE ( 'NONE', *, *, #4912, .F. ) ;
#10619 = VERTEX_POINT ( 'NONE', #7474 ) ;
#10620 = CIRCLE ( 'NONE', #6063, 3.950000000000000200 ) ;
#10621 = ORIENTED_EDGE ( 'NONE', *, *, #456, .T. ) ;
#10622 = CARTESIAN_POINT ( 'NONE',  ( 3.649999999999999900, 0.0000000000000000000, 0.5000000000000000000 ) ) ;
#10623 = APPLICATION_PROTOCOL_DEFINITION ( 'international standard', 'config_control_design', 1994, #6155 ) ;
#10624 = ORIENTED_EDGE ( 'NONE', *, *, #8416, .T. ) ;
#10625 = DIRECTION ( 'NONE',  ( -0.0000000000000000000, -0.0000000000000000000, 1.000000000000000000 ) ) ;
#10626 = CARTESIAN_POINT ( 'NONE',  ( 0.7500000000000001100, 1.939568159792238600E-014, -8.000000000000000000 ) ) ;
#10627 = ADVANCED_FACE ( 'NONE', ( #6825 ), #8869, .F. ) ;
#10628 = DIRECTION ( 'NONE',  ( 1.000000000000000000, 0.0000000000000000000, -0.0000000000000000000 ) ) ;
#10629 = EDGE_CURVE ( 'NONE', #9830, #6801, #151, .T. ) ;
#10630 = VECTOR ( 'NONE', #11010, 1000.000000000000000 ) ;
#10631 = ORIENTED_EDGE ( 'NONE', *, *, #8264, .F. ) ;
#10632 = VERTEX_POINT ( 'NONE', #7502 ) ;
#10633 = ORIENTED_EDGE ( 'NONE', *, *, #7833, .F. ) ;
#10634 = ORIENTED_EDGE ( 'NONE', *, *, #2355, .F. ) ;
#10635 = LINE ( 'NONE', #5285, #10371 ) ;
#10636 = DIRECTION ( 'NONE',  ( 0.0000000000000000000, -0.0000000000000000000, -1.000000000000000000 ) ) ;
#10637 = CARTESIAN_POINT ( 'NONE',  ( 88.50000000000000000, 7.125000000000000000, 14.85000000000000100 ) ) ;
#10638 = VECTOR ( 'NONE', #5208, 1000.000000000000000 ) ;
#10639 = EDGE_LOOP ( 'NONE', ( #9323, #9077, #3707, #94 ) ) ;
#10640 = AXIS2_PLACEMENT_3D ( 'NONE', #5442, #248, #6315 ) ;
#10641 = DIRECTION ( 'NONE',  ( 0.0000000000000000000, 1.000000000000000000, 0.0000000000000000000 ) ) ;
#10642 = CIRCLE ( 'NONE', #6041, 0.2000000000000000900 ) ;
#10643 = DATE_AND_TIME ( #1678, #3958 ) ;
#10644 = DIRECTION ( 'NONE',  ( -0.0000000000000000000, -0.0000000000000000000, -1.000000000000000000 ) ) ;
#10645 = CARTESIAN_POINT ( 'NONE',  ( -88.49999999999998600, 27.52500000000000200, 168.0000000000000000 ) ) ;
#10646 = EDGE_LOOP ( 'NONE', ( #9771, #6704, #4332, #958 ) ) ;
#10647 = LINE ( 'NONE', #9781, #4774 ) ;
#10648 = LINE ( 'NONE', #307, #6022 ) ;
#10649 = FACE_OUTER_BOUND ( 'NONE', #3776, .T. ) ;
#10650 = CARTESIAN_POINT ( 'NONE',  ( -2.500000000000000000, -4.975000000000000500, 72.00000000000001400 ) ) ;
#10651 = COORDINATED_UNIVERSAL_TIME_OFFSET ( 1, 0, .AHEAD. ) ;
#10652 = EDGE_CURVE ( 'NONE', #6196, #9567, #11184, .T. ) ;
#10653 = EDGE_CURVE ( 'NONE', #3274, #7130, #6536, .T. ) ;
#10654 = CARTESIAN_POINT ( 'NONE',  ( 6.250000000000000000, -8.325000000000001100, 72.00000000000001400 ) ) ;
#10655 = CC_DESIGN_DATE_AND_TIME_ASSIGNMENT ( #8708, #9763, ( #8322 ) ) ;
#10656 = CARTESIAN_POINT ( 'NONE',  ( -2.918783954071130000, 2.243095548590670100, 0.5000000000000000000 ) ) ;
#10657 = PRODUCT ( 'Blokada_v2', 'Blokada_v2', '', ( #1030 ) ) ;
#10658 = AXIS2_PLACEMENT_3D ( 'NONE', #9006, #3770, #9880 ) ;
#10659 = SECURITY_CLASSIFICATION_LEVEL ( 'unclassified' ) ;
#10660 = ORIENTED_EDGE ( 'NONE', *, *, #2208, .T. ) ;
#10661 = AXIS2_PLACEMENT_3D ( 'NONE', #4063, #10176, #4942 ) ;
#10662 = PLANE ( 'NONE',  #7448 ) ;
#10663 = CYLINDRICAL_SURFACE ( 'NONE', #11210, 3.500000000000003100 ) ;
#10664 = CARTESIAN_POINT ( 'NONE',  ( -0.5997501243938603300, 0.4609100473860072200, -8.000000000000000000 ) ) ;
#10665 = EDGE_CURVE ( 'NONE', #9521, #6300, #4494, .T. ) ;
#10666 = CC_DESIGN_DATE_AND_TIME_ASSIGNMENT ( #1833, #11150, ( #8329 ) ) ;
#10667 = CIRCLE ( 'NONE', #7564, 2.500000000000002200 ) ;
#10668 = EDGE_CURVE ( 'NONE', #11248, #9020, #10899, .T. ) ;
#10669 = FACE_OUTER_BOUND ( 'NONE', #4028, .T. ) ;
#10670 = DIRECTION ( 'NONE',  ( 0.0000000000000000000, -0.0000000000000000000, -1.000000000000000000 ) ) ;
#10671 = DIRECTION ( 'NONE',  ( 1.000000000000000000, -0.0000000000000000000, 0.0000000000000000000 ) ) ;
#10672 = ITEM_DEFINED_TRANSFORMATION ( 'NONE', 'NONE', #5821,  #7819 ) ;
#10673 = ORIENTED_EDGE ( 'NONE', *, *, #9689, .F. ) ;
#10674 = VECTOR ( 'NONE', #8645, 1000.000000000000000 ) ;
#10675 = CARTESIAN_POINT ( 'NONE',  ( 85.64999999999570000, -49.25000000000000000, -0.0009999999999999161000 ) ) ;
#10676 = LINE ( 'NONE', #8845, #1971 ) ;
#10677 = ORIENTED_EDGE ( 'NONE', *, *, #10099, .T. ) ;
#10678 = CC_DESIGN_PERSON_AND_ORGANIZATION_ASSIGNMENT ( #9461, #4963, ( #7766 ) ) ;
#10679 = LINE ( 'NONE', #3056, #8360 ) ;
#10680 = PERSON_AND_ORGANIZATION ( #9580, #1712 ) ;
#10681 = EDGE_CURVE ( 'NONE', #7567, #4354, #1928, .T. ) ;
#10682 = EDGE_CURVE ( 'NONE', #7366, #2103, #6262, .T. ) ;
#10683 = ORIENTED_EDGE ( 'NONE', *, *, #2450, .T. ) ;
#10684 = CYLINDRICAL_SURFACE ( 'NONE', #3427, 2.149999999999999000 ) ;
#10685 = ORIENTED_EDGE ( 'NONE', *, *, #8403, .T. ) ;
#10686 = CARTESIAN_POINT ( 'NONE',  ( -3.799999999999999800, -4.975000000000000500, 72.00000000000001400 ) ) ;
#10687 = LINE ( 'NONE', #898, #10419 ) ;
#10688 = ADVANCED_FACE ( 'NONE', ( #1663 ), #1382, .F. ) ;
#10689 = VECTOR ( 'NONE', #254, 1000.000000000000000 ) ;
#10690 = ORIENTED_EDGE ( 'NONE', *, *, #10523, .F. ) ;
#10691 = ORIENTED_EDGE ( 'NONE', *, *, #1088, .F. ) ;
#10692 = ORIENTED_EDGE ( 'NONE', *, *, #7967, .F. ) ;
#10693 = ORIENTED_EDGE ( 'NONE', *, *, #1136, .F. ) ;
#10694 = ORIENTED_EDGE ( 'NONE', *, *, #10264, .F. ) ;
#10695 = LINE ( 'NONE', #11219, #3487 ) ;
#10696 = EDGE_CURVE ( 'NONE', #9020, #11248, #5996, .T. ) ;
#10697 = CARTESIAN_POINT ( 'NONE',  ( 2.983498458241763200, -2.493718516972145000, -1.949308969713321500 ) ) ;
#10698 = DIRECTION ( 'NONE',  ( -0.0000000000000000000, -0.0000000000000000000, -1.000000000000000000 ) ) ;
#10699 = CYLINDRICAL_SURFACE ( 'NONE', #4941, 0.4000000000000001900 ) ;
#10700 = ORIENTED_EDGE ( 'NONE', *, *, #10324, .T. ) ;
#10701 = ADVANCED_FACE ( 'NONE', ( #8313 ), #5708, .T. ) ;
#10702 = VERTEX_POINT ( 'NONE', #7624 ) ;
#10703 = DIRECTION ( 'NONE',  ( -1.000000000000000000, -0.0000000000000000000, 0.0000000000000000000 ) ) ;
#10704 = CARTESIAN_POINT ( 'NONE',  ( 0.9553798049340128700, -3.555000258646209900, 0.5000000000000000000 ) ) ;
#10705 = DATE_TIME_ROLE ( 'creation_date' ) ;
#10706 = ORIENTED_EDGE ( 'NONE', *, *, #3448, .F. ) ;
#10707 = DIRECTION ( 'NONE',  ( 0.0000000000000000000, 0.0000000000000000000, 1.000000000000000000 ) ) ;
#10708 = DIRECTION ( 'NONE',  ( 0.0000000000000000000, -1.000000000000000000, -0.0000000000000000000 ) ) ;
#10709 = DIRECTION ( 'NONE',  ( 0.0000000000000000000, 0.0000000000000000000, -1.000000000000000000 ) ) ;
#10710 = DIRECTION ( 'NONE',  ( -1.000000000000000000, 0.0000000000000000000, 0.0000000000000000000 ) ) ;
#10711 = DIRECTION ( 'NONE',  ( 0.0000000000000000000, 0.0000000000000000000, -1.000000000000000000 ) ) ;
#10712 = DIRECTION ( 'NONE',  ( 1.000000000000000000, 0.0000000000000000000, -0.0000000000000000000 ) ) ;
#10713 = VECTOR ( 'NONE', #10515, 1000.000000000000000 ) ;
#10714 = VERTEX_POINT ( 'NONE', #8499 ) ;
#10715 = DIRECTION ( 'NONE',  ( -0.0000000000000000000, -0.0000000000000000000, 1.000000000000000000 ) ) ;
#10716 = CARTESIAN_POINT ( 'NONE',  ( -73.50000000000000000, 1.500000000000000000, 170.5000000000000000 ) ) ;
#10717 = CARTESIAN_POINT ( 'NONE',  ( 5.850000000000001400, -9.525000000000000400, 248.0000000000000000 ) ) ;
#10718 = DATE_AND_TIME ( #1752, #4022 ) ;
#10719 = LINE ( 'NONE', #2555, #3908 ) ;
#10720 = AXIS2_PLACEMENT_3D ( 'NONE', #4649, #9053, #3806 ) ;
#10721 = CARTESIAN_POINT ( 'NONE',  ( 0.4999999999999991700, -2.573680597284262500, -3.007916731306022700 ) ) ;
#10722 = CYLINDRICAL_SURFACE ( 'NONE', #9418, 0.4000000000000000200 ) ;
#10723 = ORIENTED_EDGE ( 'NONE', *, *, #6534, .F. ) ;
#10724 = CARTESIAN_POINT ( 'NONE',  ( -0.3777142256033310100, 0.6553397952731469000, -8.000000000000000000 ) ) ;
#10725 = CALENDAR_DATE ( 2023, 9, 11 ) ;
#10726 = CARTESIAN_POINT ( 'NONE',  ( 5.850000000000001400, 16.82499999999999900, 72.00000000000001400 ) ) ;
#10727 = CARTESIAN_POINT ( 'NONE',  ( 6.250000000000000000, 11.97500000000000000, 72.00000000000001400 ) ) ;
#10728 = VERTEX_POINT ( 'NONE', #3245 ) ;
#10729 = DIRECTION ( 'NONE',  ( 0.0000000000000000000, 0.0000000000000000000, -1.000000000000000000 ) ) ;
#10730 = FACE_OUTER_BOUND ( 'NONE', #3507, .T. ) ;
#10731 = ORIENTED_EDGE ( 'NONE', *, *, #10075, .F. ) ;
#10732 =( GEOMETRIC_REPRESENTATION_CONTEXT ( 3 ) GLOBAL_UNCERTAINTY_ASSIGNED_CONTEXT ( ( #9411 ) ) GLOBAL_UNIT_ASSIGNED_CONTEXT ( ( #5001, #5039, #11152 ) ) REPRESENTATION_CONTEXT ( 'NONE', 'WORKASPACE' ) );
#10733 = AXIS2_PLACEMENT_3D ( 'NONE', #973, #7058, #1856 ) ;
#10734 = AXIS2_PLACEMENT_3D ( 'NONE', #8920, #3700, #9814 ) ;
#10735 = VERTEX_POINT ( 'NONE', #1542 ) ;
#10736 = LOCAL_TIME ( 11, 17, 25.00000000000000000, #1772 ) ;
#10737 = EDGE_CURVE ( 'NONE', #7690, #10938, #3940, .T. ) ;
#10738 = DIRECTION ( 'NONE',  ( 0.0000000000000000000, -0.0000000000000000000, 1.000000000000000000 ) ) ;
#10739 = EDGE_CURVE ( 'NONE', #3831, #1920, #10361, .T. ) ;
#10740 = DIRECTION ( 'NONE',  ( 0.0000000000000000000, 0.0000000000000000000, 1.000000000000000000 ) ) ;
#10741 = APPLICATION_CONTEXT ( 'configuration controlled 3d designs of mechanical parts and assemblies' ) ;
#10742 = CARTESIAN_POINT ( 'NONE',  ( -83.39999999999548700, -20.25000000000000000, 1.500000000000000000 ) ) ;
#10743 = CARTESIAN_POINT ( 'NONE',  ( 2.250000000000000400, 17.42500000000000100, 248.0000000000000000 ) ) ;
#10744 = CARTESIAN_POINT ( 'NONE',  ( 1.145643923738960400, -4.001000000000000300, -0.5000000000000000000 ) ) ;
#10745 = CARTESIAN_POINT ( 'NONE',  ( -3.600000000000000100, -10.42500000000000100, -0.001000000000000999900 ) ) ;
#10746 = CARTESIAN_POINT ( 'NONE',  ( 3.750000000000000000, 0.0000000000000000000, 72.00000000000001400 ) ) ;
#10747 = DIRECTION ( 'NONE',  ( -0.0000000000000000000, 0.0000000000000000000, 1.000000000000000000 ) ) ;
#10748 = ADVANCED_FACE ( 'NONE', ( #7782 ), #3138, .F. ) ;
#10749 = PRODUCT_RELATED_PRODUCT_CATEGORY ( 'detail', '', ( #6056 ) ) ;
#10750 = CARTESIAN_POINT ( 'NONE',  ( -90.00000000000000000, 7.125000000000000000, 168.0000000000000000 ) ) ;
#10751 = CARTESIAN_POINT ( 'NONE',  ( 3.750000000000000000, -13.77500000000000000, 248.0000000000000000 ) ) ;
#10752 = DIRECTION ( 'NONE',  ( 0.0000000000000000000, -0.0000000000000000000, -1.000000000000000000 ) ) ;
#10753 = DIRECTION ( 'NONE',  ( 0.0000000000000000000, 0.0000000000000000000, 1.000000000000000000 ) ) ;
#10754 = EDGE_CURVE ( 'NONE', #1918, #6096, #5447, .T. ) ;
#10755 = ORIENTED_EDGE ( 'NONE', *, *, #5109, .F. ) ;
#10756 = CARTESIAN_POINT ( 'NONE',  ( -2.500000000000000000, -10.62500000000000000, -0.001000000000000999900 ) ) ;
#10757 = ORIENTED_EDGE ( 'NONE', *, *, #3889, .F. ) ;
#10758 = VERTEX_POINT ( 'NONE', #7667 ) ;
#10759 = ADVANCED_FACE ( 'NONE', ( #3684 ), #3680, .T. ) ;
#10760 = ORIENTED_EDGE ( 'NONE', *, *, #6100, .F. ) ;
#10761 = CARTESIAN_POINT ( 'NONE',  ( 2.250000000000000000, 0.8249999999999999600, 71.99899999999999500 ) ) ;
#10762 = CARTESIAN_POINT ( 'NONE',  ( 5.850000000000001400, 2.624999999999999600, 248.0000000000000000 ) ) ;
#10763 = EDGE_LOOP ( 'NONE', ( #7592, #7161 ) ) ;
#10764 = EDGE_LOOP ( 'NONE', ( #7165, #4201, #3456, #503, #8111, #5517, #175, #9392, #498, #4273, #10610, #8432 ) ) ;
#10765 = EDGE_CURVE ( 'NONE', #7358, #9970, #9827, .T. ) ;
#10766 = EDGE_CURVE ( 'NONE', #1694, #10432, #482, .T. ) ;
#10767 = FACE_OUTER_BOUND ( 'NONE', #5630, .T. ) ;
#10768 = EDGE_LOOP ( 'NONE', ( #3480, #8629, #10045, #9820 ) ) ;
#10769 = ORIENTED_EDGE ( 'NONE', *, *, #5751, .T. ) ;
#10770 = VERTEX_POINT ( 'NONE', #4269 ) ;
#10771 = CARTESIAN_POINT ( 'NONE',  ( 3.750000000000000400, 13.77500000000000000, 71.99899999999999500 ) ) ;
#10772 = DIRECTION ( 'NONE',  ( 0.0000000000000000000, 0.0000000000000000000, -1.000000000000000000 ) ) ;
#10773 = CARTESIAN_POINT ( 'NONE',  ( 2.449999999999999700, -0.8249999999999999600, 72.00000000000001400 ) ) ;
#10774 = APPROVAL_STATUS ( 'not_yet_approved' ) ;
#10775 = DIRECTION ( 'NONE',  ( 0.0000000000000000000, 0.0000000000000000000, 1.000000000000000000 ) ) ;
#10776 = CARTESIAN_POINT ( 'NONE',  ( -88.49999999999998600, 27.52500000000000200, 168.0000000000000000 ) ) ;
#10777 = LINE ( 'NONE', #3812, #10503 ) ;
#10778 = CARTESIAN_POINT ( 'NONE',  ( 2.250000000000000400, 17.42500000000000100, 72.00000000000001400 ) ) ;
#10779 = CARTESIAN_POINT ( 'NONE',  ( 0.0000000000000000000, 4.500000000000000900, 5.923815809059499700 ) ) ;
#10780 = PLANE ( 'NONE',  #4586 ) ;
#10781 = VERTEX_POINT ( 'NONE', #862 ) ;
#10782 = ORIENTED_EDGE ( 'NONE', *, *, #4611, .F. ) ;
#10783 = CIRCLE ( 'NONE', #5240, 2.250000000000001800 ) ;
#10784 = PERSON_AND_ORGANIZATION ( #10373, #1816 ) ;
#10785 = DIRECTION ( 'NONE',  ( 0.0000000000000000000, 0.0000000000000000000, 1.000000000000000000 ) ) ;
#10786 = DIRECTION ( 'NONE',  ( 0.0000000000000000000, 0.0000000000000000000, 1.000000000000000000 ) ) ;
#10787 = LINE ( 'NONE', #4082, #3822 ) ;
#10788 = DIRECTION ( 'NONE',  ( 1.000000000000000000, 0.0000000000000000000, -0.0000000000000000000 ) ) ;
#10789 = LINE ( 'NONE', #7241, #8470 ) ;
#10790 = DATE_AND_TIME ( #1825, #4099 ) ;
#10791 = VERTEX_POINT ( 'NONE', #6068 ) ;
#10792 = CYLINDRICAL_SURFACE ( 'NONE', #10983, 0.4000000000000000800 ) ;
#10793 = ADVANCED_FACE ( 'NONE', ( #842 ), #564, .F. ) ;
#10794 = LINE ( 'NONE', #4102, #6162 ) ;
#10795 = CARTESIAN_POINT ( 'NONE',  ( 1.649999999999999900, 0.0000000000000000000, 1.500000000000000000 ) ) ;
#10796 = CARTESIAN_POINT ( 'NONE',  ( -90.00000000000000000, 7.125000000000000000, 165.8499999999999900 ) ) ;
#10797 = VECTOR ( 'NONE', #4134, 1000.000000000000000 ) ;
#10798 = COORDINATED_UNIVERSAL_TIME_OFFSET ( 1, 0, .AHEAD. ) ;
#10799 = CLOSED_SHELL ( 'NONE', ( #5649, #1283, #366, #718, #9256, #2985, #128, #3883, #9911, #10627, #703, #597, #7433, #2148, #6339, #7721, #7606, #528, #10018, #2077, #1437, #6173, #4039, #10914, #9954, #4638, #10573, #11076, #3155, #3037, #1237, #1962, #11143, #5819, #6556, #1296, #1168, #10337, #2424, #3146, #5661, #4683, #1110, #8814, #6678, #6574, #9100, #10220, #3827, #424, #4804, #9223, #188, #8290, #8572, #10865, #7671, #6456, #649, #5550, #7550, #9845, #10967, #8391, #3114, #6227, #6510, #3316, #4741, #5872, #8183, #10167, #3782, #7447, #7088, #10853, #7653, #9111, #10231, #1226, #3201, #309, #2313, #8068, #5697, #5991, #1351, #7952, #8244, #8509, #2993, #8465, #2929, #4902, #2034, #542, #2821, #10904, #7476, #11013, #6737, #4697, #9326, #8134, #6626, #4584, #10069, #8864, #2185, #2466, #3896, #1570, #10793, #4950, #2945, #8406, #7207, #6401, #8985, #9046, #5595, #10006, #2244, #10108, #9306, #9378, #5928, #10106, #6351, #6412, #9967, #6517, #3936, #10980, #2360, #6753, #5307, #5370, #4572, #7258, #2303, #7214, #2258, #4505, #1335, #9430, #2295, #9855, #8352, #7141, #3923, #4213, #8996, #7483, #11023, #3262, #9681, #9742, #5424, #300 ) ) ;
#10800 = ORIENTED_EDGE ( 'NONE', *, *, #10294, .F. ) ;
#10801 = VECTOR ( 'NONE', #6294, 1000.000000000000000 ) ;
#10802 = ORIENTED_EDGE ( 'NONE', *, *, #4256, .T. ) ;
#10803 = CARTESIAN_POINT ( 'NONE',  ( -0.5999999999999999800, -10.42500000000000100, -1.510173831053895000 ) ) ;
#10804 = VECTOR ( 'NONE', #2195, 1000.000000000000000 ) ;
#10805 = DIRECTION ( 'NONE',  ( 0.0000000000000000000, 0.0000000000000000000, 1.000000000000000000 ) ) ;
#10806 = ORIENTED_EDGE ( 'NONE', *, *, #9914, .T. ) ;
#10807 = ADVANCED_FACE ( 'NONE', ( #2879, #7489, #1103 ), #8703, .T. ) ;
#10808 = DIRECTION ( 'NONE',  ( -0.0000000000000000000, 1.000000000000000000, 0.0000000000000000000 ) ) ;
#10809 = CC_DESIGN_PERSON_AND_ORGANIZATION_ASSIGNMENT ( #8613, #1157, ( #8473 ) ) ;
#10810 = DIRECTION ( 'NONE',  ( 0.0000000000000000000, 0.0000000000000000000, 1.000000000000000000 ) ) ;
#10811 = LOCAL_TIME ( 11, 17, 25.00000000000000000, #1845 ) ;
#10812 = PERSON_AND_ORGANIZATION_ROLE ( 'creator' ) ;
#10813 = DIRECTION ( 'NONE',  ( 1.000000000000000000, 0.0000000000000000000, 0.0000000000000000000 ) ) ;
#10814 = CARTESIAN_POINT ( 'NONE',  ( -73.50000000000000000, 2.168404344971008900E-016, 17.00000000000000000 ) ) ;
#10815 = DIRECTION ( 'NONE',  ( 0.0000000000000000000, 0.0000000000000000000, 1.000000000000000000 ) ) ;
#10816 = DIRECTION ( 'NONE',  ( 0.0000000000000000000, -1.000000000000000000, 0.0000000000000000000 ) ) ;
#10817 = CARTESIAN_POINT ( 'NONE',  ( 5.850000000000001400, 8.325000000000001100, 248.0000000000000000 ) ) ;
#10818 = VERTEX_POINT ( 'NONE', #4346 ) ;
#10819 = FACE_OUTER_BOUND ( 'NONE', #8976, .T. ) ;
#10820 = CC_DESIGN_SECURITY_CLASSIFICATION ( #10228, ( #11306 ) ) ;
#10821 = LINE ( 'NONE', #7813, #1849 ) ;
#10822 = ORIENTED_EDGE ( 'NONE', *, *, #9175, .F. ) ;
#10823 = ORIENTED_EDGE ( 'NONE', *, *, #6573, .T. ) ;
#10824 = LINE ( 'NONE', #8023, #10550 ) ;
#10825 = DIRECTION ( 'NONE',  ( 0.8191520442889878000, 0.5735764363510518200, 0.0000000000000000000 ) ) ;
#10826 = DIRECTION ( 'NONE',  ( -1.000000000000000000, 0.0000000000000000000, 0.0000000000000000000 ) ) ;
#10827 = FACE_OUTER_BOUND ( 'NONE', #6053, .T. ) ;
#10828 = ORIENTED_EDGE ( 'NONE', *, *, #6671, .T. ) ;
#10829 = EDGE_LOOP ( 'NONE', ( #6820, #6066, #7048, #2059 ) ) ;
#10830 = EDGE_CURVE ( 'NONE', #4832, #9748, #7222, .T. ) ;
#10831 = EDGE_CURVE ( 'NONE', #1931, #3962, #5172, .T. ) ;
#10832 = ORIENTED_EDGE ( 'NONE', *, *, #4011, .T. ) ;
#10833 = DIRECTION ( 'NONE',  ( -0.0000000000000000000, 0.0000000000000000000, 1.000000000000000000 ) ) ;
#10834 = ORIENTED_EDGE ( 'NONE', *, *, #2512, .T. ) ;
#10835 = ORIENTED_EDGE ( 'NONE', *, *, #5652, .T. ) ;
#10836 = VERTEX_POINT ( 'NONE', #8731 ) ;
#10837 = ORIENTED_EDGE ( 'NONE', *, *, #6502, .T. ) ;
#10838 = CALENDAR_DATE ( 2023, 9, 11 ) ;
#10839 = CARTESIAN_POINT ( 'NONE',  ( 0.5000000000000000000, -4.001000000000000300, 4.000000000000000000 ) ) ;
#10840 = VECTOR ( 'NONE', #10788, 1000.000000000000000 ) ;
#10841 = ORIENTED_EDGE ( 'NONE', *, *, #1348, .T. ) ;
#10842 = AXIS2_PLACEMENT_3D ( 'NONE', #10208, #8493, #3277 ) ;
#10843 = APPROVAL_ROLE ( '' ) ;
#10844 = EDGE_CURVE ( 'NONE', #4221, #2247, #4893, .T. ) ;
#10845 = DIRECTION ( 'NONE',  ( 1.000000000000000000, 0.0000000000000000000, -0.0000000000000000000 ) ) ;
#10846 = AXIS2_PLACEMENT_3D ( 'NONE', #9944, #4709, #10805 ) ;
#10847 = DIRECTION ( 'NONE',  ( 1.000000000000000000, 0.0000000000000000000, 0.0000000000000000000 ) ) ;
#10848 = CARTESIAN_POINT ( 'NONE',  ( 3.950000000000000200, -2.624999999999998700, 71.99899999999999500 ) ) ;
#10849 = CARTESIAN_POINT ( 'NONE',  ( 88.50000000000000000, 31.00000000000000000, 0.0000000000000000000 ) ) ;
#10850 = DIRECTION ( 'NONE',  ( 0.0000000000000000000, 0.0000000000000000000, 1.000000000000000000 ) ) ;
#10851 = CARTESIAN_POINT ( 'NONE',  ( -1.512295074330873600, -4.000000000000005300, -2.242855876012769900 ) ) ;
#10852 = APPROVAL_PERSON_ORGANIZATION ( #1883, #3382, #2978 ) ;
#10853 = ADVANCED_FACE ( 'NONE', ( #2327 ), #9012, .T. ) ;
#10854 = VERTEX_POINT ( 'NONE', #6137 ) ;
#10855 = CIRCLE ( 'NONE', #7056, 2.149999999999999000 ) ;
#10856 = VERTEX_POINT ( 'NONE', #936 ) ;
#10857 = CIRCLE ( 'NONE', #8740, 0.2000000000000000900 ) ;
#10858 = VERTEX_POINT ( 'NONE', #7020 ) ;
#10859 = VERTEX_POINT ( 'NONE', #1820 ) ;
#10860 = DIRECTION ( 'NONE',  ( 0.0000000000000000000, 1.000000000000000000, 0.0000000000000000000 ) ) ;
#10861 = DIRECTION ( 'NONE',  ( 0.0000000000000000000, -1.000000000000000000, 0.0000000000000000000 ) ) ;
#10862 = AXIS2_PLACEMENT_3D ( 'NONE', #236, #6305, #1108 ) ;
#10863 = PERSON_AND_ORGANIZATION ( #9810, #4463 ) ;
#10864 = DIRECTION ( 'NONE',  ( 0.0000000000000000000, 0.0000000000000000000, -1.000000000000000000 ) ) ;
#10865 = ADVANCED_FACE ( 'NONE', ( #2056 ), #4632, .T. ) ;
#10866 = CARTESIAN_POINT ( 'NONE',  ( 6.250000000000000900, 20.89999999999999900, 248.0000000000000000 ) ) ;
#10867 = DATE_AND_TIME ( #1899, #4190 ) ;
#10868 = CARTESIAN_POINT ( 'NONE',  ( -5.299999999999999800, 16.05552017741234700, 248.0000000000000000 ) ) ;
#10869 = EDGE_CURVE ( 'NONE', #5274, #2300, #9268, .T. ) ;
#10870 = EDGE_CURVE ( 'NONE', #7855, #274, #6672, .T. ) ;
#10871 = CC_DESIGN_APPROVAL ( #10297, ( #9732 ) ) ;
#10872 = AXIS2_PLACEMENT_3D ( 'NONE', #4227, #10334, #5108 ) ;
#10873 = AXIS2_PLACEMENT_3D ( 'NONE', #77, #9643, #8745 ) ;
#10874 = EDGE_CURVE ( 'NONE', #9102, #5998, #18, .T. ) ;
#10875 = CARTESIAN_POINT ( 'NONE',  ( 6.250000000000000900, 1.425000000000000000, 71.99899999999999500 ) ) ;
#10876 = EDGE_CURVE ( 'NONE', #7703, #7938, #11029, .T. ) ;
#10877 = MECHANICAL_CONTEXT ( 'NONE', #2713, 'mechanical' ) ;
#10878 = ORIENTED_EDGE ( 'NONE', *, *, #1499, .F. ) ;
#10879 = CARTESIAN_POINT ( 'NONE',  ( 0.0000000000000000000, 0.0000000000000000000, 0.0000000000000000000 ) ) ;
#10880 = DIRECTION ( 'NONE',  ( -1.000000000000000000, 0.0000000000000000000, 0.0000000000000000000 ) ) ;
#10881 = DIRECTION ( 'NONE',  ( 8.881784197001252300E-016, 0.0000000000000000000, 1.000000000000000000 ) ) ;
#10882 = DIRECTION ( 'NONE',  ( 0.0000000000000000000, 0.0000000000000000000, -1.000000000000000000 ) ) ;
#10883 = CARTESIAN_POINT ( 'NONE',  ( -3.025751002451789100, -2.912149102440375600, -0.5000000000005097000 ) ) ;
#10884 = CC_DESIGN_DATE_AND_TIME_ASSIGNMENT ( #1156, #6651, ( #8562 ) ) ;
#10885 = ORIENTED_EDGE ( 'NONE', *, *, #505, .T. ) ;
#10886 = CARTESIAN_POINT ( 'NONE',  ( -0.7681833999686438200, 0.9995835529977249400, -7.499999999999999100 ) ) ;
#10887 = ORIENTED_EDGE ( 'NONE', *, *, #394, .T. ) ;
#10888 = VERTEX_POINT ( 'NONE', #10554 ) ;
#10889 = DIRECTION ( 'NONE',  ( 0.0000000000000000000, -0.0000000000000000000, 1.000000000000000000 ) ) ;
#10890 = ORIENTED_EDGE ( 'NONE', *, *, #339, .T. ) ;
#10891 = VECTOR ( 'NONE', #10918, 1000.000000000000000 ) ;
#10892 = ORIENTED_EDGE ( 'NONE', *, *, #3579, .F. ) ;
#10893 = CARTESIAN_POINT ( 'NONE',  ( 0.5000000000000004400, -1.952248888731875900, 2.734516490328792400 ) ) ;
#10894 = EDGE_CURVE ( 'NONE', #3417, #3296, #4356, .T. ) ;
#10895 = ORIENTED_EDGE ( 'NONE', *, *, #834, .F. ) ;
#10896 = ORIENTED_EDGE ( 'NONE', *, *, #8840, .T. ) ;
#10897 = DIRECTION ( 'NONE',  ( 0.0000000000000000000, 0.0000000000000000000, 1.000000000000000000 ) ) ;
#10898 = PRODUCT_DEFINITION_SHAPE ( 'NONE', 'NONE',  #11292 ) ;
#10899 = CIRCLE ( 'NONE', #10661, 3.950000000000000200 ) ;
#10900 = EDGE_LOOP ( 'NONE', ( #8795, #8698 ) ) ;
#10901 = ORIENTED_EDGE ( 'NONE', *, *, #10894, .F. ) ;
#10902 = ORIENTED_EDGE ( 'NONE', *, *, #2889, .F. ) ;
#10903 = CIRCLE ( 'NONE', #7363, 0.4000000000000000200 ) ;
#10904 = ADVANCED_FACE ( 'NONE', ( #10767 ), #3807, .T. ) ;
#10905 = DIRECTION ( 'NONE',  ( 0.0000000000000000000, 1.000000000000000000, 0.0000000000000000000 ) ) ;
#10906 = EDGE_CURVE ( 'NONE', #9344, #9405, #6132, .T. ) ;
#10907 = DIRECTION ( 'NONE',  ( -0.0000000000000000000, -0.0000000000000000000, 1.000000000000000000 ) ) ;
#10908 = AXIS2_PLACEMENT_3D ( 'NONE', #3378, #5117, #8592 ) ;
#10909 = LINE ( 'NONE', #2404, #6276 ) ;
#10910 = AXIS2_PLACEMENT_3D ( 'NONE', #2953, #9044, #3799 ) ;
#10911 = ORIENTED_EDGE ( 'NONE', *, *, #2737, .F. ) ;
#10912 = VECTOR ( 'NONE', #4053, 1000.000000000000000 ) ;
#10913 = DIRECTION ( 'NONE',  ( 0.0000000000000000000, -1.000000000000000000, 0.0000000000000000000 ) ) ;
#10914 = ADVANCED_FACE ( 'NONE', ( #6405 ), #4489, .F. ) ;
#10915 = PERSON_AND_ORGANIZATION_ROLE ( 'classification_officer' ) ;
#10916 = ORIENTED_EDGE ( 'NONE', *, *, #9213, .T. ) ;
#10917 = DIRECTION ( 'NONE',  ( 1.000000000000000000, 0.0000000000000000000, 0.0000000000000000000 ) ) ;
#10918 = DIRECTION ( 'NONE',  ( 1.000000000000000000, -6.071532165918830700E-016, -0.0000000000000000000 ) ) ;
#10919 = VECTOR ( 'NONE', #783, 1000.000000000000000 ) ;
#10920 = DIRECTION ( 'NONE',  ( -1.000000000000000000, 0.0000000000000000000, 0.0000000000000000000 ) ) ;
#10921 = CARTESIAN_POINT ( 'NONE',  ( 2.449999999999999700, 19.27500000000000600, 72.00000000000001400 ) ) ;
#10922 = DIRECTION ( 'NONE',  ( 0.0000000000000000000, -1.000000000000000000, -0.0000000000000000000 ) ) ;
#10923 = CARTESIAN_POINT ( 'NONE',  ( -0.4000000000000000200, 3.125000000000000000, -1.510173831053895000 ) ) ;
#10924 = DIRECTION ( 'NONE',  ( 1.000000000000000000, 0.0000000000000000000, -0.0000000000000000000 ) ) ;
#10925 = VECTOR ( 'NONE', #2033, 1000.000000000000000 ) ;
#10926 = LINE ( 'NONE', #5976, #8626 ) ;
#10927 = PLANE ( 'NONE',  #6266 ) ;
#10928 = APPROVAL_PERSON_ORGANIZATION ( #1952, #5188, #11191 ) ;
#10929 = VERTEX_POINT ( 'NONE', #10592 ) ;
#10930 = LINE ( 'NONE', #2671, #11218 ) ;
#10931 = B_SPLINE_CURVE_WITH_KNOTS ( 'NONE', 3,
 ( #5454, #262, #8101, #2885, #8983, #3751, #9852, #4616, #10721, #5496, #294, #6376, #1179, #7253 ),
 .UNSPECIFIED., .F., .F.,
 ( 4, 2, 2, 2, 2, 2, 4 ),
 ( 4.336808689942017700E-019, 0.0006778294705365073500, 0.001016744205804760400, 0.001355658941073013600, 0.001694573676341266800, 0.002033488411609519900, 0.002711317882146026300 ),
 .UNSPECIFIED. ) ;
#10932 = CARTESIAN_POINT ( 'NONE',  ( 3.750000000000000400, 8.125000000000000000, 71.99899999999999500 ) ) ;
#10933 = FACE_OUTER_BOUND ( 'NONE', #8390, .T. ) ;
#10934 = VECTOR ( 'NONE', #4644, 1000.000000000000000 ) ;
#10935 = APPROVAL_DATE_TIME ( #1967, #1134 ) ;
#10936 = AXIS2_PLACEMENT_3D ( 'NONE', #9951, #4714, #10813 ) ;
#10937 = AXIS2_PLACEMENT_3D ( 'NONE', #5601, #9965, #410 ) ;
#10938 = VERTEX_POINT ( 'NONE', #2798 ) ;
#10939 = AXIS2_PLACEMENT_3D ( 'NONE', #3246, #9343, #4106 ) ;
#10940 = CYLINDRICAL_SURFACE ( 'NONE', #9404, 2.000000000000000000 ) ;
#10941 = DIRECTION ( 'NONE',  ( 0.0000000000000000000, 0.0000000000000000000, -1.000000000000000000 ) ) ;
#10942 = VECTOR ( 'NONE', #1857, 1000.000000000000000 ) ;
#10943 = EDGE_LOOP ( 'NONE', ( #7787, #9381, #7494, #10137 ) ) ;
#10944 = EDGE_CURVE ( 'NONE', #7922, #187, #8189, .T. ) ;
#10945 = CARTESIAN_POINT ( 'NONE',  ( 3.950000000000000200, 2.824999999999999700, 72.00000000000001400 ) ) ;
#10946 = VECTOR ( 'NONE', #9119, 1000.000000000000000 ) ;
#10947 = EDGE_CURVE ( 'NONE', #10781, #1975, #10492, .T. ) ;
#10948 = LOCAL_TIME ( 11, 17, 25.00000000000000000, #1974 ) ;
#10949 = VERTEX_POINT ( 'NONE', #3659 ) ;
#10950 = FACE_OUTER_BOUND ( 'NONE', #1221, .T. ) ;
#10951 = ORIENTED_EDGE ( 'NONE', *, *, #6391, .T. ) ;
#10952 = VECTOR ( 'NONE', #9551, 1000.000000000000000 ) ;
#10953 = CARTESIAN_POINT ( 'NONE',  ( -3.399999999999999900, 3.824999999999999700, -0.001000000000000999900 ) ) ;
#10954 = LINE ( 'NONE', #5486, #5762 ) ;
#10955 = ORIENTED_EDGE ( 'NONE', *, *, #4998, .F. ) ;
#10956 = ORIENTED_EDGE ( 'NONE', *, *, #1405, .T. ) ;
#10957 = EDGE_LOOP ( 'NONE', ( #7860, #4127, #8257, #857 ) ) ;
#10958 = CC_DESIGN_APPROVAL ( #10385, ( #8638 ) ) ;
#10959 = APPROVAL_STATUS ( 'not_yet_approved' ) ;
#10960 = DIRECTION ( 'NONE',  ( 1.219727444046192000E-016, 0.0000000000000000000, -1.000000000000000000 ) ) ;
#10961 = CARTESIAN_POINT ( 'NONE',  ( -3.600000000000000100, -9.475000000000001400, 72.00000000000001400 ) ) ;
#10962 = DIRECTION ( 'NONE',  ( -1.000000000000000000, 6.071532165918830700E-016, 0.0000000000000000000 ) ) ;
#10963 = CARTESIAN_POINT ( 'NONE',  ( 0.0000000000000000000, -4.000000000000000000, 0.0000000000000000000 ) ) ;
#10964 = CARTESIAN_POINT ( 'NONE',  ( 5.850000000000001400, -16.82499999999999900, 71.99899999999999500 ) ) ;
#10965 = DIRECTION ( 'NONE',  ( -1.000000000000000000, 0.0000000000000000000, 0.0000000000000000000 ) ) ;
#10966 = EDGE_LOOP ( 'NONE', ( #1292, #336, #6134, #5711, #7655, #9682, #5272, #292, #8544, #2844, #7007, #6349 ) ) ;
#10967 = ADVANCED_FACE ( 'NONE', ( #8442 ), #7908, .F. ) ;
#10968 = ORIENTED_EDGE ( 'NONE', *, *, #10073, .T. ) ;
#10969 = VECTOR ( 'NONE', #2783, 1000.000000000000000 ) ;
#10970 = CARTESIAN_POINT ( 'NONE',  ( 0.1963109229443079900, 0.7304795034938010900, -8.000000000000000000 ) ) ;
#10971 = CYLINDRICAL_SURFACE ( 'NONE', #3784, 0.4000000000000001900 ) ;
#10972 = ORIENTED_EDGE ( 'NONE', *, *, #2173, .T. ) ;
#10973 = DIRECTION ( 'NONE',  ( 1.000000000000000000, 0.0000000000000000000, 0.0000000000000000000 ) ) ;
#10974 = EDGE_LOOP ( 'NONE', ( #9088, #1518, #2806, #6689 ) ) ;
#10975 = ORIENTED_EDGE ( 'NONE', *, *, #1549, .T. ) ;
#10976 = VERTEX_POINT ( 'NONE', #8879 ) ;
#10977 = DIRECTION ( 'NONE',  ( 1.000000000000000000, 0.0000000000000000000, 0.0000000000000000000 ) ) ;
#10978 = CIRCLE ( 'NONE', #7821, 2.150000000000012800 ) ;
#10979 = ORIENTED_EDGE ( 'NONE', *, *, #4418, .T. ) ;
#10980 = ADVANCED_FACE ( 'NONE', ( #10215 ), #7163, .F. ) ;
#10981 = EDGE_CURVE ( 'NONE', #9970, #7358, #3544, .T. ) ;
#10982 = APPROVAL_DATE_TIME ( #2015, #2012 ) ;
#10983 = AXIS2_PLACEMENT_3D ( 'NONE', #104, #1866, #5298 ) ;
#10984 = DIRECTION ( 'NONE',  ( 0.0000000000000000000, -0.0000000000000000000, -1.000000000000000000 ) ) ;
#10985 = FACE_OUTER_BOUND ( 'NONE', #8504, .T. ) ;
#10986 = CARTESIAN_POINT ( 'NONE',  ( 5.850000000000001400, -1.425000000000000000, 72.00000000000001400 ) ) ;
#10987 = VECTOR ( 'NONE', #839, 1000.000000000000000 ) ;
#10988 = EDGE_LOOP ( 'NONE', ( #5300, #8926, #3712, #9791 ) ) ;
#10989 = DATE_AND_TIME ( #2019, #4325 ) ;
#10990 = CARTESIAN_POINT ( 'NONE',  ( 81.14999999999548700, -20.25000000000000000, -0.0009999999999999161000 ) ) ;
#10991 = ORIENTED_EDGE ( 'NONE', *, *, #3289, .F. ) ;
#10992 = LINE ( 'NONE', #511, #8699 ) ;
#10994 = ORIENTED_EDGE ( 'NONE', *, *, #5830, .F. ) ;
#10993 = SECURITY_CLASSIFICATION_LEVEL ( 'unclassified' ) ;
#10995 = CARTESIAN_POINT ( 'NONE',  ( 0.0000000000000000000, 4.500000000000000900, 0.0000000000000000000 ) ) ;
#10996 = CARTESIAN_POINT ( 'NONE',  ( 3.950000000000000200, -4.675000000000002500, 248.0000000000000000 ) ) ;
#10997 = AXIS2_PLACEMENT_3D ( 'NONE', #10945, #5715, #532 ) ;
#10998 = DIRECTION ( 'NONE',  ( 0.0000000000000000000, -0.0000000000000000000, 1.000000000000000000 ) ) ;
#10999 = DIRECTION ( 'NONE',  ( -1.000000000000000000, 6.071532165918830700E-016, 0.0000000000000000000 ) ) ;
#11000 = VERTEX_POINT ( 'NONE', #4566 ) ;
#11001 = CARTESIAN_POINT ( 'NONE',  ( -2.983495056392112800, -2.493718516972145000, 1.949309744564500700 ) ) ;
#11002 = CARTESIAN_POINT ( 'NONE',  ( -3.025711744395987300, -2.912517625789006600, 0.5000000000004166700 ) ) ;
#11003 = CARTESIAN_POINT ( 'NONE',  ( 4.593593415004379500E-016, 9.599999999999999600, 248.0000000000000000 ) ) ;
#11004 = ORIENTED_EDGE ( 'NONE', *, *, #2028, .T. ) ;
#11005 = CALENDAR_DATE ( 2023, 9, 11 ) ;
#11006 = CARTESIAN_POINT ( 'NONE',  ( 0.1963109229443039900, -0.7304795034937828800, -8.000000000000000000 ) ) ;
#11007 = CARTESIAN_POINT ( 'NONE',  ( -5.299999999999999800, 0.0000000000000000000, 248.0000000000000000 ) ) ;
#11008 = DIRECTION ( 'NONE',  ( -1.000000000000000000, 0.0000000000000000000, 0.0000000000000000000 ) ) ;
#11009 = AXIS2_PLACEMENT_3D ( 'NONE', #10923, #5728, #549 ) ;
#11010 = DIRECTION ( 'NONE',  ( 0.0000000000000000000, 0.0000000000000000000, -1.000000000000000000 ) ) ;
#11011 = DESIGN_CONTEXT ( 'detailed design', #2865, 'design' ) ;
#11012 = CARTESIAN_POINT ( 'NONE',  ( 0.09817475995270480400, -0.7500000000000089900, -8.000000000000000000 ) ) ;
#11013 = ADVANCED_FACE ( 'NONE', ( #1251 ), #10662, .F. ) ;
#11014 = DIRECTION ( 'NONE',  ( 3.776065042898665100E-035, -2.008366886175600200E-019, -1.000000000000000000 ) ) ;
#11015 = DIRECTION ( 'NONE',  ( 1.000000000000000000, 0.0000000000000000000, 0.0000000000000000000 ) ) ;
#11016 = ORIENTED_EDGE ( 'NONE', *, *, #1042, .T. ) ;
#11017 = ORIENTED_EDGE ( 'NONE', *, *, #5490, .T. ) ;
#11018 = DIRECTION ( 'NONE',  ( 2.090376711493954900E-035, -2.008366886175605200E-019, -1.000000000000000000 ) ) ;
#11019 = VERTEX_POINT ( 'NONE', #4606 ) ;
#11020 = CC_DESIGN_APPROVAL ( #10454, ( #9870 ) ) ;
#11021 = SECURITY_CLASSIFICATION ( '', '', #5126 ) ;
#11022 = DIRECTION ( 'NONE',  ( 0.0000000000000000000, -0.0000000000000000000, 1.000000000000000000 ) ) ;
#11023 = ADVANCED_FACE ( 'NONE', ( #3266 ), #7630, .T. ) ;
#11024 =( REPRESENTATION_RELATIONSHIP ('NONE','NONE', #9710, #2133 ) REPRESENTATION_RELATIONSHIP_WITH_TRANSFORMATION ( #8780 )SHAPE_REPRESENTATION_RELATIONSHIP( ) );
#11025 = ORIENTED_EDGE ( 'NONE', *, *, #5641, .T. ) ;
#11026 = ORIENTED_EDGE ( 'NONE', *, *, #5982, .F. ) ;
#11027 = PLANE ( 'NONE',  #8428 ) ;
#11028 = CARTESIAN_POINT ( 'NONE',  ( 6.250000000000000000, -19.27500000000000600, 72.00000000000001400 ) ) ;
#11029 = LINE ( 'NONE', #3584, #4067 ) ;
#11030 = ORIENTED_EDGE ( 'NONE', *, *, #7167, .T. ) ;
#11031 = CARTESIAN_POINT ( 'NONE',  ( 88.31999999999999300, -34.75000000000000000, 0.0000000000000000000 ) ) ;
#11032 = CARTESIAN_POINT ( 'NONE',  ( -4.750000000000000000, 3.700000000000000200, 3.000000000000000000 ) ) ;
#11033 = DIRECTION ( 'NONE',  ( 0.0000000000000000000, 1.000000000000000000, 0.0000000000000000000 ) ) ;
#11034 = ORIENTED_EDGE ( 'NONE', *, *, #2845, .T. ) ;
#11035 = ORIENTED_EDGE ( 'NONE', *, *, #2208, .F. ) ;
#11036 = VERTEX_POINT ( 'NONE', #280 ) ;
#11037 = CARTESIAN_POINT ( 'NONE',  ( -1.217465839156310000, 0.3271848715738270900, -7.999999999999994700 ) ) ;
#11038 = DIRECTION ( 'NONE',  ( -1.000000000000000000, 0.0000000000000000000, 0.0000000000000000000 ) ) ;
#11039 = CARTESIAN_POINT ( 'NONE',  ( -0.3999999999999999700, 3.824999999999999700, 248.0000000000000000 ) ) ;
#11040 = EDGE_CURVE ( 'NONE', #896, #3831, #966, .T. ) ;
#11041 = EDGE_CURVE ( 'NONE', #7326, #3019, #5573, .T. ) ;
#11042 = LINE ( 'NONE', #1091, #6413 ) ;
#11043 = DIRECTION ( 'NONE',  ( 0.0000000000000000000, 0.0000000000000000000, 1.000000000000000000 ) ) ;
#11044 = EDGE_LOOP ( 'NONE', ( #2099, #4355, #7223, #6827 ) ) ;
#11045 = VERTEX_POINT ( 'NONE', #5477 ) ;
#11046 = CARTESIAN_POINT ( 'NONE',  ( -73.50000000000000000, 1.500000000000000000, 168.0000000000000000 ) ) ;
#11047 = CIRCLE ( 'NONE', #587, 1.250000000000000000 ) ;
#11048 = CARTESIAN_POINT ( 'NONE',  ( 3.950000000000000200, -2.624999999999999600, 248.0000000000000000 ) ) ;
#11049 = LOCAL_TIME ( 11, 17, 25.00000000000000000, #2078 ) ;
#11050 = CARTESIAN_POINT ( 'NONE',  ( 1.441747545844460000, -0.8309713053962809500, 1.500000000000000400 ) ) ;
#11051 = CARTESIAN_POINT ( 'NONE',  ( -1.092232992121904500, 0.6295237093388969000, -7.999999999999994700 ) ) ;
#11052 = FACE_OUTER_BOUND ( 'NONE', #2267, .T. ) ;
#11053 = DIRECTION ( 'NONE',  ( 1.000000000000000000, 7.610399765575671300E-015, 0.0000000000000000000 ) ) ;
#11054 = EDGE_CURVE ( 'NONE', #6973, #4756, #3003, .T. ) ;
#11055 = DIRECTION ( 'NONE',  ( 1.000000000000000000, 0.0000000000000000000, 0.0000000000000000000 ) ) ;
#11056 = CIRCLE ( 'NONE', #10658, 0.4000000000000001900 ) ;
#11057 = CALENDAR_DATE ( 2023, 9, 11 ) ;
#11058 = DIRECTION ( 'NONE',  ( 0.8191520442889951300, -0.5735764363510413900, 0.0000000000000000000 ) ) ;
#11059 = AXIS2_PLACEMENT_3D ( 'NONE', #4717, #10816, #5588 ) ;
#11060 = ORIENTED_EDGE ( 'NONE', *, *, #3177, .T. ) ;
#11061 = EDGE_CURVE ( 'NONE', #7, #10386, #1506, .T. ) ;
#11062 = AXIS2_PLACEMENT_3D ( 'NONE', #697, #7650, #8526 ) ;
#11063 = FACE_OUTER_BOUND ( 'NONE', #1643, .T. ) ;
#11064 = LINE ( 'NONE', #5814, #4107 ) ;
#11065 = CARTESIAN_POINT ( 'NONE',  ( -0.4000000000000000200, -10.12500000000000000, -1.510173831053895000 ) ) ;
#11066 = LINE ( 'NONE', #3267, #10797 ) ;
#11067 = DIRECTION ( 'NONE',  ( 1.000000000000000000, 0.0000000000000000000, 0.0000000000000000000 ) ) ;
#11068 = CARTESIAN_POINT ( 'NONE',  ( -4.000000000000000000, -4.001000000000000300, -0.5000000000000000000 ) ) ;
#11069 = DIRECTION ( 'NONE',  ( 1.000000000000000000, 0.0000000000000000000, -0.0000000000000000000 ) ) ;
#11070 = DIRECTION ( 'NONE',  ( -1.000000000000000000, 6.071532165918830700E-016, 0.0000000000000000000 ) ) ;
#11071 = CARTESIAN_POINT ( 'NONE',  ( 6.250000000000000000, 0.0000000000000000000, 248.0000000000000000 ) ) ;
#11072 = CARTESIAN_POINT ( 'NONE',  ( 2.449999999999999700, 19.27500000000000600, 71.99899999999999500 ) ) ;
#11073 = VERTEX_POINT ( 'NONE', #6393 ) ;
#11074 = CARTESIAN_POINT ( 'NONE',  ( 88.50000000000000000, 32.34999999999999400, 0.0000000000000000000 ) ) ;
#11075 = LINE ( 'NONE', #227, #4393 ) ;
#11076 = ADVANCED_FACE ( 'NONE', ( #5301 ), #9039, .F. ) ;
#11077 = VECTOR ( 'NONE', #5627, 1000.000000000000000 ) ;
#11078 = ORIENTED_EDGE ( 'NONE', *, *, #4842, .T. ) ;
#11079 = AXIS2_PLACEMENT_3D ( 'NONE', #7704, #2490, #8574 ) ;
#11080 = CARTESIAN_POINT ( 'NONE',  ( 1.217465839156301600, 0.3271848715738561200, -7.999999999999994700 ) ) ;
#11081 = LINE ( 'NONE', #370, #1840 ) ;
#11082 = ORIENTED_EDGE ( 'NONE', *, *, #8296, .F. ) ;
#11083 = CARTESIAN_POINT ( 'NONE',  ( 6.250000000000000000, 15.62500000000000000, 71.99899999999999500 ) ) ;
#11084 = CARTESIAN_POINT ( 'NONE',  ( 5.850000000000001400, -17.22500000000000100, 248.0000000000000000 ) ) ;
#11085 = CONTEXT_DEPENDENT_SHAPE_REPRESENTATION ( #2323, #5967 ) ;
#11086 = DIRECTION ( 'NONE',  ( -1.000000000000000000, -7.610399765575671300E-015, -0.0000000000000000000 ) ) ;
#11087 = DIRECTION ( 'NONE',  ( 1.000000000000000000, 0.0000000000000000000, 0.0000000000000000000 ) ) ;
#11088 = ORIENTED_EDGE ( 'NONE', *, *, #269, .F. ) ;
#11089 = CARTESIAN_POINT ( 'NONE',  ( 0.0000000000000000000, -4.000000000000000000, 0.0000000000000000000 ) ) ;
#11090 = LINE ( 'NONE', #9834, #8783 ) ;
#11091 = CARTESIAN_POINT ( 'NONE',  ( -88.47000000000001300, -65.54999999999999700, 0.0000000000000000000 ) ) ;
#11092 = FACE_OUTER_BOUND ( 'NONE', #8376, .T. ) ;
#11093 = ORIENTED_EDGE ( 'NONE', *, *, #928, .F. ) ;
#11094 = VERTEX_POINT ( 'NONE', #10776 ) ;
#11095 = CARTESIAN_POINT ( 'NONE',  ( -1.650000000000002100, -0.2159844817120958000, 1.500000000000000400 ) ) ;
#11096 = ADVANCED_FACE ( 'NONE', ( #5018 ), #8165, .F. ) ;
#11097 = VECTOR ( 'NONE', #7987, 1000.000000000000000 ) ;
#11098 = EDGE_CURVE ( 'NONE', #344, #3083, #2735, .T. ) ;
#11099 = EDGE_CURVE ( 'NONE', #7011, #5574, #418, .T. ) ;
#11100 = AXIS2_PLACEMENT_3D ( 'NONE', #1775, #7854, #2632 ) ;
#11101 = CARTESIAN_POINT ( 'NONE',  ( 1.249999999999998200, 0.1636245999212138100, -7.999999999999994700 ) ) ;
#11102 = CARTESIAN_POINT ( 'NONE',  ( -0.3999999999999999700, 3.824999999999999700, -1.510173831053895000 ) ) ;
#11103 = VECTOR ( 'NONE', #8538, 1000.000000000000000 ) ;
#11104 = EDGE_CURVE ( 'NONE', #9324, #7961, #7357, .T. ) ;
#11105 = DIRECTION ( 'NONE',  ( -0.0000000000000000000, -0.0000000000000000000, 1.000000000000000000 ) ) ;
#11106 = LINE ( 'NONE', #10543, #4141 ) ;
#11107 = EDGE_CURVE ( 'NONE', #7155, #6222, #9403, .T. ) ;
#11108 = EDGE_LOOP ( 'NONE', ( #7634, #3749 ) ) ;
#11109 = ORIENTED_EDGE ( 'NONE', *, *, #4074, .F. ) ;
#11110 = VERTEX_POINT ( 'NONE', #3011 ) ;
#11111 = ORIENTED_EDGE ( 'NONE', *, *, #8762, .F. ) ;
#11112 = CC_DESIGN_APPROVAL ( #10529, ( #8550 ) ) ;
#11113 = PERSON_AND_ORGANIZATION_ROLE ( 'classification_officer' ) ;
#11114 = CARTESIAN_POINT ( 'NONE',  ( -3.600000000000000500, -8.699999999999999300, 72.00000000000001400 ) ) ;
#11115 =( NAMED_UNIT ( * ) PLANE_ANGLE_UNIT ( ) SI_UNIT ( $, .RADIAN. ) );
#11116 = CARTESIAN_POINT ( 'NONE',  ( -88.50000000000009900, 3.500000000000007500, 0.0000000000000000000 ) ) ;
#11117 = CARTESIAN_POINT ( 'NONE',  ( -0.7500000000000000000, -7.233910794848550300E-032, -8.000000000000000000 ) ) ;
#11118 = DIRECTION ( 'NONE',  ( 0.0000000000000000000, -1.000000000000000000, 0.0000000000000000000 ) ) ;
#11119 = CARTESIAN_POINT ( 'NONE',  ( -1.319450280607486100, 1.014002097308120100, 1.500000000000000000 ) ) ;
#11120 = CARTESIAN_POINT ( 'NONE',  ( 1.145643923738960400, 0.0000000000000000000, 0.5000000000000000000 ) ) ;
#11121 = EDGE_CURVE ( 'NONE', #2605, #112, #9139, .T. ) ;
#11122 = VERTEX_POINT ( 'NONE', #4746 ) ;
#11123 = ORIENTED_EDGE ( 'NONE', *, *, #9741, .F. ) ;
#11124 = DATE_AND_TIME ( #2142, #4430 ) ;
#11125 = DIRECTION ( 'NONE',  ( -1.568643360214134800E-016, 1.000000000000000000, 0.0000000000000000000 ) ) ;
#11126 = CARTESIAN_POINT ( 'NONE',  ( -0.7681834123099718900, -0.9995835406563956500, -7.999999999999994700 ) ) ;
#11127 = CYLINDRICAL_SURFACE ( 'NONE', #8620, 1.800000000000000300 ) ;
#11128 = VERTEX_POINT ( 'NONE', #3876 ) ;
#11129 = DIRECTION ( 'NONE',  ( 0.0000000000000000000, 0.0000000000000000000, -1.000000000000000000 ) ) ;
#11130 = CARTESIAN_POINT ( 'NONE',  ( -88.50000000000000000, 0.1499999999999800100, 367.9104972384030200 ) ) ;
#11131 = CALENDAR_DATE ( 2023, 9, 11 ) ;
#11132 = DIRECTION ( 'NONE',  ( 0.0000000000000000000, -1.000000000000000000, 0.0000000000000000000 ) ) ;
#11133 = ORIENTED_EDGE ( 'NONE', *, *, #8661, .F. ) ;
#11134 = LINE ( 'NONE', #1264, #4167 ) ;
#11135 = DIRECTION ( 'NONE',  ( -1.000000000000000000, 0.0000000000000000000, 0.0000000000000000000 ) ) ;
#11136 = VERTEX_POINT ( 'NONE', #5626 ) ;
#11137 = CIRCLE ( 'NONE', #8166, 0.4000000000000001900 ) ;
#11138 = ORIENTED_EDGE ( 'NONE', *, *, #5682, .F. ) ;
#11139 = ORIENTED_EDGE ( 'NONE', *, *, #131, .T. ) ;
#11140 = EDGE_CURVE ( 'NONE', #814, #2566, #9693, .T. ) ;
#11141 = CARTESIAN_POINT ( 'NONE',  ( -0.9995835406563916600, -0.7681834123099760000, -7.999999999999994700 ) ) ;
#11142 = AXIS2_PLACEMENT_3D ( 'NONE', #4916, #11014, #5792 ) ;
#11143 = ADVANCED_FACE ( 'NONE', ( #139 ), #7390, .F. ) ;
#11144 = LOCAL_TIME ( 11, 17, 25.00000000000000000, #2167 ) ;
#11145 = ORIENTED_EDGE ( 'NONE', *, *, #10183, .T. ) ;
#11146 = DIRECTION ( 'NONE',  ( -1.000000000000000000, 0.0000000000000000000, 0.0000000000000000000 ) ) ;
#11147 = ADVANCED_FACE ( 'NONE', ( #4483, #4757 ), #464, .T. ) ;
#11148 = DIRECTION ( 'NONE',  ( -0.0000000000000000000, 1.000000000000000000, 0.0000000000000000000 ) ) ;
#11149 = PERSON_AND_ORGANIZATION ( #9810, #4463 ) ;
#11150 = DATE_TIME_ROLE ( 'classification_date' ) ;
#11151 = DIRECTION ( 'NONE',  ( -0.0000000000000000000, 1.000000000000000000, 0.0000000000000000000 ) ) ;
#11152 =( NAMED_UNIT ( * ) SI_UNIT ( $, .STERADIAN. ) SOLID_ANGLE_UNIT ( ) );
#11153 = AXIS2_PLACEMENT_3D ( 'NONE', #10343, #778, #7731 ) ;
#11154 = CARTESIAN_POINT ( 'NONE',  ( -3.600000000000000100, 9.475000000000001400, 248.0000000000000000 ) ) ;
#11155 = DIRECTION ( 'NONE',  ( 1.000000000000000000, 0.0000000000000000000, 0.0000000000000000000 ) ) ;
#11156 = CARTESIAN_POINT ( 'NONE',  ( 0.4318840214085270000, -1.607054911442789900, 1.500000000000000000 ) ) ;
#11157 = DIRECTION ( 'NONE',  ( -1.176083712526651900E-016, 1.000000000000000000, 0.0000000000000000000 ) ) ;
#11158 = CARTESIAN_POINT ( 'NONE',  ( -0.3271848715738389600, 1.217465839156310000, -7.500000000000000000 ) ) ;
#11159 = CARTESIAN_POINT ( 'NONE',  ( 6.250000000000000000, -17.22500000000000100, 72.00000000000001400 ) ) ;
#11160 = SHAPE_REPRESENTATION_RELATIONSHIP ( 'NONE' , 'NONE' ,  #9691, #1038 ) ;
#11161 = ORIENTED_EDGE ( 'NONE', *, *, #9295, .F. ) ;
#11162 = DIRECTION ( 'NONE',  ( -0.0000000000000000000, -0.0000000000000000000, -1.000000000000000000 ) ) ;
#11163 = AXIS2_PLACEMENT_3D ( 'NONE', #6112, #9562, #871 ) ;
#11164 = AXIS2_PLACEMENT_3D ( 'NONE', #2013, #8093, #2875 ) ;
#11165 = DIRECTION ( 'NONE',  ( 1.000000000000000000, 0.0000000000000000000, 0.0000000000000000000 ) ) ;
#11166 = CARTESIAN_POINT ( 'NONE',  ( -4.000000000000000000, 0.0000000000000000000, 0.5000000000000000000 ) ) ;
#11167 = DIRECTION ( 'NONE',  ( 1.000000000000000000, 7.610399765575671300E-015, 0.0000000000000000000 ) ) ;
#11168 = EDGE_CURVE ( 'NONE', #2995, #6078, #8858, .T. ) ;
#11169 = VERTEX_POINT ( 'NONE', #5663 ) ;
#11170 = VERTEX_POINT ( 'NONE', #3094 ) ;
#11171 = ORIENTED_EDGE ( 'NONE', *, *, #1229, .T. ) ;
#11172 = EDGE_CURVE ( 'NONE', #896, #11122, #1914, .T. ) ;
#11173 = VERTEX_POINT ( 'NONE', #4829 ) ;
#11174 = VECTOR ( 'NONE', #6535, 1000.000000000000000 ) ;
#11175 = EDGE_LOOP ( 'NONE', ( #3748, #4723, #11035, #10314 ) ) ;
#11176 = ORIENTED_EDGE ( 'NONE', *, *, #4238, .T. ) ;
#11177 = CARTESIAN_POINT ( 'NONE',  ( -0.1636245999211765100, 1.250000000000000000, -7.500000000000000000 ) ) ;
#11178 = ORIENTED_EDGE ( 'NONE', *, *, #268, .F. ) ;
#11179 = PLANE ( 'NONE',  #3496 ) ;
#11180 = CARTESIAN_POINT ( 'NONE',  ( 0.7681833999686434900, -0.9995835529977253900, -7.500000000000000000 ) ) ;
#11181 = DIRECTION ( 'NONE',  ( 1.000000000000000000, 6.071532165918830700E-016, 0.0000000000000000000 ) ) ;
#11182 = CARTESIAN_POINT ( 'NONE',  ( 6.250000000000000000, 12.50000000000000000, 248.0000000000000000 ) ) ;
#11183 = CC_DESIGN_DATE_AND_TIME_ASSIGNMENT ( #105, #4675, ( #10020 ) ) ;
#11184 = LINE ( 'NONE', #3173, #4218 ) ;
#11185 = ORIENTED_EDGE ( 'NONE', *, *, #3871, .T. ) ;
#11186 = ORIENTED_EDGE ( 'NONE', *, *, #1088, .T. ) ;
#11187 = EDGE_LOOP ( 'NONE', ( #4686, #5255, #6524, #9964 ) ) ;
#11188 = LINE ( 'NONE', #822, #6545 ) ;
#11189 = CC_DESIGN_APPROVAL ( #10601, ( #9441 ) ) ;
#11190 = DIRECTION ( 'NONE',  ( -1.000000000000000000, 0.0000000000000000000, 0.0000000000000000000 ) ) ;
#11191 = APPROVAL_ROLE ( '' ) ;
#11192 = PLANE ( 'NONE',  #2392 ) ;
#11193 = DIRECTION ( 'NONE',  ( -1.000000000000000000, -4.201069643456264900E-034, -1.355252715606880100E-020 ) ) ;
#11194 = CARTESIAN_POINT ( 'NONE',  ( 5.850000000000001400, -13.17499999999999900, 72.00000000000001400 ) ) ;
#11195 = CARTESIAN_POINT ( 'NONE',  ( 2.243095548590687400, 2.918783954071106500, 1.499999999999996900 ) ) ;
#11196 = PLANE ( 'NONE',  #5538 ) ;
#11197 = CIRCLE ( 'NONE', #4453, 0.2000000000000000900 ) ;
#11198 = ADVANCED_FACE ( 'NONE', ( #8586 ), #10056, .F. ) ;
#11199 = ORIENTED_EDGE ( 'NONE', *, *, #2426, .F. ) ;
#11200 = VECTOR ( 'NONE', #8486, 1000.000000000000000 ) ;
#11201 = CARTESIAN_POINT ( 'NONE',  ( 0.9995835406563852200, -0.7681834123099839900, -7.500000000000000000 ) ) ;
#11202 = ORGANIZATION ( 'NAUO-ORG18', 'UNSPECIFIED', 'UNSPECIFIED' ) ;
#11203 = CARTESIAN_POINT ( 'NONE',  ( 2.449999999999999700, -17.42500000000000100, 248.0000000000000000 ) ) ;
#11204 = EDGE_CURVE ( 'NONE', #1745, #6992, #2192, .T. ) ;
#11205 = EDGE_LOOP ( 'NONE', ( #8786, #3872, #5461, #3890 ) ) ;
#11206 = EDGE_CURVE ( 'NONE', #8729, #7326, #6254, .T. ) ;
#11207 = CIRCLE ( 'NONE', #648, 1.899999999999999000 ) ;
#11208 = CARTESIAN_POINT ( 'NONE',  ( -0.2159844817121070500, 1.649999999999999900, 1.500000000000000000 ) ) ;
#11209 = CARTESIAN_POINT ( 'NONE',  ( 2.295056433026239100, -1.600000000000000100, 1.499503652646089200 ) ) ;
#11210 = AXIS2_PLACEMENT_3D ( 'NONE', #43, #7848, #6117 ) ;
#11211 = CIRCLE ( 'NONE', #7941, 2.000000000000000000 ) ;
#11212 = CARTESIAN_POINT ( 'NONE',  ( 88.50000000000001400, 23.22500000000000100, 17.00000000000000000 ) ) ;
#11213 = CARTESIAN_POINT ( 'NONE',  ( -88.50000000000001400, 23.22500000000000100, 168.0000000000000000 ) ) ;
#11214 = CIRCLE ( 'NONE', #10872, 0.4000000000000001900 ) ;
#11215 = CALENDAR_DATE ( 2023, 9, 11 ) ;
#11216 = ORIENTED_EDGE ( 'NONE', *, *, #9554, .F. ) ;
#11217 = CARTESIAN_POINT ( 'NONE',  ( 0.7681834123099818800, -0.9995835406563859900, -7.500000000000000000 ) ) ;
#11218 = VECTOR ( 'NONE', #8747, 1000.000000000000000 ) ;
#11219 = CARTESIAN_POINT ( 'NONE',  ( 0.5000000000000006700, -4.001000000000000300, -1.145643923738960400 ) ) ;
#11220 = CARTESIAN_POINT ( 'NONE',  ( 1.200000000000000000, -10.02499999999999900, -0.001000000000000999900 ) ) ;
#11221 = ORIENTED_EDGE ( 'NONE', *, *, #1199, .T. ) ;
#11222 = FACE_OUTER_BOUND ( 'NONE', #9313, .T. ) ;
#11223 = DIRECTION ( 'NONE',  ( 1.000000000000000000, -6.071532165918830700E-016, -0.0000000000000000000 ) ) ;
#11224 = LINE ( 'NONE', #6359, #10934 ) ;
#11225 = DATE_AND_TIME ( #2239, #4532 ) ;
#11226 = EDGE_CURVE ( 'NONE', #7, #7480, #6528, .T. ) ;
#11227 = AXIS2_PLACEMENT_3D ( 'NONE', #4960, #5832, #655 ) ;
#11228 = ORIENTED_EDGE ( 'NONE', *, *, #6498, .T. ) ;
#11229 = FACE_OUTER_BOUND ( 'NONE', #3357, .T. ) ;
#11230 = ORIENTED_EDGE ( 'NONE', *, *, #2310, .T. ) ;
#11231 = DIRECTION ( 'NONE',  ( -0.0000000000000000000, 1.000000000000000000, -0.0000000000000000000 ) ) ;
#11232 = VECTOR ( 'NONE', #2152, 1000.000000000000000 ) ;
#11233 = APPROVAL_STATUS ( 'not_yet_approved' ) ;
#11234 = PLANE ( 'NONE',  #3550 ) ;
#11235 = CARTESIAN_POINT ( 'NONE',  ( 0.0000000000000000000, 32.50000000000000000, 0.0000000000000000000 ) ) ;
#11236 = CARTESIAN_POINT ( 'NONE',  ( 0.09817475995270479000, -0.7500000000000088800, -8.000000000000000000 ) ) ;
#11237 = DIRECTION ( 'NONE',  ( 1.000000000000000000, 0.0000000000000000000, 0.0000000000000000000 ) ) ;
#11238 = CARTESIAN_POINT ( 'NONE',  ( -3.555000258646241900, -0.9553798049339959900, 1.499999999999996900 ) ) ;
#11239 = COORDINATED_UNIVERSAL_TIME_OFFSET ( 1, 0, .AHEAD. ) ;
#11240 = CARTESIAN_POINT ( 'NONE',  ( -88.47000000000001300, -65.54999999999999700, 0.0000000000000000000 ) ) ;
#11241 = DIRECTION ( 'NONE',  ( -0.0000000000000000000, -0.0000000000000000000, -1.000000000000000000 ) ) ;
#11242 = ORIENTED_EDGE ( 'NONE', *, *, #9030, .F. ) ;
#11243 = VECTOR ( 'NONE', #2007, 1000.000000000000000 ) ;
#11244 = VERTEX_POINT ( 'NONE', #10961 ) ;
#11245 = LINE ( 'NONE', #682, #8928 ) ;
#11246 = CARTESIAN_POINT ( 'NONE',  ( -1.250000000000000000, 1.530808498934190100E-016, -7.500000000000000000 ) ) ;
#11247 = CIRCLE ( 'NONE', #7666, 0.4000000000000001900 ) ;
#11248 = VERTEX_POINT ( 'NONE', #6621 ) ;
#11249 = ORIENTED_EDGE ( 'NONE', *, *, #4842, .F. ) ;
#11250 = VERTEX_POINT ( 'NONE', #545 ) ;
#11251 = CARTESIAN_POINT ( 'NONE',  ( -0.8309713053962809500, -1.441747545844436000, 1.500000000000000000 ) ) ;
#11252 = ORIENTED_EDGE ( 'NONE', *, *, #9896, .F. ) ;
#11253 = DIRECTION ( 'NONE',  ( 0.0000000000000000000, 0.0000000000000000000, -1.000000000000000000 ) ) ;
#11254 = CARTESIAN_POINT ( 'NONE',  ( 88.49999999999998600, 27.52500000000000200, 17.00000000000000000 ) ) ;
#11255 = PERSON ( 'NAUO-PER22', 'UNSPECIFIED', 'UNSPECIFIED', ('UNSPECIFIED'), ('UNSPECIFIED'), ('UNSPECIFIED') ) ;
#11256 = ORIENTED_EDGE ( 'NONE', *, *, #3374, .T. ) ;
#11257 = FACE_BOUND ( 'NONE', #774, .T. ) ;
#11258 = CARTESIAN_POINT ( 'NONE',  ( 86.50000000000001400, 3.500000000000000000, 185.0000000000000000 ) ) ;
#11259 = EDGE_CURVE ( 'NONE', #9692, #8433, #8309, .T. ) ;
#11260 = LINE ( 'NONE', #5042, #6610 ) ;
#11261 = EDGE_CURVE ( 'NONE', #8408, #2074, #10620, .T. ) ;
#11262 = ORIENTED_EDGE ( 'NONE', *, *, #4003, .T. ) ;
#11263 = VERTEX_POINT ( 'NONE', #10996 ) ;
#11264 = PRODUCT_DEFINITION_FORMATION_WITH_SPECIFIED_SOURCE ( 'ANY', '', #10657, .NOT_KNOWN. ) ;
#11265 = AXIS2_PLACEMENT_3D ( 'NONE', #3801, #9924, #4681 ) ;
#11266 = EDGE_LOOP ( 'NONE', ( #4798, #8541, #1654, #9963 ) ) ;
#11267 = AXIS2_PLACEMENT_3D ( 'NONE', #595, #6666, #1467 ) ;
#11268 = DIRECTION ( 'NONE',  ( 0.0000000000000000000, 0.0000000000000000000, 1.000000000000000000 ) ) ;
#11269 = CARTESIAN_POINT ( 'NONE',  ( 5.850000000000001400, 20.89999999999999900, 72.00000000000001400 ) ) ;
#11270 = CARTESIAN_POINT ( 'NONE',  ( 0.0000000000000000000, 1.136868377216160300E-010, 0.0000000000000000000 ) ) ;
#11271 = EDGE_LOOP ( 'NONE', ( #9106, #6584, #5931, #8932 ) ) ;
#11272 = EDGE_CURVE ( 'NONE', #3210, #6953, #10350, .T. ) ;
#11273 = CC_DESIGN_PERSON_AND_ORGANIZATION_ASSIGNMENT ( #8225, #5919, ( #8329 ) ) ;
#11274 = LINE ( 'NONE', #6633, #8953 ) ;
#11275 = ORIENTED_EDGE ( 'NONE', *, *, #3111, .F. ) ;
#11276 = EDGE_CURVE ( 'NONE', #8973, #7567, #1376, .T. ) ;
#11277 = APPROVAL_PERSON_ORGANIZATION ( #2278, #2012, #10843 ) ;
#11278 = CIRCLE ( 'NONE', #5066, 0.4000000000000001900 ) ;
#11279 = CARTESIAN_POINT ( 'NONE',  ( -0.4000000000000000200, -3.125000000000000000, 248.0000000000000000 ) ) ;
#11280 = DIRECTION ( 'NONE',  ( -1.040834085586083900E-016, 1.000000000000000000, 0.0000000000000000000 ) ) ;
#11281 = SECURITY_CLASSIFICATION ( '', '', #660 ) ;
#11282 = LINE ( 'NONE', #6033, #4320 ) ;
#11283 = SECURITY_CLASSIFICATION_LEVEL ( 'unclassified' ) ;
#11284 = ORIENTED_EDGE ( 'NONE', *, *, #5764, .F. ) ;
#11285 = PLANE ( 'NONE',  #5291 ) ;
#11286 = DIRECTION ( 'NONE',  ( 2.775557561562895000E-017, -1.000000000000000000, -2.220446049250315100E-016 ) ) ;
#11287 = CARTESIAN_POINT ( 'NONE',  ( -4.899999999999999500, 9.274999999999998600, 72.00000000000001400 ) ) ;
#11288 = B_SPLINE_CURVE_WITH_KNOTS ( 'NONE', 3,
 ( #8719, #924, #7003, #1810, #7888, #2679, #8753, #3537, #9653, #4403, #10501, #5284, #88, #6156 ),
 .UNSPECIFIED., .F., .F.,
 ( 4, 2, 2, 2, 2, 2, 4 ),
 ( 0.0000000000000000000, 0.0006779370042854725700, 0.001016905506428208200, 0.001355874008570943800, 0.001694842510713679500, 0.002033811012856415100, 0.002711748017141887200 ),
 .UNSPECIFIED. ) ;
#11289 = NEXT_ASSEMBLY_USAGE_OCCURRENCE ( 'NAUO1', ' ', ' ', #9732, #39, $ ) ;
#11290 = NEXT_ASSEMBLY_USAGE_OCCURRENCE ( 'NAUO2', ' ', ' ', #9732, #1414, $ ) ;
#11291 = NEXT_ASSEMBLY_USAGE_OCCURRENCE ( 'NAUO3', ' ', ' ', #9732, #1414, $ ) ;
#11292 = NEXT_ASSEMBLY_USAGE_OCCURRENCE ( 'NAUO4', ' ', ' ', #9732, #2808, $ ) ;
#11293 = NEXT_ASSEMBLY_USAGE_OCCURRENCE ( 'NAUO5', ' ', ' ', #9732, #2808, $ ) ;
#11294 = NEXT_ASSEMBLY_USAGE_OCCURRENCE ( 'NAUO6', ' ', ' ', #9732, #2808, $ ) ;
#11295 = NEXT_ASSEMBLY_USAGE_OCCURRENCE ( 'NAUO7', ' ', ' ', #9732, #2808, $ ) ;
#11296 = NEXT_ASSEMBLY_USAGE_OCCURRENCE ( 'NAUO8', ' ', ' ', #9732, #4162, $ ) ;
#11297 = NEXT_ASSEMBLY_USAGE_OCCURRENCE ( 'NAUO9', ' ', ' ', #9732, #5552, $ ) ;
#11298 = NEXT_ASSEMBLY_USAGE_OCCURRENCE ( 'NAUO10', ' ', ' ', #9732, #5552, $ ) ;
#11299 = NEXT_ASSEMBLY_USAGE_OCCURRENCE ( 'NAUO11', ' ', ' ', #9732, #6946, $ ) ;
#11300 = NEXT_ASSEMBLY_USAGE_OCCURRENCE ( 'NAUO12', ' ', ' ', #9732, #6946, $ ) ;
#11301 = NEXT_ASSEMBLY_USAGE_OCCURRENCE ( 'NAUO13', ' ', ' ', #9732, #6946, $ ) ;
#11302 = NEXT_ASSEMBLY_USAGE_OCCURRENCE ( 'NAUO14', ' ', ' ', #9732, #6946, $ ) ;
#11303 = NEXT_ASSEMBLY_USAGE_OCCURRENCE ( 'NAUO15', ' ', ' ', #9732, #8322, $ ) ;
#11304 = NEXT_ASSEMBLY_USAGE_OCCURRENCE ( 'NAUO16', ' ', ' ', #9732, #8322, $ ) ;
#11305 = NEXT_ASSEMBLY_USAGE_OCCURRENCE ( 'NAUO17', ' ', ' ', #9732, #8322, $ ) ;
#11306 = NEXT_ASSEMBLY_USAGE_OCCURRENCE ( 'NAUO18', ' ', ' ', #9732, #8322, $ ) ;
#11307 = NEXT_ASSEMBLY_USAGE_OCCURRENCE ( 'NAUO19', ' ', ' ', #9732, #8322, $ ) ;
#11308 = NEXT_ASSEMBLY_USAGE_OCCURRENCE ( 'NAUO20', ' ', ' ', #9732, #8322, $ ) ;
#11309 = NEXT_ASSEMBLY_USAGE_OCCURRENCE ( 'NAUO21', ' ', ' ', #9732, #8322, $ ) ;
#11310 = NEXT_ASSEMBLY_USAGE_OCCURRENCE ( 'NAUO22', ' ', ' ', #9732, #8322, $ ) ;
ENDSEC;
END-ISO-10303-21;
