ISO-10303-21;
HEADER;
/* Generated by software containing ST-Developer
 * from STEP Tools, Inc. (www.steptools.com) 
 */
/* OPTION: using custom renumber hook */

FILE_DESCRIPTION(
/* description */ ('STEP AP242',
'CAx-IF Rec.Pracs.---Representation and Presentation of Product Manufa
cturing Information (PMI)---4.0---2014-10-13',
'CAx-IF Rec.Pracs.---3D Tessellated Geometry---0.4---2014-09-14','2;1'),

/* implementation_level */ '2;1');

FILE_NAME(
/* name */ 'TFM-125-01-L-D-RE1-WT',
/* time_stamp */ '2026-05-06T19:50:31+02:00',
/* author */ ('License CC BY-ND 4.0'),
/* organization */ ('CADENAS'),
/* preprocessor_version */ 'ST-DEVELOPER v20',
/* originating_system */ 'PARTsolutions',
/* authorisation */ '  ');

FILE_SCHEMA (('AP242_MANAGED_MODEL_BASED_3D_ENGINEERING_MIM_LF { 1 0 10303 442 1 1 4 }'));
ENDSEC;

DATA;
#10=CYLINDRICAL_SURFACE('',#11507,0.009);
#11=CYLINDRICAL_SURFACE('',#11509,0.009);
#12=CYLINDRICAL_SURFACE('',#11511,0.009);
#13=CYLINDRICAL_SURFACE('',#11513,0.009);
#14=CYLINDRICAL_SURFACE('',#11515,0.009);
#15=CYLINDRICAL_SURFACE('',#11517,0.009);
#16=CYLINDRICAL_SURFACE('',#11519,0.009);
#17=CYLINDRICAL_SURFACE('',#11521,0.009);
#18=CYLINDRICAL_SURFACE('',#11523,0.009);
#19=CYLINDRICAL_SURFACE('',#11525,0.009);
#20=CYLINDRICAL_SURFACE('',#11527,0.009);
#21=CYLINDRICAL_SURFACE('',#11529,0.009);
#22=CYLINDRICAL_SURFACE('',#11531,0.009);
#23=CYLINDRICAL_SURFACE('',#11533,0.009);
#24=CYLINDRICAL_SURFACE('',#11535,0.009);
#25=CYLINDRICAL_SURFACE('',#11537,0.009);
#26=CYLINDRICAL_SURFACE('',#11539,0.009);
#27=CYLINDRICAL_SURFACE('',#11541,0.009);
#28=CYLINDRICAL_SURFACE('',#11543,0.009);
#29=CYLINDRICAL_SURFACE('',#11545,0.009);
#30=CYLINDRICAL_SURFACE('',#11547,0.009);
#31=CYLINDRICAL_SURFACE('',#11549,0.009);
#32=CYLINDRICAL_SURFACE('',#11551,0.009);
#33=CYLINDRICAL_SURFACE('',#11553,0.009);
#34=CYLINDRICAL_SURFACE('',#11555,0.009);
#35=CYLINDRICAL_SURFACE('',#11557,0.009);
#36=CYLINDRICAL_SURFACE('',#11559,0.009);
#37=CYLINDRICAL_SURFACE('',#11561,0.009);
#38=CYLINDRICAL_SURFACE('',#11563,0.009);
#39=CYLINDRICAL_SURFACE('',#11565,0.009);
#40=CYLINDRICAL_SURFACE('',#11567,0.009);
#41=CYLINDRICAL_SURFACE('',#11569,0.009);
#42=CYLINDRICAL_SURFACE('',#11571,0.009);
#43=CYLINDRICAL_SURFACE('',#11573,0.009);
#44=CYLINDRICAL_SURFACE('',#11575,0.009);
#45=CYLINDRICAL_SURFACE('',#11577,0.009);
#46=CYLINDRICAL_SURFACE('',#11579,0.009);
#47=CYLINDRICAL_SURFACE('',#11581,0.009);
#48=CYLINDRICAL_SURFACE('',#11583,0.009);
#49=CYLINDRICAL_SURFACE('',#11585,0.009);
#50=CYLINDRICAL_SURFACE('',#11587,0.009);
#51=CYLINDRICAL_SURFACE('',#11589,0.009);
#52=CYLINDRICAL_SURFACE('',#11591,0.009);
#53=CYLINDRICAL_SURFACE('',#11593,0.009);
#54=CYLINDRICAL_SURFACE('',#11595,0.009);
#55=CYLINDRICAL_SURFACE('',#11597,0.009);
#56=CYLINDRICAL_SURFACE('',#11599,0.009);
#57=CYLINDRICAL_SURFACE('',#11601,0.009);
#58=CYLINDRICAL_SURFACE('',#11603,0.009);
#59=CYLINDRICAL_SURFACE('',#11605,0.009);
#60=CYLINDRICAL_SURFACE('',#11788,0.00500000000000001);
#61=CYLINDRICAL_SURFACE('',#11791,0.00500000000000001);
#62=CYLINDRICAL_SURFACE('',#11794,0.00500000000000001);
#63=CYLINDRICAL_SURFACE('',#11797,0.00500000000000001);
#64=CYLINDRICAL_SURFACE('',#11800,0.00500000000000001);
#65=CYLINDRICAL_SURFACE('',#11803,0.00500000000000001);
#66=CYLINDRICAL_SURFACE('',#11806,0.00500000000000001);
#67=CYLINDRICAL_SURFACE('',#11809,0.00500000000000001);
#68=CYLINDRICAL_SURFACE('',#11812,0.00500000000000001);
#69=CYLINDRICAL_SURFACE('',#11815,0.00500000000000001);
#70=CYLINDRICAL_SURFACE('',#11818,0.00500000000000001);
#71=CYLINDRICAL_SURFACE('',#11821,0.00500000000000001);
#72=CYLINDRICAL_SURFACE('',#11824,0.00500000000000001);
#73=CYLINDRICAL_SURFACE('',#11827,0.00500000000000001);
#74=CYLINDRICAL_SURFACE('',#11830,0.00500000000000001);
#75=CYLINDRICAL_SURFACE('',#11833,0.00500000000000001);
#76=CYLINDRICAL_SURFACE('',#11836,0.00500000000000001);
#77=CYLINDRICAL_SURFACE('',#11839,0.00500000000000001);
#78=CYLINDRICAL_SURFACE('',#11842,0.00500000000000001);
#79=CYLINDRICAL_SURFACE('',#11845,0.00500000000000001);
#80=CYLINDRICAL_SURFACE('',#11848,0.00500000000000001);
#81=CYLINDRICAL_SURFACE('',#11851,0.00500000000000001);
#82=CYLINDRICAL_SURFACE('',#11854,0.00500000000000001);
#83=CYLINDRICAL_SURFACE('',#11857,0.00500000000000001);
#84=CYLINDRICAL_SURFACE('',#11860,0.00500000000000001);
#85=CYLINDRICAL_SURFACE('',#11913,0.01);
#86=CYLINDRICAL_SURFACE('',#11916,0.01);
#87=CYLINDRICAL_SURFACE('',#11919,0.01);
#88=CYLINDRICAL_SURFACE('',#11922,0.01);
#89=CYLINDRICAL_SURFACE('',#11925,0.01);
#90=CYLINDRICAL_SURFACE('',#11928,0.01);
#91=CYLINDRICAL_SURFACE('',#11931,0.01);
#92=CYLINDRICAL_SURFACE('',#11934,0.01);
#93=CYLINDRICAL_SURFACE('',#11937,0.01);
#94=CYLINDRICAL_SURFACE('',#11940,0.01);
#95=CYLINDRICAL_SURFACE('',#11943,0.01);
#96=CYLINDRICAL_SURFACE('',#11946,0.01);
#97=CYLINDRICAL_SURFACE('',#11949,0.01);
#98=CYLINDRICAL_SURFACE('',#11952,0.01);
#99=CYLINDRICAL_SURFACE('',#11955,0.01);
#100=CYLINDRICAL_SURFACE('',#11958,0.01);
#101=CYLINDRICAL_SURFACE('',#11961,0.01);
#102=CYLINDRICAL_SURFACE('',#11964,0.01);
#103=CYLINDRICAL_SURFACE('',#11967,0.01);
#104=CYLINDRICAL_SURFACE('',#11970,0.01);
#105=CYLINDRICAL_SURFACE('',#11973,0.01);
#106=CYLINDRICAL_SURFACE('',#11976,0.01);
#107=CYLINDRICAL_SURFACE('',#11979,0.01);
#108=CYLINDRICAL_SURFACE('',#11982,0.01);
#109=CYLINDRICAL_SURFACE('',#11985,0.01);
#110=CYLINDRICAL_SURFACE('',#12038,0.00500000000000001);
#111=CYLINDRICAL_SURFACE('',#12041,0.00500000000000001);
#112=CYLINDRICAL_SURFACE('',#12044,0.00500000000000001);
#113=CYLINDRICAL_SURFACE('',#12047,0.00500000000000001);
#114=CYLINDRICAL_SURFACE('',#12050,0.00500000000000001);
#115=CYLINDRICAL_SURFACE('',#12053,0.00500000000000001);
#116=CYLINDRICAL_SURFACE('',#12056,0.00500000000000001);
#117=CYLINDRICAL_SURFACE('',#12059,0.00500000000000001);
#118=CYLINDRICAL_SURFACE('',#12062,0.00500000000000001);
#119=CYLINDRICAL_SURFACE('',#12065,0.00500000000000001);
#120=CYLINDRICAL_SURFACE('',#12068,0.00500000000000001);
#121=CYLINDRICAL_SURFACE('',#12071,0.00500000000000001);
#122=CYLINDRICAL_SURFACE('',#12074,0.00500000000000001);
#123=CYLINDRICAL_SURFACE('',#12077,0.00500000000000001);
#124=CYLINDRICAL_SURFACE('',#12080,0.00500000000000001);
#125=CYLINDRICAL_SURFACE('',#12083,0.00500000000000001);
#126=CYLINDRICAL_SURFACE('',#12086,0.00500000000000001);
#127=CYLINDRICAL_SURFACE('',#12089,0.00500000000000001);
#128=CYLINDRICAL_SURFACE('',#12092,0.00500000000000001);
#129=CYLINDRICAL_SURFACE('',#12095,0.00500000000000001);
#130=CYLINDRICAL_SURFACE('',#12098,0.00500000000000001);
#131=CYLINDRICAL_SURFACE('',#12101,0.00500000000000001);
#132=CYLINDRICAL_SURFACE('',#12104,0.00500000000000001);
#133=CYLINDRICAL_SURFACE('',#12107,0.00500000000000001);
#134=CYLINDRICAL_SURFACE('',#12110,0.00500000000000001);
#135=CYLINDRICAL_SURFACE('',#12138,0.01);
#136=CYLINDRICAL_SURFACE('',#12141,0.01);
#137=CYLINDRICAL_SURFACE('',#12144,0.01);
#138=CYLINDRICAL_SURFACE('',#12147,0.01);
#139=CYLINDRICAL_SURFACE('',#12150,0.01);
#140=CYLINDRICAL_SURFACE('',#12153,0.01);
#141=CYLINDRICAL_SURFACE('',#12156,0.01);
#142=CYLINDRICAL_SURFACE('',#12159,0.01);
#143=CYLINDRICAL_SURFACE('',#12162,0.01);
#144=CYLINDRICAL_SURFACE('',#12165,0.01);
#145=CYLINDRICAL_SURFACE('',#12168,0.01);
#146=CYLINDRICAL_SURFACE('',#12171,0.01);
#147=CYLINDRICAL_SURFACE('',#12174,0.01);
#148=CYLINDRICAL_SURFACE('',#12177,0.01);
#149=CYLINDRICAL_SURFACE('',#12180,0.01);
#150=CYLINDRICAL_SURFACE('',#12183,0.01);
#151=CYLINDRICAL_SURFACE('',#12186,0.01);
#152=CYLINDRICAL_SURFACE('',#12189,0.01);
#153=CYLINDRICAL_SURFACE('',#12192,0.01);
#154=CYLINDRICAL_SURFACE('',#12195,0.01);
#155=CYLINDRICAL_SURFACE('',#12198,0.01);
#156=CYLINDRICAL_SURFACE('',#12201,0.01);
#157=CYLINDRICAL_SURFACE('',#12204,0.01);
#158=CYLINDRICAL_SURFACE('',#12207,0.01);
#159=CYLINDRICAL_SURFACE('',#12210,0.01);
#160=CIRCLE('',#11457,0.009);
#161=CIRCLE('',#11458,0.009);
#162=CIRCLE('',#11459,0.009);
#163=CIRCLE('',#11460,0.009);
#164=CIRCLE('',#11461,0.009);
#165=CIRCLE('',#11462,0.009);
#166=CIRCLE('',#11463,0.009);
#167=CIRCLE('',#11464,0.009);
#168=CIRCLE('',#11465,0.009);
#169=CIRCLE('',#11466,0.009);
#170=CIRCLE('',#11467,0.009);
#171=CIRCLE('',#11468,0.009);
#172=CIRCLE('',#11469,0.009);
#173=CIRCLE('',#11470,0.009);
#174=CIRCLE('',#11471,0.009);
#175=CIRCLE('',#11472,0.009);
#176=CIRCLE('',#11473,0.009);
#177=CIRCLE('',#11474,0.009);
#178=CIRCLE('',#11475,0.009);
#179=CIRCLE('',#11476,0.009);
#180=CIRCLE('',#11477,0.009);
#181=CIRCLE('',#11478,0.009);
#182=CIRCLE('',#11479,0.009);
#183=CIRCLE('',#11480,0.009);
#184=CIRCLE('',#11481,0.009);
#185=CIRCLE('',#11482,0.009);
#186=CIRCLE('',#11483,0.009);
#187=CIRCLE('',#11484,0.009);
#188=CIRCLE('',#11485,0.009);
#189=CIRCLE('',#11486,0.009);
#190=CIRCLE('',#11487,0.009);
#191=CIRCLE('',#11488,0.009);
#192=CIRCLE('',#11489,0.009);
#193=CIRCLE('',#11490,0.009);
#194=CIRCLE('',#11491,0.009);
#195=CIRCLE('',#11492,0.009);
#196=CIRCLE('',#11493,0.009);
#197=CIRCLE('',#11494,0.009);
#198=CIRCLE('',#11495,0.009);
#199=CIRCLE('',#11496,0.009);
#200=CIRCLE('',#11497,0.009);
#201=CIRCLE('',#11498,0.009);
#202=CIRCLE('',#11499,0.009);
#203=CIRCLE('',#11500,0.009);
#204=CIRCLE('',#11501,0.009);
#205=CIRCLE('',#11502,0.009);
#206=CIRCLE('',#11503,0.009);
#207=CIRCLE('',#11504,0.009);
#208=CIRCLE('',#11505,0.009);
#209=CIRCLE('',#11506,0.009);
#210=CIRCLE('',#11508,0.009);
#211=CIRCLE('',#11510,0.009);
#212=CIRCLE('',#11512,0.009);
#213=CIRCLE('',#11514,0.009);
#214=CIRCLE('',#11516,0.009);
#215=CIRCLE('',#11518,0.009);
#216=CIRCLE('',#11520,0.009);
#217=CIRCLE('',#11522,0.009);
#218=CIRCLE('',#11524,0.009);
#219=CIRCLE('',#11526,0.009);
#220=CIRCLE('',#11528,0.009);
#221=CIRCLE('',#11530,0.009);
#222=CIRCLE('',#11532,0.009);
#223=CIRCLE('',#11534,0.009);
#224=CIRCLE('',#11536,0.009);
#225=CIRCLE('',#11538,0.009);
#226=CIRCLE('',#11540,0.009);
#227=CIRCLE('',#11542,0.009);
#228=CIRCLE('',#11544,0.009);
#229=CIRCLE('',#11546,0.009);
#230=CIRCLE('',#11548,0.009);
#231=CIRCLE('',#11550,0.009);
#232=CIRCLE('',#11552,0.009);
#233=CIRCLE('',#11554,0.009);
#234=CIRCLE('',#11556,0.009);
#235=CIRCLE('',#11558,0.009);
#236=CIRCLE('',#11560,0.009);
#237=CIRCLE('',#11562,0.009);
#238=CIRCLE('',#11564,0.009);
#239=CIRCLE('',#11566,0.009);
#240=CIRCLE('',#11568,0.009);
#241=CIRCLE('',#11570,0.009);
#242=CIRCLE('',#11572,0.009);
#243=CIRCLE('',#11574,0.009);
#244=CIRCLE('',#11576,0.009);
#245=CIRCLE('',#11578,0.009);
#246=CIRCLE('',#11580,0.009);
#247=CIRCLE('',#11582,0.009);
#248=CIRCLE('',#11584,0.009);
#249=CIRCLE('',#11586,0.009);
#250=CIRCLE('',#11588,0.009);
#251=CIRCLE('',#11590,0.009);
#252=CIRCLE('',#11592,0.009);
#253=CIRCLE('',#11594,0.009);
#254=CIRCLE('',#11596,0.009);
#255=CIRCLE('',#11598,0.009);
#256=CIRCLE('',#11600,0.009);
#257=CIRCLE('',#11602,0.009);
#258=CIRCLE('',#11604,0.009);
#259=CIRCLE('',#11606,0.009);
#260=CIRCLE('',#11789,0.00500000000000001);
#261=CIRCLE('',#11790,0.00500000000000001);
#262=CIRCLE('',#11792,0.00500000000000001);
#263=CIRCLE('',#11793,0.00500000000000001);
#264=CIRCLE('',#11795,0.00500000000000001);
#265=CIRCLE('',#11796,0.00500000000000001);
#266=CIRCLE('',#11798,0.00500000000000001);
#267=CIRCLE('',#11799,0.00500000000000001);
#268=CIRCLE('',#11801,0.00500000000000001);
#269=CIRCLE('',#11802,0.00500000000000001);
#270=CIRCLE('',#11804,0.00500000000000001);
#271=CIRCLE('',#11805,0.00500000000000001);
#272=CIRCLE('',#11807,0.00500000000000001);
#273=CIRCLE('',#11808,0.00500000000000001);
#274=CIRCLE('',#11810,0.00500000000000001);
#275=CIRCLE('',#11811,0.00500000000000001);
#276=CIRCLE('',#11813,0.00500000000000001);
#277=CIRCLE('',#11814,0.00500000000000001);
#278=CIRCLE('',#11816,0.00500000000000001);
#279=CIRCLE('',#11817,0.00500000000000001);
#280=CIRCLE('',#11819,0.00500000000000001);
#281=CIRCLE('',#11820,0.00500000000000001);
#282=CIRCLE('',#11822,0.00500000000000001);
#283=CIRCLE('',#11823,0.00500000000000001);
#284=CIRCLE('',#11825,0.00500000000000001);
#285=CIRCLE('',#11826,0.00500000000000001);
#286=CIRCLE('',#11828,0.00500000000000001);
#287=CIRCLE('',#11829,0.00500000000000001);
#288=CIRCLE('',#11831,0.00500000000000001);
#289=CIRCLE('',#11832,0.00500000000000001);
#290=CIRCLE('',#11834,0.00500000000000001);
#291=CIRCLE('',#11835,0.00500000000000001);
#292=CIRCLE('',#11837,0.00500000000000001);
#293=CIRCLE('',#11838,0.00500000000000001);
#294=CIRCLE('',#11840,0.00500000000000001);
#295=CIRCLE('',#11841,0.00500000000000001);
#296=CIRCLE('',#11843,0.00500000000000001);
#297=CIRCLE('',#11844,0.00500000000000001);
#298=CIRCLE('',#11846,0.00500000000000001);
#299=CIRCLE('',#11847,0.00500000000000001);
#300=CIRCLE('',#11849,0.00500000000000001);
#301=CIRCLE('',#11850,0.00500000000000001);
#302=CIRCLE('',#11852,0.00500000000000001);
#303=CIRCLE('',#11853,0.00500000000000001);
#304=CIRCLE('',#11855,0.00500000000000001);
#305=CIRCLE('',#11856,0.00500000000000001);
#306=CIRCLE('',#11858,0.00500000000000001);
#307=CIRCLE('',#11859,0.00500000000000001);
#308=CIRCLE('',#11861,0.00500000000000001);
#309=CIRCLE('',#11862,0.00500000000000001);
#310=CIRCLE('',#11914,0.01);
#311=CIRCLE('',#11915,0.01);
#312=CIRCLE('',#11917,0.01);
#313=CIRCLE('',#11918,0.01);
#314=CIRCLE('',#11920,0.01);
#315=CIRCLE('',#11921,0.01);
#316=CIRCLE('',#11923,0.01);
#317=CIRCLE('',#11924,0.01);
#318=CIRCLE('',#11926,0.01);
#319=CIRCLE('',#11927,0.01);
#320=CIRCLE('',#11929,0.01);
#321=CIRCLE('',#11930,0.01);
#322=CIRCLE('',#11932,0.01);
#323=CIRCLE('',#11933,0.01);
#324=CIRCLE('',#11935,0.01);
#325=CIRCLE('',#11936,0.01);
#326=CIRCLE('',#11938,0.01);
#327=CIRCLE('',#11939,0.01);
#328=CIRCLE('',#11941,0.01);
#329=CIRCLE('',#11942,0.01);
#330=CIRCLE('',#11944,0.01);
#331=CIRCLE('',#11945,0.01);
#332=CIRCLE('',#11947,0.01);
#333=CIRCLE('',#11948,0.01);
#334=CIRCLE('',#11950,0.01);
#335=CIRCLE('',#11951,0.01);
#336=CIRCLE('',#11953,0.01);
#337=CIRCLE('',#11954,0.01);
#338=CIRCLE('',#11956,0.01);
#339=CIRCLE('',#11957,0.01);
#340=CIRCLE('',#11959,0.01);
#341=CIRCLE('',#11960,0.01);
#342=CIRCLE('',#11962,0.01);
#343=CIRCLE('',#11963,0.01);
#344=CIRCLE('',#11965,0.01);
#345=CIRCLE('',#11966,0.01);
#346=CIRCLE('',#11968,0.01);
#347=CIRCLE('',#11969,0.01);
#348=CIRCLE('',#11971,0.01);
#349=CIRCLE('',#11972,0.01);
#350=CIRCLE('',#11974,0.01);
#351=CIRCLE('',#11975,0.01);
#352=CIRCLE('',#11977,0.01);
#353=CIRCLE('',#11978,0.01);
#354=CIRCLE('',#11980,0.01);
#355=CIRCLE('',#11981,0.01);
#356=CIRCLE('',#11983,0.01);
#357=CIRCLE('',#11984,0.01);
#358=CIRCLE('',#11986,0.01);
#359=CIRCLE('',#11987,0.01);
#360=CIRCLE('',#12039,0.00500000000000001);
#361=CIRCLE('',#12040,0.00500000000000001);
#362=CIRCLE('',#12042,0.00500000000000001);
#363=CIRCLE('',#12043,0.00500000000000001);
#364=CIRCLE('',#12045,0.00500000000000001);
#365=CIRCLE('',#12046,0.00500000000000001);
#366=CIRCLE('',#12048,0.00500000000000001);
#367=CIRCLE('',#12049,0.00500000000000001);
#368=CIRCLE('',#12051,0.00500000000000001);
#369=CIRCLE('',#12052,0.00500000000000001);
#370=CIRCLE('',#12054,0.00500000000000001);
#371=CIRCLE('',#12055,0.00500000000000001);
#372=CIRCLE('',#12057,0.00500000000000001);
#373=CIRCLE('',#12058,0.00500000000000001);
#374=CIRCLE('',#12060,0.00500000000000001);
#375=CIRCLE('',#12061,0.00500000000000001);
#376=CIRCLE('',#12063,0.00500000000000001);
#377=CIRCLE('',#12064,0.00500000000000001);
#378=CIRCLE('',#12066,0.00500000000000001);
#379=CIRCLE('',#12067,0.00500000000000001);
#380=CIRCLE('',#12069,0.00500000000000001);
#381=CIRCLE('',#12070,0.00500000000000001);
#382=CIRCLE('',#12072,0.00500000000000001);
#383=CIRCLE('',#12073,0.00500000000000001);
#384=CIRCLE('',#12075,0.00500000000000001);
#385=CIRCLE('',#12076,0.00500000000000001);
#386=CIRCLE('',#12078,0.00500000000000001);
#387=CIRCLE('',#12079,0.00500000000000001);
#388=CIRCLE('',#12081,0.00500000000000001);
#389=CIRCLE('',#12082,0.00500000000000001);
#390=CIRCLE('',#12084,0.00500000000000001);
#391=CIRCLE('',#12085,0.00500000000000001);
#392=CIRCLE('',#12087,0.00500000000000001);
#393=CIRCLE('',#12088,0.00500000000000001);
#394=CIRCLE('',#12090,0.00500000000000001);
#395=CIRCLE('',#12091,0.00500000000000001);
#396=CIRCLE('',#12093,0.00500000000000001);
#397=CIRCLE('',#12094,0.00500000000000001);
#398=CIRCLE('',#12096,0.00500000000000001);
#399=CIRCLE('',#12097,0.00500000000000001);
#400=CIRCLE('',#12099,0.00500000000000001);
#401=CIRCLE('',#12100,0.00500000000000001);
#402=CIRCLE('',#12102,0.00500000000000001);
#403=CIRCLE('',#12103,0.00500000000000001);
#404=CIRCLE('',#12105,0.00500000000000001);
#405=CIRCLE('',#12106,0.00500000000000001);
#406=CIRCLE('',#12108,0.00500000000000001);
#407=CIRCLE('',#12109,0.00500000000000001);
#408=CIRCLE('',#12111,0.00500000000000001);
#409=CIRCLE('',#12112,0.00500000000000001);
#410=CIRCLE('',#12139,0.01);
#411=CIRCLE('',#12140,0.01);
#412=CIRCLE('',#12142,0.01);
#413=CIRCLE('',#12143,0.01);
#414=CIRCLE('',#12145,0.01);
#415=CIRCLE('',#12146,0.01);
#416=CIRCLE('',#12148,0.01);
#417=CIRCLE('',#12149,0.01);
#418=CIRCLE('',#12151,0.01);
#419=CIRCLE('',#12152,0.01);
#420=CIRCLE('',#12154,0.01);
#421=CIRCLE('',#12155,0.01);
#422=CIRCLE('',#12157,0.01);
#423=CIRCLE('',#12158,0.01);
#424=CIRCLE('',#12160,0.01);
#425=CIRCLE('',#12161,0.01);
#426=CIRCLE('',#12163,0.01);
#427=CIRCLE('',#12164,0.01);
#428=CIRCLE('',#12166,0.01);
#429=CIRCLE('',#12167,0.01);
#430=CIRCLE('',#12169,0.01);
#431=CIRCLE('',#12170,0.01);
#432=CIRCLE('',#12172,0.01);
#433=CIRCLE('',#12173,0.01);
#434=CIRCLE('',#12175,0.01);
#435=CIRCLE('',#12176,0.01);
#436=CIRCLE('',#12178,0.01);
#437=CIRCLE('',#12179,0.01);
#438=CIRCLE('',#12181,0.01);
#439=CIRCLE('',#12182,0.01);
#440=CIRCLE('',#12184,0.01);
#441=CIRCLE('',#12185,0.01);
#442=CIRCLE('',#12187,0.01);
#443=CIRCLE('',#12188,0.01);
#444=CIRCLE('',#12190,0.01);
#445=CIRCLE('',#12191,0.01);
#446=CIRCLE('',#12193,0.01);
#447=CIRCLE('',#12194,0.01);
#448=CIRCLE('',#12196,0.01);
#449=CIRCLE('',#12197,0.01);
#450=CIRCLE('',#12199,0.01);
#451=CIRCLE('',#12200,0.01);
#452=CIRCLE('',#12202,0.01);
#453=CIRCLE('',#12203,0.01);
#454=CIRCLE('',#12205,0.01);
#455=CIRCLE('',#12206,0.01);
#456=CIRCLE('',#12208,0.01);
#457=CIRCLE('',#12209,0.01);
#458=CIRCLE('',#12211,0.01);
#459=CIRCLE('',#12212,0.01);
#460=CONTEXT_DEPENDENT_SHAPE_REPRESENTATION(#466,#18694);
#461=CONTEXT_DEPENDENT_SHAPE_REPRESENTATION(#467,#18696);
#462=CONTEXT_DEPENDENT_SHAPE_REPRESENTATION(#468,#18698);
#463=NEXT_ASSEMBLY_USAGE_OCCURRENCE('NAUO1',
'TFM-125-01-L-D-RE1-WT_terminal','TFM-125-01-L-D-RE1-WT_terminal',#18699,
#18700,'');
#464=NEXT_ASSEMBLY_USAGE_OCCURRENCE('NAUO2','TFM-125-01-L-D-RE1-L_pins',
'TFM-125-01-L-D-RE1-L_pins',#18699,#18701,'');
#465=NEXT_ASSEMBLY_USAGE_OCCURRENCE('NAUO3',
'TFM-125-01-L-D-RE1-L-2_pins','TFM-125-01-L-D-RE1-L-2_pins',#18699,#18702,
'');
#466=(
REPRESENTATION_RELATIONSHIP(' ',' ',#11367,#11366)
REPRESENTATION_RELATIONSHIP_WITH_TRANSFORMATION(#469)
SHAPE_REPRESENTATION_RELATIONSHIP()
);
#467=(
REPRESENTATION_RELATIONSHIP(' ',' ',#11368,#11366)
REPRESENTATION_RELATIONSHIP_WITH_TRANSFORMATION(#470)
SHAPE_REPRESENTATION_RELATIONSHIP()
);
#468=(
REPRESENTATION_RELATIONSHIP(' ',' ',#11369,#11366)
REPRESENTATION_RELATIONSHIP_WITH_TRANSFORMATION(#471)
SHAPE_REPRESENTATION_RELATIONSHIP()
);
#469=ITEM_DEFINED_TRANSFORMATION(' ',' ',#11370,#11451);
#470=ITEM_DEFINED_TRANSFORMATION(' ',' ',#11370,#11658);
#471=ITEM_DEFINED_TRANSFORMATION(' ',' ',#11370,#12315);
#472=SHAPE_REPRESENTATION_RELATIONSHIP('','',#11367,#475);
#473=SHAPE_REPRESENTATION_RELATIONSHIP('','',#11368,#476);
#474=SHAPE_REPRESENTATION_RELATIONSHIP('','',#11369,#477);
#475=ADVANCED_BREP_SHAPE_REPRESENTATION('',(#11359),#18679);
#476=ADVANCED_BREP_SHAPE_REPRESENTATION('',(#11360),#18680);
#477=ADVANCED_BREP_SHAPE_REPRESENTATION('',(#11361),#18681);
#478=ORIENTED_EDGE('',*,*,#3548,.F.);
#479=ORIENTED_EDGE('',*,*,#3549,.F.);
#480=ORIENTED_EDGE('',*,*,#3550,.F.);
#481=ORIENTED_EDGE('',*,*,#3551,.F.);
#482=ORIENTED_EDGE('',*,*,#3552,.F.);
#483=ORIENTED_EDGE('',*,*,#3553,.F.);
#484=ORIENTED_EDGE('',*,*,#3554,.F.);
#485=ORIENTED_EDGE('',*,*,#3555,.F.);
#486=ORIENTED_EDGE('',*,*,#3556,.F.);
#487=ORIENTED_EDGE('',*,*,#3557,.T.);
#488=ORIENTED_EDGE('',*,*,#3558,.T.);
#489=ORIENTED_EDGE('',*,*,#3559,.F.);
#490=ORIENTED_EDGE('',*,*,#3560,.F.);
#491=ORIENTED_EDGE('',*,*,#3561,.T.);
#492=ORIENTED_EDGE('',*,*,#3562,.F.);
#493=ORIENTED_EDGE('',*,*,#3563,.F.);
#494=ORIENTED_EDGE('',*,*,#3564,.F.);
#495=ORIENTED_EDGE('',*,*,#3565,.T.);
#496=ORIENTED_EDGE('',*,*,#3566,.T.);
#497=ORIENTED_EDGE('',*,*,#3567,.F.);
#498=ORIENTED_EDGE('',*,*,#3568,.F.);
#499=ORIENTED_EDGE('',*,*,#3569,.F.);
#500=ORIENTED_EDGE('',*,*,#3570,.F.);
#501=ORIENTED_EDGE('',*,*,#3571,.F.);
#502=ORIENTED_EDGE('',*,*,#3572,.F.);
#503=ORIENTED_EDGE('',*,*,#3573,.F.);
#504=ORIENTED_EDGE('',*,*,#3574,.F.);
#505=ORIENTED_EDGE('',*,*,#3575,.F.);
#506=ORIENTED_EDGE('',*,*,#3576,.T.);
#507=ORIENTED_EDGE('',*,*,#3577,.T.);
#508=ORIENTED_EDGE('',*,*,#3578,.F.);
#509=ORIENTED_EDGE('',*,*,#3579,.T.);
#510=ORIENTED_EDGE('',*,*,#3580,.T.);
#511=ORIENTED_EDGE('',*,*,#3581,.F.);
#512=ORIENTED_EDGE('',*,*,#3582,.T.);
#513=ORIENTED_EDGE('',*,*,#3583,.T.);
#514=ORIENTED_EDGE('',*,*,#3584,.T.);
#515=ORIENTED_EDGE('',*,*,#3585,.F.);
#516=ORIENTED_EDGE('',*,*,#3586,.F.);
#517=ORIENTED_EDGE('',*,*,#3581,.T.);
#518=ORIENTED_EDGE('',*,*,#3587,.T.);
#519=ORIENTED_EDGE('',*,*,#3588,.T.);
#520=ORIENTED_EDGE('',*,*,#3589,.T.);
#521=ORIENTED_EDGE('',*,*,#3590,.T.);
#522=ORIENTED_EDGE('',*,*,#3591,.T.);
#523=ORIENTED_EDGE('',*,*,#3592,.T.);
#524=ORIENTED_EDGE('',*,*,#3593,.T.);
#525=ORIENTED_EDGE('',*,*,#3594,.T.);
#526=ORIENTED_EDGE('',*,*,#3595,.T.);
#527=ORIENTED_EDGE('',*,*,#3578,.T.);
#528=ORIENTED_EDGE('',*,*,#3576,.F.);
#529=ORIENTED_EDGE('',*,*,#3596,.T.);
#530=ORIENTED_EDGE('',*,*,#3597,.T.);
#531=ORIENTED_EDGE('',*,*,#3598,.F.);
#532=ORIENTED_EDGE('',*,*,#3599,.F.);
#533=ORIENTED_EDGE('',*,*,#3600,.F.);
#534=ORIENTED_EDGE('',*,*,#3601,.F.);
#535=ORIENTED_EDGE('',*,*,#3602,.T.);
#536=ORIENTED_EDGE('',*,*,#3603,.F.);
#537=ORIENTED_EDGE('',*,*,#3566,.F.);
#538=ORIENTED_EDGE('',*,*,#3604,.F.);
#539=ORIENTED_EDGE('',*,*,#3605,.F.);
#540=ORIENTED_EDGE('',*,*,#3606,.F.);
#541=ORIENTED_EDGE('',*,*,#3607,.F.);
#542=ORIENTED_EDGE('',*,*,#3562,.T.);
#543=ORIENTED_EDGE('',*,*,#3608,.T.);
#544=ORIENTED_EDGE('',*,*,#3609,.F.);
#545=ORIENTED_EDGE('',*,*,#3610,.T.);
#546=ORIENTED_EDGE('',*,*,#3611,.F.);
#547=ORIENTED_EDGE('',*,*,#3612,.F.);
#548=ORIENTED_EDGE('',*,*,#3613,.T.);
#549=ORIENTED_EDGE('',*,*,#3614,.T.);
#550=ORIENTED_EDGE('',*,*,#3615,.T.);
#551=ORIENTED_EDGE('',*,*,#3616,.F.);
#552=ORIENTED_EDGE('',*,*,#3617,.T.);
#553=ORIENTED_EDGE('',*,*,#3618,.T.);
#554=ORIENTED_EDGE('',*,*,#3619,.T.);
#555=ORIENTED_EDGE('',*,*,#3620,.F.);
#556=ORIENTED_EDGE('',*,*,#3607,.T.);
#557=ORIENTED_EDGE('',*,*,#3621,.F.);
#558=ORIENTED_EDGE('',*,*,#3622,.F.);
#559=ORIENTED_EDGE('',*,*,#3623,.T.);
#560=ORIENTED_EDGE('',*,*,#3614,.F.);
#561=ORIENTED_EDGE('',*,*,#3624,.F.);
#562=ORIENTED_EDGE('',*,*,#3625,.F.);
#563=ORIENTED_EDGE('',*,*,#3626,.T.);
#564=ORIENTED_EDGE('',*,*,#3606,.T.);
#565=ORIENTED_EDGE('',*,*,#3627,.F.);
#566=ORIENTED_EDGE('',*,*,#3628,.F.);
#567=ORIENTED_EDGE('',*,*,#3621,.T.);
#568=ORIENTED_EDGE('',*,*,#3629,.T.);
#569=ORIENTED_EDGE('',*,*,#3630,.T.);
#570=ORIENTED_EDGE('',*,*,#3626,.F.);
#571=ORIENTED_EDGE('',*,*,#3631,.F.);
#572=ORIENTED_EDGE('',*,*,#3558,.F.);
#573=ORIENTED_EDGE('',*,*,#3632,.T.);
#574=ORIENTED_EDGE('',*,*,#3617,.F.);
#575=ORIENTED_EDGE('',*,*,#3630,.F.);
#576=ORIENTED_EDGE('',*,*,#3633,.F.);
#577=ORIENTED_EDGE('',*,*,#3634,.F.);
#578=ORIENTED_EDGE('',*,*,#3635,.F.);
#579=ORIENTED_EDGE('',*,*,#3616,.T.);
#580=ORIENTED_EDGE('',*,*,#3636,.T.);
#581=ORIENTED_EDGE('',*,*,#3637,.F.);
#582=ORIENTED_EDGE('',*,*,#3583,.F.);
#583=ORIENTED_EDGE('',*,*,#3638,.F.);
#584=ORIENTED_EDGE('',*,*,#3636,.F.);
#585=ORIENTED_EDGE('',*,*,#3639,.T.);
#586=ORIENTED_EDGE('',*,*,#3640,.F.);
#587=ORIENTED_EDGE('',*,*,#3597,.F.);
#588=ORIENTED_EDGE('',*,*,#3609,.T.);
#589=ORIENTED_EDGE('',*,*,#3601,.T.);
#590=ORIENTED_EDGE('',*,*,#3641,.F.);
#591=ORIENTED_EDGE('',*,*,#3642,.T.);
#592=ORIENTED_EDGE('',*,*,#3643,.F.);
#593=ORIENTED_EDGE('',*,*,#3644,.F.);
#594=ORIENTED_EDGE('',*,*,#3605,.T.);
#595=ORIENTED_EDGE('',*,*,#3645,.F.);
#596=ORIENTED_EDGE('',*,*,#3646,.F.);
#597=ORIENTED_EDGE('',*,*,#3627,.T.);
#598=ORIENTED_EDGE('',*,*,#3604,.T.);
#599=ORIENTED_EDGE('',*,*,#3565,.F.);
#600=ORIENTED_EDGE('',*,*,#3647,.F.);
#601=ORIENTED_EDGE('',*,*,#3645,.T.);
#602=ORIENTED_EDGE('',*,*,#3615,.F.);
#603=ORIENTED_EDGE('',*,*,#3623,.F.);
#604=ORIENTED_EDGE('',*,*,#3648,.F.);
#605=ORIENTED_EDGE('',*,*,#3563,.T.);
#606=ORIENTED_EDGE('',*,*,#3610,.F.);
#607=ORIENTED_EDGE('',*,*,#3596,.F.);
#608=ORIENTED_EDGE('',*,*,#3649,.T.);
#609=ORIENTED_EDGE('',*,*,#3639,.F.);
#610=ORIENTED_EDGE('',*,*,#3622,.T.);
#611=ORIENTED_EDGE('',*,*,#3628,.T.);
#612=ORIENTED_EDGE('',*,*,#3646,.T.);
#613=ORIENTED_EDGE('',*,*,#3647,.T.);
#614=ORIENTED_EDGE('',*,*,#3564,.T.);
#615=ORIENTED_EDGE('',*,*,#3648,.T.);
#616=ORIENTED_EDGE('',*,*,#3608,.F.);
#617=ORIENTED_EDGE('',*,*,#3561,.F.);
#618=ORIENTED_EDGE('',*,*,#3650,.F.);
#619=ORIENTED_EDGE('',*,*,#3624,.T.);
#620=ORIENTED_EDGE('',*,*,#3613,.F.);
#621=ORIENTED_EDGE('',*,*,#3642,.F.);
#622=ORIENTED_EDGE('',*,*,#3651,.F.);
#623=ORIENTED_EDGE('',*,*,#3602,.F.);
#624=ORIENTED_EDGE('',*,*,#3634,.T.);
#625=ORIENTED_EDGE('',*,*,#3652,.F.);
#626=ORIENTED_EDGE('',*,*,#3653,.F.);
#627=ORIENTED_EDGE('',*,*,#3559,.T.);
#628=ORIENTED_EDGE('',*,*,#3633,.T.);
#629=ORIENTED_EDGE('',*,*,#3629,.F.);
#630=ORIENTED_EDGE('',*,*,#3654,.F.);
#631=ORIENTED_EDGE('',*,*,#3652,.T.);
#632=ORIENTED_EDGE('',*,*,#3625,.T.);
#633=ORIENTED_EDGE('',*,*,#3650,.T.);
#634=ORIENTED_EDGE('',*,*,#3560,.T.);
#635=ORIENTED_EDGE('',*,*,#3653,.T.);
#636=ORIENTED_EDGE('',*,*,#3654,.T.);
#637=ORIENTED_EDGE('',*,*,#3631,.T.);
#638=ORIENTED_EDGE('',*,*,#3655,.F.);
#639=ORIENTED_EDGE('',*,*,#3656,.F.);
#640=ORIENTED_EDGE('',*,*,#3657,.T.);
#641=ORIENTED_EDGE('',*,*,#3556,.T.);
#642=ORIENTED_EDGE('',*,*,#3658,.F.);
#643=ORIENTED_EDGE('',*,*,#3619,.F.);
#644=ORIENTED_EDGE('',*,*,#3659,.T.);
#645=ORIENTED_EDGE('',*,*,#3660,.T.);
#646=ORIENTED_EDGE('',*,*,#3661,.F.);
#647=ORIENTED_EDGE('',*,*,#3660,.F.);
#648=ORIENTED_EDGE('',*,*,#3662,.T.);
#649=ORIENTED_EDGE('',*,*,#3656,.T.);
#650=ORIENTED_EDGE('',*,*,#3657,.F.);
#651=ORIENTED_EDGE('',*,*,#3662,.F.);
#652=ORIENTED_EDGE('',*,*,#3659,.F.);
#653=ORIENTED_EDGE('',*,*,#3618,.F.);
#654=ORIENTED_EDGE('',*,*,#3632,.F.);
#655=ORIENTED_EDGE('',*,*,#3557,.F.);
#656=ORIENTED_EDGE('',*,*,#3655,.T.);
#657=ORIENTED_EDGE('',*,*,#3567,.T.);
#658=ORIENTED_EDGE('',*,*,#3603,.T.);
#659=ORIENTED_EDGE('',*,*,#3620,.T.);
#660=ORIENTED_EDGE('',*,*,#3658,.T.);
#661=ORIENTED_EDGE('',*,*,#3661,.T.);
#662=ORIENTED_EDGE('',*,*,#3580,.F.);
#663=ORIENTED_EDGE('',*,*,#3663,.F.);
#664=ORIENTED_EDGE('',*,*,#3664,.F.);
#665=ORIENTED_EDGE('',*,*,#3665,.F.);
#666=ORIENTED_EDGE('',*,*,#3666,.F.);
#667=ORIENTED_EDGE('',*,*,#3667,.F.);
#668=ORIENTED_EDGE('',*,*,#3668,.F.);
#669=ORIENTED_EDGE('',*,*,#3669,.F.);
#670=ORIENTED_EDGE('',*,*,#3670,.F.);
#671=ORIENTED_EDGE('',*,*,#3671,.F.);
#672=ORIENTED_EDGE('',*,*,#3584,.F.);
#673=ORIENTED_EDGE('',*,*,#3649,.F.);
#674=ORIENTED_EDGE('',*,*,#3672,.F.);
#675=ORIENTED_EDGE('',*,*,#3673,.F.);
#676=ORIENTED_EDGE('',*,*,#3674,.F.);
#677=ORIENTED_EDGE('',*,*,#3675,.F.);
#678=ORIENTED_EDGE('',*,*,#3676,.F.);
#679=ORIENTED_EDGE('',*,*,#3677,.F.);
#680=ORIENTED_EDGE('',*,*,#3678,.F.);
#681=ORIENTED_EDGE('',*,*,#3679,.F.);
#682=ORIENTED_EDGE('',*,*,#3680,.F.);
#683=ORIENTED_EDGE('',*,*,#3681,.F.);
#684=ORIENTED_EDGE('',*,*,#3682,.F.);
#685=ORIENTED_EDGE('',*,*,#3651,.T.);
#686=ORIENTED_EDGE('',*,*,#3668,.T.);
#687=ORIENTED_EDGE('',*,*,#3683,.F.);
#688=ORIENTED_EDGE('',*,*,#3590,.F.);
#689=ORIENTED_EDGE('',*,*,#3684,.T.);
#690=ORIENTED_EDGE('',*,*,#3667,.T.);
#691=ORIENTED_EDGE('',*,*,#3685,.F.);
#692=ORIENTED_EDGE('',*,*,#3591,.F.);
#693=ORIENTED_EDGE('',*,*,#3683,.T.);
#694=ORIENTED_EDGE('',*,*,#3666,.T.);
#695=ORIENTED_EDGE('',*,*,#3686,.F.);
#696=ORIENTED_EDGE('',*,*,#3592,.F.);
#697=ORIENTED_EDGE('',*,*,#3685,.T.);
#698=ORIENTED_EDGE('',*,*,#3665,.T.);
#699=ORIENTED_EDGE('',*,*,#3687,.F.);
#700=ORIENTED_EDGE('',*,*,#3593,.F.);
#701=ORIENTED_EDGE('',*,*,#3686,.T.);
#702=ORIENTED_EDGE('',*,*,#3664,.T.);
#703=ORIENTED_EDGE('',*,*,#3688,.F.);
#704=ORIENTED_EDGE('',*,*,#3594,.F.);
#705=ORIENTED_EDGE('',*,*,#3687,.T.);
#706=ORIENTED_EDGE('',*,*,#3663,.T.);
#707=ORIENTED_EDGE('',*,*,#3579,.F.);
#708=ORIENTED_EDGE('',*,*,#3595,.F.);
#709=ORIENTED_EDGE('',*,*,#3688,.T.);
#710=ORIENTED_EDGE('',*,*,#3689,.F.);
#711=ORIENTED_EDGE('',*,*,#3690,.T.);
#712=ORIENTED_EDGE('',*,*,#3599,.T.);
#713=ORIENTED_EDGE('',*,*,#3682,.T.);
#714=ORIENTED_EDGE('',*,*,#3691,.F.);
#715=ORIENTED_EDGE('',*,*,#3681,.T.);
#716=ORIENTED_EDGE('',*,*,#3692,.F.);
#717=ORIENTED_EDGE('',*,*,#3693,.F.);
#718=ORIENTED_EDGE('',*,*,#3691,.T.);
#719=ORIENTED_EDGE('',*,*,#3680,.T.);
#720=ORIENTED_EDGE('',*,*,#3694,.F.);
#721=ORIENTED_EDGE('',*,*,#3695,.F.);
#722=ORIENTED_EDGE('',*,*,#3692,.T.);
#723=ORIENTED_EDGE('',*,*,#3679,.T.);
#724=ORIENTED_EDGE('',*,*,#3696,.F.);
#725=ORIENTED_EDGE('',*,*,#3697,.F.);
#726=ORIENTED_EDGE('',*,*,#3694,.T.);
#727=ORIENTED_EDGE('',*,*,#3678,.T.);
#728=ORIENTED_EDGE('',*,*,#3698,.F.);
#729=ORIENTED_EDGE('',*,*,#3699,.F.);
#730=ORIENTED_EDGE('',*,*,#3696,.T.);
#731=ORIENTED_EDGE('',*,*,#3677,.T.);
#732=ORIENTED_EDGE('',*,*,#3700,.F.);
#733=ORIENTED_EDGE('',*,*,#3701,.F.);
#734=ORIENTED_EDGE('',*,*,#3698,.T.);
#735=ORIENTED_EDGE('',*,*,#3676,.T.);
#736=ORIENTED_EDGE('',*,*,#3702,.F.);
#737=ORIENTED_EDGE('',*,*,#3703,.F.);
#738=ORIENTED_EDGE('',*,*,#3700,.T.);
#739=ORIENTED_EDGE('',*,*,#3675,.T.);
#740=ORIENTED_EDGE('',*,*,#3704,.F.);
#741=ORIENTED_EDGE('',*,*,#3705,.F.);
#742=ORIENTED_EDGE('',*,*,#3702,.T.);
#743=ORIENTED_EDGE('',*,*,#3674,.T.);
#744=ORIENTED_EDGE('',*,*,#3706,.F.);
#745=ORIENTED_EDGE('',*,*,#3707,.F.);
#746=ORIENTED_EDGE('',*,*,#3704,.T.);
#747=ORIENTED_EDGE('',*,*,#3673,.T.);
#748=ORIENTED_EDGE('',*,*,#3708,.F.);
#749=ORIENTED_EDGE('',*,*,#3709,.F.);
#750=ORIENTED_EDGE('',*,*,#3706,.T.);
#751=ORIENTED_EDGE('',*,*,#3641,.T.);
#752=ORIENTED_EDGE('',*,*,#3710,.T.);
#753=ORIENTED_EDGE('',*,*,#3711,.F.);
#754=ORIENTED_EDGE('',*,*,#3708,.T.);
#755=ORIENTED_EDGE('',*,*,#3672,.T.);
#756=ORIENTED_EDGE('',*,*,#3671,.T.);
#757=ORIENTED_EDGE('',*,*,#3712,.F.);
#758=ORIENTED_EDGE('',*,*,#3587,.F.);
#759=ORIENTED_EDGE('',*,*,#3585,.T.);
#760=ORIENTED_EDGE('',*,*,#3670,.T.);
#761=ORIENTED_EDGE('',*,*,#3713,.F.);
#762=ORIENTED_EDGE('',*,*,#3588,.F.);
#763=ORIENTED_EDGE('',*,*,#3712,.T.);
#764=ORIENTED_EDGE('',*,*,#3669,.T.);
#765=ORIENTED_EDGE('',*,*,#3684,.F.);
#766=ORIENTED_EDGE('',*,*,#3589,.F.);
#767=ORIENTED_EDGE('',*,*,#3713,.T.);
#768=ORIENTED_EDGE('',*,*,#3714,.F.);
#769=ORIENTED_EDGE('',*,*,#3689,.T.);
#770=ORIENTED_EDGE('',*,*,#3693,.T.);
#771=ORIENTED_EDGE('',*,*,#3695,.T.);
#772=ORIENTED_EDGE('',*,*,#3697,.T.);
#773=ORIENTED_EDGE('',*,*,#3699,.T.);
#774=ORIENTED_EDGE('',*,*,#3701,.T.);
#775=ORIENTED_EDGE('',*,*,#3703,.T.);
#776=ORIENTED_EDGE('',*,*,#3705,.T.);
#777=ORIENTED_EDGE('',*,*,#3707,.T.);
#778=ORIENTED_EDGE('',*,*,#3709,.T.);
#779=ORIENTED_EDGE('',*,*,#3711,.T.);
#780=ORIENTED_EDGE('',*,*,#3715,.F.);
#781=ORIENTED_EDGE('',*,*,#3716,.T.);
#782=ORIENTED_EDGE('',*,*,#3637,.T.);
#783=ORIENTED_EDGE('',*,*,#3717,.F.);
#784=ORIENTED_EDGE('',*,*,#3598,.T.);
#785=ORIENTED_EDGE('',*,*,#3718,.F.);
#786=ORIENTED_EDGE('',*,*,#3719,.F.);
#787=ORIENTED_EDGE('',*,*,#3717,.T.);
#788=ORIENTED_EDGE('',*,*,#3638,.T.);
#789=ORIENTED_EDGE('',*,*,#3582,.F.);
#790=ORIENTED_EDGE('',*,*,#3586,.T.);
#791=ORIENTED_EDGE('',*,*,#3577,.F.);
#792=ORIENTED_EDGE('',*,*,#3640,.T.);
#793=ORIENTED_EDGE('',*,*,#3720,.F.);
#794=ORIENTED_EDGE('',*,*,#3721,.F.);
#795=ORIENTED_EDGE('',*,*,#3718,.T.);
#796=ORIENTED_EDGE('',*,*,#3714,.T.);
#797=ORIENTED_EDGE('',*,*,#3710,.F.);
#798=ORIENTED_EDGE('',*,*,#3644,.T.);
#799=ORIENTED_EDGE('',*,*,#3722,.F.);
#800=ORIENTED_EDGE('',*,*,#3723,.F.);
#801=ORIENTED_EDGE('',*,*,#3720,.T.);
#802=ORIENTED_EDGE('',*,*,#3600,.T.);
#803=ORIENTED_EDGE('',*,*,#3690,.F.);
#804=ORIENTED_EDGE('',*,*,#3723,.T.);
#805=ORIENTED_EDGE('',*,*,#3724,.F.);
#806=ORIENTED_EDGE('',*,*,#3725,.T.);
#807=ORIENTED_EDGE('',*,*,#3715,.T.);
#808=ORIENTED_EDGE('',*,*,#3719,.T.);
#809=ORIENTED_EDGE('',*,*,#3721,.T.);
#810=ORIENTED_EDGE('',*,*,#3635,.T.);
#811=ORIENTED_EDGE('',*,*,#3716,.F.);
#812=ORIENTED_EDGE('',*,*,#3725,.F.);
#813=ORIENTED_EDGE('',*,*,#3726,.F.);
#814=ORIENTED_EDGE('',*,*,#3611,.T.);
#815=ORIENTED_EDGE('',*,*,#3612,.T.);
#816=ORIENTED_EDGE('',*,*,#3726,.T.);
#817=ORIENTED_EDGE('',*,*,#3724,.T.);
#818=ORIENTED_EDGE('',*,*,#3722,.T.);
#819=ORIENTED_EDGE('',*,*,#3643,.T.);
#820=ORIENTED_EDGE('',*,*,#3552,.T.);
#821=ORIENTED_EDGE('',*,*,#3727,.F.);
#822=ORIENTED_EDGE('',*,*,#3728,.F.);
#823=ORIENTED_EDGE('',*,*,#3729,.T.);
#824=ORIENTED_EDGE('',*,*,#3555,.T.);
#825=ORIENTED_EDGE('',*,*,#3730,.F.);
#826=ORIENTED_EDGE('',*,*,#3731,.F.);
#827=ORIENTED_EDGE('',*,*,#3727,.T.);
#828=ORIENTED_EDGE('',*,*,#3554,.T.);
#829=ORIENTED_EDGE('',*,*,#3732,.F.);
#830=ORIENTED_EDGE('',*,*,#3733,.F.);
#831=ORIENTED_EDGE('',*,*,#3730,.T.);
#832=ORIENTED_EDGE('',*,*,#3553,.T.);
#833=ORIENTED_EDGE('',*,*,#3729,.F.);
#834=ORIENTED_EDGE('',*,*,#3734,.F.);
#835=ORIENTED_EDGE('',*,*,#3732,.T.);
#836=ORIENTED_EDGE('',*,*,#3728,.T.);
#837=ORIENTED_EDGE('',*,*,#3731,.T.);
#838=ORIENTED_EDGE('',*,*,#3733,.T.);
#839=ORIENTED_EDGE('',*,*,#3734,.T.);
#840=ORIENTED_EDGE('',*,*,#3568,.T.);
#841=ORIENTED_EDGE('',*,*,#3735,.F.);
#842=ORIENTED_EDGE('',*,*,#3736,.F.);
#843=ORIENTED_EDGE('',*,*,#3737,.T.);
#844=ORIENTED_EDGE('',*,*,#3571,.T.);
#845=ORIENTED_EDGE('',*,*,#3738,.F.);
#846=ORIENTED_EDGE('',*,*,#3739,.F.);
#847=ORIENTED_EDGE('',*,*,#3735,.T.);
#848=ORIENTED_EDGE('',*,*,#3570,.T.);
#849=ORIENTED_EDGE('',*,*,#3740,.F.);
#850=ORIENTED_EDGE('',*,*,#3741,.F.);
#851=ORIENTED_EDGE('',*,*,#3738,.T.);
#852=ORIENTED_EDGE('',*,*,#3569,.T.);
#853=ORIENTED_EDGE('',*,*,#3737,.F.);
#854=ORIENTED_EDGE('',*,*,#3742,.F.);
#855=ORIENTED_EDGE('',*,*,#3740,.T.);
#856=ORIENTED_EDGE('',*,*,#3736,.T.);
#857=ORIENTED_EDGE('',*,*,#3739,.T.);
#858=ORIENTED_EDGE('',*,*,#3741,.T.);
#859=ORIENTED_EDGE('',*,*,#3742,.T.);
#860=ORIENTED_EDGE('',*,*,#3548,.T.);
#861=ORIENTED_EDGE('',*,*,#3743,.F.);
#862=ORIENTED_EDGE('',*,*,#3744,.F.);
#863=ORIENTED_EDGE('',*,*,#3745,.T.);
#864=ORIENTED_EDGE('',*,*,#3551,.T.);
#865=ORIENTED_EDGE('',*,*,#3746,.F.);
#866=ORIENTED_EDGE('',*,*,#3747,.F.);
#867=ORIENTED_EDGE('',*,*,#3743,.T.);
#868=ORIENTED_EDGE('',*,*,#3550,.T.);
#869=ORIENTED_EDGE('',*,*,#3748,.F.);
#870=ORIENTED_EDGE('',*,*,#3749,.F.);
#871=ORIENTED_EDGE('',*,*,#3746,.T.);
#872=ORIENTED_EDGE('',*,*,#3549,.T.);
#873=ORIENTED_EDGE('',*,*,#3745,.F.);
#874=ORIENTED_EDGE('',*,*,#3750,.F.);
#875=ORIENTED_EDGE('',*,*,#3748,.T.);
#876=ORIENTED_EDGE('',*,*,#3744,.T.);
#877=ORIENTED_EDGE('',*,*,#3747,.T.);
#878=ORIENTED_EDGE('',*,*,#3749,.T.);
#879=ORIENTED_EDGE('',*,*,#3750,.T.);
#880=ORIENTED_EDGE('',*,*,#3572,.T.);
#881=ORIENTED_EDGE('',*,*,#3751,.F.);
#882=ORIENTED_EDGE('',*,*,#3752,.F.);
#883=ORIENTED_EDGE('',*,*,#3753,.T.);
#884=ORIENTED_EDGE('',*,*,#3575,.T.);
#885=ORIENTED_EDGE('',*,*,#3754,.F.);
#886=ORIENTED_EDGE('',*,*,#3755,.F.);
#887=ORIENTED_EDGE('',*,*,#3751,.T.);
#888=ORIENTED_EDGE('',*,*,#3574,.T.);
#889=ORIENTED_EDGE('',*,*,#3756,.F.);
#890=ORIENTED_EDGE('',*,*,#3757,.F.);
#891=ORIENTED_EDGE('',*,*,#3754,.T.);
#892=ORIENTED_EDGE('',*,*,#3573,.T.);
#893=ORIENTED_EDGE('',*,*,#3753,.F.);
#894=ORIENTED_EDGE('',*,*,#3758,.F.);
#895=ORIENTED_EDGE('',*,*,#3756,.T.);
#896=ORIENTED_EDGE('',*,*,#3752,.T.);
#897=ORIENTED_EDGE('',*,*,#3755,.T.);
#898=ORIENTED_EDGE('',*,*,#3757,.T.);
#899=ORIENTED_EDGE('',*,*,#3758,.T.);
#900=ORIENTED_EDGE('',*,*,#3759,.F.);
#901=ORIENTED_EDGE('',*,*,#3760,.F.);
#902=ORIENTED_EDGE('',*,*,#3761,.F.);
#903=ORIENTED_EDGE('',*,*,#3762,.T.);
#904=ORIENTED_EDGE('',*,*,#3763,.F.);
#905=ORIENTED_EDGE('',*,*,#3764,.F.);
#906=ORIENTED_EDGE('',*,*,#3765,.F.);
#907=ORIENTED_EDGE('',*,*,#3766,.T.);
#908=ORIENTED_EDGE('',*,*,#3767,.F.);
#909=ORIENTED_EDGE('',*,*,#3762,.F.);
#910=ORIENTED_EDGE('',*,*,#3768,.F.);
#911=ORIENTED_EDGE('',*,*,#3764,.T.);
#912=ORIENTED_EDGE('',*,*,#3769,.F.);
#913=ORIENTED_EDGE('',*,*,#3766,.F.);
#914=ORIENTED_EDGE('',*,*,#3770,.F.);
#915=ORIENTED_EDGE('',*,*,#3760,.T.);
#916=ORIENTED_EDGE('',*,*,#3771,.F.);
#917=ORIENTED_EDGE('',*,*,#3772,.F.);
#918=ORIENTED_EDGE('',*,*,#3773,.F.);
#919=ORIENTED_EDGE('',*,*,#3774,.F.);
#920=ORIENTED_EDGE('',*,*,#3775,.F.);
#921=ORIENTED_EDGE('',*,*,#3776,.F.);
#922=ORIENTED_EDGE('',*,*,#3777,.F.);
#923=ORIENTED_EDGE('',*,*,#3778,.F.);
#924=ORIENTED_EDGE('',*,*,#3779,.F.);
#925=ORIENTED_EDGE('',*,*,#3780,.F.);
#926=ORIENTED_EDGE('',*,*,#3781,.F.);
#927=ORIENTED_EDGE('',*,*,#3782,.F.);
#928=ORIENTED_EDGE('',*,*,#3783,.F.);
#929=ORIENTED_EDGE('',*,*,#3784,.F.);
#930=ORIENTED_EDGE('',*,*,#3785,.F.);
#931=ORIENTED_EDGE('',*,*,#3786,.F.);
#932=ORIENTED_EDGE('',*,*,#3787,.F.);
#933=ORIENTED_EDGE('',*,*,#3788,.F.);
#934=ORIENTED_EDGE('',*,*,#3789,.F.);
#935=ORIENTED_EDGE('',*,*,#3790,.F.);
#936=ORIENTED_EDGE('',*,*,#3791,.F.);
#937=ORIENTED_EDGE('',*,*,#3792,.F.);
#938=ORIENTED_EDGE('',*,*,#3793,.F.);
#939=ORIENTED_EDGE('',*,*,#3794,.F.);
#940=ORIENTED_EDGE('',*,*,#3795,.F.);
#941=ORIENTED_EDGE('',*,*,#3796,.F.);
#942=ORIENTED_EDGE('',*,*,#3797,.F.);
#943=ORIENTED_EDGE('',*,*,#3798,.F.);
#944=ORIENTED_EDGE('',*,*,#3799,.F.);
#945=ORIENTED_EDGE('',*,*,#3800,.F.);
#946=ORIENTED_EDGE('',*,*,#3801,.F.);
#947=ORIENTED_EDGE('',*,*,#3802,.F.);
#948=ORIENTED_EDGE('',*,*,#3803,.F.);
#949=ORIENTED_EDGE('',*,*,#3804,.F.);
#950=ORIENTED_EDGE('',*,*,#3805,.F.);
#951=ORIENTED_EDGE('',*,*,#3806,.F.);
#952=ORIENTED_EDGE('',*,*,#3807,.F.);
#953=ORIENTED_EDGE('',*,*,#3808,.F.);
#954=ORIENTED_EDGE('',*,*,#3809,.F.);
#955=ORIENTED_EDGE('',*,*,#3810,.F.);
#956=ORIENTED_EDGE('',*,*,#3811,.F.);
#957=ORIENTED_EDGE('',*,*,#3812,.F.);
#958=ORIENTED_EDGE('',*,*,#3813,.F.);
#959=ORIENTED_EDGE('',*,*,#3814,.F.);
#960=ORIENTED_EDGE('',*,*,#3815,.F.);
#961=ORIENTED_EDGE('',*,*,#3816,.F.);
#962=ORIENTED_EDGE('',*,*,#3817,.F.);
#963=ORIENTED_EDGE('',*,*,#3818,.F.);
#964=ORIENTED_EDGE('',*,*,#3819,.F.);
#965=ORIENTED_EDGE('',*,*,#3820,.F.);
#966=ORIENTED_EDGE('',*,*,#3768,.T.);
#967=ORIENTED_EDGE('',*,*,#3761,.T.);
#968=ORIENTED_EDGE('',*,*,#3770,.T.);
#969=ORIENTED_EDGE('',*,*,#3765,.T.);
#970=ORIENTED_EDGE('',*,*,#3821,.T.);
#971=ORIENTED_EDGE('',*,*,#3820,.T.);
#972=ORIENTED_EDGE('',*,*,#3822,.T.);
#973=ORIENTED_EDGE('',*,*,#3819,.T.);
#974=ORIENTED_EDGE('',*,*,#3823,.T.);
#975=ORIENTED_EDGE('',*,*,#3818,.T.);
#976=ORIENTED_EDGE('',*,*,#3824,.T.);
#977=ORIENTED_EDGE('',*,*,#3817,.T.);
#978=ORIENTED_EDGE('',*,*,#3825,.T.);
#979=ORIENTED_EDGE('',*,*,#3816,.T.);
#980=ORIENTED_EDGE('',*,*,#3826,.T.);
#981=ORIENTED_EDGE('',*,*,#3815,.T.);
#982=ORIENTED_EDGE('',*,*,#3827,.T.);
#983=ORIENTED_EDGE('',*,*,#3814,.T.);
#984=ORIENTED_EDGE('',*,*,#3828,.T.);
#985=ORIENTED_EDGE('',*,*,#3813,.T.);
#986=ORIENTED_EDGE('',*,*,#3829,.T.);
#987=ORIENTED_EDGE('',*,*,#3812,.T.);
#988=ORIENTED_EDGE('',*,*,#3830,.T.);
#989=ORIENTED_EDGE('',*,*,#3811,.T.);
#990=ORIENTED_EDGE('',*,*,#3831,.T.);
#991=ORIENTED_EDGE('',*,*,#3810,.T.);
#992=ORIENTED_EDGE('',*,*,#3832,.T.);
#993=ORIENTED_EDGE('',*,*,#3809,.T.);
#994=ORIENTED_EDGE('',*,*,#3833,.T.);
#995=ORIENTED_EDGE('',*,*,#3808,.T.);
#996=ORIENTED_EDGE('',*,*,#3834,.T.);
#997=ORIENTED_EDGE('',*,*,#3807,.T.);
#998=ORIENTED_EDGE('',*,*,#3835,.T.);
#999=ORIENTED_EDGE('',*,*,#3806,.T.);
#1000=ORIENTED_EDGE('',*,*,#3836,.T.);
#1001=ORIENTED_EDGE('',*,*,#3805,.T.);
#1002=ORIENTED_EDGE('',*,*,#3837,.T.);
#1003=ORIENTED_EDGE('',*,*,#3804,.T.);
#1004=ORIENTED_EDGE('',*,*,#3838,.T.);
#1005=ORIENTED_EDGE('',*,*,#3803,.T.);
#1006=ORIENTED_EDGE('',*,*,#3839,.T.);
#1007=ORIENTED_EDGE('',*,*,#3802,.T.);
#1008=ORIENTED_EDGE('',*,*,#3840,.T.);
#1009=ORIENTED_EDGE('',*,*,#3801,.T.);
#1010=ORIENTED_EDGE('',*,*,#3841,.T.);
#1011=ORIENTED_EDGE('',*,*,#3800,.T.);
#1012=ORIENTED_EDGE('',*,*,#3842,.T.);
#1013=ORIENTED_EDGE('',*,*,#3799,.T.);
#1014=ORIENTED_EDGE('',*,*,#3843,.T.);
#1015=ORIENTED_EDGE('',*,*,#3798,.T.);
#1016=ORIENTED_EDGE('',*,*,#3844,.T.);
#1017=ORIENTED_EDGE('',*,*,#3797,.T.);
#1018=ORIENTED_EDGE('',*,*,#3845,.T.);
#1019=ORIENTED_EDGE('',*,*,#3796,.T.);
#1020=ORIENTED_EDGE('',*,*,#3846,.T.);
#1021=ORIENTED_EDGE('',*,*,#3795,.T.);
#1022=ORIENTED_EDGE('',*,*,#3847,.T.);
#1023=ORIENTED_EDGE('',*,*,#3794,.T.);
#1024=ORIENTED_EDGE('',*,*,#3848,.T.);
#1025=ORIENTED_EDGE('',*,*,#3793,.T.);
#1026=ORIENTED_EDGE('',*,*,#3849,.T.);
#1027=ORIENTED_EDGE('',*,*,#3792,.T.);
#1028=ORIENTED_EDGE('',*,*,#3850,.T.);
#1029=ORIENTED_EDGE('',*,*,#3791,.T.);
#1030=ORIENTED_EDGE('',*,*,#3851,.T.);
#1031=ORIENTED_EDGE('',*,*,#3790,.T.);
#1032=ORIENTED_EDGE('',*,*,#3852,.T.);
#1033=ORIENTED_EDGE('',*,*,#3789,.T.);
#1034=ORIENTED_EDGE('',*,*,#3853,.T.);
#1035=ORIENTED_EDGE('',*,*,#3788,.T.);
#1036=ORIENTED_EDGE('',*,*,#3854,.T.);
#1037=ORIENTED_EDGE('',*,*,#3787,.T.);
#1038=ORIENTED_EDGE('',*,*,#3855,.T.);
#1039=ORIENTED_EDGE('',*,*,#3786,.T.);
#1040=ORIENTED_EDGE('',*,*,#3856,.T.);
#1041=ORIENTED_EDGE('',*,*,#3785,.T.);
#1042=ORIENTED_EDGE('',*,*,#3857,.T.);
#1043=ORIENTED_EDGE('',*,*,#3784,.T.);
#1044=ORIENTED_EDGE('',*,*,#3858,.T.);
#1045=ORIENTED_EDGE('',*,*,#3783,.T.);
#1046=ORIENTED_EDGE('',*,*,#3859,.T.);
#1047=ORIENTED_EDGE('',*,*,#3782,.T.);
#1048=ORIENTED_EDGE('',*,*,#3860,.T.);
#1049=ORIENTED_EDGE('',*,*,#3781,.T.);
#1050=ORIENTED_EDGE('',*,*,#3861,.T.);
#1051=ORIENTED_EDGE('',*,*,#3780,.T.);
#1052=ORIENTED_EDGE('',*,*,#3862,.T.);
#1053=ORIENTED_EDGE('',*,*,#3779,.T.);
#1054=ORIENTED_EDGE('',*,*,#3863,.T.);
#1055=ORIENTED_EDGE('',*,*,#3778,.T.);
#1056=ORIENTED_EDGE('',*,*,#3864,.T.);
#1057=ORIENTED_EDGE('',*,*,#3777,.T.);
#1058=ORIENTED_EDGE('',*,*,#3865,.T.);
#1059=ORIENTED_EDGE('',*,*,#3776,.T.);
#1060=ORIENTED_EDGE('',*,*,#3866,.T.);
#1061=ORIENTED_EDGE('',*,*,#3775,.T.);
#1062=ORIENTED_EDGE('',*,*,#3867,.T.);
#1063=ORIENTED_EDGE('',*,*,#3774,.T.);
#1064=ORIENTED_EDGE('',*,*,#3868,.T.);
#1065=ORIENTED_EDGE('',*,*,#3773,.T.);
#1066=ORIENTED_EDGE('',*,*,#3869,.T.);
#1067=ORIENTED_EDGE('',*,*,#3772,.T.);
#1068=ORIENTED_EDGE('',*,*,#3870,.T.);
#1069=ORIENTED_EDGE('',*,*,#3771,.T.);
#1070=ORIENTED_EDGE('',*,*,#3869,.F.);
#1071=ORIENTED_EDGE('',*,*,#3868,.F.);
#1072=ORIENTED_EDGE('',*,*,#3867,.F.);
#1073=ORIENTED_EDGE('',*,*,#3866,.F.);
#1074=ORIENTED_EDGE('',*,*,#3865,.F.);
#1075=ORIENTED_EDGE('',*,*,#3864,.F.);
#1076=ORIENTED_EDGE('',*,*,#3863,.F.);
#1077=ORIENTED_EDGE('',*,*,#3862,.F.);
#1078=ORIENTED_EDGE('',*,*,#3861,.F.);
#1079=ORIENTED_EDGE('',*,*,#3860,.F.);
#1080=ORIENTED_EDGE('',*,*,#3859,.F.);
#1081=ORIENTED_EDGE('',*,*,#3858,.F.);
#1082=ORIENTED_EDGE('',*,*,#3857,.F.);
#1083=ORIENTED_EDGE('',*,*,#3856,.F.);
#1084=ORIENTED_EDGE('',*,*,#3855,.F.);
#1085=ORIENTED_EDGE('',*,*,#3854,.F.);
#1086=ORIENTED_EDGE('',*,*,#3853,.F.);
#1087=ORIENTED_EDGE('',*,*,#3852,.F.);
#1088=ORIENTED_EDGE('',*,*,#3851,.F.);
#1089=ORIENTED_EDGE('',*,*,#3850,.F.);
#1090=ORIENTED_EDGE('',*,*,#3849,.F.);
#1091=ORIENTED_EDGE('',*,*,#3848,.F.);
#1092=ORIENTED_EDGE('',*,*,#3847,.F.);
#1093=ORIENTED_EDGE('',*,*,#3846,.F.);
#1094=ORIENTED_EDGE('',*,*,#3845,.F.);
#1095=ORIENTED_EDGE('',*,*,#3844,.F.);
#1096=ORIENTED_EDGE('',*,*,#3843,.F.);
#1097=ORIENTED_EDGE('',*,*,#3842,.F.);
#1098=ORIENTED_EDGE('',*,*,#3841,.F.);
#1099=ORIENTED_EDGE('',*,*,#3840,.F.);
#1100=ORIENTED_EDGE('',*,*,#3839,.F.);
#1101=ORIENTED_EDGE('',*,*,#3838,.F.);
#1102=ORIENTED_EDGE('',*,*,#3837,.F.);
#1103=ORIENTED_EDGE('',*,*,#3836,.F.);
#1104=ORIENTED_EDGE('',*,*,#3835,.F.);
#1105=ORIENTED_EDGE('',*,*,#3834,.F.);
#1106=ORIENTED_EDGE('',*,*,#3833,.F.);
#1107=ORIENTED_EDGE('',*,*,#3832,.F.);
#1108=ORIENTED_EDGE('',*,*,#3831,.F.);
#1109=ORIENTED_EDGE('',*,*,#3830,.F.);
#1110=ORIENTED_EDGE('',*,*,#3829,.F.);
#1111=ORIENTED_EDGE('',*,*,#3828,.F.);
#1112=ORIENTED_EDGE('',*,*,#3827,.F.);
#1113=ORIENTED_EDGE('',*,*,#3826,.F.);
#1114=ORIENTED_EDGE('',*,*,#3825,.F.);
#1115=ORIENTED_EDGE('',*,*,#3824,.F.);
#1116=ORIENTED_EDGE('',*,*,#3823,.F.);
#1117=ORIENTED_EDGE('',*,*,#3822,.F.);
#1118=ORIENTED_EDGE('',*,*,#3821,.F.);
#1119=ORIENTED_EDGE('',*,*,#3870,.F.);
#1120=ORIENTED_EDGE('',*,*,#3767,.T.);
#1121=ORIENTED_EDGE('',*,*,#3763,.T.);
#1122=ORIENTED_EDGE('',*,*,#3769,.T.);
#1123=ORIENTED_EDGE('',*,*,#3759,.T.);
#1124=ORIENTED_EDGE('',*,*,#3871,.F.);
#1125=ORIENTED_EDGE('',*,*,#3872,.T.);
#1126=ORIENTED_EDGE('',*,*,#3873,.T.);
#1127=ORIENTED_EDGE('',*,*,#3874,.F.);
#1128=ORIENTED_EDGE('',*,*,#3875,.F.);
#1129=ORIENTED_EDGE('',*,*,#3876,.T.);
#1130=ORIENTED_EDGE('',*,*,#3877,.F.);
#1131=ORIENTED_EDGE('',*,*,#3878,.F.);
#1132=ORIENTED_EDGE('',*,*,#3879,.F.);
#1133=ORIENTED_EDGE('',*,*,#3878,.T.);
#1134=ORIENTED_EDGE('',*,*,#3880,.F.);
#1135=ORIENTED_EDGE('',*,*,#3872,.F.);
#1136=ORIENTED_EDGE('',*,*,#3881,.F.);
#1137=ORIENTED_EDGE('',*,*,#3874,.T.);
#1138=ORIENTED_EDGE('',*,*,#3882,.F.);
#1139=ORIENTED_EDGE('',*,*,#3876,.F.);
#1140=ORIENTED_EDGE('',*,*,#3883,.F.);
#1141=ORIENTED_EDGE('',*,*,#3884,.T.);
#1142=ORIENTED_EDGE('',*,*,#3885,.F.);
#1143=ORIENTED_EDGE('',*,*,#3886,.T.);
#1144=ORIENTED_EDGE('',*,*,#3887,.F.);
#1145=ORIENTED_EDGE('',*,*,#3888,.T.);
#1146=ORIENTED_EDGE('',*,*,#3889,.F.);
#1147=ORIENTED_EDGE('',*,*,#3890,.T.);
#1148=ORIENTED_EDGE('',*,*,#3891,.F.);
#1149=ORIENTED_EDGE('',*,*,#3892,.T.);
#1150=ORIENTED_EDGE('',*,*,#3893,.F.);
#1151=ORIENTED_EDGE('',*,*,#3894,.T.);
#1152=ORIENTED_EDGE('',*,*,#3895,.F.);
#1153=ORIENTED_EDGE('',*,*,#3896,.T.);
#1154=ORIENTED_EDGE('',*,*,#3897,.F.);
#1155=ORIENTED_EDGE('',*,*,#3898,.T.);
#1156=ORIENTED_EDGE('',*,*,#3899,.F.);
#1157=ORIENTED_EDGE('',*,*,#3900,.T.);
#1158=ORIENTED_EDGE('',*,*,#3901,.F.);
#1159=ORIENTED_EDGE('',*,*,#3902,.T.);
#1160=ORIENTED_EDGE('',*,*,#3903,.F.);
#1161=ORIENTED_EDGE('',*,*,#3904,.T.);
#1162=ORIENTED_EDGE('',*,*,#3905,.F.);
#1163=ORIENTED_EDGE('',*,*,#3906,.T.);
#1164=ORIENTED_EDGE('',*,*,#3907,.F.);
#1165=ORIENTED_EDGE('',*,*,#3908,.T.);
#1166=ORIENTED_EDGE('',*,*,#3909,.F.);
#1167=ORIENTED_EDGE('',*,*,#3910,.T.);
#1168=ORIENTED_EDGE('',*,*,#3911,.F.);
#1169=ORIENTED_EDGE('',*,*,#3912,.T.);
#1170=ORIENTED_EDGE('',*,*,#3913,.F.);
#1171=ORIENTED_EDGE('',*,*,#3914,.T.);
#1172=ORIENTED_EDGE('',*,*,#3915,.F.);
#1173=ORIENTED_EDGE('',*,*,#3916,.T.);
#1174=ORIENTED_EDGE('',*,*,#3917,.F.);
#1175=ORIENTED_EDGE('',*,*,#3918,.T.);
#1176=ORIENTED_EDGE('',*,*,#3919,.F.);
#1177=ORIENTED_EDGE('',*,*,#3920,.T.);
#1178=ORIENTED_EDGE('',*,*,#3921,.F.);
#1179=ORIENTED_EDGE('',*,*,#3922,.T.);
#1180=ORIENTED_EDGE('',*,*,#3923,.F.);
#1181=ORIENTED_EDGE('',*,*,#3924,.T.);
#1182=ORIENTED_EDGE('',*,*,#3925,.F.);
#1183=ORIENTED_EDGE('',*,*,#3926,.T.);
#1184=ORIENTED_EDGE('',*,*,#3927,.F.);
#1185=ORIENTED_EDGE('',*,*,#3928,.T.);
#1186=ORIENTED_EDGE('',*,*,#3929,.F.);
#1187=ORIENTED_EDGE('',*,*,#3930,.T.);
#1188=ORIENTED_EDGE('',*,*,#3931,.F.);
#1189=ORIENTED_EDGE('',*,*,#3932,.T.);
#1190=ORIENTED_EDGE('',*,*,#3933,.F.);
#1191=ORIENTED_EDGE('',*,*,#3934,.T.);
#1192=ORIENTED_EDGE('',*,*,#3935,.F.);
#1193=ORIENTED_EDGE('',*,*,#3936,.T.);
#1194=ORIENTED_EDGE('',*,*,#3937,.F.);
#1195=ORIENTED_EDGE('',*,*,#3938,.T.);
#1196=ORIENTED_EDGE('',*,*,#3939,.F.);
#1197=ORIENTED_EDGE('',*,*,#3940,.T.);
#1198=ORIENTED_EDGE('',*,*,#3941,.F.);
#1199=ORIENTED_EDGE('',*,*,#3942,.T.);
#1200=ORIENTED_EDGE('',*,*,#3943,.F.);
#1201=ORIENTED_EDGE('',*,*,#3944,.T.);
#1202=ORIENTED_EDGE('',*,*,#3945,.F.);
#1203=ORIENTED_EDGE('',*,*,#3946,.T.);
#1204=ORIENTED_EDGE('',*,*,#3947,.F.);
#1205=ORIENTED_EDGE('',*,*,#3948,.T.);
#1206=ORIENTED_EDGE('',*,*,#3949,.F.);
#1207=ORIENTED_EDGE('',*,*,#3950,.T.);
#1208=ORIENTED_EDGE('',*,*,#3951,.F.);
#1209=ORIENTED_EDGE('',*,*,#3952,.T.);
#1210=ORIENTED_EDGE('',*,*,#3953,.F.);
#1211=ORIENTED_EDGE('',*,*,#3954,.T.);
#1212=ORIENTED_EDGE('',*,*,#3955,.F.);
#1213=ORIENTED_EDGE('',*,*,#3956,.T.);
#1214=ORIENTED_EDGE('',*,*,#3957,.F.);
#1215=ORIENTED_EDGE('',*,*,#3958,.T.);
#1216=ORIENTED_EDGE('',*,*,#3959,.F.);
#1217=ORIENTED_EDGE('',*,*,#3960,.T.);
#1218=ORIENTED_EDGE('',*,*,#3961,.F.);
#1219=ORIENTED_EDGE('',*,*,#3962,.T.);
#1220=ORIENTED_EDGE('',*,*,#3963,.F.);
#1221=ORIENTED_EDGE('',*,*,#3964,.T.);
#1222=ORIENTED_EDGE('',*,*,#3965,.F.);
#1223=ORIENTED_EDGE('',*,*,#3966,.T.);
#1224=ORIENTED_EDGE('',*,*,#3967,.F.);
#1225=ORIENTED_EDGE('',*,*,#3968,.T.);
#1226=ORIENTED_EDGE('',*,*,#3969,.F.);
#1227=ORIENTED_EDGE('',*,*,#3970,.T.);
#1228=ORIENTED_EDGE('',*,*,#3971,.F.);
#1229=ORIENTED_EDGE('',*,*,#3972,.T.);
#1230=ORIENTED_EDGE('',*,*,#3973,.F.);
#1231=ORIENTED_EDGE('',*,*,#3974,.T.);
#1232=ORIENTED_EDGE('',*,*,#3975,.F.);
#1233=ORIENTED_EDGE('',*,*,#3976,.T.);
#1234=ORIENTED_EDGE('',*,*,#3977,.F.);
#1235=ORIENTED_EDGE('',*,*,#3978,.T.);
#1236=ORIENTED_EDGE('',*,*,#3979,.F.);
#1237=ORIENTED_EDGE('',*,*,#3980,.T.);
#1238=ORIENTED_EDGE('',*,*,#3981,.F.);
#1239=ORIENTED_EDGE('',*,*,#3982,.T.);
#1240=ORIENTED_EDGE('',*,*,#3983,.F.);
#1241=ORIENTED_EDGE('',*,*,#3984,.T.);
#1242=ORIENTED_EDGE('',*,*,#3985,.F.);
#1243=ORIENTED_EDGE('',*,*,#3986,.F.);
#1244=ORIENTED_EDGE('',*,*,#3987,.F.);
#1245=ORIENTED_EDGE('',*,*,#3988,.T.);
#1246=ORIENTED_EDGE('',*,*,#3989,.F.);
#1247=ORIENTED_EDGE('',*,*,#3990,.F.);
#1248=ORIENTED_EDGE('',*,*,#3991,.F.);
#1249=ORIENTED_EDGE('',*,*,#3992,.T.);
#1250=ORIENTED_EDGE('',*,*,#3993,.F.);
#1251=ORIENTED_EDGE('',*,*,#3994,.F.);
#1252=ORIENTED_EDGE('',*,*,#3995,.F.);
#1253=ORIENTED_EDGE('',*,*,#3996,.T.);
#1254=ORIENTED_EDGE('',*,*,#3997,.F.);
#1255=ORIENTED_EDGE('',*,*,#3998,.F.);
#1256=ORIENTED_EDGE('',*,*,#3999,.F.);
#1257=ORIENTED_EDGE('',*,*,#4000,.T.);
#1258=ORIENTED_EDGE('',*,*,#4001,.F.);
#1259=ORIENTED_EDGE('',*,*,#4002,.F.);
#1260=ORIENTED_EDGE('',*,*,#4003,.F.);
#1261=ORIENTED_EDGE('',*,*,#4004,.T.);
#1262=ORIENTED_EDGE('',*,*,#4005,.F.);
#1263=ORIENTED_EDGE('',*,*,#4006,.F.);
#1264=ORIENTED_EDGE('',*,*,#4007,.F.);
#1265=ORIENTED_EDGE('',*,*,#4008,.T.);
#1266=ORIENTED_EDGE('',*,*,#4009,.F.);
#1267=ORIENTED_EDGE('',*,*,#4010,.F.);
#1268=ORIENTED_EDGE('',*,*,#4011,.F.);
#1269=ORIENTED_EDGE('',*,*,#4012,.T.);
#1270=ORIENTED_EDGE('',*,*,#4013,.F.);
#1271=ORIENTED_EDGE('',*,*,#4014,.F.);
#1272=ORIENTED_EDGE('',*,*,#4015,.F.);
#1273=ORIENTED_EDGE('',*,*,#4016,.T.);
#1274=ORIENTED_EDGE('',*,*,#4017,.F.);
#1275=ORIENTED_EDGE('',*,*,#4018,.F.);
#1276=ORIENTED_EDGE('',*,*,#4019,.F.);
#1277=ORIENTED_EDGE('',*,*,#4020,.T.);
#1278=ORIENTED_EDGE('',*,*,#4021,.F.);
#1279=ORIENTED_EDGE('',*,*,#4022,.F.);
#1280=ORIENTED_EDGE('',*,*,#4023,.F.);
#1281=ORIENTED_EDGE('',*,*,#4024,.T.);
#1282=ORIENTED_EDGE('',*,*,#4025,.F.);
#1283=ORIENTED_EDGE('',*,*,#4026,.F.);
#1284=ORIENTED_EDGE('',*,*,#4027,.F.);
#1285=ORIENTED_EDGE('',*,*,#4028,.T.);
#1286=ORIENTED_EDGE('',*,*,#4029,.F.);
#1287=ORIENTED_EDGE('',*,*,#4030,.F.);
#1288=ORIENTED_EDGE('',*,*,#4031,.F.);
#1289=ORIENTED_EDGE('',*,*,#4032,.T.);
#1290=ORIENTED_EDGE('',*,*,#4033,.F.);
#1291=ORIENTED_EDGE('',*,*,#4034,.F.);
#1292=ORIENTED_EDGE('',*,*,#4035,.F.);
#1293=ORIENTED_EDGE('',*,*,#4036,.T.);
#1294=ORIENTED_EDGE('',*,*,#4037,.F.);
#1295=ORIENTED_EDGE('',*,*,#4038,.F.);
#1296=ORIENTED_EDGE('',*,*,#4039,.F.);
#1297=ORIENTED_EDGE('',*,*,#4040,.T.);
#1298=ORIENTED_EDGE('',*,*,#4041,.F.);
#1299=ORIENTED_EDGE('',*,*,#4042,.F.);
#1300=ORIENTED_EDGE('',*,*,#4043,.F.);
#1301=ORIENTED_EDGE('',*,*,#4044,.T.);
#1302=ORIENTED_EDGE('',*,*,#4045,.F.);
#1303=ORIENTED_EDGE('',*,*,#4046,.F.);
#1304=ORIENTED_EDGE('',*,*,#4047,.F.);
#1305=ORIENTED_EDGE('',*,*,#4048,.T.);
#1306=ORIENTED_EDGE('',*,*,#4049,.F.);
#1307=ORIENTED_EDGE('',*,*,#4050,.F.);
#1308=ORIENTED_EDGE('',*,*,#4051,.F.);
#1309=ORIENTED_EDGE('',*,*,#4052,.T.);
#1310=ORIENTED_EDGE('',*,*,#4053,.F.);
#1311=ORIENTED_EDGE('',*,*,#4054,.F.);
#1312=ORIENTED_EDGE('',*,*,#4055,.F.);
#1313=ORIENTED_EDGE('',*,*,#4056,.T.);
#1314=ORIENTED_EDGE('',*,*,#4057,.F.);
#1315=ORIENTED_EDGE('',*,*,#4058,.F.);
#1316=ORIENTED_EDGE('',*,*,#4059,.F.);
#1317=ORIENTED_EDGE('',*,*,#4060,.T.);
#1318=ORIENTED_EDGE('',*,*,#4061,.F.);
#1319=ORIENTED_EDGE('',*,*,#4062,.F.);
#1320=ORIENTED_EDGE('',*,*,#4063,.F.);
#1321=ORIENTED_EDGE('',*,*,#4064,.T.);
#1322=ORIENTED_EDGE('',*,*,#4065,.F.);
#1323=ORIENTED_EDGE('',*,*,#4066,.F.);
#1324=ORIENTED_EDGE('',*,*,#4067,.F.);
#1325=ORIENTED_EDGE('',*,*,#4068,.T.);
#1326=ORIENTED_EDGE('',*,*,#4069,.F.);
#1327=ORIENTED_EDGE('',*,*,#4070,.F.);
#1328=ORIENTED_EDGE('',*,*,#4071,.F.);
#1329=ORIENTED_EDGE('',*,*,#4072,.T.);
#1330=ORIENTED_EDGE('',*,*,#4073,.F.);
#1331=ORIENTED_EDGE('',*,*,#4074,.F.);
#1332=ORIENTED_EDGE('',*,*,#4075,.F.);
#1333=ORIENTED_EDGE('',*,*,#4076,.T.);
#1334=ORIENTED_EDGE('',*,*,#4077,.F.);
#1335=ORIENTED_EDGE('',*,*,#4078,.F.);
#1336=ORIENTED_EDGE('',*,*,#4079,.F.);
#1337=ORIENTED_EDGE('',*,*,#4080,.T.);
#1338=ORIENTED_EDGE('',*,*,#4081,.F.);
#1339=ORIENTED_EDGE('',*,*,#4082,.F.);
#1340=ORIENTED_EDGE('',*,*,#4083,.F.);
#1341=ORIENTED_EDGE('',*,*,#3886,.F.);
#1342=ORIENTED_EDGE('',*,*,#4084,.T.);
#1343=ORIENTED_EDGE('',*,*,#4085,.F.);
#1344=ORIENTED_EDGE('',*,*,#4086,.F.);
#1345=ORIENTED_EDGE('',*,*,#3890,.F.);
#1346=ORIENTED_EDGE('',*,*,#4087,.T.);
#1347=ORIENTED_EDGE('',*,*,#4088,.F.);
#1348=ORIENTED_EDGE('',*,*,#4089,.F.);
#1349=ORIENTED_EDGE('',*,*,#3894,.F.);
#1350=ORIENTED_EDGE('',*,*,#4090,.T.);
#1351=ORIENTED_EDGE('',*,*,#4091,.F.);
#1352=ORIENTED_EDGE('',*,*,#4092,.F.);
#1353=ORIENTED_EDGE('',*,*,#3898,.F.);
#1354=ORIENTED_EDGE('',*,*,#4093,.T.);
#1355=ORIENTED_EDGE('',*,*,#4094,.F.);
#1356=ORIENTED_EDGE('',*,*,#4095,.F.);
#1357=ORIENTED_EDGE('',*,*,#3902,.F.);
#1358=ORIENTED_EDGE('',*,*,#4096,.T.);
#1359=ORIENTED_EDGE('',*,*,#4097,.F.);
#1360=ORIENTED_EDGE('',*,*,#4098,.F.);
#1361=ORIENTED_EDGE('',*,*,#3906,.F.);
#1362=ORIENTED_EDGE('',*,*,#4099,.T.);
#1363=ORIENTED_EDGE('',*,*,#4100,.F.);
#1364=ORIENTED_EDGE('',*,*,#4101,.F.);
#1365=ORIENTED_EDGE('',*,*,#3910,.F.);
#1366=ORIENTED_EDGE('',*,*,#4102,.T.);
#1367=ORIENTED_EDGE('',*,*,#4103,.F.);
#1368=ORIENTED_EDGE('',*,*,#4104,.F.);
#1369=ORIENTED_EDGE('',*,*,#3914,.F.);
#1370=ORIENTED_EDGE('',*,*,#4105,.T.);
#1371=ORIENTED_EDGE('',*,*,#4106,.F.);
#1372=ORIENTED_EDGE('',*,*,#4107,.F.);
#1373=ORIENTED_EDGE('',*,*,#3918,.F.);
#1374=ORIENTED_EDGE('',*,*,#4108,.T.);
#1375=ORIENTED_EDGE('',*,*,#4109,.F.);
#1376=ORIENTED_EDGE('',*,*,#4110,.F.);
#1377=ORIENTED_EDGE('',*,*,#3922,.F.);
#1378=ORIENTED_EDGE('',*,*,#4111,.T.);
#1379=ORIENTED_EDGE('',*,*,#4112,.F.);
#1380=ORIENTED_EDGE('',*,*,#4113,.F.);
#1381=ORIENTED_EDGE('',*,*,#3926,.F.);
#1382=ORIENTED_EDGE('',*,*,#4114,.T.);
#1383=ORIENTED_EDGE('',*,*,#4115,.F.);
#1384=ORIENTED_EDGE('',*,*,#4116,.F.);
#1385=ORIENTED_EDGE('',*,*,#3930,.F.);
#1386=ORIENTED_EDGE('',*,*,#4117,.T.);
#1387=ORIENTED_EDGE('',*,*,#4118,.F.);
#1388=ORIENTED_EDGE('',*,*,#4119,.F.);
#1389=ORIENTED_EDGE('',*,*,#3934,.F.);
#1390=ORIENTED_EDGE('',*,*,#4120,.T.);
#1391=ORIENTED_EDGE('',*,*,#4121,.F.);
#1392=ORIENTED_EDGE('',*,*,#4122,.F.);
#1393=ORIENTED_EDGE('',*,*,#3938,.F.);
#1394=ORIENTED_EDGE('',*,*,#4123,.T.);
#1395=ORIENTED_EDGE('',*,*,#4124,.F.);
#1396=ORIENTED_EDGE('',*,*,#4125,.F.);
#1397=ORIENTED_EDGE('',*,*,#3942,.F.);
#1398=ORIENTED_EDGE('',*,*,#4126,.T.);
#1399=ORIENTED_EDGE('',*,*,#4127,.F.);
#1400=ORIENTED_EDGE('',*,*,#4128,.F.);
#1401=ORIENTED_EDGE('',*,*,#3946,.F.);
#1402=ORIENTED_EDGE('',*,*,#4129,.T.);
#1403=ORIENTED_EDGE('',*,*,#4130,.F.);
#1404=ORIENTED_EDGE('',*,*,#4131,.F.);
#1405=ORIENTED_EDGE('',*,*,#3950,.F.);
#1406=ORIENTED_EDGE('',*,*,#4132,.T.);
#1407=ORIENTED_EDGE('',*,*,#4133,.F.);
#1408=ORIENTED_EDGE('',*,*,#4134,.F.);
#1409=ORIENTED_EDGE('',*,*,#3954,.F.);
#1410=ORIENTED_EDGE('',*,*,#4135,.T.);
#1411=ORIENTED_EDGE('',*,*,#4136,.F.);
#1412=ORIENTED_EDGE('',*,*,#4137,.F.);
#1413=ORIENTED_EDGE('',*,*,#3958,.F.);
#1414=ORIENTED_EDGE('',*,*,#4138,.T.);
#1415=ORIENTED_EDGE('',*,*,#4139,.F.);
#1416=ORIENTED_EDGE('',*,*,#4140,.F.);
#1417=ORIENTED_EDGE('',*,*,#3962,.F.);
#1418=ORIENTED_EDGE('',*,*,#4141,.T.);
#1419=ORIENTED_EDGE('',*,*,#4142,.F.);
#1420=ORIENTED_EDGE('',*,*,#4143,.F.);
#1421=ORIENTED_EDGE('',*,*,#3966,.F.);
#1422=ORIENTED_EDGE('',*,*,#4144,.T.);
#1423=ORIENTED_EDGE('',*,*,#4145,.F.);
#1424=ORIENTED_EDGE('',*,*,#4146,.F.);
#1425=ORIENTED_EDGE('',*,*,#3970,.F.);
#1426=ORIENTED_EDGE('',*,*,#4147,.T.);
#1427=ORIENTED_EDGE('',*,*,#4148,.F.);
#1428=ORIENTED_EDGE('',*,*,#4149,.F.);
#1429=ORIENTED_EDGE('',*,*,#3974,.F.);
#1430=ORIENTED_EDGE('',*,*,#4150,.T.);
#1431=ORIENTED_EDGE('',*,*,#4151,.F.);
#1432=ORIENTED_EDGE('',*,*,#4152,.F.);
#1433=ORIENTED_EDGE('',*,*,#3978,.F.);
#1434=ORIENTED_EDGE('',*,*,#4153,.T.);
#1435=ORIENTED_EDGE('',*,*,#4154,.F.);
#1436=ORIENTED_EDGE('',*,*,#4155,.F.);
#1437=ORIENTED_EDGE('',*,*,#3982,.F.);
#1438=ORIENTED_EDGE('',*,*,#4156,.T.);
#1439=ORIENTED_EDGE('',*,*,#4157,.F.);
#1440=ORIENTED_EDGE('',*,*,#3984,.F.);
#1441=ORIENTED_EDGE('',*,*,#4158,.T.);
#1442=ORIENTED_EDGE('',*,*,#4159,.T.);
#1443=ORIENTED_EDGE('',*,*,#4160,.T.);
#1444=ORIENTED_EDGE('',*,*,#3988,.F.);
#1445=ORIENTED_EDGE('',*,*,#4161,.T.);
#1446=ORIENTED_EDGE('',*,*,#4162,.T.);
#1447=ORIENTED_EDGE('',*,*,#4163,.T.);
#1448=ORIENTED_EDGE('',*,*,#3992,.F.);
#1449=ORIENTED_EDGE('',*,*,#4164,.T.);
#1450=ORIENTED_EDGE('',*,*,#4165,.T.);
#1451=ORIENTED_EDGE('',*,*,#4166,.T.);
#1452=ORIENTED_EDGE('',*,*,#3996,.F.);
#1453=ORIENTED_EDGE('',*,*,#4167,.T.);
#1454=ORIENTED_EDGE('',*,*,#4168,.T.);
#1455=ORIENTED_EDGE('',*,*,#4169,.T.);
#1456=ORIENTED_EDGE('',*,*,#4000,.F.);
#1457=ORIENTED_EDGE('',*,*,#4170,.T.);
#1458=ORIENTED_EDGE('',*,*,#4171,.T.);
#1459=ORIENTED_EDGE('',*,*,#4172,.T.);
#1460=ORIENTED_EDGE('',*,*,#4004,.F.);
#1461=ORIENTED_EDGE('',*,*,#4173,.T.);
#1462=ORIENTED_EDGE('',*,*,#4174,.T.);
#1463=ORIENTED_EDGE('',*,*,#4175,.T.);
#1464=ORIENTED_EDGE('',*,*,#4008,.F.);
#1465=ORIENTED_EDGE('',*,*,#4176,.T.);
#1466=ORIENTED_EDGE('',*,*,#4177,.T.);
#1467=ORIENTED_EDGE('',*,*,#4178,.T.);
#1468=ORIENTED_EDGE('',*,*,#4012,.F.);
#1469=ORIENTED_EDGE('',*,*,#4179,.T.);
#1470=ORIENTED_EDGE('',*,*,#4180,.T.);
#1471=ORIENTED_EDGE('',*,*,#4181,.T.);
#1472=ORIENTED_EDGE('',*,*,#4016,.F.);
#1473=ORIENTED_EDGE('',*,*,#4182,.T.);
#1474=ORIENTED_EDGE('',*,*,#4183,.T.);
#1475=ORIENTED_EDGE('',*,*,#4184,.T.);
#1476=ORIENTED_EDGE('',*,*,#4020,.F.);
#1477=ORIENTED_EDGE('',*,*,#4185,.T.);
#1478=ORIENTED_EDGE('',*,*,#4186,.T.);
#1479=ORIENTED_EDGE('',*,*,#4187,.T.);
#1480=ORIENTED_EDGE('',*,*,#4024,.F.);
#1481=ORIENTED_EDGE('',*,*,#4188,.T.);
#1482=ORIENTED_EDGE('',*,*,#4189,.T.);
#1483=ORIENTED_EDGE('',*,*,#4190,.T.);
#1484=ORIENTED_EDGE('',*,*,#4028,.F.);
#1485=ORIENTED_EDGE('',*,*,#4191,.T.);
#1486=ORIENTED_EDGE('',*,*,#4192,.T.);
#1487=ORIENTED_EDGE('',*,*,#4193,.T.);
#1488=ORIENTED_EDGE('',*,*,#4032,.F.);
#1489=ORIENTED_EDGE('',*,*,#4194,.T.);
#1490=ORIENTED_EDGE('',*,*,#4195,.T.);
#1491=ORIENTED_EDGE('',*,*,#4196,.T.);
#1492=ORIENTED_EDGE('',*,*,#4036,.F.);
#1493=ORIENTED_EDGE('',*,*,#4197,.T.);
#1494=ORIENTED_EDGE('',*,*,#4198,.T.);
#1495=ORIENTED_EDGE('',*,*,#4199,.T.);
#1496=ORIENTED_EDGE('',*,*,#4040,.F.);
#1497=ORIENTED_EDGE('',*,*,#4200,.T.);
#1498=ORIENTED_EDGE('',*,*,#4201,.T.);
#1499=ORIENTED_EDGE('',*,*,#4202,.T.);
#1500=ORIENTED_EDGE('',*,*,#4044,.F.);
#1501=ORIENTED_EDGE('',*,*,#4203,.T.);
#1502=ORIENTED_EDGE('',*,*,#4204,.T.);
#1503=ORIENTED_EDGE('',*,*,#4205,.T.);
#1504=ORIENTED_EDGE('',*,*,#4048,.F.);
#1505=ORIENTED_EDGE('',*,*,#4206,.T.);
#1506=ORIENTED_EDGE('',*,*,#4207,.T.);
#1507=ORIENTED_EDGE('',*,*,#4208,.T.);
#1508=ORIENTED_EDGE('',*,*,#4052,.F.);
#1509=ORIENTED_EDGE('',*,*,#4209,.T.);
#1510=ORIENTED_EDGE('',*,*,#4210,.T.);
#1511=ORIENTED_EDGE('',*,*,#4211,.T.);
#1512=ORIENTED_EDGE('',*,*,#4056,.F.);
#1513=ORIENTED_EDGE('',*,*,#4212,.T.);
#1514=ORIENTED_EDGE('',*,*,#4213,.T.);
#1515=ORIENTED_EDGE('',*,*,#4214,.T.);
#1516=ORIENTED_EDGE('',*,*,#4060,.F.);
#1517=ORIENTED_EDGE('',*,*,#4215,.T.);
#1518=ORIENTED_EDGE('',*,*,#4216,.T.);
#1519=ORIENTED_EDGE('',*,*,#4217,.T.);
#1520=ORIENTED_EDGE('',*,*,#4064,.F.);
#1521=ORIENTED_EDGE('',*,*,#4218,.T.);
#1522=ORIENTED_EDGE('',*,*,#4219,.T.);
#1523=ORIENTED_EDGE('',*,*,#4220,.T.);
#1524=ORIENTED_EDGE('',*,*,#4068,.F.);
#1525=ORIENTED_EDGE('',*,*,#4221,.T.);
#1526=ORIENTED_EDGE('',*,*,#4222,.T.);
#1527=ORIENTED_EDGE('',*,*,#4223,.T.);
#1528=ORIENTED_EDGE('',*,*,#4072,.F.);
#1529=ORIENTED_EDGE('',*,*,#4224,.T.);
#1530=ORIENTED_EDGE('',*,*,#4225,.T.);
#1531=ORIENTED_EDGE('',*,*,#4226,.T.);
#1532=ORIENTED_EDGE('',*,*,#4076,.F.);
#1533=ORIENTED_EDGE('',*,*,#4227,.T.);
#1534=ORIENTED_EDGE('',*,*,#4228,.T.);
#1535=ORIENTED_EDGE('',*,*,#4229,.T.);
#1536=ORIENTED_EDGE('',*,*,#4080,.F.);
#1537=ORIENTED_EDGE('',*,*,#4230,.T.);
#1538=ORIENTED_EDGE('',*,*,#4231,.T.);
#1539=ORIENTED_EDGE('',*,*,#4232,.T.);
#1540=ORIENTED_EDGE('',*,*,#4233,.F.);
#1541=ORIENTED_EDGE('',*,*,#4234,.T.);
#1542=ORIENTED_EDGE('',*,*,#4235,.T.);
#1543=ORIENTED_EDGE('',*,*,#4236,.T.);
#1544=ORIENTED_EDGE('',*,*,#4237,.F.);
#1545=ORIENTED_EDGE('',*,*,#4238,.T.);
#1546=ORIENTED_EDGE('',*,*,#4239,.T.);
#1547=ORIENTED_EDGE('',*,*,#4240,.T.);
#1548=ORIENTED_EDGE('',*,*,#4241,.F.);
#1549=ORIENTED_EDGE('',*,*,#4242,.T.);
#1550=ORIENTED_EDGE('',*,*,#4243,.T.);
#1551=ORIENTED_EDGE('',*,*,#4244,.T.);
#1552=ORIENTED_EDGE('',*,*,#4245,.F.);
#1553=ORIENTED_EDGE('',*,*,#4246,.T.);
#1554=ORIENTED_EDGE('',*,*,#4247,.T.);
#1555=ORIENTED_EDGE('',*,*,#4248,.T.);
#1556=ORIENTED_EDGE('',*,*,#4249,.F.);
#1557=ORIENTED_EDGE('',*,*,#4250,.T.);
#1558=ORIENTED_EDGE('',*,*,#4251,.T.);
#1559=ORIENTED_EDGE('',*,*,#4252,.T.);
#1560=ORIENTED_EDGE('',*,*,#4253,.F.);
#1561=ORIENTED_EDGE('',*,*,#4254,.T.);
#1562=ORIENTED_EDGE('',*,*,#4255,.T.);
#1563=ORIENTED_EDGE('',*,*,#4256,.T.);
#1564=ORIENTED_EDGE('',*,*,#4257,.F.);
#1565=ORIENTED_EDGE('',*,*,#4258,.T.);
#1566=ORIENTED_EDGE('',*,*,#4259,.T.);
#1567=ORIENTED_EDGE('',*,*,#4260,.T.);
#1568=ORIENTED_EDGE('',*,*,#4261,.F.);
#1569=ORIENTED_EDGE('',*,*,#4262,.T.);
#1570=ORIENTED_EDGE('',*,*,#4263,.T.);
#1571=ORIENTED_EDGE('',*,*,#4264,.T.);
#1572=ORIENTED_EDGE('',*,*,#4265,.F.);
#1573=ORIENTED_EDGE('',*,*,#4266,.T.);
#1574=ORIENTED_EDGE('',*,*,#4267,.T.);
#1575=ORIENTED_EDGE('',*,*,#4268,.T.);
#1576=ORIENTED_EDGE('',*,*,#4269,.F.);
#1577=ORIENTED_EDGE('',*,*,#4270,.T.);
#1578=ORIENTED_EDGE('',*,*,#4271,.T.);
#1579=ORIENTED_EDGE('',*,*,#4272,.T.);
#1580=ORIENTED_EDGE('',*,*,#4273,.F.);
#1581=ORIENTED_EDGE('',*,*,#4274,.T.);
#1582=ORIENTED_EDGE('',*,*,#4275,.T.);
#1583=ORIENTED_EDGE('',*,*,#4276,.T.);
#1584=ORIENTED_EDGE('',*,*,#4277,.F.);
#1585=ORIENTED_EDGE('',*,*,#4278,.T.);
#1586=ORIENTED_EDGE('',*,*,#4279,.T.);
#1587=ORIENTED_EDGE('',*,*,#4280,.T.);
#1588=ORIENTED_EDGE('',*,*,#4281,.F.);
#1589=ORIENTED_EDGE('',*,*,#4282,.T.);
#1590=ORIENTED_EDGE('',*,*,#4283,.T.);
#1591=ORIENTED_EDGE('',*,*,#4284,.T.);
#1592=ORIENTED_EDGE('',*,*,#4285,.F.);
#1593=ORIENTED_EDGE('',*,*,#4286,.T.);
#1594=ORIENTED_EDGE('',*,*,#4287,.T.);
#1595=ORIENTED_EDGE('',*,*,#4288,.T.);
#1596=ORIENTED_EDGE('',*,*,#4289,.F.);
#1597=ORIENTED_EDGE('',*,*,#4290,.T.);
#1598=ORIENTED_EDGE('',*,*,#4291,.T.);
#1599=ORIENTED_EDGE('',*,*,#4292,.T.);
#1600=ORIENTED_EDGE('',*,*,#4293,.F.);
#1601=ORIENTED_EDGE('',*,*,#4294,.T.);
#1602=ORIENTED_EDGE('',*,*,#4295,.T.);
#1603=ORIENTED_EDGE('',*,*,#4296,.T.);
#1604=ORIENTED_EDGE('',*,*,#4297,.F.);
#1605=ORIENTED_EDGE('',*,*,#4298,.T.);
#1606=ORIENTED_EDGE('',*,*,#4299,.T.);
#1607=ORIENTED_EDGE('',*,*,#4300,.T.);
#1608=ORIENTED_EDGE('',*,*,#4301,.F.);
#1609=ORIENTED_EDGE('',*,*,#4302,.T.);
#1610=ORIENTED_EDGE('',*,*,#4303,.T.);
#1611=ORIENTED_EDGE('',*,*,#4304,.T.);
#1612=ORIENTED_EDGE('',*,*,#4305,.F.);
#1613=ORIENTED_EDGE('',*,*,#4306,.T.);
#1614=ORIENTED_EDGE('',*,*,#4307,.T.);
#1615=ORIENTED_EDGE('',*,*,#4308,.T.);
#1616=ORIENTED_EDGE('',*,*,#4309,.F.);
#1617=ORIENTED_EDGE('',*,*,#4310,.T.);
#1618=ORIENTED_EDGE('',*,*,#4311,.T.);
#1619=ORIENTED_EDGE('',*,*,#4312,.T.);
#1620=ORIENTED_EDGE('',*,*,#4313,.F.);
#1621=ORIENTED_EDGE('',*,*,#4314,.T.);
#1622=ORIENTED_EDGE('',*,*,#4315,.T.);
#1623=ORIENTED_EDGE('',*,*,#4316,.T.);
#1624=ORIENTED_EDGE('',*,*,#4317,.F.);
#1625=ORIENTED_EDGE('',*,*,#4318,.T.);
#1626=ORIENTED_EDGE('',*,*,#4319,.T.);
#1627=ORIENTED_EDGE('',*,*,#4320,.T.);
#1628=ORIENTED_EDGE('',*,*,#4321,.F.);
#1629=ORIENTED_EDGE('',*,*,#4322,.T.);
#1630=ORIENTED_EDGE('',*,*,#4323,.T.);
#1631=ORIENTED_EDGE('',*,*,#4324,.T.);
#1632=ORIENTED_EDGE('',*,*,#4325,.F.);
#1633=ORIENTED_EDGE('',*,*,#4326,.T.);
#1634=ORIENTED_EDGE('',*,*,#4327,.T.);
#1635=ORIENTED_EDGE('',*,*,#4328,.T.);
#1636=ORIENTED_EDGE('',*,*,#4329,.F.);
#1637=ORIENTED_EDGE('',*,*,#4330,.T.);
#1638=ORIENTED_EDGE('',*,*,#4331,.T.);
#1639=ORIENTED_EDGE('',*,*,#4332,.T.);
#1640=ORIENTED_EDGE('',*,*,#4159,.F.);
#1641=ORIENTED_EDGE('',*,*,#4333,.T.);
#1642=ORIENTED_EDGE('',*,*,#4233,.T.);
#1643=ORIENTED_EDGE('',*,*,#4334,.T.);
#1644=ORIENTED_EDGE('',*,*,#4162,.F.);
#1645=ORIENTED_EDGE('',*,*,#4335,.T.);
#1646=ORIENTED_EDGE('',*,*,#4237,.T.);
#1647=ORIENTED_EDGE('',*,*,#4336,.T.);
#1648=ORIENTED_EDGE('',*,*,#4165,.F.);
#1649=ORIENTED_EDGE('',*,*,#4337,.T.);
#1650=ORIENTED_EDGE('',*,*,#4241,.T.);
#1651=ORIENTED_EDGE('',*,*,#4338,.T.);
#1652=ORIENTED_EDGE('',*,*,#4168,.F.);
#1653=ORIENTED_EDGE('',*,*,#4339,.T.);
#1654=ORIENTED_EDGE('',*,*,#4245,.T.);
#1655=ORIENTED_EDGE('',*,*,#4340,.T.);
#1656=ORIENTED_EDGE('',*,*,#4171,.F.);
#1657=ORIENTED_EDGE('',*,*,#4341,.T.);
#1658=ORIENTED_EDGE('',*,*,#4249,.T.);
#1659=ORIENTED_EDGE('',*,*,#4342,.T.);
#1660=ORIENTED_EDGE('',*,*,#4174,.F.);
#1661=ORIENTED_EDGE('',*,*,#4343,.T.);
#1662=ORIENTED_EDGE('',*,*,#4253,.T.);
#1663=ORIENTED_EDGE('',*,*,#4344,.T.);
#1664=ORIENTED_EDGE('',*,*,#4177,.F.);
#1665=ORIENTED_EDGE('',*,*,#4345,.T.);
#1666=ORIENTED_EDGE('',*,*,#4257,.T.);
#1667=ORIENTED_EDGE('',*,*,#4346,.T.);
#1668=ORIENTED_EDGE('',*,*,#4180,.F.);
#1669=ORIENTED_EDGE('',*,*,#4347,.T.);
#1670=ORIENTED_EDGE('',*,*,#4261,.T.);
#1671=ORIENTED_EDGE('',*,*,#4348,.T.);
#1672=ORIENTED_EDGE('',*,*,#4183,.F.);
#1673=ORIENTED_EDGE('',*,*,#4349,.T.);
#1674=ORIENTED_EDGE('',*,*,#4265,.T.);
#1675=ORIENTED_EDGE('',*,*,#4350,.T.);
#1676=ORIENTED_EDGE('',*,*,#4186,.F.);
#1677=ORIENTED_EDGE('',*,*,#4351,.T.);
#1678=ORIENTED_EDGE('',*,*,#4269,.T.);
#1679=ORIENTED_EDGE('',*,*,#4352,.T.);
#1680=ORIENTED_EDGE('',*,*,#4189,.F.);
#1681=ORIENTED_EDGE('',*,*,#4353,.T.);
#1682=ORIENTED_EDGE('',*,*,#4273,.T.);
#1683=ORIENTED_EDGE('',*,*,#4354,.T.);
#1684=ORIENTED_EDGE('',*,*,#4192,.F.);
#1685=ORIENTED_EDGE('',*,*,#4355,.T.);
#1686=ORIENTED_EDGE('',*,*,#4277,.T.);
#1687=ORIENTED_EDGE('',*,*,#4356,.T.);
#1688=ORIENTED_EDGE('',*,*,#4195,.F.);
#1689=ORIENTED_EDGE('',*,*,#4357,.T.);
#1690=ORIENTED_EDGE('',*,*,#4281,.T.);
#1691=ORIENTED_EDGE('',*,*,#4358,.T.);
#1692=ORIENTED_EDGE('',*,*,#4198,.F.);
#1693=ORIENTED_EDGE('',*,*,#4359,.T.);
#1694=ORIENTED_EDGE('',*,*,#4285,.T.);
#1695=ORIENTED_EDGE('',*,*,#4360,.T.);
#1696=ORIENTED_EDGE('',*,*,#4201,.F.);
#1697=ORIENTED_EDGE('',*,*,#4361,.T.);
#1698=ORIENTED_EDGE('',*,*,#4289,.T.);
#1699=ORIENTED_EDGE('',*,*,#4362,.T.);
#1700=ORIENTED_EDGE('',*,*,#4204,.F.);
#1701=ORIENTED_EDGE('',*,*,#4363,.T.);
#1702=ORIENTED_EDGE('',*,*,#4293,.T.);
#1703=ORIENTED_EDGE('',*,*,#4364,.T.);
#1704=ORIENTED_EDGE('',*,*,#4207,.F.);
#1705=ORIENTED_EDGE('',*,*,#4365,.T.);
#1706=ORIENTED_EDGE('',*,*,#4297,.T.);
#1707=ORIENTED_EDGE('',*,*,#4366,.T.);
#1708=ORIENTED_EDGE('',*,*,#4210,.F.);
#1709=ORIENTED_EDGE('',*,*,#4367,.T.);
#1710=ORIENTED_EDGE('',*,*,#4301,.T.);
#1711=ORIENTED_EDGE('',*,*,#4368,.T.);
#1712=ORIENTED_EDGE('',*,*,#4213,.F.);
#1713=ORIENTED_EDGE('',*,*,#4369,.T.);
#1714=ORIENTED_EDGE('',*,*,#4305,.T.);
#1715=ORIENTED_EDGE('',*,*,#4370,.T.);
#1716=ORIENTED_EDGE('',*,*,#4216,.F.);
#1717=ORIENTED_EDGE('',*,*,#4371,.T.);
#1718=ORIENTED_EDGE('',*,*,#4309,.T.);
#1719=ORIENTED_EDGE('',*,*,#4372,.T.);
#1720=ORIENTED_EDGE('',*,*,#4219,.F.);
#1721=ORIENTED_EDGE('',*,*,#4373,.T.);
#1722=ORIENTED_EDGE('',*,*,#4313,.T.);
#1723=ORIENTED_EDGE('',*,*,#4374,.T.);
#1724=ORIENTED_EDGE('',*,*,#4222,.F.);
#1725=ORIENTED_EDGE('',*,*,#4375,.T.);
#1726=ORIENTED_EDGE('',*,*,#4317,.T.);
#1727=ORIENTED_EDGE('',*,*,#4376,.T.);
#1728=ORIENTED_EDGE('',*,*,#4225,.F.);
#1729=ORIENTED_EDGE('',*,*,#4377,.T.);
#1730=ORIENTED_EDGE('',*,*,#4321,.T.);
#1731=ORIENTED_EDGE('',*,*,#4378,.T.);
#1732=ORIENTED_EDGE('',*,*,#4228,.F.);
#1733=ORIENTED_EDGE('',*,*,#4379,.T.);
#1734=ORIENTED_EDGE('',*,*,#4325,.T.);
#1735=ORIENTED_EDGE('',*,*,#4380,.T.);
#1736=ORIENTED_EDGE('',*,*,#4231,.F.);
#1737=ORIENTED_EDGE('',*,*,#4381,.T.);
#1738=ORIENTED_EDGE('',*,*,#4329,.T.);
#1739=ORIENTED_EDGE('',*,*,#4382,.T.);
#1740=ORIENTED_EDGE('',*,*,#3884,.F.);
#1741=ORIENTED_EDGE('',*,*,#4383,.T.);
#1742=ORIENTED_EDGE('',*,*,#4384,.T.);
#1743=ORIENTED_EDGE('',*,*,#4385,.T.);
#1744=ORIENTED_EDGE('',*,*,#3888,.F.);
#1745=ORIENTED_EDGE('',*,*,#4386,.T.);
#1746=ORIENTED_EDGE('',*,*,#4387,.T.);
#1747=ORIENTED_EDGE('',*,*,#4388,.T.);
#1748=ORIENTED_EDGE('',*,*,#3892,.F.);
#1749=ORIENTED_EDGE('',*,*,#4389,.T.);
#1750=ORIENTED_EDGE('',*,*,#4390,.T.);
#1751=ORIENTED_EDGE('',*,*,#4391,.T.);
#1752=ORIENTED_EDGE('',*,*,#3896,.F.);
#1753=ORIENTED_EDGE('',*,*,#4392,.T.);
#1754=ORIENTED_EDGE('',*,*,#4393,.T.);
#1755=ORIENTED_EDGE('',*,*,#4394,.T.);
#1756=ORIENTED_EDGE('',*,*,#3900,.F.);
#1757=ORIENTED_EDGE('',*,*,#4395,.T.);
#1758=ORIENTED_EDGE('',*,*,#4396,.T.);
#1759=ORIENTED_EDGE('',*,*,#4397,.T.);
#1760=ORIENTED_EDGE('',*,*,#3904,.F.);
#1761=ORIENTED_EDGE('',*,*,#4398,.T.);
#1762=ORIENTED_EDGE('',*,*,#4399,.T.);
#1763=ORIENTED_EDGE('',*,*,#4400,.T.);
#1764=ORIENTED_EDGE('',*,*,#3908,.F.);
#1765=ORIENTED_EDGE('',*,*,#4401,.T.);
#1766=ORIENTED_EDGE('',*,*,#4402,.T.);
#1767=ORIENTED_EDGE('',*,*,#4403,.T.);
#1768=ORIENTED_EDGE('',*,*,#3912,.F.);
#1769=ORIENTED_EDGE('',*,*,#4404,.T.);
#1770=ORIENTED_EDGE('',*,*,#4405,.T.);
#1771=ORIENTED_EDGE('',*,*,#4406,.T.);
#1772=ORIENTED_EDGE('',*,*,#3916,.F.);
#1773=ORIENTED_EDGE('',*,*,#4407,.T.);
#1774=ORIENTED_EDGE('',*,*,#4408,.T.);
#1775=ORIENTED_EDGE('',*,*,#4409,.T.);
#1776=ORIENTED_EDGE('',*,*,#3920,.F.);
#1777=ORIENTED_EDGE('',*,*,#4410,.T.);
#1778=ORIENTED_EDGE('',*,*,#4411,.T.);
#1779=ORIENTED_EDGE('',*,*,#4412,.T.);
#1780=ORIENTED_EDGE('',*,*,#3924,.F.);
#1781=ORIENTED_EDGE('',*,*,#4413,.T.);
#1782=ORIENTED_EDGE('',*,*,#4414,.T.);
#1783=ORIENTED_EDGE('',*,*,#4415,.T.);
#1784=ORIENTED_EDGE('',*,*,#3928,.F.);
#1785=ORIENTED_EDGE('',*,*,#4416,.T.);
#1786=ORIENTED_EDGE('',*,*,#4417,.T.);
#1787=ORIENTED_EDGE('',*,*,#4418,.T.);
#1788=ORIENTED_EDGE('',*,*,#3932,.F.);
#1789=ORIENTED_EDGE('',*,*,#4419,.T.);
#1790=ORIENTED_EDGE('',*,*,#4420,.T.);
#1791=ORIENTED_EDGE('',*,*,#4421,.T.);
#1792=ORIENTED_EDGE('',*,*,#3936,.F.);
#1793=ORIENTED_EDGE('',*,*,#4422,.T.);
#1794=ORIENTED_EDGE('',*,*,#4423,.T.);
#1795=ORIENTED_EDGE('',*,*,#4424,.T.);
#1796=ORIENTED_EDGE('',*,*,#3940,.F.);
#1797=ORIENTED_EDGE('',*,*,#4425,.T.);
#1798=ORIENTED_EDGE('',*,*,#4426,.T.);
#1799=ORIENTED_EDGE('',*,*,#4427,.T.);
#1800=ORIENTED_EDGE('',*,*,#3944,.F.);
#1801=ORIENTED_EDGE('',*,*,#4428,.T.);
#1802=ORIENTED_EDGE('',*,*,#4429,.T.);
#1803=ORIENTED_EDGE('',*,*,#4430,.T.);
#1804=ORIENTED_EDGE('',*,*,#3948,.F.);
#1805=ORIENTED_EDGE('',*,*,#4431,.T.);
#1806=ORIENTED_EDGE('',*,*,#4432,.T.);
#1807=ORIENTED_EDGE('',*,*,#4433,.T.);
#1808=ORIENTED_EDGE('',*,*,#3952,.F.);
#1809=ORIENTED_EDGE('',*,*,#4434,.T.);
#1810=ORIENTED_EDGE('',*,*,#4435,.T.);
#1811=ORIENTED_EDGE('',*,*,#4436,.T.);
#1812=ORIENTED_EDGE('',*,*,#3956,.F.);
#1813=ORIENTED_EDGE('',*,*,#4437,.T.);
#1814=ORIENTED_EDGE('',*,*,#4438,.T.);
#1815=ORIENTED_EDGE('',*,*,#4439,.T.);
#1816=ORIENTED_EDGE('',*,*,#3960,.F.);
#1817=ORIENTED_EDGE('',*,*,#4440,.T.);
#1818=ORIENTED_EDGE('',*,*,#4441,.T.);
#1819=ORIENTED_EDGE('',*,*,#4442,.T.);
#1820=ORIENTED_EDGE('',*,*,#3964,.F.);
#1821=ORIENTED_EDGE('',*,*,#4443,.T.);
#1822=ORIENTED_EDGE('',*,*,#4444,.T.);
#1823=ORIENTED_EDGE('',*,*,#4445,.T.);
#1824=ORIENTED_EDGE('',*,*,#3968,.F.);
#1825=ORIENTED_EDGE('',*,*,#4446,.T.);
#1826=ORIENTED_EDGE('',*,*,#4447,.T.);
#1827=ORIENTED_EDGE('',*,*,#4448,.T.);
#1828=ORIENTED_EDGE('',*,*,#3972,.F.);
#1829=ORIENTED_EDGE('',*,*,#4449,.T.);
#1830=ORIENTED_EDGE('',*,*,#4450,.T.);
#1831=ORIENTED_EDGE('',*,*,#4451,.T.);
#1832=ORIENTED_EDGE('',*,*,#3976,.F.);
#1833=ORIENTED_EDGE('',*,*,#4452,.T.);
#1834=ORIENTED_EDGE('',*,*,#4453,.T.);
#1835=ORIENTED_EDGE('',*,*,#4454,.T.);
#1836=ORIENTED_EDGE('',*,*,#3980,.F.);
#1837=ORIENTED_EDGE('',*,*,#4455,.T.);
#1838=ORIENTED_EDGE('',*,*,#4456,.T.);
#1839=ORIENTED_EDGE('',*,*,#4457,.T.);
#1840=ORIENTED_EDGE('',*,*,#4458,.F.);
#1841=ORIENTED_EDGE('',*,*,#4459,.T.);
#1842=ORIENTED_EDGE('',*,*,#3986,.T.);
#1843=ORIENTED_EDGE('',*,*,#4460,.T.);
#1844=ORIENTED_EDGE('',*,*,#4461,.F.);
#1845=ORIENTED_EDGE('',*,*,#4462,.T.);
#1846=ORIENTED_EDGE('',*,*,#3990,.T.);
#1847=ORIENTED_EDGE('',*,*,#4463,.T.);
#1848=ORIENTED_EDGE('',*,*,#4464,.F.);
#1849=ORIENTED_EDGE('',*,*,#4465,.T.);
#1850=ORIENTED_EDGE('',*,*,#3994,.T.);
#1851=ORIENTED_EDGE('',*,*,#4466,.T.);
#1852=ORIENTED_EDGE('',*,*,#4467,.F.);
#1853=ORIENTED_EDGE('',*,*,#4468,.T.);
#1854=ORIENTED_EDGE('',*,*,#3998,.T.);
#1855=ORIENTED_EDGE('',*,*,#4469,.T.);
#1856=ORIENTED_EDGE('',*,*,#4470,.F.);
#1857=ORIENTED_EDGE('',*,*,#4471,.T.);
#1858=ORIENTED_EDGE('',*,*,#4002,.T.);
#1859=ORIENTED_EDGE('',*,*,#4472,.T.);
#1860=ORIENTED_EDGE('',*,*,#4473,.F.);
#1861=ORIENTED_EDGE('',*,*,#4474,.T.);
#1862=ORIENTED_EDGE('',*,*,#4006,.T.);
#1863=ORIENTED_EDGE('',*,*,#4475,.T.);
#1864=ORIENTED_EDGE('',*,*,#4476,.F.);
#1865=ORIENTED_EDGE('',*,*,#4477,.T.);
#1866=ORIENTED_EDGE('',*,*,#4010,.T.);
#1867=ORIENTED_EDGE('',*,*,#4478,.T.);
#1868=ORIENTED_EDGE('',*,*,#4479,.F.);
#1869=ORIENTED_EDGE('',*,*,#4480,.T.);
#1870=ORIENTED_EDGE('',*,*,#4014,.T.);
#1871=ORIENTED_EDGE('',*,*,#4481,.T.);
#1872=ORIENTED_EDGE('',*,*,#4482,.F.);
#1873=ORIENTED_EDGE('',*,*,#4483,.T.);
#1874=ORIENTED_EDGE('',*,*,#4018,.T.);
#1875=ORIENTED_EDGE('',*,*,#4484,.T.);
#1876=ORIENTED_EDGE('',*,*,#4485,.F.);
#1877=ORIENTED_EDGE('',*,*,#4486,.T.);
#1878=ORIENTED_EDGE('',*,*,#4022,.T.);
#1879=ORIENTED_EDGE('',*,*,#4487,.T.);
#1880=ORIENTED_EDGE('',*,*,#4488,.F.);
#1881=ORIENTED_EDGE('',*,*,#4489,.T.);
#1882=ORIENTED_EDGE('',*,*,#4026,.T.);
#1883=ORIENTED_EDGE('',*,*,#4490,.T.);
#1884=ORIENTED_EDGE('',*,*,#4491,.F.);
#1885=ORIENTED_EDGE('',*,*,#4492,.T.);
#1886=ORIENTED_EDGE('',*,*,#4030,.T.);
#1887=ORIENTED_EDGE('',*,*,#4493,.T.);
#1888=ORIENTED_EDGE('',*,*,#4494,.F.);
#1889=ORIENTED_EDGE('',*,*,#4495,.T.);
#1890=ORIENTED_EDGE('',*,*,#4034,.T.);
#1891=ORIENTED_EDGE('',*,*,#4496,.T.);
#1892=ORIENTED_EDGE('',*,*,#4497,.F.);
#1893=ORIENTED_EDGE('',*,*,#4498,.T.);
#1894=ORIENTED_EDGE('',*,*,#4038,.T.);
#1895=ORIENTED_EDGE('',*,*,#4499,.T.);
#1896=ORIENTED_EDGE('',*,*,#4500,.F.);
#1897=ORIENTED_EDGE('',*,*,#4501,.T.);
#1898=ORIENTED_EDGE('',*,*,#4042,.T.);
#1899=ORIENTED_EDGE('',*,*,#4502,.T.);
#1900=ORIENTED_EDGE('',*,*,#4503,.F.);
#1901=ORIENTED_EDGE('',*,*,#4504,.T.);
#1902=ORIENTED_EDGE('',*,*,#4046,.T.);
#1903=ORIENTED_EDGE('',*,*,#4505,.T.);
#1904=ORIENTED_EDGE('',*,*,#4506,.F.);
#1905=ORIENTED_EDGE('',*,*,#4507,.T.);
#1906=ORIENTED_EDGE('',*,*,#4050,.T.);
#1907=ORIENTED_EDGE('',*,*,#4508,.T.);
#1908=ORIENTED_EDGE('',*,*,#4509,.F.);
#1909=ORIENTED_EDGE('',*,*,#4510,.T.);
#1910=ORIENTED_EDGE('',*,*,#4054,.T.);
#1911=ORIENTED_EDGE('',*,*,#4511,.T.);
#1912=ORIENTED_EDGE('',*,*,#4512,.F.);
#1913=ORIENTED_EDGE('',*,*,#4513,.T.);
#1914=ORIENTED_EDGE('',*,*,#4058,.T.);
#1915=ORIENTED_EDGE('',*,*,#4514,.T.);
#1916=ORIENTED_EDGE('',*,*,#4515,.F.);
#1917=ORIENTED_EDGE('',*,*,#4516,.T.);
#1918=ORIENTED_EDGE('',*,*,#4062,.T.);
#1919=ORIENTED_EDGE('',*,*,#4517,.T.);
#1920=ORIENTED_EDGE('',*,*,#4518,.F.);
#1921=ORIENTED_EDGE('',*,*,#4519,.T.);
#1922=ORIENTED_EDGE('',*,*,#4066,.T.);
#1923=ORIENTED_EDGE('',*,*,#4520,.T.);
#1924=ORIENTED_EDGE('',*,*,#4521,.F.);
#1925=ORIENTED_EDGE('',*,*,#4522,.T.);
#1926=ORIENTED_EDGE('',*,*,#4070,.T.);
#1927=ORIENTED_EDGE('',*,*,#4523,.T.);
#1928=ORIENTED_EDGE('',*,*,#4524,.F.);
#1929=ORIENTED_EDGE('',*,*,#4525,.T.);
#1930=ORIENTED_EDGE('',*,*,#4074,.T.);
#1931=ORIENTED_EDGE('',*,*,#4526,.T.);
#1932=ORIENTED_EDGE('',*,*,#4527,.F.);
#1933=ORIENTED_EDGE('',*,*,#4528,.T.);
#1934=ORIENTED_EDGE('',*,*,#4078,.T.);
#1935=ORIENTED_EDGE('',*,*,#4529,.T.);
#1936=ORIENTED_EDGE('',*,*,#4530,.F.);
#1937=ORIENTED_EDGE('',*,*,#4531,.T.);
#1938=ORIENTED_EDGE('',*,*,#4082,.T.);
#1939=ORIENTED_EDGE('',*,*,#4532,.T.);
#1940=ORIENTED_EDGE('',*,*,#4533,.F.);
#1941=ORIENTED_EDGE('',*,*,#4458,.T.);
#1942=ORIENTED_EDGE('',*,*,#4534,.F.);
#1943=ORIENTED_EDGE('',*,*,#4535,.F.);
#1944=ORIENTED_EDGE('',*,*,#4536,.F.);
#1945=ORIENTED_EDGE('',*,*,#4461,.T.);
#1946=ORIENTED_EDGE('',*,*,#4537,.F.);
#1947=ORIENTED_EDGE('',*,*,#4538,.F.);
#1948=ORIENTED_EDGE('',*,*,#4539,.F.);
#1949=ORIENTED_EDGE('',*,*,#4464,.T.);
#1950=ORIENTED_EDGE('',*,*,#4540,.F.);
#1951=ORIENTED_EDGE('',*,*,#4541,.F.);
#1952=ORIENTED_EDGE('',*,*,#4542,.F.);
#1953=ORIENTED_EDGE('',*,*,#4467,.T.);
#1954=ORIENTED_EDGE('',*,*,#4543,.F.);
#1955=ORIENTED_EDGE('',*,*,#4544,.F.);
#1956=ORIENTED_EDGE('',*,*,#4545,.F.);
#1957=ORIENTED_EDGE('',*,*,#4470,.T.);
#1958=ORIENTED_EDGE('',*,*,#4546,.F.);
#1959=ORIENTED_EDGE('',*,*,#4547,.F.);
#1960=ORIENTED_EDGE('',*,*,#4548,.F.);
#1961=ORIENTED_EDGE('',*,*,#4473,.T.);
#1962=ORIENTED_EDGE('',*,*,#4549,.F.);
#1963=ORIENTED_EDGE('',*,*,#4550,.F.);
#1964=ORIENTED_EDGE('',*,*,#4551,.F.);
#1965=ORIENTED_EDGE('',*,*,#4476,.T.);
#1966=ORIENTED_EDGE('',*,*,#4552,.F.);
#1967=ORIENTED_EDGE('',*,*,#4553,.F.);
#1968=ORIENTED_EDGE('',*,*,#4554,.F.);
#1969=ORIENTED_EDGE('',*,*,#4479,.T.);
#1970=ORIENTED_EDGE('',*,*,#4555,.F.);
#1971=ORIENTED_EDGE('',*,*,#4556,.F.);
#1972=ORIENTED_EDGE('',*,*,#4557,.F.);
#1973=ORIENTED_EDGE('',*,*,#4482,.T.);
#1974=ORIENTED_EDGE('',*,*,#4558,.F.);
#1975=ORIENTED_EDGE('',*,*,#4559,.F.);
#1976=ORIENTED_EDGE('',*,*,#4560,.F.);
#1977=ORIENTED_EDGE('',*,*,#4485,.T.);
#1978=ORIENTED_EDGE('',*,*,#4561,.F.);
#1979=ORIENTED_EDGE('',*,*,#4562,.F.);
#1980=ORIENTED_EDGE('',*,*,#4563,.F.);
#1981=ORIENTED_EDGE('',*,*,#4488,.T.);
#1982=ORIENTED_EDGE('',*,*,#4564,.F.);
#1983=ORIENTED_EDGE('',*,*,#4565,.F.);
#1984=ORIENTED_EDGE('',*,*,#4566,.F.);
#1985=ORIENTED_EDGE('',*,*,#4491,.T.);
#1986=ORIENTED_EDGE('',*,*,#4567,.F.);
#1987=ORIENTED_EDGE('',*,*,#4568,.F.);
#1988=ORIENTED_EDGE('',*,*,#4569,.F.);
#1989=ORIENTED_EDGE('',*,*,#4494,.T.);
#1990=ORIENTED_EDGE('',*,*,#4570,.F.);
#1991=ORIENTED_EDGE('',*,*,#4571,.F.);
#1992=ORIENTED_EDGE('',*,*,#4572,.F.);
#1993=ORIENTED_EDGE('',*,*,#4497,.T.);
#1994=ORIENTED_EDGE('',*,*,#4573,.F.);
#1995=ORIENTED_EDGE('',*,*,#4574,.F.);
#1996=ORIENTED_EDGE('',*,*,#4575,.F.);
#1997=ORIENTED_EDGE('',*,*,#4500,.T.);
#1998=ORIENTED_EDGE('',*,*,#4576,.F.);
#1999=ORIENTED_EDGE('',*,*,#4577,.F.);
#2000=ORIENTED_EDGE('',*,*,#4578,.F.);
#2001=ORIENTED_EDGE('',*,*,#4503,.T.);
#2002=ORIENTED_EDGE('',*,*,#4579,.F.);
#2003=ORIENTED_EDGE('',*,*,#4580,.F.);
#2004=ORIENTED_EDGE('',*,*,#4581,.F.);
#2005=ORIENTED_EDGE('',*,*,#4506,.T.);
#2006=ORIENTED_EDGE('',*,*,#4582,.F.);
#2007=ORIENTED_EDGE('',*,*,#4583,.F.);
#2008=ORIENTED_EDGE('',*,*,#4584,.F.);
#2009=ORIENTED_EDGE('',*,*,#4509,.T.);
#2010=ORIENTED_EDGE('',*,*,#4585,.F.);
#2011=ORIENTED_EDGE('',*,*,#4586,.F.);
#2012=ORIENTED_EDGE('',*,*,#4587,.F.);
#2013=ORIENTED_EDGE('',*,*,#4512,.T.);
#2014=ORIENTED_EDGE('',*,*,#4588,.F.);
#2015=ORIENTED_EDGE('',*,*,#4589,.F.);
#2016=ORIENTED_EDGE('',*,*,#4590,.F.);
#2017=ORIENTED_EDGE('',*,*,#4515,.T.);
#2018=ORIENTED_EDGE('',*,*,#4591,.F.);
#2019=ORIENTED_EDGE('',*,*,#4592,.F.);
#2020=ORIENTED_EDGE('',*,*,#4593,.F.);
#2021=ORIENTED_EDGE('',*,*,#4518,.T.);
#2022=ORIENTED_EDGE('',*,*,#4594,.F.);
#2023=ORIENTED_EDGE('',*,*,#4595,.F.);
#2024=ORIENTED_EDGE('',*,*,#4596,.F.);
#2025=ORIENTED_EDGE('',*,*,#4521,.T.);
#2026=ORIENTED_EDGE('',*,*,#4597,.F.);
#2027=ORIENTED_EDGE('',*,*,#4598,.F.);
#2028=ORIENTED_EDGE('',*,*,#4599,.F.);
#2029=ORIENTED_EDGE('',*,*,#4524,.T.);
#2030=ORIENTED_EDGE('',*,*,#4600,.F.);
#2031=ORIENTED_EDGE('',*,*,#4601,.F.);
#2032=ORIENTED_EDGE('',*,*,#4602,.F.);
#2033=ORIENTED_EDGE('',*,*,#4527,.T.);
#2034=ORIENTED_EDGE('',*,*,#4603,.F.);
#2035=ORIENTED_EDGE('',*,*,#4604,.F.);
#2036=ORIENTED_EDGE('',*,*,#4605,.F.);
#2037=ORIENTED_EDGE('',*,*,#4530,.T.);
#2038=ORIENTED_EDGE('',*,*,#4606,.F.);
#2039=ORIENTED_EDGE('',*,*,#4607,.F.);
#2040=ORIENTED_EDGE('',*,*,#4608,.F.);
#2041=ORIENTED_EDGE('',*,*,#4609,.T.);
#2042=ORIENTED_EDGE('',*,*,#4535,.T.);
#2043=ORIENTED_EDGE('',*,*,#4610,.T.);
#2044=ORIENTED_EDGE('',*,*,#4611,.F.);
#2045=ORIENTED_EDGE('',*,*,#4612,.T.);
#2046=ORIENTED_EDGE('',*,*,#4538,.T.);
#2047=ORIENTED_EDGE('',*,*,#4613,.T.);
#2048=ORIENTED_EDGE('',*,*,#4614,.F.);
#2049=ORIENTED_EDGE('',*,*,#4615,.T.);
#2050=ORIENTED_EDGE('',*,*,#4541,.T.);
#2051=ORIENTED_EDGE('',*,*,#4616,.T.);
#2052=ORIENTED_EDGE('',*,*,#4617,.F.);
#2053=ORIENTED_EDGE('',*,*,#4618,.T.);
#2054=ORIENTED_EDGE('',*,*,#4544,.T.);
#2055=ORIENTED_EDGE('',*,*,#4619,.T.);
#2056=ORIENTED_EDGE('',*,*,#4620,.F.);
#2057=ORIENTED_EDGE('',*,*,#4621,.T.);
#2058=ORIENTED_EDGE('',*,*,#4547,.T.);
#2059=ORIENTED_EDGE('',*,*,#4622,.T.);
#2060=ORIENTED_EDGE('',*,*,#4623,.F.);
#2061=ORIENTED_EDGE('',*,*,#4624,.T.);
#2062=ORIENTED_EDGE('',*,*,#4550,.T.);
#2063=ORIENTED_EDGE('',*,*,#4625,.T.);
#2064=ORIENTED_EDGE('',*,*,#4626,.F.);
#2065=ORIENTED_EDGE('',*,*,#4627,.T.);
#2066=ORIENTED_EDGE('',*,*,#4553,.T.);
#2067=ORIENTED_EDGE('',*,*,#4628,.T.);
#2068=ORIENTED_EDGE('',*,*,#4629,.F.);
#2069=ORIENTED_EDGE('',*,*,#4630,.T.);
#2070=ORIENTED_EDGE('',*,*,#4556,.T.);
#2071=ORIENTED_EDGE('',*,*,#4631,.T.);
#2072=ORIENTED_EDGE('',*,*,#4632,.F.);
#2073=ORIENTED_EDGE('',*,*,#4633,.T.);
#2074=ORIENTED_EDGE('',*,*,#4559,.T.);
#2075=ORIENTED_EDGE('',*,*,#4634,.T.);
#2076=ORIENTED_EDGE('',*,*,#4635,.F.);
#2077=ORIENTED_EDGE('',*,*,#4636,.T.);
#2078=ORIENTED_EDGE('',*,*,#4562,.T.);
#2079=ORIENTED_EDGE('',*,*,#4637,.T.);
#2080=ORIENTED_EDGE('',*,*,#4638,.F.);
#2081=ORIENTED_EDGE('',*,*,#4639,.T.);
#2082=ORIENTED_EDGE('',*,*,#4565,.T.);
#2083=ORIENTED_EDGE('',*,*,#4640,.T.);
#2084=ORIENTED_EDGE('',*,*,#4641,.F.);
#2085=ORIENTED_EDGE('',*,*,#4642,.T.);
#2086=ORIENTED_EDGE('',*,*,#4568,.T.);
#2087=ORIENTED_EDGE('',*,*,#4643,.T.);
#2088=ORIENTED_EDGE('',*,*,#4644,.F.);
#2089=ORIENTED_EDGE('',*,*,#4645,.T.);
#2090=ORIENTED_EDGE('',*,*,#4571,.T.);
#2091=ORIENTED_EDGE('',*,*,#4646,.T.);
#2092=ORIENTED_EDGE('',*,*,#4647,.F.);
#2093=ORIENTED_EDGE('',*,*,#4648,.T.);
#2094=ORIENTED_EDGE('',*,*,#4574,.T.);
#2095=ORIENTED_EDGE('',*,*,#4649,.T.);
#2096=ORIENTED_EDGE('',*,*,#4650,.F.);
#2097=ORIENTED_EDGE('',*,*,#4651,.T.);
#2098=ORIENTED_EDGE('',*,*,#4577,.T.);
#2099=ORIENTED_EDGE('',*,*,#4652,.T.);
#2100=ORIENTED_EDGE('',*,*,#4653,.F.);
#2101=ORIENTED_EDGE('',*,*,#4654,.T.);
#2102=ORIENTED_EDGE('',*,*,#4580,.T.);
#2103=ORIENTED_EDGE('',*,*,#4655,.T.);
#2104=ORIENTED_EDGE('',*,*,#4656,.F.);
#2105=ORIENTED_EDGE('',*,*,#4657,.T.);
#2106=ORIENTED_EDGE('',*,*,#4583,.T.);
#2107=ORIENTED_EDGE('',*,*,#4658,.T.);
#2108=ORIENTED_EDGE('',*,*,#4659,.F.);
#2109=ORIENTED_EDGE('',*,*,#4660,.T.);
#2110=ORIENTED_EDGE('',*,*,#4586,.T.);
#2111=ORIENTED_EDGE('',*,*,#4661,.T.);
#2112=ORIENTED_EDGE('',*,*,#4662,.F.);
#2113=ORIENTED_EDGE('',*,*,#4663,.T.);
#2114=ORIENTED_EDGE('',*,*,#4589,.T.);
#2115=ORIENTED_EDGE('',*,*,#4664,.T.);
#2116=ORIENTED_EDGE('',*,*,#4665,.F.);
#2117=ORIENTED_EDGE('',*,*,#4666,.T.);
#2118=ORIENTED_EDGE('',*,*,#4592,.T.);
#2119=ORIENTED_EDGE('',*,*,#4667,.T.);
#2120=ORIENTED_EDGE('',*,*,#4668,.F.);
#2121=ORIENTED_EDGE('',*,*,#4669,.T.);
#2122=ORIENTED_EDGE('',*,*,#4595,.T.);
#2123=ORIENTED_EDGE('',*,*,#4670,.T.);
#2124=ORIENTED_EDGE('',*,*,#4671,.F.);
#2125=ORIENTED_EDGE('',*,*,#4672,.T.);
#2126=ORIENTED_EDGE('',*,*,#4598,.T.);
#2127=ORIENTED_EDGE('',*,*,#4673,.T.);
#2128=ORIENTED_EDGE('',*,*,#4674,.F.);
#2129=ORIENTED_EDGE('',*,*,#4675,.T.);
#2130=ORIENTED_EDGE('',*,*,#4601,.T.);
#2131=ORIENTED_EDGE('',*,*,#4676,.T.);
#2132=ORIENTED_EDGE('',*,*,#4677,.F.);
#2133=ORIENTED_EDGE('',*,*,#4678,.T.);
#2134=ORIENTED_EDGE('',*,*,#4604,.T.);
#2135=ORIENTED_EDGE('',*,*,#4679,.T.);
#2136=ORIENTED_EDGE('',*,*,#4680,.F.);
#2137=ORIENTED_EDGE('',*,*,#4681,.T.);
#2138=ORIENTED_EDGE('',*,*,#4607,.T.);
#2139=ORIENTED_EDGE('',*,*,#4682,.T.);
#2140=ORIENTED_EDGE('',*,*,#4683,.F.);
#2141=ORIENTED_EDGE('',*,*,#4684,.T.);
#2142=ORIENTED_EDGE('',*,*,#4685,.T.);
#2143=ORIENTED_EDGE('',*,*,#4686,.T.);
#2144=ORIENTED_EDGE('',*,*,#4687,.F.);
#2145=ORIENTED_EDGE('',*,*,#4688,.T.);
#2146=ORIENTED_EDGE('',*,*,#4689,.T.);
#2147=ORIENTED_EDGE('',*,*,#4690,.T.);
#2148=ORIENTED_EDGE('',*,*,#4691,.F.);
#2149=ORIENTED_EDGE('',*,*,#4692,.T.);
#2150=ORIENTED_EDGE('',*,*,#4693,.T.);
#2151=ORIENTED_EDGE('',*,*,#4694,.T.);
#2152=ORIENTED_EDGE('',*,*,#4695,.F.);
#2153=ORIENTED_EDGE('',*,*,#4696,.T.);
#2154=ORIENTED_EDGE('',*,*,#4697,.T.);
#2155=ORIENTED_EDGE('',*,*,#4698,.T.);
#2156=ORIENTED_EDGE('',*,*,#4699,.F.);
#2157=ORIENTED_EDGE('',*,*,#4700,.T.);
#2158=ORIENTED_EDGE('',*,*,#4701,.T.);
#2159=ORIENTED_EDGE('',*,*,#4702,.T.);
#2160=ORIENTED_EDGE('',*,*,#4703,.F.);
#2161=ORIENTED_EDGE('',*,*,#4704,.T.);
#2162=ORIENTED_EDGE('',*,*,#4705,.T.);
#2163=ORIENTED_EDGE('',*,*,#4706,.T.);
#2164=ORIENTED_EDGE('',*,*,#4707,.F.);
#2165=ORIENTED_EDGE('',*,*,#4708,.T.);
#2166=ORIENTED_EDGE('',*,*,#4709,.T.);
#2167=ORIENTED_EDGE('',*,*,#4710,.T.);
#2168=ORIENTED_EDGE('',*,*,#4711,.F.);
#2169=ORIENTED_EDGE('',*,*,#4712,.T.);
#2170=ORIENTED_EDGE('',*,*,#4713,.T.);
#2171=ORIENTED_EDGE('',*,*,#4714,.T.);
#2172=ORIENTED_EDGE('',*,*,#4715,.F.);
#2173=ORIENTED_EDGE('',*,*,#4716,.T.);
#2174=ORIENTED_EDGE('',*,*,#4717,.T.);
#2175=ORIENTED_EDGE('',*,*,#4718,.T.);
#2176=ORIENTED_EDGE('',*,*,#4719,.F.);
#2177=ORIENTED_EDGE('',*,*,#4720,.T.);
#2178=ORIENTED_EDGE('',*,*,#4721,.T.);
#2179=ORIENTED_EDGE('',*,*,#4722,.T.);
#2180=ORIENTED_EDGE('',*,*,#4723,.F.);
#2181=ORIENTED_EDGE('',*,*,#4724,.T.);
#2182=ORIENTED_EDGE('',*,*,#4725,.T.);
#2183=ORIENTED_EDGE('',*,*,#4726,.T.);
#2184=ORIENTED_EDGE('',*,*,#4727,.F.);
#2185=ORIENTED_EDGE('',*,*,#4728,.T.);
#2186=ORIENTED_EDGE('',*,*,#4729,.T.);
#2187=ORIENTED_EDGE('',*,*,#4730,.T.);
#2188=ORIENTED_EDGE('',*,*,#4731,.F.);
#2189=ORIENTED_EDGE('',*,*,#4732,.T.);
#2190=ORIENTED_EDGE('',*,*,#4733,.T.);
#2191=ORIENTED_EDGE('',*,*,#4734,.T.);
#2192=ORIENTED_EDGE('',*,*,#4735,.F.);
#2193=ORIENTED_EDGE('',*,*,#4736,.T.);
#2194=ORIENTED_EDGE('',*,*,#4737,.T.);
#2195=ORIENTED_EDGE('',*,*,#4738,.T.);
#2196=ORIENTED_EDGE('',*,*,#4739,.F.);
#2197=ORIENTED_EDGE('',*,*,#4740,.T.);
#2198=ORIENTED_EDGE('',*,*,#4741,.T.);
#2199=ORIENTED_EDGE('',*,*,#4742,.T.);
#2200=ORIENTED_EDGE('',*,*,#4743,.F.);
#2201=ORIENTED_EDGE('',*,*,#4744,.T.);
#2202=ORIENTED_EDGE('',*,*,#4745,.T.);
#2203=ORIENTED_EDGE('',*,*,#4746,.T.);
#2204=ORIENTED_EDGE('',*,*,#4747,.F.);
#2205=ORIENTED_EDGE('',*,*,#4748,.T.);
#2206=ORIENTED_EDGE('',*,*,#4749,.T.);
#2207=ORIENTED_EDGE('',*,*,#4750,.T.);
#2208=ORIENTED_EDGE('',*,*,#4751,.F.);
#2209=ORIENTED_EDGE('',*,*,#4752,.T.);
#2210=ORIENTED_EDGE('',*,*,#4753,.T.);
#2211=ORIENTED_EDGE('',*,*,#4754,.T.);
#2212=ORIENTED_EDGE('',*,*,#4755,.F.);
#2213=ORIENTED_EDGE('',*,*,#4756,.T.);
#2214=ORIENTED_EDGE('',*,*,#4757,.T.);
#2215=ORIENTED_EDGE('',*,*,#4758,.T.);
#2216=ORIENTED_EDGE('',*,*,#4759,.F.);
#2217=ORIENTED_EDGE('',*,*,#4760,.T.);
#2218=ORIENTED_EDGE('',*,*,#4761,.T.);
#2219=ORIENTED_EDGE('',*,*,#4762,.T.);
#2220=ORIENTED_EDGE('',*,*,#4763,.F.);
#2221=ORIENTED_EDGE('',*,*,#4764,.T.);
#2222=ORIENTED_EDGE('',*,*,#4765,.T.);
#2223=ORIENTED_EDGE('',*,*,#4766,.T.);
#2224=ORIENTED_EDGE('',*,*,#4767,.F.);
#2225=ORIENTED_EDGE('',*,*,#4768,.T.);
#2226=ORIENTED_EDGE('',*,*,#4769,.T.);
#2227=ORIENTED_EDGE('',*,*,#4770,.T.);
#2228=ORIENTED_EDGE('',*,*,#4771,.F.);
#2229=ORIENTED_EDGE('',*,*,#4772,.T.);
#2230=ORIENTED_EDGE('',*,*,#4773,.T.);
#2231=ORIENTED_EDGE('',*,*,#4774,.T.);
#2232=ORIENTED_EDGE('',*,*,#4775,.F.);
#2233=ORIENTED_EDGE('',*,*,#4776,.T.);
#2234=ORIENTED_EDGE('',*,*,#4777,.T.);
#2235=ORIENTED_EDGE('',*,*,#4778,.T.);
#2236=ORIENTED_EDGE('',*,*,#4779,.F.);
#2237=ORIENTED_EDGE('',*,*,#4780,.T.);
#2238=ORIENTED_EDGE('',*,*,#4781,.T.);
#2239=ORIENTED_EDGE('',*,*,#4782,.T.);
#2240=ORIENTED_EDGE('',*,*,#4384,.F.);
#2241=ORIENTED_EDGE('',*,*,#4783,.T.);
#2242=ORIENTED_EDGE('',*,*,#4683,.T.);
#2243=ORIENTED_EDGE('',*,*,#4784,.T.);
#2244=ORIENTED_EDGE('',*,*,#4387,.F.);
#2245=ORIENTED_EDGE('',*,*,#4785,.T.);
#2246=ORIENTED_EDGE('',*,*,#4687,.T.);
#2247=ORIENTED_EDGE('',*,*,#4786,.T.);
#2248=ORIENTED_EDGE('',*,*,#4390,.F.);
#2249=ORIENTED_EDGE('',*,*,#4787,.T.);
#2250=ORIENTED_EDGE('',*,*,#4691,.T.);
#2251=ORIENTED_EDGE('',*,*,#4788,.T.);
#2252=ORIENTED_EDGE('',*,*,#4393,.F.);
#2253=ORIENTED_EDGE('',*,*,#4789,.T.);
#2254=ORIENTED_EDGE('',*,*,#4695,.T.);
#2255=ORIENTED_EDGE('',*,*,#4790,.T.);
#2256=ORIENTED_EDGE('',*,*,#4396,.F.);
#2257=ORIENTED_EDGE('',*,*,#4791,.T.);
#2258=ORIENTED_EDGE('',*,*,#4699,.T.);
#2259=ORIENTED_EDGE('',*,*,#4792,.T.);
#2260=ORIENTED_EDGE('',*,*,#4399,.F.);
#2261=ORIENTED_EDGE('',*,*,#4793,.T.);
#2262=ORIENTED_EDGE('',*,*,#4703,.T.);
#2263=ORIENTED_EDGE('',*,*,#4794,.T.);
#2264=ORIENTED_EDGE('',*,*,#4402,.F.);
#2265=ORIENTED_EDGE('',*,*,#4795,.T.);
#2266=ORIENTED_EDGE('',*,*,#4707,.T.);
#2267=ORIENTED_EDGE('',*,*,#4796,.T.);
#2268=ORIENTED_EDGE('',*,*,#4405,.F.);
#2269=ORIENTED_EDGE('',*,*,#4797,.T.);
#2270=ORIENTED_EDGE('',*,*,#4711,.T.);
#2271=ORIENTED_EDGE('',*,*,#4798,.T.);
#2272=ORIENTED_EDGE('',*,*,#4408,.F.);
#2273=ORIENTED_EDGE('',*,*,#4799,.T.);
#2274=ORIENTED_EDGE('',*,*,#4715,.T.);
#2275=ORIENTED_EDGE('',*,*,#4800,.T.);
#2276=ORIENTED_EDGE('',*,*,#4411,.F.);
#2277=ORIENTED_EDGE('',*,*,#4801,.T.);
#2278=ORIENTED_EDGE('',*,*,#4719,.T.);
#2279=ORIENTED_EDGE('',*,*,#4802,.T.);
#2280=ORIENTED_EDGE('',*,*,#4414,.F.);
#2281=ORIENTED_EDGE('',*,*,#4803,.T.);
#2282=ORIENTED_EDGE('',*,*,#4723,.T.);
#2283=ORIENTED_EDGE('',*,*,#4804,.T.);
#2284=ORIENTED_EDGE('',*,*,#4417,.F.);
#2285=ORIENTED_EDGE('',*,*,#4805,.T.);
#2286=ORIENTED_EDGE('',*,*,#4727,.T.);
#2287=ORIENTED_EDGE('',*,*,#4806,.T.);
#2288=ORIENTED_EDGE('',*,*,#4420,.F.);
#2289=ORIENTED_EDGE('',*,*,#4807,.T.);
#2290=ORIENTED_EDGE('',*,*,#4731,.T.);
#2291=ORIENTED_EDGE('',*,*,#4808,.T.);
#2292=ORIENTED_EDGE('',*,*,#4423,.F.);
#2293=ORIENTED_EDGE('',*,*,#4809,.T.);
#2294=ORIENTED_EDGE('',*,*,#4735,.T.);
#2295=ORIENTED_EDGE('',*,*,#4810,.T.);
#2296=ORIENTED_EDGE('',*,*,#4426,.F.);
#2297=ORIENTED_EDGE('',*,*,#4811,.T.);
#2298=ORIENTED_EDGE('',*,*,#4739,.T.);
#2299=ORIENTED_EDGE('',*,*,#4812,.T.);
#2300=ORIENTED_EDGE('',*,*,#4429,.F.);
#2301=ORIENTED_EDGE('',*,*,#4813,.T.);
#2302=ORIENTED_EDGE('',*,*,#4743,.T.);
#2303=ORIENTED_EDGE('',*,*,#4814,.T.);
#2304=ORIENTED_EDGE('',*,*,#4432,.F.);
#2305=ORIENTED_EDGE('',*,*,#4815,.T.);
#2306=ORIENTED_EDGE('',*,*,#4747,.T.);
#2307=ORIENTED_EDGE('',*,*,#4816,.T.);
#2308=ORIENTED_EDGE('',*,*,#4435,.F.);
#2309=ORIENTED_EDGE('',*,*,#4817,.T.);
#2310=ORIENTED_EDGE('',*,*,#4751,.T.);
#2311=ORIENTED_EDGE('',*,*,#4818,.T.);
#2312=ORIENTED_EDGE('',*,*,#4438,.F.);
#2313=ORIENTED_EDGE('',*,*,#4819,.T.);
#2314=ORIENTED_EDGE('',*,*,#4755,.T.);
#2315=ORIENTED_EDGE('',*,*,#4820,.T.);
#2316=ORIENTED_EDGE('',*,*,#4441,.F.);
#2317=ORIENTED_EDGE('',*,*,#4821,.T.);
#2318=ORIENTED_EDGE('',*,*,#4759,.T.);
#2319=ORIENTED_EDGE('',*,*,#4822,.T.);
#2320=ORIENTED_EDGE('',*,*,#4444,.F.);
#2321=ORIENTED_EDGE('',*,*,#4823,.T.);
#2322=ORIENTED_EDGE('',*,*,#4763,.T.);
#2323=ORIENTED_EDGE('',*,*,#4824,.T.);
#2324=ORIENTED_EDGE('',*,*,#4447,.F.);
#2325=ORIENTED_EDGE('',*,*,#4825,.T.);
#2326=ORIENTED_EDGE('',*,*,#4767,.T.);
#2327=ORIENTED_EDGE('',*,*,#4826,.T.);
#2328=ORIENTED_EDGE('',*,*,#4450,.F.);
#2329=ORIENTED_EDGE('',*,*,#4827,.T.);
#2330=ORIENTED_EDGE('',*,*,#4771,.T.);
#2331=ORIENTED_EDGE('',*,*,#4828,.T.);
#2332=ORIENTED_EDGE('',*,*,#4453,.F.);
#2333=ORIENTED_EDGE('',*,*,#4829,.T.);
#2334=ORIENTED_EDGE('',*,*,#4775,.T.);
#2335=ORIENTED_EDGE('',*,*,#4830,.T.);
#2336=ORIENTED_EDGE('',*,*,#4456,.F.);
#2337=ORIENTED_EDGE('',*,*,#4831,.T.);
#2338=ORIENTED_EDGE('',*,*,#4779,.T.);
#2339=ORIENTED_EDGE('',*,*,#4832,.T.);
#2340=ORIENTED_EDGE('',*,*,#4833,.F.);
#2341=ORIENTED_EDGE('',*,*,#4834,.T.);
#2342=ORIENTED_EDGE('',*,*,#4835,.T.);
#2343=ORIENTED_EDGE('',*,*,#4836,.T.);
#2344=ORIENTED_EDGE('',*,*,#4837,.F.);
#2345=ORIENTED_EDGE('',*,*,#4838,.T.);
#2346=ORIENTED_EDGE('',*,*,#4839,.T.);
#2347=ORIENTED_EDGE('',*,*,#4840,.T.);
#2348=ORIENTED_EDGE('',*,*,#4841,.F.);
#2349=ORIENTED_EDGE('',*,*,#4842,.T.);
#2350=ORIENTED_EDGE('',*,*,#4843,.T.);
#2351=ORIENTED_EDGE('',*,*,#4844,.T.);
#2352=ORIENTED_EDGE('',*,*,#4845,.F.);
#2353=ORIENTED_EDGE('',*,*,#4846,.T.);
#2354=ORIENTED_EDGE('',*,*,#4847,.T.);
#2355=ORIENTED_EDGE('',*,*,#4848,.T.);
#2356=ORIENTED_EDGE('',*,*,#4849,.F.);
#2357=ORIENTED_EDGE('',*,*,#4850,.T.);
#2358=ORIENTED_EDGE('',*,*,#4851,.T.);
#2359=ORIENTED_EDGE('',*,*,#4852,.T.);
#2360=ORIENTED_EDGE('',*,*,#4853,.F.);
#2361=ORIENTED_EDGE('',*,*,#4854,.T.);
#2362=ORIENTED_EDGE('',*,*,#4855,.T.);
#2363=ORIENTED_EDGE('',*,*,#4856,.T.);
#2364=ORIENTED_EDGE('',*,*,#4857,.F.);
#2365=ORIENTED_EDGE('',*,*,#4858,.T.);
#2366=ORIENTED_EDGE('',*,*,#4859,.T.);
#2367=ORIENTED_EDGE('',*,*,#4860,.T.);
#2368=ORIENTED_EDGE('',*,*,#4861,.F.);
#2369=ORIENTED_EDGE('',*,*,#4862,.T.);
#2370=ORIENTED_EDGE('',*,*,#4863,.T.);
#2371=ORIENTED_EDGE('',*,*,#4864,.T.);
#2372=ORIENTED_EDGE('',*,*,#4865,.F.);
#2373=ORIENTED_EDGE('',*,*,#4866,.T.);
#2374=ORIENTED_EDGE('',*,*,#4867,.T.);
#2375=ORIENTED_EDGE('',*,*,#4868,.T.);
#2376=ORIENTED_EDGE('',*,*,#4869,.F.);
#2377=ORIENTED_EDGE('',*,*,#4870,.T.);
#2378=ORIENTED_EDGE('',*,*,#4871,.T.);
#2379=ORIENTED_EDGE('',*,*,#4872,.T.);
#2380=ORIENTED_EDGE('',*,*,#4873,.F.);
#2381=ORIENTED_EDGE('',*,*,#4874,.T.);
#2382=ORIENTED_EDGE('',*,*,#4875,.T.);
#2383=ORIENTED_EDGE('',*,*,#4876,.T.);
#2384=ORIENTED_EDGE('',*,*,#4877,.F.);
#2385=ORIENTED_EDGE('',*,*,#4878,.T.);
#2386=ORIENTED_EDGE('',*,*,#4879,.T.);
#2387=ORIENTED_EDGE('',*,*,#4880,.T.);
#2388=ORIENTED_EDGE('',*,*,#4881,.F.);
#2389=ORIENTED_EDGE('',*,*,#4882,.T.);
#2390=ORIENTED_EDGE('',*,*,#4883,.T.);
#2391=ORIENTED_EDGE('',*,*,#4884,.T.);
#2392=ORIENTED_EDGE('',*,*,#4885,.F.);
#2393=ORIENTED_EDGE('',*,*,#4886,.T.);
#2394=ORIENTED_EDGE('',*,*,#4887,.T.);
#2395=ORIENTED_EDGE('',*,*,#4888,.T.);
#2396=ORIENTED_EDGE('',*,*,#4889,.F.);
#2397=ORIENTED_EDGE('',*,*,#4890,.T.);
#2398=ORIENTED_EDGE('',*,*,#4891,.T.);
#2399=ORIENTED_EDGE('',*,*,#4892,.T.);
#2400=ORIENTED_EDGE('',*,*,#4893,.F.);
#2401=ORIENTED_EDGE('',*,*,#4894,.T.);
#2402=ORIENTED_EDGE('',*,*,#4895,.T.);
#2403=ORIENTED_EDGE('',*,*,#4896,.T.);
#2404=ORIENTED_EDGE('',*,*,#4897,.F.);
#2405=ORIENTED_EDGE('',*,*,#4898,.T.);
#2406=ORIENTED_EDGE('',*,*,#4899,.T.);
#2407=ORIENTED_EDGE('',*,*,#4900,.T.);
#2408=ORIENTED_EDGE('',*,*,#4901,.F.);
#2409=ORIENTED_EDGE('',*,*,#4902,.T.);
#2410=ORIENTED_EDGE('',*,*,#4903,.T.);
#2411=ORIENTED_EDGE('',*,*,#4904,.T.);
#2412=ORIENTED_EDGE('',*,*,#4905,.F.);
#2413=ORIENTED_EDGE('',*,*,#4906,.T.);
#2414=ORIENTED_EDGE('',*,*,#4907,.T.);
#2415=ORIENTED_EDGE('',*,*,#4908,.T.);
#2416=ORIENTED_EDGE('',*,*,#4909,.F.);
#2417=ORIENTED_EDGE('',*,*,#4910,.T.);
#2418=ORIENTED_EDGE('',*,*,#4911,.T.);
#2419=ORIENTED_EDGE('',*,*,#4912,.T.);
#2420=ORIENTED_EDGE('',*,*,#4913,.F.);
#2421=ORIENTED_EDGE('',*,*,#4914,.T.);
#2422=ORIENTED_EDGE('',*,*,#4915,.T.);
#2423=ORIENTED_EDGE('',*,*,#4916,.T.);
#2424=ORIENTED_EDGE('',*,*,#4917,.F.);
#2425=ORIENTED_EDGE('',*,*,#4918,.T.);
#2426=ORIENTED_EDGE('',*,*,#4919,.T.);
#2427=ORIENTED_EDGE('',*,*,#4920,.T.);
#2428=ORIENTED_EDGE('',*,*,#4921,.F.);
#2429=ORIENTED_EDGE('',*,*,#4922,.T.);
#2430=ORIENTED_EDGE('',*,*,#4923,.T.);
#2431=ORIENTED_EDGE('',*,*,#4924,.T.);
#2432=ORIENTED_EDGE('',*,*,#4925,.F.);
#2433=ORIENTED_EDGE('',*,*,#4926,.T.);
#2434=ORIENTED_EDGE('',*,*,#4927,.T.);
#2435=ORIENTED_EDGE('',*,*,#4928,.T.);
#2436=ORIENTED_EDGE('',*,*,#4929,.F.);
#2437=ORIENTED_EDGE('',*,*,#4930,.T.);
#2438=ORIENTED_EDGE('',*,*,#4931,.T.);
#2439=ORIENTED_EDGE('',*,*,#4932,.T.);
#2440=ORIENTED_EDGE('',*,*,#4933,.F.);
#2441=ORIENTED_EDGE('',*,*,#4085,.T.);
#2442=ORIENTED_EDGE('',*,*,#4934,.F.);
#2443=ORIENTED_EDGE('',*,*,#4835,.F.);
#2444=ORIENTED_EDGE('',*,*,#4935,.F.);
#2445=ORIENTED_EDGE('',*,*,#4088,.T.);
#2446=ORIENTED_EDGE('',*,*,#4936,.F.);
#2447=ORIENTED_EDGE('',*,*,#4839,.F.);
#2448=ORIENTED_EDGE('',*,*,#4937,.F.);
#2449=ORIENTED_EDGE('',*,*,#4091,.T.);
#2450=ORIENTED_EDGE('',*,*,#4938,.F.);
#2451=ORIENTED_EDGE('',*,*,#4843,.F.);
#2452=ORIENTED_EDGE('',*,*,#4939,.F.);
#2453=ORIENTED_EDGE('',*,*,#4094,.T.);
#2454=ORIENTED_EDGE('',*,*,#4940,.F.);
#2455=ORIENTED_EDGE('',*,*,#4847,.F.);
#2456=ORIENTED_EDGE('',*,*,#4941,.F.);
#2457=ORIENTED_EDGE('',*,*,#4097,.T.);
#2458=ORIENTED_EDGE('',*,*,#4942,.F.);
#2459=ORIENTED_EDGE('',*,*,#4851,.F.);
#2460=ORIENTED_EDGE('',*,*,#4943,.F.);
#2461=ORIENTED_EDGE('',*,*,#4100,.T.);
#2462=ORIENTED_EDGE('',*,*,#4944,.F.);
#2463=ORIENTED_EDGE('',*,*,#4855,.F.);
#2464=ORIENTED_EDGE('',*,*,#4945,.F.);
#2465=ORIENTED_EDGE('',*,*,#4103,.T.);
#2466=ORIENTED_EDGE('',*,*,#4946,.F.);
#2467=ORIENTED_EDGE('',*,*,#4859,.F.);
#2468=ORIENTED_EDGE('',*,*,#4947,.F.);
#2469=ORIENTED_EDGE('',*,*,#4106,.T.);
#2470=ORIENTED_EDGE('',*,*,#4948,.F.);
#2471=ORIENTED_EDGE('',*,*,#4863,.F.);
#2472=ORIENTED_EDGE('',*,*,#4949,.F.);
#2473=ORIENTED_EDGE('',*,*,#4109,.T.);
#2474=ORIENTED_EDGE('',*,*,#4950,.F.);
#2475=ORIENTED_EDGE('',*,*,#4867,.F.);
#2476=ORIENTED_EDGE('',*,*,#4951,.F.);
#2477=ORIENTED_EDGE('',*,*,#4112,.T.);
#2478=ORIENTED_EDGE('',*,*,#4952,.F.);
#2479=ORIENTED_EDGE('',*,*,#4871,.F.);
#2480=ORIENTED_EDGE('',*,*,#4953,.F.);
#2481=ORIENTED_EDGE('',*,*,#4115,.T.);
#2482=ORIENTED_EDGE('',*,*,#4954,.F.);
#2483=ORIENTED_EDGE('',*,*,#4875,.F.);
#2484=ORIENTED_EDGE('',*,*,#4955,.F.);
#2485=ORIENTED_EDGE('',*,*,#4118,.T.);
#2486=ORIENTED_EDGE('',*,*,#4956,.F.);
#2487=ORIENTED_EDGE('',*,*,#4879,.F.);
#2488=ORIENTED_EDGE('',*,*,#4957,.F.);
#2489=ORIENTED_EDGE('',*,*,#4121,.T.);
#2490=ORIENTED_EDGE('',*,*,#4958,.F.);
#2491=ORIENTED_EDGE('',*,*,#4883,.F.);
#2492=ORIENTED_EDGE('',*,*,#4959,.F.);
#2493=ORIENTED_EDGE('',*,*,#4124,.T.);
#2494=ORIENTED_EDGE('',*,*,#4960,.F.);
#2495=ORIENTED_EDGE('',*,*,#4887,.F.);
#2496=ORIENTED_EDGE('',*,*,#4961,.F.);
#2497=ORIENTED_EDGE('',*,*,#4127,.T.);
#2498=ORIENTED_EDGE('',*,*,#4962,.F.);
#2499=ORIENTED_EDGE('',*,*,#4891,.F.);
#2500=ORIENTED_EDGE('',*,*,#4963,.F.);
#2501=ORIENTED_EDGE('',*,*,#4130,.T.);
#2502=ORIENTED_EDGE('',*,*,#4964,.F.);
#2503=ORIENTED_EDGE('',*,*,#4895,.F.);
#2504=ORIENTED_EDGE('',*,*,#4965,.F.);
#2505=ORIENTED_EDGE('',*,*,#4133,.T.);
#2506=ORIENTED_EDGE('',*,*,#4966,.F.);
#2507=ORIENTED_EDGE('',*,*,#4899,.F.);
#2508=ORIENTED_EDGE('',*,*,#4967,.F.);
#2509=ORIENTED_EDGE('',*,*,#4136,.T.);
#2510=ORIENTED_EDGE('',*,*,#4968,.F.);
#2511=ORIENTED_EDGE('',*,*,#4903,.F.);
#2512=ORIENTED_EDGE('',*,*,#4969,.F.);
#2513=ORIENTED_EDGE('',*,*,#4139,.T.);
#2514=ORIENTED_EDGE('',*,*,#4970,.F.);
#2515=ORIENTED_EDGE('',*,*,#4907,.F.);
#2516=ORIENTED_EDGE('',*,*,#4971,.F.);
#2517=ORIENTED_EDGE('',*,*,#4142,.T.);
#2518=ORIENTED_EDGE('',*,*,#4972,.F.);
#2519=ORIENTED_EDGE('',*,*,#4911,.F.);
#2520=ORIENTED_EDGE('',*,*,#4973,.F.);
#2521=ORIENTED_EDGE('',*,*,#4145,.T.);
#2522=ORIENTED_EDGE('',*,*,#4974,.F.);
#2523=ORIENTED_EDGE('',*,*,#4915,.F.);
#2524=ORIENTED_EDGE('',*,*,#4975,.F.);
#2525=ORIENTED_EDGE('',*,*,#4148,.T.);
#2526=ORIENTED_EDGE('',*,*,#4976,.F.);
#2527=ORIENTED_EDGE('',*,*,#4919,.F.);
#2528=ORIENTED_EDGE('',*,*,#4977,.F.);
#2529=ORIENTED_EDGE('',*,*,#4151,.T.);
#2530=ORIENTED_EDGE('',*,*,#4978,.F.);
#2531=ORIENTED_EDGE('',*,*,#4923,.F.);
#2532=ORIENTED_EDGE('',*,*,#4979,.F.);
#2533=ORIENTED_EDGE('',*,*,#4154,.T.);
#2534=ORIENTED_EDGE('',*,*,#4980,.F.);
#2535=ORIENTED_EDGE('',*,*,#4927,.F.);
#2536=ORIENTED_EDGE('',*,*,#4981,.F.);
#2537=ORIENTED_EDGE('',*,*,#4157,.T.);
#2538=ORIENTED_EDGE('',*,*,#4982,.F.);
#2539=ORIENTED_EDGE('',*,*,#4931,.F.);
#2540=ORIENTED_EDGE('',*,*,#3882,.T.);
#2541=ORIENTED_EDGE('',*,*,#3873,.F.);
#2542=ORIENTED_EDGE('',*,*,#3880,.T.);
#2543=ORIENTED_EDGE('',*,*,#3877,.T.);
#2544=ORIENTED_EDGE('',*,*,#4235,.F.);
#2545=ORIENTED_EDGE('',*,*,#4983,.T.);
#2546=ORIENTED_EDGE('',*,*,#4608,.T.);
#2547=ORIENTED_EDGE('',*,*,#4984,.F.);
#2548=ORIENTED_EDGE('',*,*,#4239,.F.);
#2549=ORIENTED_EDGE('',*,*,#4985,.T.);
#2550=ORIENTED_EDGE('',*,*,#4611,.T.);
#2551=ORIENTED_EDGE('',*,*,#4986,.F.);
#2552=ORIENTED_EDGE('',*,*,#4243,.F.);
#2553=ORIENTED_EDGE('',*,*,#4987,.T.);
#2554=ORIENTED_EDGE('',*,*,#4614,.T.);
#2555=ORIENTED_EDGE('',*,*,#4988,.F.);
#2556=ORIENTED_EDGE('',*,*,#4247,.F.);
#2557=ORIENTED_EDGE('',*,*,#4989,.T.);
#2558=ORIENTED_EDGE('',*,*,#4617,.T.);
#2559=ORIENTED_EDGE('',*,*,#4990,.F.);
#2560=ORIENTED_EDGE('',*,*,#4251,.F.);
#2561=ORIENTED_EDGE('',*,*,#4991,.T.);
#2562=ORIENTED_EDGE('',*,*,#4620,.T.);
#2563=ORIENTED_EDGE('',*,*,#4992,.F.);
#2564=ORIENTED_EDGE('',*,*,#4255,.F.);
#2565=ORIENTED_EDGE('',*,*,#4993,.T.);
#2566=ORIENTED_EDGE('',*,*,#4623,.T.);
#2567=ORIENTED_EDGE('',*,*,#4994,.F.);
#2568=ORIENTED_EDGE('',*,*,#4259,.F.);
#2569=ORIENTED_EDGE('',*,*,#4995,.T.);
#2570=ORIENTED_EDGE('',*,*,#4626,.T.);
#2571=ORIENTED_EDGE('',*,*,#4996,.F.);
#2572=ORIENTED_EDGE('',*,*,#4263,.F.);
#2573=ORIENTED_EDGE('',*,*,#4997,.T.);
#2574=ORIENTED_EDGE('',*,*,#4629,.T.);
#2575=ORIENTED_EDGE('',*,*,#4998,.F.);
#2576=ORIENTED_EDGE('',*,*,#4267,.F.);
#2577=ORIENTED_EDGE('',*,*,#4999,.T.);
#2578=ORIENTED_EDGE('',*,*,#4632,.T.);
#2579=ORIENTED_EDGE('',*,*,#5000,.F.);
#2580=ORIENTED_EDGE('',*,*,#4271,.F.);
#2581=ORIENTED_EDGE('',*,*,#5001,.T.);
#2582=ORIENTED_EDGE('',*,*,#4635,.T.);
#2583=ORIENTED_EDGE('',*,*,#5002,.F.);
#2584=ORIENTED_EDGE('',*,*,#4275,.F.);
#2585=ORIENTED_EDGE('',*,*,#5003,.T.);
#2586=ORIENTED_EDGE('',*,*,#4638,.T.);
#2587=ORIENTED_EDGE('',*,*,#5004,.F.);
#2588=ORIENTED_EDGE('',*,*,#4279,.F.);
#2589=ORIENTED_EDGE('',*,*,#5005,.T.);
#2590=ORIENTED_EDGE('',*,*,#4641,.T.);
#2591=ORIENTED_EDGE('',*,*,#5006,.F.);
#2592=ORIENTED_EDGE('',*,*,#4283,.F.);
#2593=ORIENTED_EDGE('',*,*,#5007,.T.);
#2594=ORIENTED_EDGE('',*,*,#4644,.T.);
#2595=ORIENTED_EDGE('',*,*,#5008,.F.);
#2596=ORIENTED_EDGE('',*,*,#4287,.F.);
#2597=ORIENTED_EDGE('',*,*,#5009,.T.);
#2598=ORIENTED_EDGE('',*,*,#4647,.T.);
#2599=ORIENTED_EDGE('',*,*,#5010,.F.);
#2600=ORIENTED_EDGE('',*,*,#4291,.F.);
#2601=ORIENTED_EDGE('',*,*,#5011,.T.);
#2602=ORIENTED_EDGE('',*,*,#4650,.T.);
#2603=ORIENTED_EDGE('',*,*,#5012,.F.);
#2604=ORIENTED_EDGE('',*,*,#4295,.F.);
#2605=ORIENTED_EDGE('',*,*,#5013,.T.);
#2606=ORIENTED_EDGE('',*,*,#4653,.T.);
#2607=ORIENTED_EDGE('',*,*,#5014,.F.);
#2608=ORIENTED_EDGE('',*,*,#4299,.F.);
#2609=ORIENTED_EDGE('',*,*,#5015,.T.);
#2610=ORIENTED_EDGE('',*,*,#4656,.T.);
#2611=ORIENTED_EDGE('',*,*,#5016,.F.);
#2612=ORIENTED_EDGE('',*,*,#4303,.F.);
#2613=ORIENTED_EDGE('',*,*,#5017,.T.);
#2614=ORIENTED_EDGE('',*,*,#4659,.T.);
#2615=ORIENTED_EDGE('',*,*,#5018,.F.);
#2616=ORIENTED_EDGE('',*,*,#4307,.F.);
#2617=ORIENTED_EDGE('',*,*,#5019,.T.);
#2618=ORIENTED_EDGE('',*,*,#4662,.T.);
#2619=ORIENTED_EDGE('',*,*,#5020,.F.);
#2620=ORIENTED_EDGE('',*,*,#4311,.F.);
#2621=ORIENTED_EDGE('',*,*,#5021,.T.);
#2622=ORIENTED_EDGE('',*,*,#4665,.T.);
#2623=ORIENTED_EDGE('',*,*,#5022,.F.);
#2624=ORIENTED_EDGE('',*,*,#4315,.F.);
#2625=ORIENTED_EDGE('',*,*,#5023,.T.);
#2626=ORIENTED_EDGE('',*,*,#4668,.T.);
#2627=ORIENTED_EDGE('',*,*,#5024,.F.);
#2628=ORIENTED_EDGE('',*,*,#4319,.F.);
#2629=ORIENTED_EDGE('',*,*,#5025,.T.);
#2630=ORIENTED_EDGE('',*,*,#4671,.T.);
#2631=ORIENTED_EDGE('',*,*,#5026,.F.);
#2632=ORIENTED_EDGE('',*,*,#4323,.F.);
#2633=ORIENTED_EDGE('',*,*,#5027,.T.);
#2634=ORIENTED_EDGE('',*,*,#4674,.T.);
#2635=ORIENTED_EDGE('',*,*,#5028,.F.);
#2636=ORIENTED_EDGE('',*,*,#4327,.F.);
#2637=ORIENTED_EDGE('',*,*,#5029,.T.);
#2638=ORIENTED_EDGE('',*,*,#4677,.T.);
#2639=ORIENTED_EDGE('',*,*,#5030,.F.);
#2640=ORIENTED_EDGE('',*,*,#4331,.F.);
#2641=ORIENTED_EDGE('',*,*,#5031,.T.);
#2642=ORIENTED_EDGE('',*,*,#4680,.T.);
#2643=ORIENTED_EDGE('',*,*,#5032,.F.);
#2644=ORIENTED_EDGE('',*,*,#4685,.F.);
#2645=ORIENTED_EDGE('',*,*,#5033,.T.);
#2646=ORIENTED_EDGE('',*,*,#4833,.T.);
#2647=ORIENTED_EDGE('',*,*,#5034,.F.);
#2648=ORIENTED_EDGE('',*,*,#4689,.F.);
#2649=ORIENTED_EDGE('',*,*,#5035,.T.);
#2650=ORIENTED_EDGE('',*,*,#4837,.T.);
#2651=ORIENTED_EDGE('',*,*,#5036,.F.);
#2652=ORIENTED_EDGE('',*,*,#4693,.F.);
#2653=ORIENTED_EDGE('',*,*,#5037,.T.);
#2654=ORIENTED_EDGE('',*,*,#4841,.T.);
#2655=ORIENTED_EDGE('',*,*,#5038,.F.);
#2656=ORIENTED_EDGE('',*,*,#4697,.F.);
#2657=ORIENTED_EDGE('',*,*,#5039,.T.);
#2658=ORIENTED_EDGE('',*,*,#4845,.T.);
#2659=ORIENTED_EDGE('',*,*,#5040,.F.);
#2660=ORIENTED_EDGE('',*,*,#4701,.F.);
#2661=ORIENTED_EDGE('',*,*,#5041,.T.);
#2662=ORIENTED_EDGE('',*,*,#4849,.T.);
#2663=ORIENTED_EDGE('',*,*,#5042,.F.);
#2664=ORIENTED_EDGE('',*,*,#4705,.F.);
#2665=ORIENTED_EDGE('',*,*,#5043,.T.);
#2666=ORIENTED_EDGE('',*,*,#4853,.T.);
#2667=ORIENTED_EDGE('',*,*,#5044,.F.);
#2668=ORIENTED_EDGE('',*,*,#4709,.F.);
#2669=ORIENTED_EDGE('',*,*,#5045,.T.);
#2670=ORIENTED_EDGE('',*,*,#4857,.T.);
#2671=ORIENTED_EDGE('',*,*,#5046,.F.);
#2672=ORIENTED_EDGE('',*,*,#4713,.F.);
#2673=ORIENTED_EDGE('',*,*,#5047,.T.);
#2674=ORIENTED_EDGE('',*,*,#4861,.T.);
#2675=ORIENTED_EDGE('',*,*,#5048,.F.);
#2676=ORIENTED_EDGE('',*,*,#4717,.F.);
#2677=ORIENTED_EDGE('',*,*,#5049,.T.);
#2678=ORIENTED_EDGE('',*,*,#4865,.T.);
#2679=ORIENTED_EDGE('',*,*,#5050,.F.);
#2680=ORIENTED_EDGE('',*,*,#4721,.F.);
#2681=ORIENTED_EDGE('',*,*,#5051,.T.);
#2682=ORIENTED_EDGE('',*,*,#4869,.T.);
#2683=ORIENTED_EDGE('',*,*,#5052,.F.);
#2684=ORIENTED_EDGE('',*,*,#4725,.F.);
#2685=ORIENTED_EDGE('',*,*,#5053,.T.);
#2686=ORIENTED_EDGE('',*,*,#4873,.T.);
#2687=ORIENTED_EDGE('',*,*,#5054,.F.);
#2688=ORIENTED_EDGE('',*,*,#4729,.F.);
#2689=ORIENTED_EDGE('',*,*,#5055,.T.);
#2690=ORIENTED_EDGE('',*,*,#4877,.T.);
#2691=ORIENTED_EDGE('',*,*,#5056,.F.);
#2692=ORIENTED_EDGE('',*,*,#4733,.F.);
#2693=ORIENTED_EDGE('',*,*,#5057,.T.);
#2694=ORIENTED_EDGE('',*,*,#4881,.T.);
#2695=ORIENTED_EDGE('',*,*,#5058,.F.);
#2696=ORIENTED_EDGE('',*,*,#4737,.F.);
#2697=ORIENTED_EDGE('',*,*,#5059,.T.);
#2698=ORIENTED_EDGE('',*,*,#4885,.T.);
#2699=ORIENTED_EDGE('',*,*,#5060,.F.);
#2700=ORIENTED_EDGE('',*,*,#4741,.F.);
#2701=ORIENTED_EDGE('',*,*,#5061,.T.);
#2702=ORIENTED_EDGE('',*,*,#4889,.T.);
#2703=ORIENTED_EDGE('',*,*,#5062,.F.);
#2704=ORIENTED_EDGE('',*,*,#4745,.F.);
#2705=ORIENTED_EDGE('',*,*,#5063,.T.);
#2706=ORIENTED_EDGE('',*,*,#4893,.T.);
#2707=ORIENTED_EDGE('',*,*,#5064,.F.);
#2708=ORIENTED_EDGE('',*,*,#4749,.F.);
#2709=ORIENTED_EDGE('',*,*,#5065,.T.);
#2710=ORIENTED_EDGE('',*,*,#4897,.T.);
#2711=ORIENTED_EDGE('',*,*,#5066,.F.);
#2712=ORIENTED_EDGE('',*,*,#4753,.F.);
#2713=ORIENTED_EDGE('',*,*,#5067,.T.);
#2714=ORIENTED_EDGE('',*,*,#4901,.T.);
#2715=ORIENTED_EDGE('',*,*,#5068,.F.);
#2716=ORIENTED_EDGE('',*,*,#4757,.F.);
#2717=ORIENTED_EDGE('',*,*,#5069,.T.);
#2718=ORIENTED_EDGE('',*,*,#4905,.T.);
#2719=ORIENTED_EDGE('',*,*,#5070,.F.);
#2720=ORIENTED_EDGE('',*,*,#4761,.F.);
#2721=ORIENTED_EDGE('',*,*,#5071,.T.);
#2722=ORIENTED_EDGE('',*,*,#4909,.T.);
#2723=ORIENTED_EDGE('',*,*,#5072,.F.);
#2724=ORIENTED_EDGE('',*,*,#4765,.F.);
#2725=ORIENTED_EDGE('',*,*,#5073,.T.);
#2726=ORIENTED_EDGE('',*,*,#4913,.T.);
#2727=ORIENTED_EDGE('',*,*,#5074,.F.);
#2728=ORIENTED_EDGE('',*,*,#4769,.F.);
#2729=ORIENTED_EDGE('',*,*,#5075,.T.);
#2730=ORIENTED_EDGE('',*,*,#4917,.T.);
#2731=ORIENTED_EDGE('',*,*,#5076,.F.);
#2732=ORIENTED_EDGE('',*,*,#4773,.F.);
#2733=ORIENTED_EDGE('',*,*,#5077,.T.);
#2734=ORIENTED_EDGE('',*,*,#4921,.T.);
#2735=ORIENTED_EDGE('',*,*,#5078,.F.);
#2736=ORIENTED_EDGE('',*,*,#4777,.F.);
#2737=ORIENTED_EDGE('',*,*,#5079,.T.);
#2738=ORIENTED_EDGE('',*,*,#4925,.T.);
#2739=ORIENTED_EDGE('',*,*,#5080,.F.);
#2740=ORIENTED_EDGE('',*,*,#4781,.F.);
#2741=ORIENTED_EDGE('',*,*,#5081,.T.);
#2742=ORIENTED_EDGE('',*,*,#4929,.T.);
#2743=ORIENTED_EDGE('',*,*,#5082,.F.);
#2744=ORIENTED_EDGE('',*,*,#4832,.F.);
#2745=ORIENTED_EDGE('',*,*,#4782,.F.);
#2746=ORIENTED_EDGE('',*,*,#5082,.T.);
#2747=ORIENTED_EDGE('',*,*,#4932,.F.);
#2748=ORIENTED_EDGE('',*,*,#4982,.T.);
#2749=ORIENTED_EDGE('',*,*,#4156,.F.);
#2750=ORIENTED_EDGE('',*,*,#3981,.T.);
#2751=ORIENTED_EDGE('',*,*,#4457,.F.);
#2752=ORIENTED_EDGE('',*,*,#4830,.F.);
#2753=ORIENTED_EDGE('',*,*,#4778,.F.);
#2754=ORIENTED_EDGE('',*,*,#5080,.T.);
#2755=ORIENTED_EDGE('',*,*,#4928,.F.);
#2756=ORIENTED_EDGE('',*,*,#4980,.T.);
#2757=ORIENTED_EDGE('',*,*,#4153,.F.);
#2758=ORIENTED_EDGE('',*,*,#3977,.T.);
#2759=ORIENTED_EDGE('',*,*,#4454,.F.);
#2760=ORIENTED_EDGE('',*,*,#3979,.T.);
#2761=ORIENTED_EDGE('',*,*,#4155,.T.);
#2762=ORIENTED_EDGE('',*,*,#4981,.T.);
#2763=ORIENTED_EDGE('',*,*,#4930,.F.);
#2764=ORIENTED_EDGE('',*,*,#5081,.F.);
#2765=ORIENTED_EDGE('',*,*,#4780,.F.);
#2766=ORIENTED_EDGE('',*,*,#4831,.F.);
#2767=ORIENTED_EDGE('',*,*,#4455,.F.);
#2768=ORIENTED_EDGE('',*,*,#4828,.F.);
#2769=ORIENTED_EDGE('',*,*,#4774,.F.);
#2770=ORIENTED_EDGE('',*,*,#5078,.T.);
#2771=ORIENTED_EDGE('',*,*,#4924,.F.);
#2772=ORIENTED_EDGE('',*,*,#4978,.T.);
#2773=ORIENTED_EDGE('',*,*,#4150,.F.);
#2774=ORIENTED_EDGE('',*,*,#3973,.T.);
#2775=ORIENTED_EDGE('',*,*,#4451,.F.);
#2776=ORIENTED_EDGE('',*,*,#3975,.T.);
#2777=ORIENTED_EDGE('',*,*,#4152,.T.);
#2778=ORIENTED_EDGE('',*,*,#4979,.T.);
#2779=ORIENTED_EDGE('',*,*,#4926,.F.);
#2780=ORIENTED_EDGE('',*,*,#5079,.F.);
#2781=ORIENTED_EDGE('',*,*,#4776,.F.);
#2782=ORIENTED_EDGE('',*,*,#4829,.F.);
#2783=ORIENTED_EDGE('',*,*,#4452,.F.);
#2784=ORIENTED_EDGE('',*,*,#4826,.F.);
#2785=ORIENTED_EDGE('',*,*,#4770,.F.);
#2786=ORIENTED_EDGE('',*,*,#5076,.T.);
#2787=ORIENTED_EDGE('',*,*,#4920,.F.);
#2788=ORIENTED_EDGE('',*,*,#4976,.T.);
#2789=ORIENTED_EDGE('',*,*,#4147,.F.);
#2790=ORIENTED_EDGE('',*,*,#3969,.T.);
#2791=ORIENTED_EDGE('',*,*,#4448,.F.);
#2792=ORIENTED_EDGE('',*,*,#3971,.T.);
#2793=ORIENTED_EDGE('',*,*,#4149,.T.);
#2794=ORIENTED_EDGE('',*,*,#4977,.T.);
#2795=ORIENTED_EDGE('',*,*,#4922,.F.);
#2796=ORIENTED_EDGE('',*,*,#5077,.F.);
#2797=ORIENTED_EDGE('',*,*,#4772,.F.);
#2798=ORIENTED_EDGE('',*,*,#4827,.F.);
#2799=ORIENTED_EDGE('',*,*,#4449,.F.);
#2800=ORIENTED_EDGE('',*,*,#4824,.F.);
#2801=ORIENTED_EDGE('',*,*,#4766,.F.);
#2802=ORIENTED_EDGE('',*,*,#5074,.T.);
#2803=ORIENTED_EDGE('',*,*,#4916,.F.);
#2804=ORIENTED_EDGE('',*,*,#4974,.T.);
#2805=ORIENTED_EDGE('',*,*,#4144,.F.);
#2806=ORIENTED_EDGE('',*,*,#3965,.T.);
#2807=ORIENTED_EDGE('',*,*,#4445,.F.);
#2808=ORIENTED_EDGE('',*,*,#3967,.T.);
#2809=ORIENTED_EDGE('',*,*,#4146,.T.);
#2810=ORIENTED_EDGE('',*,*,#4975,.T.);
#2811=ORIENTED_EDGE('',*,*,#4918,.F.);
#2812=ORIENTED_EDGE('',*,*,#5075,.F.);
#2813=ORIENTED_EDGE('',*,*,#4768,.F.);
#2814=ORIENTED_EDGE('',*,*,#4825,.F.);
#2815=ORIENTED_EDGE('',*,*,#4446,.F.);
#2816=ORIENTED_EDGE('',*,*,#4822,.F.);
#2817=ORIENTED_EDGE('',*,*,#4762,.F.);
#2818=ORIENTED_EDGE('',*,*,#5072,.T.);
#2819=ORIENTED_EDGE('',*,*,#4912,.F.);
#2820=ORIENTED_EDGE('',*,*,#4972,.T.);
#2821=ORIENTED_EDGE('',*,*,#4141,.F.);
#2822=ORIENTED_EDGE('',*,*,#3961,.T.);
#2823=ORIENTED_EDGE('',*,*,#4442,.F.);
#2824=ORIENTED_EDGE('',*,*,#3963,.T.);
#2825=ORIENTED_EDGE('',*,*,#4143,.T.);
#2826=ORIENTED_EDGE('',*,*,#4973,.T.);
#2827=ORIENTED_EDGE('',*,*,#4914,.F.);
#2828=ORIENTED_EDGE('',*,*,#5073,.F.);
#2829=ORIENTED_EDGE('',*,*,#4764,.F.);
#2830=ORIENTED_EDGE('',*,*,#4823,.F.);
#2831=ORIENTED_EDGE('',*,*,#4443,.F.);
#2832=ORIENTED_EDGE('',*,*,#4820,.F.);
#2833=ORIENTED_EDGE('',*,*,#4758,.F.);
#2834=ORIENTED_EDGE('',*,*,#5070,.T.);
#2835=ORIENTED_EDGE('',*,*,#4908,.F.);
#2836=ORIENTED_EDGE('',*,*,#4970,.T.);
#2837=ORIENTED_EDGE('',*,*,#4138,.F.);
#2838=ORIENTED_EDGE('',*,*,#3957,.T.);
#2839=ORIENTED_EDGE('',*,*,#4439,.F.);
#2840=ORIENTED_EDGE('',*,*,#3959,.T.);
#2841=ORIENTED_EDGE('',*,*,#4140,.T.);
#2842=ORIENTED_EDGE('',*,*,#4971,.T.);
#2843=ORIENTED_EDGE('',*,*,#4910,.F.);
#2844=ORIENTED_EDGE('',*,*,#5071,.F.);
#2845=ORIENTED_EDGE('',*,*,#4760,.F.);
#2846=ORIENTED_EDGE('',*,*,#4821,.F.);
#2847=ORIENTED_EDGE('',*,*,#4440,.F.);
#2848=ORIENTED_EDGE('',*,*,#4818,.F.);
#2849=ORIENTED_EDGE('',*,*,#4754,.F.);
#2850=ORIENTED_EDGE('',*,*,#5068,.T.);
#2851=ORIENTED_EDGE('',*,*,#4904,.F.);
#2852=ORIENTED_EDGE('',*,*,#4968,.T.);
#2853=ORIENTED_EDGE('',*,*,#4135,.F.);
#2854=ORIENTED_EDGE('',*,*,#3953,.T.);
#2855=ORIENTED_EDGE('',*,*,#4436,.F.);
#2856=ORIENTED_EDGE('',*,*,#3955,.T.);
#2857=ORIENTED_EDGE('',*,*,#4137,.T.);
#2858=ORIENTED_EDGE('',*,*,#4969,.T.);
#2859=ORIENTED_EDGE('',*,*,#4906,.F.);
#2860=ORIENTED_EDGE('',*,*,#5069,.F.);
#2861=ORIENTED_EDGE('',*,*,#4756,.F.);
#2862=ORIENTED_EDGE('',*,*,#4819,.F.);
#2863=ORIENTED_EDGE('',*,*,#4437,.F.);
#2864=ORIENTED_EDGE('',*,*,#4816,.F.);
#2865=ORIENTED_EDGE('',*,*,#4750,.F.);
#2866=ORIENTED_EDGE('',*,*,#5066,.T.);
#2867=ORIENTED_EDGE('',*,*,#4900,.F.);
#2868=ORIENTED_EDGE('',*,*,#4966,.T.);
#2869=ORIENTED_EDGE('',*,*,#4132,.F.);
#2870=ORIENTED_EDGE('',*,*,#3949,.T.);
#2871=ORIENTED_EDGE('',*,*,#4433,.F.);
#2872=ORIENTED_EDGE('',*,*,#3951,.T.);
#2873=ORIENTED_EDGE('',*,*,#4134,.T.);
#2874=ORIENTED_EDGE('',*,*,#4967,.T.);
#2875=ORIENTED_EDGE('',*,*,#4902,.F.);
#2876=ORIENTED_EDGE('',*,*,#5067,.F.);
#2877=ORIENTED_EDGE('',*,*,#4752,.F.);
#2878=ORIENTED_EDGE('',*,*,#4817,.F.);
#2879=ORIENTED_EDGE('',*,*,#4434,.F.);
#2880=ORIENTED_EDGE('',*,*,#4814,.F.);
#2881=ORIENTED_EDGE('',*,*,#4746,.F.);
#2882=ORIENTED_EDGE('',*,*,#5064,.T.);
#2883=ORIENTED_EDGE('',*,*,#4896,.F.);
#2884=ORIENTED_EDGE('',*,*,#4964,.T.);
#2885=ORIENTED_EDGE('',*,*,#4129,.F.);
#2886=ORIENTED_EDGE('',*,*,#3945,.T.);
#2887=ORIENTED_EDGE('',*,*,#4430,.F.);
#2888=ORIENTED_EDGE('',*,*,#3947,.T.);
#2889=ORIENTED_EDGE('',*,*,#4131,.T.);
#2890=ORIENTED_EDGE('',*,*,#4965,.T.);
#2891=ORIENTED_EDGE('',*,*,#4898,.F.);
#2892=ORIENTED_EDGE('',*,*,#5065,.F.);
#2893=ORIENTED_EDGE('',*,*,#4748,.F.);
#2894=ORIENTED_EDGE('',*,*,#4815,.F.);
#2895=ORIENTED_EDGE('',*,*,#4431,.F.);
#2896=ORIENTED_EDGE('',*,*,#4812,.F.);
#2897=ORIENTED_EDGE('',*,*,#4742,.F.);
#2898=ORIENTED_EDGE('',*,*,#5062,.T.);
#2899=ORIENTED_EDGE('',*,*,#4892,.F.);
#2900=ORIENTED_EDGE('',*,*,#4962,.T.);
#2901=ORIENTED_EDGE('',*,*,#4126,.F.);
#2902=ORIENTED_EDGE('',*,*,#3941,.T.);
#2903=ORIENTED_EDGE('',*,*,#4427,.F.);
#2904=ORIENTED_EDGE('',*,*,#3943,.T.);
#2905=ORIENTED_EDGE('',*,*,#4128,.T.);
#2906=ORIENTED_EDGE('',*,*,#4963,.T.);
#2907=ORIENTED_EDGE('',*,*,#4894,.F.);
#2908=ORIENTED_EDGE('',*,*,#5063,.F.);
#2909=ORIENTED_EDGE('',*,*,#4744,.F.);
#2910=ORIENTED_EDGE('',*,*,#4813,.F.);
#2911=ORIENTED_EDGE('',*,*,#4428,.F.);
#2912=ORIENTED_EDGE('',*,*,#4810,.F.);
#2913=ORIENTED_EDGE('',*,*,#4738,.F.);
#2914=ORIENTED_EDGE('',*,*,#5060,.T.);
#2915=ORIENTED_EDGE('',*,*,#4888,.F.);
#2916=ORIENTED_EDGE('',*,*,#4960,.T.);
#2917=ORIENTED_EDGE('',*,*,#4123,.F.);
#2918=ORIENTED_EDGE('',*,*,#3937,.T.);
#2919=ORIENTED_EDGE('',*,*,#4424,.F.);
#2920=ORIENTED_EDGE('',*,*,#3939,.T.);
#2921=ORIENTED_EDGE('',*,*,#4125,.T.);
#2922=ORIENTED_EDGE('',*,*,#4961,.T.);
#2923=ORIENTED_EDGE('',*,*,#4890,.F.);
#2924=ORIENTED_EDGE('',*,*,#5061,.F.);
#2925=ORIENTED_EDGE('',*,*,#4740,.F.);
#2926=ORIENTED_EDGE('',*,*,#4811,.F.);
#2927=ORIENTED_EDGE('',*,*,#4425,.F.);
#2928=ORIENTED_EDGE('',*,*,#4808,.F.);
#2929=ORIENTED_EDGE('',*,*,#4734,.F.);
#2930=ORIENTED_EDGE('',*,*,#5058,.T.);
#2931=ORIENTED_EDGE('',*,*,#4884,.F.);
#2932=ORIENTED_EDGE('',*,*,#4958,.T.);
#2933=ORIENTED_EDGE('',*,*,#4120,.F.);
#2934=ORIENTED_EDGE('',*,*,#3933,.T.);
#2935=ORIENTED_EDGE('',*,*,#4421,.F.);
#2936=ORIENTED_EDGE('',*,*,#3935,.T.);
#2937=ORIENTED_EDGE('',*,*,#4122,.T.);
#2938=ORIENTED_EDGE('',*,*,#4959,.T.);
#2939=ORIENTED_EDGE('',*,*,#4886,.F.);
#2940=ORIENTED_EDGE('',*,*,#5059,.F.);
#2941=ORIENTED_EDGE('',*,*,#4736,.F.);
#2942=ORIENTED_EDGE('',*,*,#4809,.F.);
#2943=ORIENTED_EDGE('',*,*,#4422,.F.);
#2944=ORIENTED_EDGE('',*,*,#4806,.F.);
#2945=ORIENTED_EDGE('',*,*,#4730,.F.);
#2946=ORIENTED_EDGE('',*,*,#5056,.T.);
#2947=ORIENTED_EDGE('',*,*,#4880,.F.);
#2948=ORIENTED_EDGE('',*,*,#4956,.T.);
#2949=ORIENTED_EDGE('',*,*,#4117,.F.);
#2950=ORIENTED_EDGE('',*,*,#3929,.T.);
#2951=ORIENTED_EDGE('',*,*,#4418,.F.);
#2952=ORIENTED_EDGE('',*,*,#3931,.T.);
#2953=ORIENTED_EDGE('',*,*,#4119,.T.);
#2954=ORIENTED_EDGE('',*,*,#4957,.T.);
#2955=ORIENTED_EDGE('',*,*,#4882,.F.);
#2956=ORIENTED_EDGE('',*,*,#5057,.F.);
#2957=ORIENTED_EDGE('',*,*,#4732,.F.);
#2958=ORIENTED_EDGE('',*,*,#4807,.F.);
#2959=ORIENTED_EDGE('',*,*,#4419,.F.);
#2960=ORIENTED_EDGE('',*,*,#4804,.F.);
#2961=ORIENTED_EDGE('',*,*,#4726,.F.);
#2962=ORIENTED_EDGE('',*,*,#5054,.T.);
#2963=ORIENTED_EDGE('',*,*,#4876,.F.);
#2964=ORIENTED_EDGE('',*,*,#4954,.T.);
#2965=ORIENTED_EDGE('',*,*,#4114,.F.);
#2966=ORIENTED_EDGE('',*,*,#3925,.T.);
#2967=ORIENTED_EDGE('',*,*,#4415,.F.);
#2968=ORIENTED_EDGE('',*,*,#3927,.T.);
#2969=ORIENTED_EDGE('',*,*,#4116,.T.);
#2970=ORIENTED_EDGE('',*,*,#4955,.T.);
#2971=ORIENTED_EDGE('',*,*,#4878,.F.);
#2972=ORIENTED_EDGE('',*,*,#5055,.F.);
#2973=ORIENTED_EDGE('',*,*,#4728,.F.);
#2974=ORIENTED_EDGE('',*,*,#4805,.F.);
#2975=ORIENTED_EDGE('',*,*,#4416,.F.);
#2976=ORIENTED_EDGE('',*,*,#4802,.F.);
#2977=ORIENTED_EDGE('',*,*,#4722,.F.);
#2978=ORIENTED_EDGE('',*,*,#5052,.T.);
#2979=ORIENTED_EDGE('',*,*,#4872,.F.);
#2980=ORIENTED_EDGE('',*,*,#4952,.T.);
#2981=ORIENTED_EDGE('',*,*,#4111,.F.);
#2982=ORIENTED_EDGE('',*,*,#3921,.T.);
#2983=ORIENTED_EDGE('',*,*,#4412,.F.);
#2984=ORIENTED_EDGE('',*,*,#3923,.T.);
#2985=ORIENTED_EDGE('',*,*,#4113,.T.);
#2986=ORIENTED_EDGE('',*,*,#4953,.T.);
#2987=ORIENTED_EDGE('',*,*,#4874,.F.);
#2988=ORIENTED_EDGE('',*,*,#5053,.F.);
#2989=ORIENTED_EDGE('',*,*,#4724,.F.);
#2990=ORIENTED_EDGE('',*,*,#4803,.F.);
#2991=ORIENTED_EDGE('',*,*,#4413,.F.);
#2992=ORIENTED_EDGE('',*,*,#4800,.F.);
#2993=ORIENTED_EDGE('',*,*,#4718,.F.);
#2994=ORIENTED_EDGE('',*,*,#5050,.T.);
#2995=ORIENTED_EDGE('',*,*,#4868,.F.);
#2996=ORIENTED_EDGE('',*,*,#4950,.T.);
#2997=ORIENTED_EDGE('',*,*,#4108,.F.);
#2998=ORIENTED_EDGE('',*,*,#3917,.T.);
#2999=ORIENTED_EDGE('',*,*,#4409,.F.);
#3000=ORIENTED_EDGE('',*,*,#3919,.T.);
#3001=ORIENTED_EDGE('',*,*,#4110,.T.);
#3002=ORIENTED_EDGE('',*,*,#4951,.T.);
#3003=ORIENTED_EDGE('',*,*,#4870,.F.);
#3004=ORIENTED_EDGE('',*,*,#5051,.F.);
#3005=ORIENTED_EDGE('',*,*,#4720,.F.);
#3006=ORIENTED_EDGE('',*,*,#4801,.F.);
#3007=ORIENTED_EDGE('',*,*,#4410,.F.);
#3008=ORIENTED_EDGE('',*,*,#4798,.F.);
#3009=ORIENTED_EDGE('',*,*,#4714,.F.);
#3010=ORIENTED_EDGE('',*,*,#5048,.T.);
#3011=ORIENTED_EDGE('',*,*,#4864,.F.);
#3012=ORIENTED_EDGE('',*,*,#4948,.T.);
#3013=ORIENTED_EDGE('',*,*,#4105,.F.);
#3014=ORIENTED_EDGE('',*,*,#3913,.T.);
#3015=ORIENTED_EDGE('',*,*,#4406,.F.);
#3016=ORIENTED_EDGE('',*,*,#3915,.T.);
#3017=ORIENTED_EDGE('',*,*,#4107,.T.);
#3018=ORIENTED_EDGE('',*,*,#4949,.T.);
#3019=ORIENTED_EDGE('',*,*,#4866,.F.);
#3020=ORIENTED_EDGE('',*,*,#5049,.F.);
#3021=ORIENTED_EDGE('',*,*,#4716,.F.);
#3022=ORIENTED_EDGE('',*,*,#4799,.F.);
#3023=ORIENTED_EDGE('',*,*,#4407,.F.);
#3024=ORIENTED_EDGE('',*,*,#4796,.F.);
#3025=ORIENTED_EDGE('',*,*,#4710,.F.);
#3026=ORIENTED_EDGE('',*,*,#5046,.T.);
#3027=ORIENTED_EDGE('',*,*,#4860,.F.);
#3028=ORIENTED_EDGE('',*,*,#4946,.T.);
#3029=ORIENTED_EDGE('',*,*,#4102,.F.);
#3030=ORIENTED_EDGE('',*,*,#3909,.T.);
#3031=ORIENTED_EDGE('',*,*,#4403,.F.);
#3032=ORIENTED_EDGE('',*,*,#3911,.T.);
#3033=ORIENTED_EDGE('',*,*,#4104,.T.);
#3034=ORIENTED_EDGE('',*,*,#4947,.T.);
#3035=ORIENTED_EDGE('',*,*,#4862,.F.);
#3036=ORIENTED_EDGE('',*,*,#5047,.F.);
#3037=ORIENTED_EDGE('',*,*,#4712,.F.);
#3038=ORIENTED_EDGE('',*,*,#4797,.F.);
#3039=ORIENTED_EDGE('',*,*,#4404,.F.);
#3040=ORIENTED_EDGE('',*,*,#4794,.F.);
#3041=ORIENTED_EDGE('',*,*,#4706,.F.);
#3042=ORIENTED_EDGE('',*,*,#5044,.T.);
#3043=ORIENTED_EDGE('',*,*,#4856,.F.);
#3044=ORIENTED_EDGE('',*,*,#4944,.T.);
#3045=ORIENTED_EDGE('',*,*,#4099,.F.);
#3046=ORIENTED_EDGE('',*,*,#3905,.T.);
#3047=ORIENTED_EDGE('',*,*,#4400,.F.);
#3048=ORIENTED_EDGE('',*,*,#3907,.T.);
#3049=ORIENTED_EDGE('',*,*,#4101,.T.);
#3050=ORIENTED_EDGE('',*,*,#4945,.T.);
#3051=ORIENTED_EDGE('',*,*,#4858,.F.);
#3052=ORIENTED_EDGE('',*,*,#5045,.F.);
#3053=ORIENTED_EDGE('',*,*,#4708,.F.);
#3054=ORIENTED_EDGE('',*,*,#4795,.F.);
#3055=ORIENTED_EDGE('',*,*,#4401,.F.);
#3056=ORIENTED_EDGE('',*,*,#4792,.F.);
#3057=ORIENTED_EDGE('',*,*,#4702,.F.);
#3058=ORIENTED_EDGE('',*,*,#5042,.T.);
#3059=ORIENTED_EDGE('',*,*,#4852,.F.);
#3060=ORIENTED_EDGE('',*,*,#4942,.T.);
#3061=ORIENTED_EDGE('',*,*,#4096,.F.);
#3062=ORIENTED_EDGE('',*,*,#3901,.T.);
#3063=ORIENTED_EDGE('',*,*,#4397,.F.);
#3064=ORIENTED_EDGE('',*,*,#3903,.T.);
#3065=ORIENTED_EDGE('',*,*,#4098,.T.);
#3066=ORIENTED_EDGE('',*,*,#4943,.T.);
#3067=ORIENTED_EDGE('',*,*,#4854,.F.);
#3068=ORIENTED_EDGE('',*,*,#5043,.F.);
#3069=ORIENTED_EDGE('',*,*,#4704,.F.);
#3070=ORIENTED_EDGE('',*,*,#4793,.F.);
#3071=ORIENTED_EDGE('',*,*,#4398,.F.);
#3072=ORIENTED_EDGE('',*,*,#4790,.F.);
#3073=ORIENTED_EDGE('',*,*,#4698,.F.);
#3074=ORIENTED_EDGE('',*,*,#5040,.T.);
#3075=ORIENTED_EDGE('',*,*,#4848,.F.);
#3076=ORIENTED_EDGE('',*,*,#4940,.T.);
#3077=ORIENTED_EDGE('',*,*,#4093,.F.);
#3078=ORIENTED_EDGE('',*,*,#3897,.T.);
#3079=ORIENTED_EDGE('',*,*,#4394,.F.);
#3080=ORIENTED_EDGE('',*,*,#3899,.T.);
#3081=ORIENTED_EDGE('',*,*,#4095,.T.);
#3082=ORIENTED_EDGE('',*,*,#4941,.T.);
#3083=ORIENTED_EDGE('',*,*,#4850,.F.);
#3084=ORIENTED_EDGE('',*,*,#5041,.F.);
#3085=ORIENTED_EDGE('',*,*,#4700,.F.);
#3086=ORIENTED_EDGE('',*,*,#4791,.F.);
#3087=ORIENTED_EDGE('',*,*,#4395,.F.);
#3088=ORIENTED_EDGE('',*,*,#4788,.F.);
#3089=ORIENTED_EDGE('',*,*,#4694,.F.);
#3090=ORIENTED_EDGE('',*,*,#5038,.T.);
#3091=ORIENTED_EDGE('',*,*,#4844,.F.);
#3092=ORIENTED_EDGE('',*,*,#4938,.T.);
#3093=ORIENTED_EDGE('',*,*,#4090,.F.);
#3094=ORIENTED_EDGE('',*,*,#3893,.T.);
#3095=ORIENTED_EDGE('',*,*,#4391,.F.);
#3096=ORIENTED_EDGE('',*,*,#3895,.T.);
#3097=ORIENTED_EDGE('',*,*,#4092,.T.);
#3098=ORIENTED_EDGE('',*,*,#4939,.T.);
#3099=ORIENTED_EDGE('',*,*,#4846,.F.);
#3100=ORIENTED_EDGE('',*,*,#5039,.F.);
#3101=ORIENTED_EDGE('',*,*,#4696,.F.);
#3102=ORIENTED_EDGE('',*,*,#4789,.F.);
#3103=ORIENTED_EDGE('',*,*,#4392,.F.);
#3104=ORIENTED_EDGE('',*,*,#4786,.F.);
#3105=ORIENTED_EDGE('',*,*,#4690,.F.);
#3106=ORIENTED_EDGE('',*,*,#5036,.T.);
#3107=ORIENTED_EDGE('',*,*,#4840,.F.);
#3108=ORIENTED_EDGE('',*,*,#4936,.T.);
#3109=ORIENTED_EDGE('',*,*,#4087,.F.);
#3110=ORIENTED_EDGE('',*,*,#3889,.T.);
#3111=ORIENTED_EDGE('',*,*,#4388,.F.);
#3112=ORIENTED_EDGE('',*,*,#3891,.T.);
#3113=ORIENTED_EDGE('',*,*,#4089,.T.);
#3114=ORIENTED_EDGE('',*,*,#4937,.T.);
#3115=ORIENTED_EDGE('',*,*,#4842,.F.);
#3116=ORIENTED_EDGE('',*,*,#5037,.F.);
#3117=ORIENTED_EDGE('',*,*,#4692,.F.);
#3118=ORIENTED_EDGE('',*,*,#4787,.F.);
#3119=ORIENTED_EDGE('',*,*,#4389,.F.);
#3120=ORIENTED_EDGE('',*,*,#4784,.F.);
#3121=ORIENTED_EDGE('',*,*,#4686,.F.);
#3122=ORIENTED_EDGE('',*,*,#5034,.T.);
#3123=ORIENTED_EDGE('',*,*,#4836,.F.);
#3124=ORIENTED_EDGE('',*,*,#4934,.T.);
#3125=ORIENTED_EDGE('',*,*,#4084,.F.);
#3126=ORIENTED_EDGE('',*,*,#3885,.T.);
#3127=ORIENTED_EDGE('',*,*,#4385,.F.);
#3128=ORIENTED_EDGE('',*,*,#3887,.T.);
#3129=ORIENTED_EDGE('',*,*,#4086,.T.);
#3130=ORIENTED_EDGE('',*,*,#4935,.T.);
#3131=ORIENTED_EDGE('',*,*,#4838,.F.);
#3132=ORIENTED_EDGE('',*,*,#5035,.F.);
#3133=ORIENTED_EDGE('',*,*,#4688,.F.);
#3134=ORIENTED_EDGE('',*,*,#4785,.F.);
#3135=ORIENTED_EDGE('',*,*,#4386,.F.);
#3136=ORIENTED_EDGE('',*,*,#3883,.T.);
#3137=ORIENTED_EDGE('',*,*,#4083,.T.);
#3138=ORIENTED_EDGE('',*,*,#4933,.T.);
#3139=ORIENTED_EDGE('',*,*,#4834,.F.);
#3140=ORIENTED_EDGE('',*,*,#5033,.F.);
#3141=ORIENTED_EDGE('',*,*,#4684,.F.);
#3142=ORIENTED_EDGE('',*,*,#4783,.F.);
#3143=ORIENTED_EDGE('',*,*,#4383,.F.);
#3144=ORIENTED_EDGE('',*,*,#4382,.F.);
#3145=ORIENTED_EDGE('',*,*,#4332,.F.);
#3146=ORIENTED_EDGE('',*,*,#5032,.T.);
#3147=ORIENTED_EDGE('',*,*,#4682,.F.);
#3148=ORIENTED_EDGE('',*,*,#4606,.T.);
#3149=ORIENTED_EDGE('',*,*,#4532,.F.);
#3150=ORIENTED_EDGE('',*,*,#4081,.T.);
#3151=ORIENTED_EDGE('',*,*,#4232,.F.);
#3152=ORIENTED_EDGE('',*,*,#4079,.T.);
#3153=ORIENTED_EDGE('',*,*,#4531,.F.);
#3154=ORIENTED_EDGE('',*,*,#4605,.T.);
#3155=ORIENTED_EDGE('',*,*,#4681,.F.);
#3156=ORIENTED_EDGE('',*,*,#5031,.F.);
#3157=ORIENTED_EDGE('',*,*,#4330,.F.);
#3158=ORIENTED_EDGE('',*,*,#4381,.F.);
#3159=ORIENTED_EDGE('',*,*,#4230,.F.);
#3160=ORIENTED_EDGE('',*,*,#4380,.F.);
#3161=ORIENTED_EDGE('',*,*,#4328,.F.);
#3162=ORIENTED_EDGE('',*,*,#5030,.T.);
#3163=ORIENTED_EDGE('',*,*,#4679,.F.);
#3164=ORIENTED_EDGE('',*,*,#4603,.T.);
#3165=ORIENTED_EDGE('',*,*,#4529,.F.);
#3166=ORIENTED_EDGE('',*,*,#4077,.T.);
#3167=ORIENTED_EDGE('',*,*,#4229,.F.);
#3168=ORIENTED_EDGE('',*,*,#4075,.T.);
#3169=ORIENTED_EDGE('',*,*,#4528,.F.);
#3170=ORIENTED_EDGE('',*,*,#4602,.T.);
#3171=ORIENTED_EDGE('',*,*,#4678,.F.);
#3172=ORIENTED_EDGE('',*,*,#5029,.F.);
#3173=ORIENTED_EDGE('',*,*,#4326,.F.);
#3174=ORIENTED_EDGE('',*,*,#4379,.F.);
#3175=ORIENTED_EDGE('',*,*,#4227,.F.);
#3176=ORIENTED_EDGE('',*,*,#4378,.F.);
#3177=ORIENTED_EDGE('',*,*,#4324,.F.);
#3178=ORIENTED_EDGE('',*,*,#5028,.T.);
#3179=ORIENTED_EDGE('',*,*,#4676,.F.);
#3180=ORIENTED_EDGE('',*,*,#4600,.T.);
#3181=ORIENTED_EDGE('',*,*,#4526,.F.);
#3182=ORIENTED_EDGE('',*,*,#4073,.T.);
#3183=ORIENTED_EDGE('',*,*,#4226,.F.);
#3184=ORIENTED_EDGE('',*,*,#4071,.T.);
#3185=ORIENTED_EDGE('',*,*,#4525,.F.);
#3186=ORIENTED_EDGE('',*,*,#4599,.T.);
#3187=ORIENTED_EDGE('',*,*,#4675,.F.);
#3188=ORIENTED_EDGE('',*,*,#5027,.F.);
#3189=ORIENTED_EDGE('',*,*,#4322,.F.);
#3190=ORIENTED_EDGE('',*,*,#4377,.F.);
#3191=ORIENTED_EDGE('',*,*,#4224,.F.);
#3192=ORIENTED_EDGE('',*,*,#4376,.F.);
#3193=ORIENTED_EDGE('',*,*,#4320,.F.);
#3194=ORIENTED_EDGE('',*,*,#5026,.T.);
#3195=ORIENTED_EDGE('',*,*,#4673,.F.);
#3196=ORIENTED_EDGE('',*,*,#4597,.T.);
#3197=ORIENTED_EDGE('',*,*,#4523,.F.);
#3198=ORIENTED_EDGE('',*,*,#4069,.T.);
#3199=ORIENTED_EDGE('',*,*,#4223,.F.);
#3200=ORIENTED_EDGE('',*,*,#4067,.T.);
#3201=ORIENTED_EDGE('',*,*,#4522,.F.);
#3202=ORIENTED_EDGE('',*,*,#4596,.T.);
#3203=ORIENTED_EDGE('',*,*,#4672,.F.);
#3204=ORIENTED_EDGE('',*,*,#5025,.F.);
#3205=ORIENTED_EDGE('',*,*,#4318,.F.);
#3206=ORIENTED_EDGE('',*,*,#4375,.F.);
#3207=ORIENTED_EDGE('',*,*,#4221,.F.);
#3208=ORIENTED_EDGE('',*,*,#4374,.F.);
#3209=ORIENTED_EDGE('',*,*,#4316,.F.);
#3210=ORIENTED_EDGE('',*,*,#5024,.T.);
#3211=ORIENTED_EDGE('',*,*,#4670,.F.);
#3212=ORIENTED_EDGE('',*,*,#4594,.T.);
#3213=ORIENTED_EDGE('',*,*,#4520,.F.);
#3214=ORIENTED_EDGE('',*,*,#4065,.T.);
#3215=ORIENTED_EDGE('',*,*,#4220,.F.);
#3216=ORIENTED_EDGE('',*,*,#4063,.T.);
#3217=ORIENTED_EDGE('',*,*,#4519,.F.);
#3218=ORIENTED_EDGE('',*,*,#4593,.T.);
#3219=ORIENTED_EDGE('',*,*,#4669,.F.);
#3220=ORIENTED_EDGE('',*,*,#5023,.F.);
#3221=ORIENTED_EDGE('',*,*,#4314,.F.);
#3222=ORIENTED_EDGE('',*,*,#4373,.F.);
#3223=ORIENTED_EDGE('',*,*,#4218,.F.);
#3224=ORIENTED_EDGE('',*,*,#4372,.F.);
#3225=ORIENTED_EDGE('',*,*,#4312,.F.);
#3226=ORIENTED_EDGE('',*,*,#5022,.T.);
#3227=ORIENTED_EDGE('',*,*,#4667,.F.);
#3228=ORIENTED_EDGE('',*,*,#4591,.T.);
#3229=ORIENTED_EDGE('',*,*,#4517,.F.);
#3230=ORIENTED_EDGE('',*,*,#4061,.T.);
#3231=ORIENTED_EDGE('',*,*,#4217,.F.);
#3232=ORIENTED_EDGE('',*,*,#4059,.T.);
#3233=ORIENTED_EDGE('',*,*,#4516,.F.);
#3234=ORIENTED_EDGE('',*,*,#4590,.T.);
#3235=ORIENTED_EDGE('',*,*,#4666,.F.);
#3236=ORIENTED_EDGE('',*,*,#5021,.F.);
#3237=ORIENTED_EDGE('',*,*,#4310,.F.);
#3238=ORIENTED_EDGE('',*,*,#4371,.F.);
#3239=ORIENTED_EDGE('',*,*,#4215,.F.);
#3240=ORIENTED_EDGE('',*,*,#4370,.F.);
#3241=ORIENTED_EDGE('',*,*,#4308,.F.);
#3242=ORIENTED_EDGE('',*,*,#5020,.T.);
#3243=ORIENTED_EDGE('',*,*,#4664,.F.);
#3244=ORIENTED_EDGE('',*,*,#4588,.T.);
#3245=ORIENTED_EDGE('',*,*,#4514,.F.);
#3246=ORIENTED_EDGE('',*,*,#4057,.T.);
#3247=ORIENTED_EDGE('',*,*,#4214,.F.);
#3248=ORIENTED_EDGE('',*,*,#4055,.T.);
#3249=ORIENTED_EDGE('',*,*,#4513,.F.);
#3250=ORIENTED_EDGE('',*,*,#4587,.T.);
#3251=ORIENTED_EDGE('',*,*,#4663,.F.);
#3252=ORIENTED_EDGE('',*,*,#5019,.F.);
#3253=ORIENTED_EDGE('',*,*,#4306,.F.);
#3254=ORIENTED_EDGE('',*,*,#4369,.F.);
#3255=ORIENTED_EDGE('',*,*,#4212,.F.);
#3256=ORIENTED_EDGE('',*,*,#4368,.F.);
#3257=ORIENTED_EDGE('',*,*,#4304,.F.);
#3258=ORIENTED_EDGE('',*,*,#5018,.T.);
#3259=ORIENTED_EDGE('',*,*,#4661,.F.);
#3260=ORIENTED_EDGE('',*,*,#4585,.T.);
#3261=ORIENTED_EDGE('',*,*,#4511,.F.);
#3262=ORIENTED_EDGE('',*,*,#4053,.T.);
#3263=ORIENTED_EDGE('',*,*,#4211,.F.);
#3264=ORIENTED_EDGE('',*,*,#4051,.T.);
#3265=ORIENTED_EDGE('',*,*,#4510,.F.);
#3266=ORIENTED_EDGE('',*,*,#4584,.T.);
#3267=ORIENTED_EDGE('',*,*,#4660,.F.);
#3268=ORIENTED_EDGE('',*,*,#5017,.F.);
#3269=ORIENTED_EDGE('',*,*,#4302,.F.);
#3270=ORIENTED_EDGE('',*,*,#4367,.F.);
#3271=ORIENTED_EDGE('',*,*,#4209,.F.);
#3272=ORIENTED_EDGE('',*,*,#4366,.F.);
#3273=ORIENTED_EDGE('',*,*,#4300,.F.);
#3274=ORIENTED_EDGE('',*,*,#5016,.T.);
#3275=ORIENTED_EDGE('',*,*,#4658,.F.);
#3276=ORIENTED_EDGE('',*,*,#4582,.T.);
#3277=ORIENTED_EDGE('',*,*,#4508,.F.);
#3278=ORIENTED_EDGE('',*,*,#4049,.T.);
#3279=ORIENTED_EDGE('',*,*,#4208,.F.);
#3280=ORIENTED_EDGE('',*,*,#4047,.T.);
#3281=ORIENTED_EDGE('',*,*,#4507,.F.);
#3282=ORIENTED_EDGE('',*,*,#4581,.T.);
#3283=ORIENTED_EDGE('',*,*,#4657,.F.);
#3284=ORIENTED_EDGE('',*,*,#5015,.F.);
#3285=ORIENTED_EDGE('',*,*,#4298,.F.);
#3286=ORIENTED_EDGE('',*,*,#4365,.F.);
#3287=ORIENTED_EDGE('',*,*,#4206,.F.);
#3288=ORIENTED_EDGE('',*,*,#4364,.F.);
#3289=ORIENTED_EDGE('',*,*,#4296,.F.);
#3290=ORIENTED_EDGE('',*,*,#5014,.T.);
#3291=ORIENTED_EDGE('',*,*,#4655,.F.);
#3292=ORIENTED_EDGE('',*,*,#4579,.T.);
#3293=ORIENTED_EDGE('',*,*,#4505,.F.);
#3294=ORIENTED_EDGE('',*,*,#4045,.T.);
#3295=ORIENTED_EDGE('',*,*,#4205,.F.);
#3296=ORIENTED_EDGE('',*,*,#4043,.T.);
#3297=ORIENTED_EDGE('',*,*,#4504,.F.);
#3298=ORIENTED_EDGE('',*,*,#4578,.T.);
#3299=ORIENTED_EDGE('',*,*,#4654,.F.);
#3300=ORIENTED_EDGE('',*,*,#5013,.F.);
#3301=ORIENTED_EDGE('',*,*,#4294,.F.);
#3302=ORIENTED_EDGE('',*,*,#4363,.F.);
#3303=ORIENTED_EDGE('',*,*,#4203,.F.);
#3304=ORIENTED_EDGE('',*,*,#4362,.F.);
#3305=ORIENTED_EDGE('',*,*,#4292,.F.);
#3306=ORIENTED_EDGE('',*,*,#5012,.T.);
#3307=ORIENTED_EDGE('',*,*,#4652,.F.);
#3308=ORIENTED_EDGE('',*,*,#4576,.T.);
#3309=ORIENTED_EDGE('',*,*,#4502,.F.);
#3310=ORIENTED_EDGE('',*,*,#4041,.T.);
#3311=ORIENTED_EDGE('',*,*,#4202,.F.);
#3312=ORIENTED_EDGE('',*,*,#4039,.T.);
#3313=ORIENTED_EDGE('',*,*,#4501,.F.);
#3314=ORIENTED_EDGE('',*,*,#4575,.T.);
#3315=ORIENTED_EDGE('',*,*,#4651,.F.);
#3316=ORIENTED_EDGE('',*,*,#5011,.F.);
#3317=ORIENTED_EDGE('',*,*,#4290,.F.);
#3318=ORIENTED_EDGE('',*,*,#4361,.F.);
#3319=ORIENTED_EDGE('',*,*,#4200,.F.);
#3320=ORIENTED_EDGE('',*,*,#4360,.F.);
#3321=ORIENTED_EDGE('',*,*,#4288,.F.);
#3322=ORIENTED_EDGE('',*,*,#5010,.T.);
#3323=ORIENTED_EDGE('',*,*,#4649,.F.);
#3324=ORIENTED_EDGE('',*,*,#4573,.T.);
#3325=ORIENTED_EDGE('',*,*,#4499,.F.);
#3326=ORIENTED_EDGE('',*,*,#4037,.T.);
#3327=ORIENTED_EDGE('',*,*,#4199,.F.);
#3328=ORIENTED_EDGE('',*,*,#4035,.T.);
#3329=ORIENTED_EDGE('',*,*,#4498,.F.);
#3330=ORIENTED_EDGE('',*,*,#4572,.T.);
#3331=ORIENTED_EDGE('',*,*,#4648,.F.);
#3332=ORIENTED_EDGE('',*,*,#5009,.F.);
#3333=ORIENTED_EDGE('',*,*,#4286,.F.);
#3334=ORIENTED_EDGE('',*,*,#4359,.F.);
#3335=ORIENTED_EDGE('',*,*,#4197,.F.);
#3336=ORIENTED_EDGE('',*,*,#4358,.F.);
#3337=ORIENTED_EDGE('',*,*,#4284,.F.);
#3338=ORIENTED_EDGE('',*,*,#5008,.T.);
#3339=ORIENTED_EDGE('',*,*,#4646,.F.);
#3340=ORIENTED_EDGE('',*,*,#4570,.T.);
#3341=ORIENTED_EDGE('',*,*,#4496,.F.);
#3342=ORIENTED_EDGE('',*,*,#4033,.T.);
#3343=ORIENTED_EDGE('',*,*,#4196,.F.);
#3344=ORIENTED_EDGE('',*,*,#4031,.T.);
#3345=ORIENTED_EDGE('',*,*,#4495,.F.);
#3346=ORIENTED_EDGE('',*,*,#4569,.T.);
#3347=ORIENTED_EDGE('',*,*,#4645,.F.);
#3348=ORIENTED_EDGE('',*,*,#5007,.F.);
#3349=ORIENTED_EDGE('',*,*,#4282,.F.);
#3350=ORIENTED_EDGE('',*,*,#4357,.F.);
#3351=ORIENTED_EDGE('',*,*,#4194,.F.);
#3352=ORIENTED_EDGE('',*,*,#4356,.F.);
#3353=ORIENTED_EDGE('',*,*,#4280,.F.);
#3354=ORIENTED_EDGE('',*,*,#5006,.T.);
#3355=ORIENTED_EDGE('',*,*,#4643,.F.);
#3356=ORIENTED_EDGE('',*,*,#4567,.T.);
#3357=ORIENTED_EDGE('',*,*,#4493,.F.);
#3358=ORIENTED_EDGE('',*,*,#4029,.T.);
#3359=ORIENTED_EDGE('',*,*,#4193,.F.);
#3360=ORIENTED_EDGE('',*,*,#4027,.T.);
#3361=ORIENTED_EDGE('',*,*,#4492,.F.);
#3362=ORIENTED_EDGE('',*,*,#4566,.T.);
#3363=ORIENTED_EDGE('',*,*,#4642,.F.);
#3364=ORIENTED_EDGE('',*,*,#5005,.F.);
#3365=ORIENTED_EDGE('',*,*,#4278,.F.);
#3366=ORIENTED_EDGE('',*,*,#4355,.F.);
#3367=ORIENTED_EDGE('',*,*,#4191,.F.);
#3368=ORIENTED_EDGE('',*,*,#4354,.F.);
#3369=ORIENTED_EDGE('',*,*,#4276,.F.);
#3370=ORIENTED_EDGE('',*,*,#5004,.T.);
#3371=ORIENTED_EDGE('',*,*,#4640,.F.);
#3372=ORIENTED_EDGE('',*,*,#4564,.T.);
#3373=ORIENTED_EDGE('',*,*,#4490,.F.);
#3374=ORIENTED_EDGE('',*,*,#4025,.T.);
#3375=ORIENTED_EDGE('',*,*,#4190,.F.);
#3376=ORIENTED_EDGE('',*,*,#4023,.T.);
#3377=ORIENTED_EDGE('',*,*,#4489,.F.);
#3378=ORIENTED_EDGE('',*,*,#4563,.T.);
#3379=ORIENTED_EDGE('',*,*,#4639,.F.);
#3380=ORIENTED_EDGE('',*,*,#5003,.F.);
#3381=ORIENTED_EDGE('',*,*,#4274,.F.);
#3382=ORIENTED_EDGE('',*,*,#4353,.F.);
#3383=ORIENTED_EDGE('',*,*,#4188,.F.);
#3384=ORIENTED_EDGE('',*,*,#4352,.F.);
#3385=ORIENTED_EDGE('',*,*,#4272,.F.);
#3386=ORIENTED_EDGE('',*,*,#5002,.T.);
#3387=ORIENTED_EDGE('',*,*,#4637,.F.);
#3388=ORIENTED_EDGE('',*,*,#4561,.T.);
#3389=ORIENTED_EDGE('',*,*,#4487,.F.);
#3390=ORIENTED_EDGE('',*,*,#4021,.T.);
#3391=ORIENTED_EDGE('',*,*,#4187,.F.);
#3392=ORIENTED_EDGE('',*,*,#4019,.T.);
#3393=ORIENTED_EDGE('',*,*,#4486,.F.);
#3394=ORIENTED_EDGE('',*,*,#4560,.T.);
#3395=ORIENTED_EDGE('',*,*,#4636,.F.);
#3396=ORIENTED_EDGE('',*,*,#5001,.F.);
#3397=ORIENTED_EDGE('',*,*,#4270,.F.);
#3398=ORIENTED_EDGE('',*,*,#4351,.F.);
#3399=ORIENTED_EDGE('',*,*,#4185,.F.);
#3400=ORIENTED_EDGE('',*,*,#4350,.F.);
#3401=ORIENTED_EDGE('',*,*,#4268,.F.);
#3402=ORIENTED_EDGE('',*,*,#5000,.T.);
#3403=ORIENTED_EDGE('',*,*,#4634,.F.);
#3404=ORIENTED_EDGE('',*,*,#4558,.T.);
#3405=ORIENTED_EDGE('',*,*,#4484,.F.);
#3406=ORIENTED_EDGE('',*,*,#4017,.T.);
#3407=ORIENTED_EDGE('',*,*,#4184,.F.);
#3408=ORIENTED_EDGE('',*,*,#4015,.T.);
#3409=ORIENTED_EDGE('',*,*,#4483,.F.);
#3410=ORIENTED_EDGE('',*,*,#4557,.T.);
#3411=ORIENTED_EDGE('',*,*,#4633,.F.);
#3412=ORIENTED_EDGE('',*,*,#4999,.F.);
#3413=ORIENTED_EDGE('',*,*,#4266,.F.);
#3414=ORIENTED_EDGE('',*,*,#4349,.F.);
#3415=ORIENTED_EDGE('',*,*,#4182,.F.);
#3416=ORIENTED_EDGE('',*,*,#4348,.F.);
#3417=ORIENTED_EDGE('',*,*,#4264,.F.);
#3418=ORIENTED_EDGE('',*,*,#4998,.T.);
#3419=ORIENTED_EDGE('',*,*,#4631,.F.);
#3420=ORIENTED_EDGE('',*,*,#4555,.T.);
#3421=ORIENTED_EDGE('',*,*,#4481,.F.);
#3422=ORIENTED_EDGE('',*,*,#4013,.T.);
#3423=ORIENTED_EDGE('',*,*,#4181,.F.);
#3424=ORIENTED_EDGE('',*,*,#4011,.T.);
#3425=ORIENTED_EDGE('',*,*,#4480,.F.);
#3426=ORIENTED_EDGE('',*,*,#4554,.T.);
#3427=ORIENTED_EDGE('',*,*,#4630,.F.);
#3428=ORIENTED_EDGE('',*,*,#4997,.F.);
#3429=ORIENTED_EDGE('',*,*,#4262,.F.);
#3430=ORIENTED_EDGE('',*,*,#4347,.F.);
#3431=ORIENTED_EDGE('',*,*,#4179,.F.);
#3432=ORIENTED_EDGE('',*,*,#4346,.F.);
#3433=ORIENTED_EDGE('',*,*,#4260,.F.);
#3434=ORIENTED_EDGE('',*,*,#4996,.T.);
#3435=ORIENTED_EDGE('',*,*,#4628,.F.);
#3436=ORIENTED_EDGE('',*,*,#4552,.T.);
#3437=ORIENTED_EDGE('',*,*,#4478,.F.);
#3438=ORIENTED_EDGE('',*,*,#4009,.T.);
#3439=ORIENTED_EDGE('',*,*,#4178,.F.);
#3440=ORIENTED_EDGE('',*,*,#4007,.T.);
#3441=ORIENTED_EDGE('',*,*,#4477,.F.);
#3442=ORIENTED_EDGE('',*,*,#4551,.T.);
#3443=ORIENTED_EDGE('',*,*,#4627,.F.);
#3444=ORIENTED_EDGE('',*,*,#4995,.F.);
#3445=ORIENTED_EDGE('',*,*,#4258,.F.);
#3446=ORIENTED_EDGE('',*,*,#4345,.F.);
#3447=ORIENTED_EDGE('',*,*,#4176,.F.);
#3448=ORIENTED_EDGE('',*,*,#4344,.F.);
#3449=ORIENTED_EDGE('',*,*,#4256,.F.);
#3450=ORIENTED_EDGE('',*,*,#4994,.T.);
#3451=ORIENTED_EDGE('',*,*,#4625,.F.);
#3452=ORIENTED_EDGE('',*,*,#4549,.T.);
#3453=ORIENTED_EDGE('',*,*,#4475,.F.);
#3454=ORIENTED_EDGE('',*,*,#4005,.T.);
#3455=ORIENTED_EDGE('',*,*,#4175,.F.);
#3456=ORIENTED_EDGE('',*,*,#4003,.T.);
#3457=ORIENTED_EDGE('',*,*,#4474,.F.);
#3458=ORIENTED_EDGE('',*,*,#4548,.T.);
#3459=ORIENTED_EDGE('',*,*,#4624,.F.);
#3460=ORIENTED_EDGE('',*,*,#4993,.F.);
#3461=ORIENTED_EDGE('',*,*,#4254,.F.);
#3462=ORIENTED_EDGE('',*,*,#4343,.F.);
#3463=ORIENTED_EDGE('',*,*,#4173,.F.);
#3464=ORIENTED_EDGE('',*,*,#4342,.F.);
#3465=ORIENTED_EDGE('',*,*,#4252,.F.);
#3466=ORIENTED_EDGE('',*,*,#4992,.T.);
#3467=ORIENTED_EDGE('',*,*,#4622,.F.);
#3468=ORIENTED_EDGE('',*,*,#4546,.T.);
#3469=ORIENTED_EDGE('',*,*,#4472,.F.);
#3470=ORIENTED_EDGE('',*,*,#4001,.T.);
#3471=ORIENTED_EDGE('',*,*,#4172,.F.);
#3472=ORIENTED_EDGE('',*,*,#3999,.T.);
#3473=ORIENTED_EDGE('',*,*,#4471,.F.);
#3474=ORIENTED_EDGE('',*,*,#4545,.T.);
#3475=ORIENTED_EDGE('',*,*,#4621,.F.);
#3476=ORIENTED_EDGE('',*,*,#4991,.F.);
#3477=ORIENTED_EDGE('',*,*,#4250,.F.);
#3478=ORIENTED_EDGE('',*,*,#4341,.F.);
#3479=ORIENTED_EDGE('',*,*,#4170,.F.);
#3480=ORIENTED_EDGE('',*,*,#4340,.F.);
#3481=ORIENTED_EDGE('',*,*,#4248,.F.);
#3482=ORIENTED_EDGE('',*,*,#4990,.T.);
#3483=ORIENTED_EDGE('',*,*,#4619,.F.);
#3484=ORIENTED_EDGE('',*,*,#4543,.T.);
#3485=ORIENTED_EDGE('',*,*,#4469,.F.);
#3486=ORIENTED_EDGE('',*,*,#3997,.T.);
#3487=ORIENTED_EDGE('',*,*,#4169,.F.);
#3488=ORIENTED_EDGE('',*,*,#3995,.T.);
#3489=ORIENTED_EDGE('',*,*,#4468,.F.);
#3490=ORIENTED_EDGE('',*,*,#4542,.T.);
#3491=ORIENTED_EDGE('',*,*,#4618,.F.);
#3492=ORIENTED_EDGE('',*,*,#4989,.F.);
#3493=ORIENTED_EDGE('',*,*,#4246,.F.);
#3494=ORIENTED_EDGE('',*,*,#4339,.F.);
#3495=ORIENTED_EDGE('',*,*,#4167,.F.);
#3496=ORIENTED_EDGE('',*,*,#4338,.F.);
#3497=ORIENTED_EDGE('',*,*,#4244,.F.);
#3498=ORIENTED_EDGE('',*,*,#4988,.T.);
#3499=ORIENTED_EDGE('',*,*,#4616,.F.);
#3500=ORIENTED_EDGE('',*,*,#4540,.T.);
#3501=ORIENTED_EDGE('',*,*,#4466,.F.);
#3502=ORIENTED_EDGE('',*,*,#3993,.T.);
#3503=ORIENTED_EDGE('',*,*,#4166,.F.);
#3504=ORIENTED_EDGE('',*,*,#3991,.T.);
#3505=ORIENTED_EDGE('',*,*,#4465,.F.);
#3506=ORIENTED_EDGE('',*,*,#4539,.T.);
#3507=ORIENTED_EDGE('',*,*,#4615,.F.);
#3508=ORIENTED_EDGE('',*,*,#4987,.F.);
#3509=ORIENTED_EDGE('',*,*,#4242,.F.);
#3510=ORIENTED_EDGE('',*,*,#4337,.F.);
#3511=ORIENTED_EDGE('',*,*,#4164,.F.);
#3512=ORIENTED_EDGE('',*,*,#4336,.F.);
#3513=ORIENTED_EDGE('',*,*,#4240,.F.);
#3514=ORIENTED_EDGE('',*,*,#4986,.T.);
#3515=ORIENTED_EDGE('',*,*,#4613,.F.);
#3516=ORIENTED_EDGE('',*,*,#4537,.T.);
#3517=ORIENTED_EDGE('',*,*,#4463,.F.);
#3518=ORIENTED_EDGE('',*,*,#3989,.T.);
#3519=ORIENTED_EDGE('',*,*,#4163,.F.);
#3520=ORIENTED_EDGE('',*,*,#3987,.T.);
#3521=ORIENTED_EDGE('',*,*,#4462,.F.);
#3522=ORIENTED_EDGE('',*,*,#4536,.T.);
#3523=ORIENTED_EDGE('',*,*,#4612,.F.);
#3524=ORIENTED_EDGE('',*,*,#4985,.F.);
#3525=ORIENTED_EDGE('',*,*,#4238,.F.);
#3526=ORIENTED_EDGE('',*,*,#4335,.F.);
#3527=ORIENTED_EDGE('',*,*,#4161,.F.);
#3528=ORIENTED_EDGE('',*,*,#4334,.F.);
#3529=ORIENTED_EDGE('',*,*,#4236,.F.);
#3530=ORIENTED_EDGE('',*,*,#4984,.T.);
#3531=ORIENTED_EDGE('',*,*,#4610,.F.);
#3532=ORIENTED_EDGE('',*,*,#4534,.T.);
#3533=ORIENTED_EDGE('',*,*,#4460,.F.);
#3534=ORIENTED_EDGE('',*,*,#3985,.T.);
#3535=ORIENTED_EDGE('',*,*,#4160,.F.);
#3536=ORIENTED_EDGE('',*,*,#3983,.T.);
#3537=ORIENTED_EDGE('',*,*,#4459,.F.);
#3538=ORIENTED_EDGE('',*,*,#4533,.T.);
#3539=ORIENTED_EDGE('',*,*,#4609,.F.);
#3540=ORIENTED_EDGE('',*,*,#4983,.F.);
#3541=ORIENTED_EDGE('',*,*,#4234,.F.);
#3542=ORIENTED_EDGE('',*,*,#4333,.F.);
#3543=ORIENTED_EDGE('',*,*,#4158,.F.);
#3544=ORIENTED_EDGE('',*,*,#3879,.T.);
#3545=ORIENTED_EDGE('',*,*,#3871,.T.);
#3546=ORIENTED_EDGE('',*,*,#3881,.T.);
#3547=ORIENTED_EDGE('',*,*,#3875,.T.);
#3548=EDGE_CURVE('',#5083,#5084,#6136,.T.);
#3549=EDGE_CURVE('',#5085,#5083,#6137,.T.);
#3550=EDGE_CURVE('',#5086,#5085,#6138,.T.);
#3551=EDGE_CURVE('',#5084,#5086,#6139,.T.);
#3552=EDGE_CURVE('',#5087,#5088,#6140,.T.);
#3553=EDGE_CURVE('',#5089,#5087,#6141,.T.);
#3554=EDGE_CURVE('',#5090,#5089,#6142,.T.);
#3555=EDGE_CURVE('',#5088,#5090,#6143,.T.);
#3556=EDGE_CURVE('',#5091,#5092,#6144,.T.);
#3557=EDGE_CURVE('',#5091,#5093,#6145,.T.);
#3558=EDGE_CURVE('',#5093,#5094,#6146,.T.);
#3559=EDGE_CURVE('',#5095,#5094,#6147,.T.);
#3560=EDGE_CURVE('',#5096,#5095,#6148,.T.);
#3561=EDGE_CURVE('',#5096,#5097,#6149,.T.);
#3562=EDGE_CURVE('',#5098,#5097,#6150,.T.);
#3563=EDGE_CURVE('',#5099,#5098,#6151,.T.);
#3564=EDGE_CURVE('',#5100,#5099,#6152,.T.);
#3565=EDGE_CURVE('',#5100,#5101,#6153,.T.);
#3566=EDGE_CURVE('',#5101,#5102,#6154,.T.);
#3567=EDGE_CURVE('',#5092,#5102,#6155,.T.);
#3568=EDGE_CURVE('',#5103,#5104,#6156,.T.);
#3569=EDGE_CURVE('',#5105,#5103,#6157,.T.);
#3570=EDGE_CURVE('',#5106,#5105,#6158,.T.);
#3571=EDGE_CURVE('',#5104,#5106,#6159,.T.);
#3572=EDGE_CURVE('',#5107,#5108,#6160,.T.);
#3573=EDGE_CURVE('',#5109,#5107,#6161,.T.);
#3574=EDGE_CURVE('',#5110,#5109,#6162,.T.);
#3575=EDGE_CURVE('',#5108,#5110,#6163,.T.);
#3576=EDGE_CURVE('',#5111,#5112,#6164,.T.);
#3577=EDGE_CURVE('',#5112,#5113,#6165,.T.);
#3578=EDGE_CURVE('',#5114,#5113,#6166,.T.);
#3579=EDGE_CURVE('',#5114,#5115,#6167,.T.);
#3580=EDGE_CURVE('',#5115,#5111,#6168,.T.);
#3581=EDGE_CURVE('',#5116,#5117,#6169,.T.);
#3582=EDGE_CURVE('',#5116,#5118,#6170,.T.);
#3583=EDGE_CURVE('',#5118,#5119,#6171,.T.);
#3584=EDGE_CURVE('',#5119,#5120,#6172,.T.);
#3585=EDGE_CURVE('',#5117,#5120,#6173,.T.);
#3586=EDGE_CURVE('',#5116,#5113,#6174,.T.);
#3587=EDGE_CURVE('',#5117,#5121,#6175,.T.);
#3588=EDGE_CURVE('',#5121,#5122,#6176,.T.);
#3589=EDGE_CURVE('',#5122,#5123,#6177,.T.);
#3590=EDGE_CURVE('',#5123,#5124,#6178,.T.);
#3591=EDGE_CURVE('',#5124,#5125,#6179,.T.);
#3592=EDGE_CURVE('',#5125,#5126,#6180,.T.);
#3593=EDGE_CURVE('',#5126,#5127,#6181,.T.);
#3594=EDGE_CURVE('',#5127,#5128,#6182,.T.);
#3595=EDGE_CURVE('',#5128,#5114,#6183,.T.);
#3596=EDGE_CURVE('',#5111,#5129,#6184,.T.);
#3597=EDGE_CURVE('',#5129,#5130,#6185,.T.);
#3598=EDGE_CURVE('',#5112,#5130,#6186,.T.);
#3599=EDGE_CURVE('',#5131,#5132,#6187,.T.);
#3600=EDGE_CURVE('',#5133,#5131,#6188,.T.);
#3601=EDGE_CURVE('',#5134,#5133,#6189,.T.);
#3602=EDGE_CURVE('',#5134,#5132,#6190,.T.);
#3603=EDGE_CURVE('',#5102,#5135,#6191,.T.);
#3604=EDGE_CURVE('',#5136,#5101,#6192,.T.);
#3605=EDGE_CURVE('',#5137,#5136,#6193,.T.);
#3606=EDGE_CURVE('',#5138,#5137,#6194,.T.);
#3607=EDGE_CURVE('',#5135,#5138,#6195,.T.);
#3608=EDGE_CURVE('',#5097,#5134,#6196,.T.);
#3609=EDGE_CURVE('',#5129,#5134,#6197,.T.);
#3610=EDGE_CURVE('',#5129,#5098,#6198,.T.);
#3611=EDGE_CURVE('',#5139,#5140,#6199,.T.);
#3612=EDGE_CURVE('',#5141,#5139,#6200,.T.);
#3613=EDGE_CURVE('',#5141,#5142,#6201,.T.);
#3614=EDGE_CURVE('',#5142,#5143,#6202,.T.);
#3615=EDGE_CURVE('',#5143,#5144,#6203,.T.);
#3616=EDGE_CURVE('',#5140,#5144,#6204,.T.);
#3617=EDGE_CURVE('',#5145,#5146,#6205,.T.);
#3618=EDGE_CURVE('',#5146,#5147,#6206,.T.);
#3619=EDGE_CURVE('',#5147,#5148,#6207,.T.);
#3620=EDGE_CURVE('',#5135,#5148,#6208,.T.);
#3621=EDGE_CURVE('',#5149,#5138,#6209,.T.);
#3622=EDGE_CURVE('',#5150,#5149,#6210,.T.);
#3623=EDGE_CURVE('',#5150,#5143,#6211,.T.);
#3624=EDGE_CURVE('',#5151,#5142,#6212,.T.);
#3625=EDGE_CURVE('',#5152,#5151,#6213,.T.);
#3626=EDGE_CURVE('',#5152,#5145,#6214,.T.);
#3627=EDGE_CURVE('',#5153,#5137,#6215,.T.);
#3628=EDGE_CURVE('',#5149,#5153,#6216,.T.);
#3629=EDGE_CURVE('',#5154,#5155,#6217,.T.);
#3630=EDGE_CURVE('',#5155,#5145,#6218,.T.);
#3631=EDGE_CURVE('',#5154,#5152,#6219,.T.);
#3632=EDGE_CURVE('',#5093,#5146,#6220,.T.);
#3633=EDGE_CURVE('',#5156,#5155,#6221,.T.);
#3634=EDGE_CURVE('',#5094,#5156,#6222,.T.);
#3635=EDGE_CURVE('',#5140,#5157,#6223,.T.);
#3636=EDGE_CURVE('',#5144,#5158,#6224,.T.);
#3637=EDGE_CURVE('',#5157,#5158,#6225,.T.);
#3638=EDGE_CURVE('',#5158,#5118,#6226,.T.);
#3639=EDGE_CURVE('',#5144,#5119,#6227,.T.);
#3640=EDGE_CURVE('',#5130,#5133,#6228,.T.);
#3641=EDGE_CURVE('',#5159,#5160,#6229,.T.);
#3642=EDGE_CURVE('',#5159,#5141,#6230,.T.);
#3643=EDGE_CURVE('',#5161,#5141,#6231,.T.);
#3644=EDGE_CURVE('',#5160,#5161,#6232,.T.);
#3645=EDGE_CURVE('',#5162,#5136,#6233,.T.);
#3646=EDGE_CURVE('',#5153,#5162,#6234,.T.);
#3647=EDGE_CURVE('',#5162,#5100,#6235,.T.);
#3648=EDGE_CURVE('',#5099,#5150,#6236,.T.);
#3649=EDGE_CURVE('',#5111,#5119,#6237,.T.);
#3650=EDGE_CURVE('',#5151,#5096,#6238,.T.);
#3651=EDGE_CURVE('',#5132,#5159,#6239,.T.);
#3652=EDGE_CURVE('',#5163,#5156,#6240,.T.);
#3653=EDGE_CURVE('',#5095,#5163,#6241,.T.);
#3654=EDGE_CURVE('',#5163,#5154,#6242,.T.);
#3655=EDGE_CURVE('',#5164,#5092,#6243,.T.);
#3656=EDGE_CURVE('',#5165,#5164,#6244,.T.);
#3657=EDGE_CURVE('',#5165,#5091,#6245,.T.);
#3658=EDGE_CURVE('',#5148,#5166,#6246,.T.);
#3659=EDGE_CURVE('',#5147,#5167,#6247,.T.);
#3660=EDGE_CURVE('',#5167,#5166,#6248,.T.);
#3661=EDGE_CURVE('',#5166,#5164,#6249,.T.);
#3662=EDGE_CURVE('',#5167,#5165,#6250,.T.);
#3663=EDGE_CURVE('',#5168,#5115,#6251,.T.);
#3664=EDGE_CURVE('',#5169,#5168,#6252,.T.);
#3665=EDGE_CURVE('',#5170,#5169,#6253,.T.);
#3666=EDGE_CURVE('',#5171,#5170,#6254,.T.);
#3667=EDGE_CURVE('',#5172,#5171,#6255,.T.);
#3668=EDGE_CURVE('',#5173,#5172,#6256,.T.);
#3669=EDGE_CURVE('',#5174,#5173,#6257,.T.);
#3670=EDGE_CURVE('',#5175,#5174,#6258,.T.);
#3671=EDGE_CURVE('',#5120,#5175,#6259,.T.);
#3672=EDGE_CURVE('',#5176,#5159,#6260,.T.);
#3673=EDGE_CURVE('',#5177,#5176,#6261,.T.);
#3674=EDGE_CURVE('',#5178,#5177,#6262,.T.);
#3675=EDGE_CURVE('',#5179,#5178,#6263,.T.);
#3676=EDGE_CURVE('',#5180,#5179,#6264,.T.);
#3677=EDGE_CURVE('',#5181,#5180,#6265,.T.);
#3678=EDGE_CURVE('',#5182,#5181,#6266,.T.);
#3679=EDGE_CURVE('',#5183,#5182,#6267,.T.);
#3680=EDGE_CURVE('',#5184,#5183,#6268,.T.);
#3681=EDGE_CURVE('',#5185,#5184,#6269,.T.);
#3682=EDGE_CURVE('',#5132,#5185,#6270,.T.);
#3683=EDGE_CURVE('',#5124,#5172,#6271,.T.);
#3684=EDGE_CURVE('',#5123,#5173,#6272,.T.);
#3685=EDGE_CURVE('',#5125,#5171,#6273,.T.);
#3686=EDGE_CURVE('',#5126,#5170,#6274,.T.);
#3687=EDGE_CURVE('',#5127,#5169,#6275,.T.);
#3688=EDGE_CURVE('',#5128,#5168,#6276,.T.);
#3689=EDGE_CURVE('',#5186,#5187,#6277,.T.);
#3690=EDGE_CURVE('',#5186,#5131,#6278,.T.);
#3691=EDGE_CURVE('',#5187,#5185,#6279,.T.);
#3692=EDGE_CURVE('',#5188,#5184,#6280,.T.);
#3693=EDGE_CURVE('',#5187,#5188,#6281,.T.);
#3694=EDGE_CURVE('',#5189,#5183,#6282,.T.);
#3695=EDGE_CURVE('',#5188,#5189,#6283,.T.);
#3696=EDGE_CURVE('',#5190,#5182,#6284,.T.);
#3697=EDGE_CURVE('',#5189,#5190,#6285,.T.);
#3698=EDGE_CURVE('',#5191,#5181,#6286,.T.);
#3699=EDGE_CURVE('',#5190,#5191,#6287,.T.);
#3700=EDGE_CURVE('',#5192,#5180,#6288,.T.);
#3701=EDGE_CURVE('',#5191,#5192,#6289,.T.);
#3702=EDGE_CURVE('',#5193,#5179,#6290,.T.);
#3703=EDGE_CURVE('',#5192,#5193,#6291,.T.);
#3704=EDGE_CURVE('',#5194,#5178,#6292,.T.);
#3705=EDGE_CURVE('',#5193,#5194,#6293,.T.);
#3706=EDGE_CURVE('',#5195,#5177,#6294,.T.);
#3707=EDGE_CURVE('',#5194,#5195,#6295,.T.);
#3708=EDGE_CURVE('',#5196,#5176,#6296,.T.);
#3709=EDGE_CURVE('',#5195,#5196,#6297,.T.);
#3710=EDGE_CURVE('',#5160,#5197,#6298,.T.);
#3711=EDGE_CURVE('',#5196,#5197,#6299,.T.);
#3712=EDGE_CURVE('',#5121,#5175,#6300,.T.);
#3713=EDGE_CURVE('',#5122,#5174,#6301,.T.);
#3714=EDGE_CURVE('',#5186,#5197,#6302,.T.);
#3715=EDGE_CURVE('',#5198,#5199,#6303,.T.);
#3716=EDGE_CURVE('',#5198,#5157,#6304,.T.);
#3717=EDGE_CURVE('',#5199,#5158,#6305,.T.);
#3718=EDGE_CURVE('',#5200,#5130,#6306,.T.);
#3719=EDGE_CURVE('',#5199,#5200,#6307,.T.);
#3720=EDGE_CURVE('',#5201,#5133,#6308,.T.);
#3721=EDGE_CURVE('',#5200,#5201,#6309,.T.);
#3722=EDGE_CURVE('',#5202,#5161,#6310,.T.);
#3723=EDGE_CURVE('',#5201,#5202,#6311,.T.);
#3724=EDGE_CURVE('',#5203,#5202,#6312,.T.);
#3725=EDGE_CURVE('',#5203,#5198,#6313,.T.);
#3726=EDGE_CURVE('',#5139,#5203,#6314,.T.);
#3727=EDGE_CURVE('',#5204,#5088,#6315,.T.);
#3728=EDGE_CURVE('',#5205,#5204,#6316,.T.);
#3729=EDGE_CURVE('',#5205,#5087,#6317,.T.);
#3730=EDGE_CURVE('',#5206,#5090,#6318,.T.);
#3731=EDGE_CURVE('',#5204,#5206,#6319,.T.);
#3732=EDGE_CURVE('',#5207,#5089,#6320,.T.);
#3733=EDGE_CURVE('',#5206,#5207,#6321,.T.);
#3734=EDGE_CURVE('',#5207,#5205,#6322,.T.);
#3735=EDGE_CURVE('',#5208,#5104,#6323,.T.);
#3736=EDGE_CURVE('',#5209,#5208,#6324,.T.);
#3737=EDGE_CURVE('',#5209,#5103,#6325,.T.);
#3738=EDGE_CURVE('',#5210,#5106,#6326,.T.);
#3739=EDGE_CURVE('',#5208,#5210,#6327,.T.);
#3740=EDGE_CURVE('',#5211,#5105,#6328,.T.);
#3741=EDGE_CURVE('',#5210,#5211,#6329,.T.);
#3742=EDGE_CURVE('',#5211,#5209,#6330,.T.);
#3743=EDGE_CURVE('',#5212,#5084,#6331,.T.);
#3744=EDGE_CURVE('',#5213,#5212,#6332,.T.);
#3745=EDGE_CURVE('',#5213,#5083,#6333,.T.);
#3746=EDGE_CURVE('',#5214,#5086,#6334,.T.);
#3747=EDGE_CURVE('',#5212,#5214,#6335,.T.);
#3748=EDGE_CURVE('',#5215,#5085,#6336,.T.);
#3749=EDGE_CURVE('',#5214,#5215,#6337,.T.);
#3750=EDGE_CURVE('',#5215,#5213,#6338,.T.);
#3751=EDGE_CURVE('',#5216,#5108,#6339,.T.);
#3752=EDGE_CURVE('',#5217,#5216,#6340,.T.);
#3753=EDGE_CURVE('',#5217,#5107,#6341,.T.);
#3754=EDGE_CURVE('',#5218,#5110,#6342,.T.);
#3755=EDGE_CURVE('',#5216,#5218,#6343,.T.);
#3756=EDGE_CURVE('',#5219,#5109,#6344,.T.);
#3757=EDGE_CURVE('',#5218,#5219,#6345,.T.);
#3758=EDGE_CURVE('',#5219,#5217,#6346,.T.);
#3759=EDGE_CURVE('',#5220,#5221,#6347,.T.);
#3760=EDGE_CURVE('',#5222,#5220,#6348,.T.);
#3761=EDGE_CURVE('',#5223,#5222,#6349,.T.);
#3762=EDGE_CURVE('',#5223,#5221,#6350,.T.);
#3763=EDGE_CURVE('',#5224,#5225,#6351,.T.);
#3764=EDGE_CURVE('',#5226,#5224,#6352,.T.);
#3765=EDGE_CURVE('',#5227,#5226,#6353,.T.);
#3766=EDGE_CURVE('',#5227,#5225,#6354,.T.);
#3767=EDGE_CURVE('',#5221,#5224,#6355,.T.);
#3768=EDGE_CURVE('',#5226,#5223,#6356,.T.);
#3769=EDGE_CURVE('',#5225,#5220,#6357,.T.);
#3770=EDGE_CURVE('',#5222,#5227,#6358,.T.);
#3771=EDGE_CURVE('',#5228,#5228,#160,.T.);
#3772=EDGE_CURVE('',#5229,#5229,#161,.T.);
#3773=EDGE_CURVE('',#5230,#5230,#162,.T.);
#3774=EDGE_CURVE('',#5231,#5231,#163,.T.);
#3775=EDGE_CURVE('',#5232,#5232,#164,.T.);
#3776=EDGE_CURVE('',#5233,#5233,#165,.T.);
#3777=EDGE_CURVE('',#5234,#5234,#166,.T.);
#3778=EDGE_CURVE('',#5235,#5235,#167,.T.);
#3779=EDGE_CURVE('',#5236,#5236,#168,.T.);
#3780=EDGE_CURVE('',#5237,#5237,#169,.T.);
#3781=EDGE_CURVE('',#5238,#5238,#170,.T.);
#3782=EDGE_CURVE('',#5239,#5239,#171,.T.);
#3783=EDGE_CURVE('',#5240,#5240,#172,.T.);
#3784=EDGE_CURVE('',#5241,#5241,#173,.T.);
#3785=EDGE_CURVE('',#5242,#5242,#174,.T.);
#3786=EDGE_CURVE('',#5243,#5243,#175,.T.);
#3787=EDGE_CURVE('',#5244,#5244,#176,.T.);
#3788=EDGE_CURVE('',#5245,#5245,#177,.T.);
#3789=EDGE_CURVE('',#5246,#5246,#178,.T.);
#3790=EDGE_CURVE('',#5247,#5247,#179,.T.);
#3791=EDGE_CURVE('',#5248,#5248,#180,.T.);
#3792=EDGE_CURVE('',#5249,#5249,#181,.T.);
#3793=EDGE_CURVE('',#5250,#5250,#182,.T.);
#3794=EDGE_CURVE('',#5251,#5251,#183,.T.);
#3795=EDGE_CURVE('',#5252,#5252,#184,.T.);
#3796=EDGE_CURVE('',#5253,#5253,#185,.T.);
#3797=EDGE_CURVE('',#5254,#5254,#186,.T.);
#3798=EDGE_CURVE('',#5255,#5255,#187,.T.);
#3799=EDGE_CURVE('',#5256,#5256,#188,.T.);
#3800=EDGE_CURVE('',#5257,#5257,#189,.T.);
#3801=EDGE_CURVE('',#5258,#5258,#190,.T.);
#3802=EDGE_CURVE('',#5259,#5259,#191,.T.);
#3803=EDGE_CURVE('',#5260,#5260,#192,.T.);
#3804=EDGE_CURVE('',#5261,#5261,#193,.T.);
#3805=EDGE_CURVE('',#5262,#5262,#194,.T.);
#3806=EDGE_CURVE('',#5263,#5263,#195,.T.);
#3807=EDGE_CURVE('',#5264,#5264,#196,.T.);
#3808=EDGE_CURVE('',#5265,#5265,#197,.T.);
#3809=EDGE_CURVE('',#5266,#5266,#198,.T.);
#3810=EDGE_CURVE('',#5267,#5267,#199,.T.);
#3811=EDGE_CURVE('',#5268,#5268,#200,.T.);
#3812=EDGE_CURVE('',#5269,#5269,#201,.T.);
#3813=EDGE_CURVE('',#5270,#5270,#202,.T.);
#3814=EDGE_CURVE('',#5271,#5271,#203,.T.);
#3815=EDGE_CURVE('',#5272,#5272,#204,.T.);
#3816=EDGE_CURVE('',#5273,#5273,#205,.T.);
#3817=EDGE_CURVE('',#5274,#5274,#206,.T.);
#3818=EDGE_CURVE('',#5275,#5275,#207,.T.);
#3819=EDGE_CURVE('',#5276,#5276,#208,.T.);
#3820=EDGE_CURVE('',#5277,#5277,#209,.T.);
#3821=EDGE_CURVE('',#5278,#5278,#210,.F.);
#3822=EDGE_CURVE('',#5279,#5279,#211,.F.);
#3823=EDGE_CURVE('',#5280,#5280,#212,.F.);
#3824=EDGE_CURVE('',#5281,#5281,#213,.F.);
#3825=EDGE_CURVE('',#5282,#5282,#214,.F.);
#3826=EDGE_CURVE('',#5283,#5283,#215,.F.);
#3827=EDGE_CURVE('',#5284,#5284,#216,.F.);
#3828=EDGE_CURVE('',#5285,#5285,#217,.F.);
#3829=EDGE_CURVE('',#5286,#5286,#218,.F.);
#3830=EDGE_CURVE('',#5287,#5287,#219,.F.);
#3831=EDGE_CURVE('',#5288,#5288,#220,.F.);
#3832=EDGE_CURVE('',#5289,#5289,#221,.F.);
#3833=EDGE_CURVE('',#5290,#5290,#222,.F.);
#3834=EDGE_CURVE('',#5291,#5291,#223,.F.);
#3835=EDGE_CURVE('',#5292,#5292,#224,.F.);
#3836=EDGE_CURVE('',#5293,#5293,#225,.F.);
#3837=EDGE_CURVE('',#5294,#5294,#226,.F.);
#3838=EDGE_CURVE('',#5295,#5295,#227,.F.);
#3839=EDGE_CURVE('',#5296,#5296,#228,.F.);
#3840=EDGE_CURVE('',#5297,#5297,#229,.F.);
#3841=EDGE_CURVE('',#5298,#5298,#230,.F.);
#3842=EDGE_CURVE('',#5299,#5299,#231,.F.);
#3843=EDGE_CURVE('',#5300,#5300,#232,.F.);
#3844=EDGE_CURVE('',#5301,#5301,#233,.F.);
#3845=EDGE_CURVE('',#5302,#5302,#234,.F.);
#3846=EDGE_CURVE('',#5303,#5303,#235,.F.);
#3847=EDGE_CURVE('',#5304,#5304,#236,.F.);
#3848=EDGE_CURVE('',#5305,#5305,#237,.F.);
#3849=EDGE_CURVE('',#5306,#5306,#238,.F.);
#3850=EDGE_CURVE('',#5307,#5307,#239,.F.);
#3851=EDGE_CURVE('',#5308,#5308,#240,.F.);
#3852=EDGE_CURVE('',#5309,#5309,#241,.F.);
#3853=EDGE_CURVE('',#5310,#5310,#242,.F.);
#3854=EDGE_CURVE('',#5311,#5311,#243,.F.);
#3855=EDGE_CURVE('',#5312,#5312,#244,.F.);
#3856=EDGE_CURVE('',#5313,#5313,#245,.F.);
#3857=EDGE_CURVE('',#5314,#5314,#246,.F.);
#3858=EDGE_CURVE('',#5315,#5315,#247,.F.);
#3859=EDGE_CURVE('',#5316,#5316,#248,.F.);
#3860=EDGE_CURVE('',#5317,#5317,#249,.F.);
#3861=EDGE_CURVE('',#5318,#5318,#250,.F.);
#3862=EDGE_CURVE('',#5319,#5319,#251,.F.);
#3863=EDGE_CURVE('',#5320,#5320,#252,.F.);
#3864=EDGE_CURVE('',#5321,#5321,#253,.F.);
#3865=EDGE_CURVE('',#5322,#5322,#254,.F.);
#3866=EDGE_CURVE('',#5323,#5323,#255,.F.);
#3867=EDGE_CURVE('',#5324,#5324,#256,.F.);
#3868=EDGE_CURVE('',#5325,#5325,#257,.F.);
#3869=EDGE_CURVE('',#5326,#5326,#258,.F.);
#3870=EDGE_CURVE('',#5327,#5327,#259,.F.);
#3871=EDGE_CURVE('',#5328,#5329,#6359,.T.);
#3872=EDGE_CURVE('',#5328,#5330,#6360,.T.);
#3873=EDGE_CURVE('',#5330,#5331,#6361,.T.);
#3874=EDGE_CURVE('',#5329,#5331,#6362,.T.);
#3875=EDGE_CURVE('',#5332,#5333,#6363,.T.);
#3876=EDGE_CURVE('',#5332,#5334,#6364,.T.);
#3877=EDGE_CURVE('',#5335,#5334,#6365,.T.);
#3878=EDGE_CURVE('',#5333,#5335,#6366,.T.);
#3879=EDGE_CURVE('',#5333,#5328,#6367,.T.);
#3880=EDGE_CURVE('',#5330,#5335,#6368,.T.);
#3881=EDGE_CURVE('',#5329,#5332,#6369,.T.);
#3882=EDGE_CURVE('',#5334,#5331,#6370,.T.);
#3883=EDGE_CURVE('',#5336,#5337,#6371,.T.);
#3884=EDGE_CURVE('',#5336,#5338,#6372,.T.);
#3885=EDGE_CURVE('',#5339,#5338,#6373,.T.);
#3886=EDGE_CURVE('',#5339,#5337,#6374,.T.);
#3887=EDGE_CURVE('',#5340,#5341,#6375,.T.);
#3888=EDGE_CURVE('',#5340,#5342,#6376,.T.);
#3889=EDGE_CURVE('',#5343,#5342,#6377,.T.);
#3890=EDGE_CURVE('',#5343,#5341,#6378,.T.);
#3891=EDGE_CURVE('',#5344,#5345,#6379,.T.);
#3892=EDGE_CURVE('',#5344,#5346,#6380,.T.);
#3893=EDGE_CURVE('',#5347,#5346,#6381,.T.);
#3894=EDGE_CURVE('',#5347,#5345,#6382,.T.);
#3895=EDGE_CURVE('',#5348,#5349,#6383,.T.);
#3896=EDGE_CURVE('',#5348,#5350,#6384,.T.);
#3897=EDGE_CURVE('',#5351,#5350,#6385,.T.);
#3898=EDGE_CURVE('',#5351,#5349,#6386,.T.);
#3899=EDGE_CURVE('',#5352,#5353,#6387,.T.);
#3900=EDGE_CURVE('',#5352,#5354,#6388,.T.);
#3901=EDGE_CURVE('',#5355,#5354,#6389,.T.);
#3902=EDGE_CURVE('',#5355,#5353,#6390,.T.);
#3903=EDGE_CURVE('',#5356,#5357,#6391,.T.);
#3904=EDGE_CURVE('',#5356,#5358,#6392,.T.);
#3905=EDGE_CURVE('',#5359,#5358,#6393,.T.);
#3906=EDGE_CURVE('',#5359,#5357,#6394,.T.);
#3907=EDGE_CURVE('',#5360,#5361,#6395,.T.);
#3908=EDGE_CURVE('',#5360,#5362,#6396,.T.);
#3909=EDGE_CURVE('',#5363,#5362,#6397,.T.);
#3910=EDGE_CURVE('',#5363,#5361,#6398,.T.);
#3911=EDGE_CURVE('',#5364,#5365,#6399,.T.);
#3912=EDGE_CURVE('',#5364,#5366,#6400,.T.);
#3913=EDGE_CURVE('',#5367,#5366,#6401,.T.);
#3914=EDGE_CURVE('',#5367,#5365,#6402,.T.);
#3915=EDGE_CURVE('',#5368,#5369,#6403,.T.);
#3916=EDGE_CURVE('',#5368,#5370,#6404,.T.);
#3917=EDGE_CURVE('',#5371,#5370,#6405,.T.);
#3918=EDGE_CURVE('',#5371,#5369,#6406,.T.);
#3919=EDGE_CURVE('',#5372,#5373,#6407,.T.);
#3920=EDGE_CURVE('',#5372,#5374,#6408,.T.);
#3921=EDGE_CURVE('',#5375,#5374,#6409,.T.);
#3922=EDGE_CURVE('',#5375,#5373,#6410,.T.);
#3923=EDGE_CURVE('',#5376,#5377,#6411,.T.);
#3924=EDGE_CURVE('',#5376,#5378,#6412,.T.);
#3925=EDGE_CURVE('',#5379,#5378,#6413,.T.);
#3926=EDGE_CURVE('',#5379,#5377,#6414,.T.);
#3927=EDGE_CURVE('',#5380,#5381,#6415,.T.);
#3928=EDGE_CURVE('',#5380,#5382,#6416,.T.);
#3929=EDGE_CURVE('',#5383,#5382,#6417,.T.);
#3930=EDGE_CURVE('',#5383,#5381,#6418,.T.);
#3931=EDGE_CURVE('',#5384,#5385,#6419,.T.);
#3932=EDGE_CURVE('',#5384,#5386,#6420,.T.);
#3933=EDGE_CURVE('',#5387,#5386,#6421,.T.);
#3934=EDGE_CURVE('',#5387,#5385,#6422,.T.);
#3935=EDGE_CURVE('',#5388,#5389,#6423,.T.);
#3936=EDGE_CURVE('',#5388,#5390,#6424,.T.);
#3937=EDGE_CURVE('',#5391,#5390,#6425,.T.);
#3938=EDGE_CURVE('',#5391,#5389,#6426,.T.);
#3939=EDGE_CURVE('',#5392,#5393,#6427,.T.);
#3940=EDGE_CURVE('',#5392,#5394,#6428,.T.);
#3941=EDGE_CURVE('',#5395,#5394,#6429,.T.);
#3942=EDGE_CURVE('',#5395,#5393,#6430,.T.);
#3943=EDGE_CURVE('',#5396,#5397,#6431,.T.);
#3944=EDGE_CURVE('',#5396,#5398,#6432,.T.);
#3945=EDGE_CURVE('',#5399,#5398,#6433,.T.);
#3946=EDGE_CURVE('',#5399,#5397,#6434,.T.);
#3947=EDGE_CURVE('',#5400,#5401,#6435,.T.);
#3948=EDGE_CURVE('',#5400,#5402,#6436,.T.);
#3949=EDGE_CURVE('',#5403,#5402,#6437,.T.);
#3950=EDGE_CURVE('',#5403,#5401,#6438,.T.);
#3951=EDGE_CURVE('',#5404,#5405,#6439,.T.);
#3952=EDGE_CURVE('',#5404,#5406,#6440,.T.);
#3953=EDGE_CURVE('',#5407,#5406,#6441,.T.);
#3954=EDGE_CURVE('',#5407,#5405,#6442,.T.);
#3955=EDGE_CURVE('',#5408,#5409,#6443,.T.);
#3956=EDGE_CURVE('',#5408,#5410,#6444,.T.);
#3957=EDGE_CURVE('',#5411,#5410,#6445,.T.);
#3958=EDGE_CURVE('',#5411,#5409,#6446,.T.);
#3959=EDGE_CURVE('',#5412,#5413,#6447,.T.);
#3960=EDGE_CURVE('',#5412,#5414,#6448,.T.);
#3961=EDGE_CURVE('',#5415,#5414,#6449,.T.);
#3962=EDGE_CURVE('',#5415,#5413,#6450,.T.);
#3963=EDGE_CURVE('',#5416,#5417,#6451,.T.);
#3964=EDGE_CURVE('',#5416,#5418,#6452,.T.);
#3965=EDGE_CURVE('',#5419,#5418,#6453,.T.);
#3966=EDGE_CURVE('',#5419,#5417,#6454,.T.);
#3967=EDGE_CURVE('',#5420,#5421,#6455,.T.);
#3968=EDGE_CURVE('',#5420,#5422,#6456,.T.);
#3969=EDGE_CURVE('',#5423,#5422,#6457,.T.);
#3970=EDGE_CURVE('',#5423,#5421,#6458,.T.);
#3971=EDGE_CURVE('',#5424,#5425,#6459,.T.);
#3972=EDGE_CURVE('',#5424,#5426,#6460,.T.);
#3973=EDGE_CURVE('',#5427,#5426,#6461,.T.);
#3974=EDGE_CURVE('',#5427,#5425,#6462,.T.);
#3975=EDGE_CURVE('',#5428,#5429,#6463,.T.);
#3976=EDGE_CURVE('',#5428,#5430,#6464,.T.);
#3977=EDGE_CURVE('',#5431,#5430,#6465,.T.);
#3978=EDGE_CURVE('',#5431,#5429,#6466,.T.);
#3979=EDGE_CURVE('',#5432,#5433,#6467,.T.);
#3980=EDGE_CURVE('',#5432,#5434,#6468,.T.);
#3981=EDGE_CURVE('',#5435,#5434,#6469,.T.);
#3982=EDGE_CURVE('',#5435,#5433,#6470,.T.);
#3983=EDGE_CURVE('',#5436,#5437,#6471,.T.);
#3984=EDGE_CURVE('',#5436,#5438,#6472,.T.);
#3985=EDGE_CURVE('',#5439,#5438,#6473,.T.);
#3986=EDGE_CURVE('',#5437,#5439,#6474,.T.);
#3987=EDGE_CURVE('',#5440,#5441,#6475,.T.);
#3988=EDGE_CURVE('',#5440,#5442,#6476,.T.);
#3989=EDGE_CURVE('',#5443,#5442,#6477,.T.);
#3990=EDGE_CURVE('',#5441,#5443,#6478,.T.);
#3991=EDGE_CURVE('',#5444,#5445,#6479,.T.);
#3992=EDGE_CURVE('',#5444,#5446,#6480,.T.);
#3993=EDGE_CURVE('',#5447,#5446,#6481,.T.);
#3994=EDGE_CURVE('',#5445,#5447,#6482,.T.);
#3995=EDGE_CURVE('',#5448,#5449,#6483,.T.);
#3996=EDGE_CURVE('',#5448,#5450,#6484,.T.);
#3997=EDGE_CURVE('',#5451,#5450,#6485,.T.);
#3998=EDGE_CURVE('',#5449,#5451,#6486,.T.);
#3999=EDGE_CURVE('',#5452,#5453,#6487,.T.);
#4000=EDGE_CURVE('',#5452,#5454,#6488,.T.);
#4001=EDGE_CURVE('',#5455,#5454,#6489,.T.);
#4002=EDGE_CURVE('',#5453,#5455,#6490,.T.);
#4003=EDGE_CURVE('',#5456,#5457,#6491,.T.);
#4004=EDGE_CURVE('',#5456,#5458,#6492,.T.);
#4005=EDGE_CURVE('',#5459,#5458,#6493,.T.);
#4006=EDGE_CURVE('',#5457,#5459,#6494,.T.);
#4007=EDGE_CURVE('',#5460,#5461,#6495,.T.);
#4008=EDGE_CURVE('',#5460,#5462,#6496,.T.);
#4009=EDGE_CURVE('',#5463,#5462,#6497,.T.);
#4010=EDGE_CURVE('',#5461,#5463,#6498,.T.);
#4011=EDGE_CURVE('',#5464,#5465,#6499,.T.);
#4012=EDGE_CURVE('',#5464,#5466,#6500,.T.);
#4013=EDGE_CURVE('',#5467,#5466,#6501,.T.);
#4014=EDGE_CURVE('',#5465,#5467,#6502,.T.);
#4015=EDGE_CURVE('',#5468,#5469,#6503,.T.);
#4016=EDGE_CURVE('',#5468,#5470,#6504,.T.);
#4017=EDGE_CURVE('',#5471,#5470,#6505,.T.);
#4018=EDGE_CURVE('',#5469,#5471,#6506,.T.);
#4019=EDGE_CURVE('',#5472,#5473,#6507,.T.);
#4020=EDGE_CURVE('',#5472,#5474,#6508,.T.);
#4021=EDGE_CURVE('',#5475,#5474,#6509,.T.);
#4022=EDGE_CURVE('',#5473,#5475,#6510,.T.);
#4023=EDGE_CURVE('',#5476,#5477,#6511,.T.);
#4024=EDGE_CURVE('',#5476,#5478,#6512,.T.);
#4025=EDGE_CURVE('',#5479,#5478,#6513,.T.);
#4026=EDGE_CURVE('',#5477,#5479,#6514,.T.);
#4027=EDGE_CURVE('',#5480,#5481,#6515,.T.);
#4028=EDGE_CURVE('',#5480,#5482,#6516,.T.);
#4029=EDGE_CURVE('',#5483,#5482,#6517,.T.);
#4030=EDGE_CURVE('',#5481,#5483,#6518,.T.);
#4031=EDGE_CURVE('',#5484,#5485,#6519,.T.);
#4032=EDGE_CURVE('',#5484,#5486,#6520,.T.);
#4033=EDGE_CURVE('',#5487,#5486,#6521,.T.);
#4034=EDGE_CURVE('',#5485,#5487,#6522,.T.);
#4035=EDGE_CURVE('',#5488,#5489,#6523,.T.);
#4036=EDGE_CURVE('',#5488,#5490,#6524,.T.);
#4037=EDGE_CURVE('',#5491,#5490,#6525,.T.);
#4038=EDGE_CURVE('',#5489,#5491,#6526,.T.);
#4039=EDGE_CURVE('',#5492,#5493,#6527,.T.);
#4040=EDGE_CURVE('',#5492,#5494,#6528,.T.);
#4041=EDGE_CURVE('',#5495,#5494,#6529,.T.);
#4042=EDGE_CURVE('',#5493,#5495,#6530,.T.);
#4043=EDGE_CURVE('',#5496,#5497,#6531,.T.);
#4044=EDGE_CURVE('',#5496,#5498,#6532,.T.);
#4045=EDGE_CURVE('',#5499,#5498,#6533,.T.);
#4046=EDGE_CURVE('',#5497,#5499,#6534,.T.);
#4047=EDGE_CURVE('',#5500,#5501,#6535,.T.);
#4048=EDGE_CURVE('',#5500,#5502,#6536,.T.);
#4049=EDGE_CURVE('',#5503,#5502,#6537,.T.);
#4050=EDGE_CURVE('',#5501,#5503,#6538,.T.);
#4051=EDGE_CURVE('',#5504,#5505,#6539,.T.);
#4052=EDGE_CURVE('',#5504,#5506,#6540,.T.);
#4053=EDGE_CURVE('',#5507,#5506,#6541,.T.);
#4054=EDGE_CURVE('',#5505,#5507,#6542,.T.);
#4055=EDGE_CURVE('',#5508,#5509,#6543,.T.);
#4056=EDGE_CURVE('',#5508,#5510,#6544,.T.);
#4057=EDGE_CURVE('',#5511,#5510,#6545,.T.);
#4058=EDGE_CURVE('',#5509,#5511,#6546,.T.);
#4059=EDGE_CURVE('',#5512,#5513,#6547,.T.);
#4060=EDGE_CURVE('',#5512,#5514,#6548,.T.);
#4061=EDGE_CURVE('',#5515,#5514,#6549,.T.);
#4062=EDGE_CURVE('',#5513,#5515,#6550,.T.);
#4063=EDGE_CURVE('',#5516,#5517,#6551,.T.);
#4064=EDGE_CURVE('',#5516,#5518,#6552,.T.);
#4065=EDGE_CURVE('',#5519,#5518,#6553,.T.);
#4066=EDGE_CURVE('',#5517,#5519,#6554,.T.);
#4067=EDGE_CURVE('',#5520,#5521,#6555,.T.);
#4068=EDGE_CURVE('',#5520,#5522,#6556,.T.);
#4069=EDGE_CURVE('',#5523,#5522,#6557,.T.);
#4070=EDGE_CURVE('',#5521,#5523,#6558,.T.);
#4071=EDGE_CURVE('',#5524,#5525,#6559,.T.);
#4072=EDGE_CURVE('',#5524,#5526,#6560,.T.);
#4073=EDGE_CURVE('',#5527,#5526,#6561,.T.);
#4074=EDGE_CURVE('',#5525,#5527,#6562,.T.);
#4075=EDGE_CURVE('',#5528,#5529,#6563,.T.);
#4076=EDGE_CURVE('',#5528,#5530,#6564,.T.);
#4077=EDGE_CURVE('',#5531,#5530,#6565,.T.);
#4078=EDGE_CURVE('',#5529,#5531,#6566,.T.);
#4079=EDGE_CURVE('',#5532,#5533,#6567,.T.);
#4080=EDGE_CURVE('',#5532,#5534,#6568,.T.);
#4081=EDGE_CURVE('',#5535,#5534,#6569,.T.);
#4082=EDGE_CURVE('',#5533,#5535,#6570,.T.);
#4083=EDGE_CURVE('',#5337,#5536,#6571,.T.);
#4084=EDGE_CURVE('',#5339,#5537,#6572,.T.);
#4085=EDGE_CURVE('',#5536,#5537,#6573,.T.);
#4086=EDGE_CURVE('',#5341,#5538,#6574,.T.);
#4087=EDGE_CURVE('',#5343,#5539,#6575,.T.);
#4088=EDGE_CURVE('',#5538,#5539,#6576,.T.);
#4089=EDGE_CURVE('',#5345,#5540,#6577,.T.);
#4090=EDGE_CURVE('',#5347,#5541,#6578,.T.);
#4091=EDGE_CURVE('',#5540,#5541,#6579,.T.);
#4092=EDGE_CURVE('',#5349,#5542,#6580,.T.);
#4093=EDGE_CURVE('',#5351,#5543,#6581,.T.);
#4094=EDGE_CURVE('',#5542,#5543,#6582,.T.);
#4095=EDGE_CURVE('',#5353,#5544,#6583,.T.);
#4096=EDGE_CURVE('',#5355,#5545,#6584,.T.);
#4097=EDGE_CURVE('',#5544,#5545,#6585,.T.);
#4098=EDGE_CURVE('',#5357,#5546,#6586,.T.);
#4099=EDGE_CURVE('',#5359,#5547,#6587,.T.);
#4100=EDGE_CURVE('',#5546,#5547,#6588,.T.);
#4101=EDGE_CURVE('',#5361,#5548,#6589,.T.);
#4102=EDGE_CURVE('',#5363,#5549,#6590,.T.);
#4103=EDGE_CURVE('',#5548,#5549,#6591,.T.);
#4104=EDGE_CURVE('',#5365,#5550,#6592,.T.);
#4105=EDGE_CURVE('',#5367,#5551,#6593,.T.);
#4106=EDGE_CURVE('',#5550,#5551,#6594,.T.);
#4107=EDGE_CURVE('',#5369,#5552,#6595,.T.);
#4108=EDGE_CURVE('',#5371,#5553,#6596,.T.);
#4109=EDGE_CURVE('',#5552,#5553,#6597,.T.);
#4110=EDGE_CURVE('',#5373,#5554,#6598,.T.);
#4111=EDGE_CURVE('',#5375,#5555,#6599,.T.);
#4112=EDGE_CURVE('',#5554,#5555,#6600,.T.);
#4113=EDGE_CURVE('',#5377,#5556,#6601,.T.);
#4114=EDGE_CURVE('',#5379,#5557,#6602,.T.);
#4115=EDGE_CURVE('',#5556,#5557,#6603,.T.);
#4116=EDGE_CURVE('',#5381,#5558,#6604,.T.);
#4117=EDGE_CURVE('',#5383,#5559,#6605,.T.);
#4118=EDGE_CURVE('',#5558,#5559,#6606,.T.);
#4119=EDGE_CURVE('',#5385,#5560,#6607,.T.);
#4120=EDGE_CURVE('',#5387,#5561,#6608,.T.);
#4121=EDGE_CURVE('',#5560,#5561,#6609,.T.);
#4122=EDGE_CURVE('',#5389,#5562,#6610,.T.);
#4123=EDGE_CURVE('',#5391,#5563,#6611,.T.);
#4124=EDGE_CURVE('',#5562,#5563,#6612,.T.);
#4125=EDGE_CURVE('',#5393,#5564,#6613,.T.);
#4126=EDGE_CURVE('',#5395,#5565,#6614,.T.);
#4127=EDGE_CURVE('',#5564,#5565,#6615,.T.);
#4128=EDGE_CURVE('',#5397,#5566,#6616,.T.);
#4129=EDGE_CURVE('',#5399,#5567,#6617,.T.);
#4130=EDGE_CURVE('',#5566,#5567,#6618,.T.);
#4131=EDGE_CURVE('',#5401,#5568,#6619,.T.);
#4132=EDGE_CURVE('',#5403,#5569,#6620,.T.);
#4133=EDGE_CURVE('',#5568,#5569,#6621,.T.);
#4134=EDGE_CURVE('',#5405,#5570,#6622,.T.);
#4135=EDGE_CURVE('',#5407,#5571,#6623,.T.);
#4136=EDGE_CURVE('',#5570,#5571,#6624,.T.);
#4137=EDGE_CURVE('',#5409,#5572,#6625,.T.);
#4138=EDGE_CURVE('',#5411,#5573,#6626,.T.);
#4139=EDGE_CURVE('',#5572,#5573,#6627,.T.);
#4140=EDGE_CURVE('',#5413,#5574,#6628,.T.);
#4141=EDGE_CURVE('',#5415,#5575,#6629,.T.);
#4142=EDGE_CURVE('',#5574,#5575,#6630,.T.);
#4143=EDGE_CURVE('',#5417,#5576,#6631,.T.);
#4144=EDGE_CURVE('',#5419,#5577,#6632,.T.);
#4145=EDGE_CURVE('',#5576,#5577,#6633,.T.);
#4146=EDGE_CURVE('',#5421,#5578,#6634,.T.);
#4147=EDGE_CURVE('',#5423,#5579,#6635,.T.);
#4148=EDGE_CURVE('',#5578,#5579,#6636,.T.);
#4149=EDGE_CURVE('',#5425,#5580,#6637,.T.);
#4150=EDGE_CURVE('',#5427,#5581,#6638,.T.);
#4151=EDGE_CURVE('',#5580,#5581,#6639,.T.);
#4152=EDGE_CURVE('',#5429,#5582,#6640,.T.);
#4153=EDGE_CURVE('',#5431,#5583,#6641,.T.);
#4154=EDGE_CURVE('',#5582,#5583,#6642,.T.);
#4155=EDGE_CURVE('',#5433,#5584,#6643,.T.);
#4156=EDGE_CURVE('',#5435,#5585,#6644,.T.);
#4157=EDGE_CURVE('',#5584,#5585,#6645,.T.);
#4158=EDGE_CURVE('',#5436,#5586,#6646,.T.);
#4159=EDGE_CURVE('',#5586,#5587,#6647,.T.);
#4160=EDGE_CURVE('',#5587,#5438,#6648,.T.);
#4161=EDGE_CURVE('',#5440,#5588,#6649,.T.);
#4162=EDGE_CURVE('',#5588,#5589,#6650,.T.);
#4163=EDGE_CURVE('',#5589,#5442,#6651,.T.);
#4164=EDGE_CURVE('',#5444,#5590,#6652,.T.);
#4165=EDGE_CURVE('',#5590,#5591,#6653,.T.);
#4166=EDGE_CURVE('',#5591,#5446,#6654,.T.);
#4167=EDGE_CURVE('',#5448,#5592,#6655,.T.);
#4168=EDGE_CURVE('',#5592,#5593,#6656,.T.);
#4169=EDGE_CURVE('',#5593,#5450,#6657,.T.);
#4170=EDGE_CURVE('',#5452,#5594,#6658,.T.);
#4171=EDGE_CURVE('',#5594,#5595,#6659,.T.);
#4172=EDGE_CURVE('',#5595,#5454,#6660,.T.);
#4173=EDGE_CURVE('',#5456,#5596,#6661,.T.);
#4174=EDGE_CURVE('',#5596,#5597,#6662,.T.);
#4175=EDGE_CURVE('',#5597,#5458,#6663,.T.);
#4176=EDGE_CURVE('',#5460,#5598,#6664,.T.);
#4177=EDGE_CURVE('',#5598,#5599,#6665,.T.);
#4178=EDGE_CURVE('',#5599,#5462,#6666,.T.);
#4179=EDGE_CURVE('',#5464,#5600,#6667,.T.);
#4180=EDGE_CURVE('',#5600,#5601,#6668,.T.);
#4181=EDGE_CURVE('',#5601,#5466,#6669,.T.);
#4182=EDGE_CURVE('',#5468,#5602,#6670,.T.);
#4183=EDGE_CURVE('',#5602,#5603,#6671,.T.);
#4184=EDGE_CURVE('',#5603,#5470,#6672,.T.);
#4185=EDGE_CURVE('',#5472,#5604,#6673,.T.);
#4186=EDGE_CURVE('',#5604,#5605,#6674,.T.);
#4187=EDGE_CURVE('',#5605,#5474,#6675,.T.);
#4188=EDGE_CURVE('',#5476,#5606,#6676,.T.);
#4189=EDGE_CURVE('',#5606,#5607,#6677,.T.);
#4190=EDGE_CURVE('',#5607,#5478,#6678,.T.);
#4191=EDGE_CURVE('',#5480,#5608,#6679,.T.);
#4192=EDGE_CURVE('',#5608,#5609,#6680,.T.);
#4193=EDGE_CURVE('',#5609,#5482,#6681,.T.);
#4194=EDGE_CURVE('',#5484,#5610,#6682,.T.);
#4195=EDGE_CURVE('',#5610,#5611,#6683,.T.);
#4196=EDGE_CURVE('',#5611,#5486,#6684,.T.);
#4197=EDGE_CURVE('',#5488,#5612,#6685,.T.);
#4198=EDGE_CURVE('',#5612,#5613,#6686,.T.);
#4199=EDGE_CURVE('',#5613,#5490,#6687,.T.);
#4200=EDGE_CURVE('',#5492,#5614,#6688,.T.);
#4201=EDGE_CURVE('',#5614,#5615,#6689,.T.);
#4202=EDGE_CURVE('',#5615,#5494,#6690,.T.);
#4203=EDGE_CURVE('',#5496,#5616,#6691,.T.);
#4204=EDGE_CURVE('',#5616,#5617,#6692,.T.);
#4205=EDGE_CURVE('',#5617,#5498,#6693,.T.);
#4206=EDGE_CURVE('',#5500,#5618,#6694,.T.);
#4207=EDGE_CURVE('',#5618,#5619,#6695,.T.);
#4208=EDGE_CURVE('',#5619,#5502,#6696,.T.);
#4209=EDGE_CURVE('',#5504,#5620,#6697,.T.);
#4210=EDGE_CURVE('',#5620,#5621,#6698,.T.);
#4211=EDGE_CURVE('',#5621,#5506,#6699,.T.);
#4212=EDGE_CURVE('',#5508,#5622,#6700,.T.);
#4213=EDGE_CURVE('',#5622,#5623,#6701,.T.);
#4214=EDGE_CURVE('',#5623,#5510,#6702,.T.);
#4215=EDGE_CURVE('',#5512,#5624,#6703,.T.);
#4216=EDGE_CURVE('',#5624,#5625,#6704,.T.);
#4217=EDGE_CURVE('',#5625,#5514,#6705,.T.);
#4218=EDGE_CURVE('',#5516,#5626,#6706,.T.);
#4219=EDGE_CURVE('',#5626,#5627,#6707,.T.);
#4220=EDGE_CURVE('',#5627,#5518,#6708,.T.);
#4221=EDGE_CURVE('',#5520,#5628,#6709,.T.);
#4222=EDGE_CURVE('',#5628,#5629,#6710,.T.);
#4223=EDGE_CURVE('',#5629,#5522,#6711,.T.);
#4224=EDGE_CURVE('',#5524,#5630,#6712,.T.);
#4225=EDGE_CURVE('',#5630,#5631,#6713,.T.);
#4226=EDGE_CURVE('',#5631,#5526,#6714,.T.);
#4227=EDGE_CURVE('',#5528,#5632,#6715,.T.);
#4228=EDGE_CURVE('',#5632,#5633,#6716,.T.);
#4229=EDGE_CURVE('',#5633,#5530,#6717,.T.);
#4230=EDGE_CURVE('',#5532,#5634,#6718,.T.);
#4231=EDGE_CURVE('',#5634,#5635,#6719,.T.);
#4232=EDGE_CURVE('',#5635,#5534,#6720,.T.);
#4233=EDGE_CURVE('',#5636,#5637,#6721,.T.);
#4234=EDGE_CURVE('',#5636,#5638,#6722,.T.);
#4235=EDGE_CURVE('',#5638,#5639,#6723,.T.);
#4236=EDGE_CURVE('',#5639,#5637,#6724,.T.);
#4237=EDGE_CURVE('',#5640,#5641,#6725,.T.);
#4238=EDGE_CURVE('',#5640,#5642,#6726,.T.);
#4239=EDGE_CURVE('',#5642,#5643,#6727,.T.);
#4240=EDGE_CURVE('',#5643,#5641,#6728,.T.);
#4241=EDGE_CURVE('',#5644,#5645,#6729,.T.);
#4242=EDGE_CURVE('',#5644,#5646,#6730,.T.);
#4243=EDGE_CURVE('',#5646,#5647,#6731,.T.);
#4244=EDGE_CURVE('',#5647,#5645,#6732,.T.);
#4245=EDGE_CURVE('',#5648,#5649,#6733,.T.);
#4246=EDGE_CURVE('',#5648,#5650,#6734,.T.);
#4247=EDGE_CURVE('',#5650,#5651,#6735,.T.);
#4248=EDGE_CURVE('',#5651,#5649,#6736,.T.);
#4249=EDGE_CURVE('',#5652,#5653,#6737,.T.);
#4250=EDGE_CURVE('',#5652,#5654,#6738,.T.);
#4251=EDGE_CURVE('',#5654,#5655,#6739,.T.);
#4252=EDGE_CURVE('',#5655,#5653,#6740,.T.);
#4253=EDGE_CURVE('',#5656,#5657,#6741,.T.);
#4254=EDGE_CURVE('',#5656,#5658,#6742,.T.);
#4255=EDGE_CURVE('',#5658,#5659,#6743,.T.);
#4256=EDGE_CURVE('',#5659,#5657,#6744,.T.);
#4257=EDGE_CURVE('',#5660,#5661,#6745,.T.);
#4258=EDGE_CURVE('',#5660,#5662,#6746,.T.);
#4259=EDGE_CURVE('',#5662,#5663,#6747,.T.);
#4260=EDGE_CURVE('',#5663,#5661,#6748,.T.);
#4261=EDGE_CURVE('',#5664,#5665,#6749,.T.);
#4262=EDGE_CURVE('',#5664,#5666,#6750,.T.);
#4263=EDGE_CURVE('',#5666,#5667,#6751,.T.);
#4264=EDGE_CURVE('',#5667,#5665,#6752,.T.);
#4265=EDGE_CURVE('',#5668,#5669,#6753,.T.);
#4266=EDGE_CURVE('',#5668,#5670,#6754,.T.);
#4267=EDGE_CURVE('',#5670,#5671,#6755,.T.);
#4268=EDGE_CURVE('',#5671,#5669,#6756,.T.);
#4269=EDGE_CURVE('',#5672,#5673,#6757,.T.);
#4270=EDGE_CURVE('',#5672,#5674,#6758,.T.);
#4271=EDGE_CURVE('',#5674,#5675,#6759,.T.);
#4272=EDGE_CURVE('',#5675,#5673,#6760,.T.);
#4273=EDGE_CURVE('',#5676,#5677,#6761,.T.);
#4274=EDGE_CURVE('',#5676,#5678,#6762,.T.);
#4275=EDGE_CURVE('',#5678,#5679,#6763,.T.);
#4276=EDGE_CURVE('',#5679,#5677,#6764,.T.);
#4277=EDGE_CURVE('',#5680,#5681,#6765,.T.);
#4278=EDGE_CURVE('',#5680,#5682,#6766,.T.);
#4279=EDGE_CURVE('',#5682,#5683,#6767,.T.);
#4280=EDGE_CURVE('',#5683,#5681,#6768,.T.);
#4281=EDGE_CURVE('',#5684,#5685,#6769,.T.);
#4282=EDGE_CURVE('',#5684,#5686,#6770,.T.);
#4283=EDGE_CURVE('',#5686,#5687,#6771,.T.);
#4284=EDGE_CURVE('',#5687,#5685,#6772,.T.);
#4285=EDGE_CURVE('',#5688,#5689,#6773,.T.);
#4286=EDGE_CURVE('',#5688,#5690,#6774,.T.);
#4287=EDGE_CURVE('',#5690,#5691,#6775,.T.);
#4288=EDGE_CURVE('',#5691,#5689,#6776,.T.);
#4289=EDGE_CURVE('',#5692,#5693,#6777,.T.);
#4290=EDGE_CURVE('',#5692,#5694,#6778,.T.);
#4291=EDGE_CURVE('',#5694,#5695,#6779,.T.);
#4292=EDGE_CURVE('',#5695,#5693,#6780,.T.);
#4293=EDGE_CURVE('',#5696,#5697,#6781,.T.);
#4294=EDGE_CURVE('',#5696,#5698,#6782,.T.);
#4295=EDGE_CURVE('',#5698,#5699,#6783,.T.);
#4296=EDGE_CURVE('',#5699,#5697,#6784,.T.);
#4297=EDGE_CURVE('',#5700,#5701,#6785,.T.);
#4298=EDGE_CURVE('',#5700,#5702,#6786,.T.);
#4299=EDGE_CURVE('',#5702,#5703,#6787,.T.);
#4300=EDGE_CURVE('',#5703,#5701,#6788,.T.);
#4301=EDGE_CURVE('',#5704,#5705,#6789,.T.);
#4302=EDGE_CURVE('',#5704,#5706,#6790,.T.);
#4303=EDGE_CURVE('',#5706,#5707,#6791,.T.);
#4304=EDGE_CURVE('',#5707,#5705,#6792,.T.);
#4305=EDGE_CURVE('',#5708,#5709,#6793,.T.);
#4306=EDGE_CURVE('',#5708,#5710,#6794,.T.);
#4307=EDGE_CURVE('',#5710,#5711,#6795,.T.);
#4308=EDGE_CURVE('',#5711,#5709,#6796,.T.);
#4309=EDGE_CURVE('',#5712,#5713,#6797,.T.);
#4310=EDGE_CURVE('',#5712,#5714,#6798,.T.);
#4311=EDGE_CURVE('',#5714,#5715,#6799,.T.);
#4312=EDGE_CURVE('',#5715,#5713,#6800,.T.);
#4313=EDGE_CURVE('',#5716,#5717,#6801,.T.);
#4314=EDGE_CURVE('',#5716,#5718,#6802,.T.);
#4315=EDGE_CURVE('',#5718,#5719,#6803,.T.);
#4316=EDGE_CURVE('',#5719,#5717,#6804,.T.);
#4317=EDGE_CURVE('',#5720,#5721,#6805,.T.);
#4318=EDGE_CURVE('',#5720,#5722,#6806,.T.);
#4319=EDGE_CURVE('',#5722,#5723,#6807,.T.);
#4320=EDGE_CURVE('',#5723,#5721,#6808,.T.);
#4321=EDGE_CURVE('',#5724,#5725,#6809,.T.);
#4322=EDGE_CURVE('',#5724,#5726,#6810,.T.);
#4323=EDGE_CURVE('',#5726,#5727,#6811,.T.);
#4324=EDGE_CURVE('',#5727,#5725,#6812,.T.);
#4325=EDGE_CURVE('',#5728,#5729,#6813,.T.);
#4326=EDGE_CURVE('',#5728,#5730,#6814,.T.);
#4327=EDGE_CURVE('',#5730,#5731,#6815,.T.);
#4328=EDGE_CURVE('',#5731,#5729,#6816,.T.);
#4329=EDGE_CURVE('',#5732,#5733,#6817,.T.);
#4330=EDGE_CURVE('',#5732,#5734,#6818,.T.);
#4331=EDGE_CURVE('',#5734,#5735,#6819,.T.);
#4332=EDGE_CURVE('',#5735,#5733,#6820,.T.);
#4333=EDGE_CURVE('',#5586,#5636,#260,.T.);
#4334=EDGE_CURVE('',#5637,#5587,#261,.T.);
#4335=EDGE_CURVE('',#5588,#5640,#262,.T.);
#4336=EDGE_CURVE('',#5641,#5589,#263,.T.);
#4337=EDGE_CURVE('',#5590,#5644,#264,.T.);
#4338=EDGE_CURVE('',#5645,#5591,#265,.T.);
#4339=EDGE_CURVE('',#5592,#5648,#266,.T.);
#4340=EDGE_CURVE('',#5649,#5593,#267,.T.);
#4341=EDGE_CURVE('',#5594,#5652,#268,.T.);
#4342=EDGE_CURVE('',#5653,#5595,#269,.T.);
#4343=EDGE_CURVE('',#5596,#5656,#270,.T.);
#4344=EDGE_CURVE('',#5657,#5597,#271,.T.);
#4345=EDGE_CURVE('',#5598,#5660,#272,.T.);
#4346=EDGE_CURVE('',#5661,#5599,#273,.T.);
#4347=EDGE_CURVE('',#5600,#5664,#274,.T.);
#4348=EDGE_CURVE('',#5665,#5601,#275,.T.);
#4349=EDGE_CURVE('',#5602,#5668,#276,.T.);
#4350=EDGE_CURVE('',#5669,#5603,#277,.T.);
#4351=EDGE_CURVE('',#5604,#5672,#278,.T.);
#4352=EDGE_CURVE('',#5673,#5605,#279,.T.);
#4353=EDGE_CURVE('',#5606,#5676,#280,.T.);
#4354=EDGE_CURVE('',#5677,#5607,#281,.T.);
#4355=EDGE_CURVE('',#5608,#5680,#282,.T.);
#4356=EDGE_CURVE('',#5681,#5609,#283,.T.);
#4357=EDGE_CURVE('',#5610,#5684,#284,.T.);
#4358=EDGE_CURVE('',#5685,#5611,#285,.T.);
#4359=EDGE_CURVE('',#5612,#5688,#286,.T.);
#4360=EDGE_CURVE('',#5689,#5613,#287,.T.);
#4361=EDGE_CURVE('',#5614,#5692,#288,.T.);
#4362=EDGE_CURVE('',#5693,#5615,#289,.T.);
#4363=EDGE_CURVE('',#5616,#5696,#290,.T.);
#4364=EDGE_CURVE('',#5697,#5617,#291,.T.);
#4365=EDGE_CURVE('',#5618,#5700,#292,.T.);
#4366=EDGE_CURVE('',#5701,#5619,#293,.T.);
#4367=EDGE_CURVE('',#5620,#5704,#294,.T.);
#4368=EDGE_CURVE('',#5705,#5621,#295,.T.);
#4369=EDGE_CURVE('',#5622,#5708,#296,.T.);
#4370=EDGE_CURVE('',#5709,#5623,#297,.T.);
#4371=EDGE_CURVE('',#5624,#5712,#298,.T.);
#4372=EDGE_CURVE('',#5713,#5625,#299,.T.);
#4373=EDGE_CURVE('',#5626,#5716,#300,.T.);
#4374=EDGE_CURVE('',#5717,#5627,#301,.T.);
#4375=EDGE_CURVE('',#5628,#5720,#302,.T.);
#4376=EDGE_CURVE('',#5721,#5629,#303,.T.);
#4377=EDGE_CURVE('',#5630,#5724,#304,.T.);
#4378=EDGE_CURVE('',#5725,#5631,#305,.T.);
#4379=EDGE_CURVE('',#5632,#5728,#306,.T.);
#4380=EDGE_CURVE('',#5729,#5633,#307,.T.);
#4381=EDGE_CURVE('',#5634,#5732,#308,.T.);
#4382=EDGE_CURVE('',#5733,#5635,#309,.T.);
#4383=EDGE_CURVE('',#5336,#5736,#6821,.T.);
#4384=EDGE_CURVE('',#5736,#5737,#6822,.T.);
#4385=EDGE_CURVE('',#5737,#5338,#6823,.T.);
#4386=EDGE_CURVE('',#5340,#5738,#6824,.T.);
#4387=EDGE_CURVE('',#5738,#5739,#6825,.T.);
#4388=EDGE_CURVE('',#5739,#5342,#6826,.T.);
#4389=EDGE_CURVE('',#5344,#5740,#6827,.T.);
#4390=EDGE_CURVE('',#5740,#5741,#6828,.T.);
#4391=EDGE_CURVE('',#5741,#5346,#6829,.T.);
#4392=EDGE_CURVE('',#5348,#5742,#6830,.T.);
#4393=EDGE_CURVE('',#5742,#5743,#6831,.T.);
#4394=EDGE_CURVE('',#5743,#5350,#6832,.T.);
#4395=EDGE_CURVE('',#5352,#5744,#6833,.T.);
#4396=EDGE_CURVE('',#5744,#5745,#6834,.T.);
#4397=EDGE_CURVE('',#5745,#5354,#6835,.T.);
#4398=EDGE_CURVE('',#5356,#5746,#6836,.T.);
#4399=EDGE_CURVE('',#5746,#5747,#6837,.T.);
#4400=EDGE_CURVE('',#5747,#5358,#6838,.T.);
#4401=EDGE_CURVE('',#5360,#5748,#6839,.T.);
#4402=EDGE_CURVE('',#5748,#5749,#6840,.T.);
#4403=EDGE_CURVE('',#5749,#5362,#6841,.T.);
#4404=EDGE_CURVE('',#5364,#5750,#6842,.T.);
#4405=EDGE_CURVE('',#5750,#5751,#6843,.T.);
#4406=EDGE_CURVE('',#5751,#5366,#6844,.T.);
#4407=EDGE_CURVE('',#5368,#5752,#6845,.T.);
#4408=EDGE_CURVE('',#5752,#5753,#6846,.T.);
#4409=EDGE_CURVE('',#5753,#5370,#6847,.T.);
#4410=EDGE_CURVE('',#5372,#5754,#6848,.T.);
#4411=EDGE_CURVE('',#5754,#5755,#6849,.T.);
#4412=EDGE_CURVE('',#5755,#5374,#6850,.T.);
#4413=EDGE_CURVE('',#5376,#5756,#6851,.T.);
#4414=EDGE_CURVE('',#5756,#5757,#6852,.T.);
#4415=EDGE_CURVE('',#5757,#5378,#6853,.T.);
#4416=EDGE_CURVE('',#5380,#5758,#6854,.T.);
#4417=EDGE_CURVE('',#5758,#5759,#6855,.T.);
#4418=EDGE_CURVE('',#5759,#5382,#6856,.T.);
#4419=EDGE_CURVE('',#5384,#5760,#6857,.T.);
#4420=EDGE_CURVE('',#5760,#5761,#6858,.T.);
#4421=EDGE_CURVE('',#5761,#5386,#6859,.T.);
#4422=EDGE_CURVE('',#5388,#5762,#6860,.T.);
#4423=EDGE_CURVE('',#5762,#5763,#6861,.T.);
#4424=EDGE_CURVE('',#5763,#5390,#6862,.T.);
#4425=EDGE_CURVE('',#5392,#5764,#6863,.T.);
#4426=EDGE_CURVE('',#5764,#5765,#6864,.T.);
#4427=EDGE_CURVE('',#5765,#5394,#6865,.T.);
#4428=EDGE_CURVE('',#5396,#5766,#6866,.T.);
#4429=EDGE_CURVE('',#5766,#5767,#6867,.T.);
#4430=EDGE_CURVE('',#5767,#5398,#6868,.T.);
#4431=EDGE_CURVE('',#5400,#5768,#6869,.T.);
#4432=EDGE_CURVE('',#5768,#5769,#6870,.T.);
#4433=EDGE_CURVE('',#5769,#5402,#6871,.T.);
#4434=EDGE_CURVE('',#5404,#5770,#6872,.T.);
#4435=EDGE_CURVE('',#5770,#5771,#6873,.T.);
#4436=EDGE_CURVE('',#5771,#5406,#6874,.T.);
#4437=EDGE_CURVE('',#5408,#5772,#6875,.T.);
#4438=EDGE_CURVE('',#5772,#5773,#6876,.T.);
#4439=EDGE_CURVE('',#5773,#5410,#6877,.T.);
#4440=EDGE_CURVE('',#5412,#5774,#6878,.T.);
#4441=EDGE_CURVE('',#5774,#5775,#6879,.T.);
#4442=EDGE_CURVE('',#5775,#5414,#6880,.T.);
#4443=EDGE_CURVE('',#5416,#5776,#6881,.T.);
#4444=EDGE_CURVE('',#5776,#5777,#6882,.T.);
#4445=EDGE_CURVE('',#5777,#5418,#6883,.T.);
#4446=EDGE_CURVE('',#5420,#5778,#6884,.T.);
#4447=EDGE_CURVE('',#5778,#5779,#6885,.T.);
#4448=EDGE_CURVE('',#5779,#5422,#6886,.T.);
#4449=EDGE_CURVE('',#5424,#5780,#6887,.T.);
#4450=EDGE_CURVE('',#5780,#5781,#6888,.T.);
#4451=EDGE_CURVE('',#5781,#5426,#6889,.T.);
#4452=EDGE_CURVE('',#5428,#5782,#6890,.T.);
#4453=EDGE_CURVE('',#5782,#5783,#6891,.T.);
#4454=EDGE_CURVE('',#5783,#5430,#6892,.T.);
#4455=EDGE_CURVE('',#5432,#5784,#6893,.T.);
#4456=EDGE_CURVE('',#5784,#5785,#6894,.T.);
#4457=EDGE_CURVE('',#5785,#5434,#6895,.T.);
#4458=EDGE_CURVE('',#5786,#5787,#6896,.T.);
#4459=EDGE_CURVE('',#5786,#5437,#6897,.T.);
#4460=EDGE_CURVE('',#5439,#5787,#6898,.T.);
#4461=EDGE_CURVE('',#5788,#5789,#6899,.T.);
#4462=EDGE_CURVE('',#5788,#5441,#6900,.T.);
#4463=EDGE_CURVE('',#5443,#5789,#6901,.T.);
#4464=EDGE_CURVE('',#5790,#5791,#6902,.T.);
#4465=EDGE_CURVE('',#5790,#5445,#6903,.T.);
#4466=EDGE_CURVE('',#5447,#5791,#6904,.T.);
#4467=EDGE_CURVE('',#5792,#5793,#6905,.T.);
#4468=EDGE_CURVE('',#5792,#5449,#6906,.T.);
#4469=EDGE_CURVE('',#5451,#5793,#6907,.T.);
#4470=EDGE_CURVE('',#5794,#5795,#6908,.T.);
#4471=EDGE_CURVE('',#5794,#5453,#6909,.T.);
#4472=EDGE_CURVE('',#5455,#5795,#6910,.T.);
#4473=EDGE_CURVE('',#5796,#5797,#6911,.T.);
#4474=EDGE_CURVE('',#5796,#5457,#6912,.T.);
#4475=EDGE_CURVE('',#5459,#5797,#6913,.T.);
#4476=EDGE_CURVE('',#5798,#5799,#6914,.T.);
#4477=EDGE_CURVE('',#5798,#5461,#6915,.T.);
#4478=EDGE_CURVE('',#5463,#5799,#6916,.T.);
#4479=EDGE_CURVE('',#5800,#5801,#6917,.T.);
#4480=EDGE_CURVE('',#5800,#5465,#6918,.T.);
#4481=EDGE_CURVE('',#5467,#5801,#6919,.T.);
#4482=EDGE_CURVE('',#5802,#5803,#6920,.T.);
#4483=EDGE_CURVE('',#5802,#5469,#6921,.T.);
#4484=EDGE_CURVE('',#5471,#5803,#6922,.T.);
#4485=EDGE_CURVE('',#5804,#5805,#6923,.T.);
#4486=EDGE_CURVE('',#5804,#5473,#6924,.T.);
#4487=EDGE_CURVE('',#5475,#5805,#6925,.T.);
#4488=EDGE_CURVE('',#5806,#5807,#6926,.T.);
#4489=EDGE_CURVE('',#5806,#5477,#6927,.T.);
#4490=EDGE_CURVE('',#5479,#5807,#6928,.T.);
#4491=EDGE_CURVE('',#5808,#5809,#6929,.T.);
#4492=EDGE_CURVE('',#5808,#5481,#6930,.T.);
#4493=EDGE_CURVE('',#5483,#5809,#6931,.T.);
#4494=EDGE_CURVE('',#5810,#5811,#6932,.T.);
#4495=EDGE_CURVE('',#5810,#5485,#6933,.T.);
#4496=EDGE_CURVE('',#5487,#5811,#6934,.T.);
#4497=EDGE_CURVE('',#5812,#5813,#6935,.T.);
#4498=EDGE_CURVE('',#5812,#5489,#6936,.T.);
#4499=EDGE_CURVE('',#5491,#5813,#6937,.T.);
#4500=EDGE_CURVE('',#5814,#5815,#6938,.T.);
#4501=EDGE_CURVE('',#5814,#5493,#6939,.T.);
#4502=EDGE_CURVE('',#5495,#5815,#6940,.T.);
#4503=EDGE_CURVE('',#5816,#5817,#6941,.T.);
#4504=EDGE_CURVE('',#5816,#5497,#6942,.T.);
#4505=EDGE_CURVE('',#5499,#5817,#6943,.T.);
#4506=EDGE_CURVE('',#5818,#5819,#6944,.T.);
#4507=EDGE_CURVE('',#5818,#5501,#6945,.T.);
#4508=EDGE_CURVE('',#5503,#5819,#6946,.T.);
#4509=EDGE_CURVE('',#5820,#5821,#6947,.T.);
#4510=EDGE_CURVE('',#5820,#5505,#6948,.T.);
#4511=EDGE_CURVE('',#5507,#5821,#6949,.T.);
#4512=EDGE_CURVE('',#5822,#5823,#6950,.T.);
#4513=EDGE_CURVE('',#5822,#5509,#6951,.T.);
#4514=EDGE_CURVE('',#5511,#5823,#6952,.T.);
#4515=EDGE_CURVE('',#5824,#5825,#6953,.T.);
#4516=EDGE_CURVE('',#5824,#5513,#6954,.T.);
#4517=EDGE_CURVE('',#5515,#5825,#6955,.T.);
#4518=EDGE_CURVE('',#5826,#5827,#6956,.T.);
#4519=EDGE_CURVE('',#5826,#5517,#6957,.T.);
#4520=EDGE_CURVE('',#5519,#5827,#6958,.T.);
#4521=EDGE_CURVE('',#5828,#5829,#6959,.T.);
#4522=EDGE_CURVE('',#5828,#5521,#6960,.T.);
#4523=EDGE_CURVE('',#5523,#5829,#6961,.T.);
#4524=EDGE_CURVE('',#5830,#5831,#6962,.T.);
#4525=EDGE_CURVE('',#5830,#5525,#6963,.T.);
#4526=EDGE_CURVE('',#5527,#5831,#6964,.T.);
#4527=EDGE_CURVE('',#5832,#5833,#6965,.T.);
#4528=EDGE_CURVE('',#5832,#5529,#6966,.T.);
#4529=EDGE_CURVE('',#5531,#5833,#6967,.T.);
#4530=EDGE_CURVE('',#5834,#5835,#6968,.T.);
#4531=EDGE_CURVE('',#5834,#5533,#6969,.T.);
#4532=EDGE_CURVE('',#5535,#5835,#6970,.T.);
#4533=EDGE_CURVE('',#5786,#5836,#310,.T.);
#4534=EDGE_CURVE('',#5837,#5787,#311,.T.);
#4535=EDGE_CURVE('',#5836,#5837,#6971,.T.);
#4536=EDGE_CURVE('',#5788,#5838,#312,.T.);
#4537=EDGE_CURVE('',#5839,#5789,#313,.T.);
#4538=EDGE_CURVE('',#5838,#5839,#6972,.T.);
#4539=EDGE_CURVE('',#5790,#5840,#314,.T.);
#4540=EDGE_CURVE('',#5841,#5791,#315,.T.);
#4541=EDGE_CURVE('',#5840,#5841,#6973,.T.);
#4542=EDGE_CURVE('',#5792,#5842,#316,.T.);
#4543=EDGE_CURVE('',#5843,#5793,#317,.T.);
#4544=EDGE_CURVE('',#5842,#5843,#6974,.T.);
#4545=EDGE_CURVE('',#5794,#5844,#318,.T.);
#4546=EDGE_CURVE('',#5845,#5795,#319,.T.);
#4547=EDGE_CURVE('',#5844,#5845,#6975,.T.);
#4548=EDGE_CURVE('',#5796,#5846,#320,.T.);
#4549=EDGE_CURVE('',#5847,#5797,#321,.T.);
#4550=EDGE_CURVE('',#5846,#5847,#6976,.T.);
#4551=EDGE_CURVE('',#5798,#5848,#322,.T.);
#4552=EDGE_CURVE('',#5849,#5799,#323,.T.);
#4553=EDGE_CURVE('',#5848,#5849,#6977,.T.);
#4554=EDGE_CURVE('',#5800,#5850,#324,.T.);
#4555=EDGE_CURVE('',#5851,#5801,#325,.T.);
#4556=EDGE_CURVE('',#5850,#5851,#6978,.T.);
#4557=EDGE_CURVE('',#5802,#5852,#326,.T.);
#4558=EDGE_CURVE('',#5853,#5803,#327,.T.);
#4559=EDGE_CURVE('',#5852,#5853,#6979,.T.);
#4560=EDGE_CURVE('',#5804,#5854,#328,.T.);
#4561=EDGE_CURVE('',#5855,#5805,#329,.T.);
#4562=EDGE_CURVE('',#5854,#5855,#6980,.T.);
#4563=EDGE_CURVE('',#5806,#5856,#330,.T.);
#4564=EDGE_CURVE('',#5857,#5807,#331,.T.);
#4565=EDGE_CURVE('',#5856,#5857,#6981,.T.);
#4566=EDGE_CURVE('',#5808,#5858,#332,.T.);
#4567=EDGE_CURVE('',#5859,#5809,#333,.T.);
#4568=EDGE_CURVE('',#5858,#5859,#6982,.T.);
#4569=EDGE_CURVE('',#5810,#5860,#334,.T.);
#4570=EDGE_CURVE('',#5861,#5811,#335,.T.);
#4571=EDGE_CURVE('',#5860,#5861,#6983,.T.);
#4572=EDGE_CURVE('',#5812,#5862,#336,.T.);
#4573=EDGE_CURVE('',#5863,#5813,#337,.T.);
#4574=EDGE_CURVE('',#5862,#5863,#6984,.T.);
#4575=EDGE_CURVE('',#5814,#5864,#338,.T.);
#4576=EDGE_CURVE('',#5865,#5815,#339,.T.);
#4577=EDGE_CURVE('',#5864,#5865,#6985,.T.);
#4578=EDGE_CURVE('',#5816,#5866,#340,.T.);
#4579=EDGE_CURVE('',#5867,#5817,#341,.T.);
#4580=EDGE_CURVE('',#5866,#5867,#6986,.T.);
#4581=EDGE_CURVE('',#5818,#5868,#342,.T.);
#4582=EDGE_CURVE('',#5869,#5819,#343,.T.);
#4583=EDGE_CURVE('',#5868,#5869,#6987,.T.);
#4584=EDGE_CURVE('',#5820,#5870,#344,.T.);
#4585=EDGE_CURVE('',#5871,#5821,#345,.T.);
#4586=EDGE_CURVE('',#5870,#5871,#6988,.T.);
#4587=EDGE_CURVE('',#5822,#5872,#346,.T.);
#4588=EDGE_CURVE('',#5873,#5823,#347,.T.);
#4589=EDGE_CURVE('',#5872,#5873,#6989,.T.);
#4590=EDGE_CURVE('',#5824,#5874,#348,.T.);
#4591=EDGE_CURVE('',#5875,#5825,#349,.T.);
#4592=EDGE_CURVE('',#5874,#5875,#6990,.T.);
#4593=EDGE_CURVE('',#5826,#5876,#350,.T.);
#4594=EDGE_CURVE('',#5877,#5827,#351,.T.);
#4595=EDGE_CURVE('',#5876,#5877,#6991,.T.);
#4596=EDGE_CURVE('',#5828,#5878,#352,.T.);
#4597=EDGE_CURVE('',#5879,#5829,#353,.T.);
#4598=EDGE_CURVE('',#5878,#5879,#6992,.T.);
#4599=EDGE_CURVE('',#5830,#5880,#354,.T.);
#4600=EDGE_CURVE('',#5881,#5831,#355,.T.);
#4601=EDGE_CURVE('',#5880,#5881,#6993,.T.);
#4602=EDGE_CURVE('',#5832,#5882,#356,.T.);
#4603=EDGE_CURVE('',#5883,#5833,#357,.T.);
#4604=EDGE_CURVE('',#5882,#5883,#6994,.T.);
#4605=EDGE_CURVE('',#5834,#5884,#358,.T.);
#4606=EDGE_CURVE('',#5885,#5835,#359,.T.);
#4607=EDGE_CURVE('',#5884,#5885,#6995,.T.);
#4608=EDGE_CURVE('',#5886,#5887,#6996,.T.);
#4609=EDGE_CURVE('',#5886,#5836,#6997,.T.);
#4610=EDGE_CURVE('',#5837,#5887,#6998,.T.);
#4611=EDGE_CURVE('',#5888,#5889,#6999,.T.);
#4612=EDGE_CURVE('',#5888,#5838,#7000,.T.);
#4613=EDGE_CURVE('',#5839,#5889,#7001,.T.);
#4614=EDGE_CURVE('',#5890,#5891,#7002,.T.);
#4615=EDGE_CURVE('',#5890,#5840,#7003,.T.);
#4616=EDGE_CURVE('',#5841,#5891,#7004,.T.);
#4617=EDGE_CURVE('',#5892,#5893,#7005,.T.);
#4618=EDGE_CURVE('',#5892,#5842,#7006,.T.);
#4619=EDGE_CURVE('',#5843,#5893,#7007,.T.);
#4620=EDGE_CURVE('',#5894,#5895,#7008,.T.);
#4621=EDGE_CURVE('',#5894,#5844,#7009,.T.);
#4622=EDGE_CURVE('',#5845,#5895,#7010,.T.);
#4623=EDGE_CURVE('',#5896,#5897,#7011,.T.);
#4624=EDGE_CURVE('',#5896,#5846,#7012,.T.);
#4625=EDGE_CURVE('',#5847,#5897,#7013,.T.);
#4626=EDGE_CURVE('',#5898,#5899,#7014,.T.);
#4627=EDGE_CURVE('',#5898,#5848,#7015,.T.);
#4628=EDGE_CURVE('',#5849,#5899,#7016,.T.);
#4629=EDGE_CURVE('',#5900,#5901,#7017,.T.);
#4630=EDGE_CURVE('',#5900,#5850,#7018,.T.);
#4631=EDGE_CURVE('',#5851,#5901,#7019,.T.);
#4632=EDGE_CURVE('',#5902,#5903,#7020,.T.);
#4633=EDGE_CURVE('',#5902,#5852,#7021,.T.);
#4634=EDGE_CURVE('',#5853,#5903,#7022,.T.);
#4635=EDGE_CURVE('',#5904,#5905,#7023,.T.);
#4636=EDGE_CURVE('',#5904,#5854,#7024,.T.);
#4637=EDGE_CURVE('',#5855,#5905,#7025,.T.);
#4638=EDGE_CURVE('',#5906,#5907,#7026,.T.);
#4639=EDGE_CURVE('',#5906,#5856,#7027,.T.);
#4640=EDGE_CURVE('',#5857,#5907,#7028,.T.);
#4641=EDGE_CURVE('',#5908,#5909,#7029,.T.);
#4642=EDGE_CURVE('',#5908,#5858,#7030,.T.);
#4643=EDGE_CURVE('',#5859,#5909,#7031,.T.);
#4644=EDGE_CURVE('',#5910,#5911,#7032,.T.);
#4645=EDGE_CURVE('',#5910,#5860,#7033,.T.);
#4646=EDGE_CURVE('',#5861,#5911,#7034,.T.);
#4647=EDGE_CURVE('',#5912,#5913,#7035,.T.);
#4648=EDGE_CURVE('',#5912,#5862,#7036,.T.);
#4649=EDGE_CURVE('',#5863,#5913,#7037,.T.);
#4650=EDGE_CURVE('',#5914,#5915,#7038,.T.);
#4651=EDGE_CURVE('',#5914,#5864,#7039,.T.);
#4652=EDGE_CURVE('',#5865,#5915,#7040,.T.);
#4653=EDGE_CURVE('',#5916,#5917,#7041,.T.);
#4654=EDGE_CURVE('',#5916,#5866,#7042,.T.);
#4655=EDGE_CURVE('',#5867,#5917,#7043,.T.);
#4656=EDGE_CURVE('',#5918,#5919,#7044,.T.);
#4657=EDGE_CURVE('',#5918,#5868,#7045,.T.);
#4658=EDGE_CURVE('',#5869,#5919,#7046,.T.);
#4659=EDGE_CURVE('',#5920,#5921,#7047,.T.);
#4660=EDGE_CURVE('',#5920,#5870,#7048,.T.);
#4661=EDGE_CURVE('',#5871,#5921,#7049,.T.);
#4662=EDGE_CURVE('',#5922,#5923,#7050,.T.);
#4663=EDGE_CURVE('',#5922,#5872,#7051,.T.);
#4664=EDGE_CURVE('',#5873,#5923,#7052,.T.);
#4665=EDGE_CURVE('',#5924,#5925,#7053,.T.);
#4666=EDGE_CURVE('',#5924,#5874,#7054,.T.);
#4667=EDGE_CURVE('',#5875,#5925,#7055,.T.);
#4668=EDGE_CURVE('',#5926,#5927,#7056,.T.);
#4669=EDGE_CURVE('',#5926,#5876,#7057,.T.);
#4670=EDGE_CURVE('',#5877,#5927,#7058,.T.);
#4671=EDGE_CURVE('',#5928,#5929,#7059,.T.);
#4672=EDGE_CURVE('',#5928,#5878,#7060,.T.);
#4673=EDGE_CURVE('',#5879,#5929,#7061,.T.);
#4674=EDGE_CURVE('',#5930,#5931,#7062,.T.);
#4675=EDGE_CURVE('',#5930,#5880,#7063,.T.);
#4676=EDGE_CURVE('',#5881,#5931,#7064,.T.);
#4677=EDGE_CURVE('',#5932,#5933,#7065,.T.);
#4678=EDGE_CURVE('',#5932,#5882,#7066,.T.);
#4679=EDGE_CURVE('',#5883,#5933,#7067,.T.);
#4680=EDGE_CURVE('',#5934,#5935,#7068,.T.);
#4681=EDGE_CURVE('',#5934,#5884,#7069,.T.);
#4682=EDGE_CURVE('',#5885,#5935,#7070,.T.);
#4683=EDGE_CURVE('',#5936,#5937,#7071,.T.);
#4684=EDGE_CURVE('',#5936,#5938,#7072,.T.);
#4685=EDGE_CURVE('',#5938,#5939,#7073,.T.);
#4686=EDGE_CURVE('',#5939,#5937,#7074,.T.);
#4687=EDGE_CURVE('',#5940,#5941,#7075,.T.);
#4688=EDGE_CURVE('',#5940,#5942,#7076,.T.);
#4689=EDGE_CURVE('',#5942,#5943,#7077,.T.);
#4690=EDGE_CURVE('',#5943,#5941,#7078,.T.);
#4691=EDGE_CURVE('',#5944,#5945,#7079,.T.);
#4692=EDGE_CURVE('',#5944,#5946,#7080,.T.);
#4693=EDGE_CURVE('',#5946,#5947,#7081,.T.);
#4694=EDGE_CURVE('',#5947,#5945,#7082,.T.);
#4695=EDGE_CURVE('',#5948,#5949,#7083,.T.);
#4696=EDGE_CURVE('',#5948,#5950,#7084,.T.);
#4697=EDGE_CURVE('',#5950,#5951,#7085,.T.);
#4698=EDGE_CURVE('',#5951,#5949,#7086,.T.);
#4699=EDGE_CURVE('',#5952,#5953,#7087,.T.);
#4700=EDGE_CURVE('',#5952,#5954,#7088,.T.);
#4701=EDGE_CURVE('',#5954,#5955,#7089,.T.);
#4702=EDGE_CURVE('',#5955,#5953,#7090,.T.);
#4703=EDGE_CURVE('',#5956,#5957,#7091,.T.);
#4704=EDGE_CURVE('',#5956,#5958,#7092,.T.);
#4705=EDGE_CURVE('',#5958,#5959,#7093,.T.);
#4706=EDGE_CURVE('',#5959,#5957,#7094,.T.);
#4707=EDGE_CURVE('',#5960,#5961,#7095,.T.);
#4708=EDGE_CURVE('',#5960,#5962,#7096,.T.);
#4709=EDGE_CURVE('',#5962,#5963,#7097,.T.);
#4710=EDGE_CURVE('',#5963,#5961,#7098,.T.);
#4711=EDGE_CURVE('',#5964,#5965,#7099,.T.);
#4712=EDGE_CURVE('',#5964,#5966,#7100,.T.);
#4713=EDGE_CURVE('',#5966,#5967,#7101,.T.);
#4714=EDGE_CURVE('',#5967,#5965,#7102,.T.);
#4715=EDGE_CURVE('',#5968,#5969,#7103,.T.);
#4716=EDGE_CURVE('',#5968,#5970,#7104,.T.);
#4717=EDGE_CURVE('',#5970,#5971,#7105,.T.);
#4718=EDGE_CURVE('',#5971,#5969,#7106,.T.);
#4719=EDGE_CURVE('',#5972,#5973,#7107,.T.);
#4720=EDGE_CURVE('',#5972,#5974,#7108,.T.);
#4721=EDGE_CURVE('',#5974,#5975,#7109,.T.);
#4722=EDGE_CURVE('',#5975,#5973,#7110,.T.);
#4723=EDGE_CURVE('',#5976,#5977,#7111,.T.);
#4724=EDGE_CURVE('',#5976,#5978,#7112,.T.);
#4725=EDGE_CURVE('',#5978,#5979,#7113,.T.);
#4726=EDGE_CURVE('',#5979,#5977,#7114,.T.);
#4727=EDGE_CURVE('',#5980,#5981,#7115,.T.);
#4728=EDGE_CURVE('',#5980,#5982,#7116,.T.);
#4729=EDGE_CURVE('',#5982,#5983,#7117,.T.);
#4730=EDGE_CURVE('',#5983,#5981,#7118,.T.);
#4731=EDGE_CURVE('',#5984,#5985,#7119,.T.);
#4732=EDGE_CURVE('',#5984,#5986,#7120,.T.);
#4733=EDGE_CURVE('',#5986,#5987,#7121,.T.);
#4734=EDGE_CURVE('',#5987,#5985,#7122,.T.);
#4735=EDGE_CURVE('',#5988,#5989,#7123,.T.);
#4736=EDGE_CURVE('',#5988,#5990,#7124,.T.);
#4737=EDGE_CURVE('',#5990,#5991,#7125,.T.);
#4738=EDGE_CURVE('',#5991,#5989,#7126,.T.);
#4739=EDGE_CURVE('',#5992,#5993,#7127,.T.);
#4740=EDGE_CURVE('',#5992,#5994,#7128,.T.);
#4741=EDGE_CURVE('',#5994,#5995,#7129,.T.);
#4742=EDGE_CURVE('',#5995,#5993,#7130,.T.);
#4743=EDGE_CURVE('',#5996,#5997,#7131,.T.);
#4744=EDGE_CURVE('',#5996,#5998,#7132,.T.);
#4745=EDGE_CURVE('',#5998,#5999,#7133,.T.);
#4746=EDGE_CURVE('',#5999,#5997,#7134,.T.);
#4747=EDGE_CURVE('',#6000,#6001,#7135,.T.);
#4748=EDGE_CURVE('',#6000,#6002,#7136,.T.);
#4749=EDGE_CURVE('',#6002,#6003,#7137,.T.);
#4750=EDGE_CURVE('',#6003,#6001,#7138,.T.);
#4751=EDGE_CURVE('',#6004,#6005,#7139,.T.);
#4752=EDGE_CURVE('',#6004,#6006,#7140,.T.);
#4753=EDGE_CURVE('',#6006,#6007,#7141,.T.);
#4754=EDGE_CURVE('',#6007,#6005,#7142,.T.);
#4755=EDGE_CURVE('',#6008,#6009,#7143,.T.);
#4756=EDGE_CURVE('',#6008,#6010,#7144,.T.);
#4757=EDGE_CURVE('',#6010,#6011,#7145,.T.);
#4758=EDGE_CURVE('',#6011,#6009,#7146,.T.);
#4759=EDGE_CURVE('',#6012,#6013,#7147,.T.);
#4760=EDGE_CURVE('',#6012,#6014,#7148,.T.);
#4761=EDGE_CURVE('',#6014,#6015,#7149,.T.);
#4762=EDGE_CURVE('',#6015,#6013,#7150,.T.);
#4763=EDGE_CURVE('',#6016,#6017,#7151,.T.);
#4764=EDGE_CURVE('',#6016,#6018,#7152,.T.);
#4765=EDGE_CURVE('',#6018,#6019,#7153,.T.);
#4766=EDGE_CURVE('',#6019,#6017,#7154,.T.);
#4767=EDGE_CURVE('',#6020,#6021,#7155,.T.);
#4768=EDGE_CURVE('',#6020,#6022,#7156,.T.);
#4769=EDGE_CURVE('',#6022,#6023,#7157,.T.);
#4770=EDGE_CURVE('',#6023,#6021,#7158,.T.);
#4771=EDGE_CURVE('',#6024,#6025,#7159,.T.);
#4772=EDGE_CURVE('',#6024,#6026,#7160,.T.);
#4773=EDGE_CURVE('',#6026,#6027,#7161,.T.);
#4774=EDGE_CURVE('',#6027,#6025,#7162,.T.);
#4775=EDGE_CURVE('',#6028,#6029,#7163,.T.);
#4776=EDGE_CURVE('',#6028,#6030,#7164,.T.);
#4777=EDGE_CURVE('',#6030,#6031,#7165,.T.);
#4778=EDGE_CURVE('',#6031,#6029,#7166,.T.);
#4779=EDGE_CURVE('',#6032,#6033,#7167,.T.);
#4780=EDGE_CURVE('',#6032,#6034,#7168,.T.);
#4781=EDGE_CURVE('',#6034,#6035,#7169,.T.);
#4782=EDGE_CURVE('',#6035,#6033,#7170,.T.);
#4783=EDGE_CURVE('',#5736,#5936,#360,.T.);
#4784=EDGE_CURVE('',#5937,#5737,#361,.T.);
#4785=EDGE_CURVE('',#5738,#5940,#362,.T.);
#4786=EDGE_CURVE('',#5941,#5739,#363,.T.);
#4787=EDGE_CURVE('',#5740,#5944,#364,.T.);
#4788=EDGE_CURVE('',#5945,#5741,#365,.T.);
#4789=EDGE_CURVE('',#5742,#5948,#366,.T.);
#4790=EDGE_CURVE('',#5949,#5743,#367,.T.);
#4791=EDGE_CURVE('',#5744,#5952,#368,.T.);
#4792=EDGE_CURVE('',#5953,#5745,#369,.T.);
#4793=EDGE_CURVE('',#5746,#5956,#370,.T.);
#4794=EDGE_CURVE('',#5957,#5747,#371,.T.);
#4795=EDGE_CURVE('',#5748,#5960,#372,.T.);
#4796=EDGE_CURVE('',#5961,#5749,#373,.T.);
#4797=EDGE_CURVE('',#5750,#5964,#374,.T.);
#4798=EDGE_CURVE('',#5965,#5751,#375,.T.);
#4799=EDGE_CURVE('',#5752,#5968,#376,.T.);
#4800=EDGE_CURVE('',#5969,#5753,#377,.T.);
#4801=EDGE_CURVE('',#5754,#5972,#378,.T.);
#4802=EDGE_CURVE('',#5973,#5755,#379,.T.);
#4803=EDGE_CURVE('',#5756,#5976,#380,.T.);
#4804=EDGE_CURVE('',#5977,#5757,#381,.T.);
#4805=EDGE_CURVE('',#5758,#5980,#382,.T.);
#4806=EDGE_CURVE('',#5981,#5759,#383,.T.);
#4807=EDGE_CURVE('',#5760,#5984,#384,.T.);
#4808=EDGE_CURVE('',#5985,#5761,#385,.T.);
#4809=EDGE_CURVE('',#5762,#5988,#386,.T.);
#4810=EDGE_CURVE('',#5989,#5763,#387,.T.);
#4811=EDGE_CURVE('',#5764,#5992,#388,.T.);
#4812=EDGE_CURVE('',#5993,#5765,#389,.T.);
#4813=EDGE_CURVE('',#5766,#5996,#390,.T.);
#4814=EDGE_CURVE('',#5997,#5767,#391,.T.);
#4815=EDGE_CURVE('',#5768,#6000,#392,.T.);
#4816=EDGE_CURVE('',#6001,#5769,#393,.T.);
#4817=EDGE_CURVE('',#5770,#6004,#394,.T.);
#4818=EDGE_CURVE('',#6005,#5771,#395,.T.);
#4819=EDGE_CURVE('',#5772,#6008,#396,.T.);
#4820=EDGE_CURVE('',#6009,#5773,#397,.T.);
#4821=EDGE_CURVE('',#5774,#6012,#398,.T.);
#4822=EDGE_CURVE('',#6013,#5775,#399,.T.);
#4823=EDGE_CURVE('',#5776,#6016,#400,.T.);
#4824=EDGE_CURVE('',#6017,#5777,#401,.T.);
#4825=EDGE_CURVE('',#5778,#6020,#402,.T.);
#4826=EDGE_CURVE('',#6021,#5779,#403,.T.);
#4827=EDGE_CURVE('',#5780,#6024,#404,.T.);
#4828=EDGE_CURVE('',#6025,#5781,#405,.T.);
#4829=EDGE_CURVE('',#5782,#6028,#406,.T.);
#4830=EDGE_CURVE('',#6029,#5783,#407,.T.);
#4831=EDGE_CURVE('',#5784,#6032,#408,.T.);
#4832=EDGE_CURVE('',#6033,#5785,#409,.T.);
#4833=EDGE_CURVE('',#6036,#6037,#7171,.T.);
#4834=EDGE_CURVE('',#6036,#6038,#7172,.T.);
#4835=EDGE_CURVE('',#6038,#6039,#7173,.T.);
#4836=EDGE_CURVE('',#6039,#6037,#7174,.T.);
#4837=EDGE_CURVE('',#6040,#6041,#7175,.T.);
#4838=EDGE_CURVE('',#6040,#6042,#7176,.T.);
#4839=EDGE_CURVE('',#6042,#6043,#7177,.T.);
#4840=EDGE_CURVE('',#6043,#6041,#7178,.T.);
#4841=EDGE_CURVE('',#6044,#6045,#7179,.T.);
#4842=EDGE_CURVE('',#6044,#6046,#7180,.T.);
#4843=EDGE_CURVE('',#6046,#6047,#7181,.T.);
#4844=EDGE_CURVE('',#6047,#6045,#7182,.T.);
#4845=EDGE_CURVE('',#6048,#6049,#7183,.T.);
#4846=EDGE_CURVE('',#6048,#6050,#7184,.T.);
#4847=EDGE_CURVE('',#6050,#6051,#7185,.T.);
#4848=EDGE_CURVE('',#6051,#6049,#7186,.T.);
#4849=EDGE_CURVE('',#6052,#6053,#7187,.T.);
#4850=EDGE_CURVE('',#6052,#6054,#7188,.T.);
#4851=EDGE_CURVE('',#6054,#6055,#7189,.T.);
#4852=EDGE_CURVE('',#6055,#6053,#7190,.T.);
#4853=EDGE_CURVE('',#6056,#6057,#7191,.T.);
#4854=EDGE_CURVE('',#6056,#6058,#7192,.T.);
#4855=EDGE_CURVE('',#6058,#6059,#7193,.T.);
#4856=EDGE_CURVE('',#6059,#6057,#7194,.T.);
#4857=EDGE_CURVE('',#6060,#6061,#7195,.T.);
#4858=EDGE_CURVE('',#6060,#6062,#7196,.T.);
#4859=EDGE_CURVE('',#6062,#6063,#7197,.T.);
#4860=EDGE_CURVE('',#6063,#6061,#7198,.T.);
#4861=EDGE_CURVE('',#6064,#6065,#7199,.T.);
#4862=EDGE_CURVE('',#6064,#6066,#7200,.T.);
#4863=EDGE_CURVE('',#6066,#6067,#7201,.T.);
#4864=EDGE_CURVE('',#6067,#6065,#7202,.T.);
#4865=EDGE_CURVE('',#6068,#6069,#7203,.T.);
#4866=EDGE_CURVE('',#6068,#6070,#7204,.T.);
#4867=EDGE_CURVE('',#6070,#6071,#7205,.T.);
#4868=EDGE_CURVE('',#6071,#6069,#7206,.T.);
#4869=EDGE_CURVE('',#6072,#6073,#7207,.T.);
#4870=EDGE_CURVE('',#6072,#6074,#7208,.T.);
#4871=EDGE_CURVE('',#6074,#6075,#7209,.T.);
#4872=EDGE_CURVE('',#6075,#6073,#7210,.T.);
#4873=EDGE_CURVE('',#6076,#6077,#7211,.T.);
#4874=EDGE_CURVE('',#6076,#6078,#7212,.T.);
#4875=EDGE_CURVE('',#6078,#6079,#7213,.T.);
#4876=EDGE_CURVE('',#6079,#6077,#7214,.T.);
#4877=EDGE_CURVE('',#6080,#6081,#7215,.T.);
#4878=EDGE_CURVE('',#6080,#6082,#7216,.T.);
#4879=EDGE_CURVE('',#6082,#6083,#7217,.T.);
#4880=EDGE_CURVE('',#6083,#6081,#7218,.T.);
#4881=EDGE_CURVE('',#6084,#6085,#7219,.T.);
#4882=EDGE_CURVE('',#6084,#6086,#7220,.T.);
#4883=EDGE_CURVE('',#6086,#6087,#7221,.T.);
#4884=EDGE_CURVE('',#6087,#6085,#7222,.T.);
#4885=EDGE_CURVE('',#6088,#6089,#7223,.T.);
#4886=EDGE_CURVE('',#6088,#6090,#7224,.T.);
#4887=EDGE_CURVE('',#6090,#6091,#7225,.T.);
#4888=EDGE_CURVE('',#6091,#6089,#7226,.T.);
#4889=EDGE_CURVE('',#6092,#6093,#7227,.T.);
#4890=EDGE_CURVE('',#6092,#6094,#7228,.T.);
#4891=EDGE_CURVE('',#6094,#6095,#7229,.T.);
#4892=EDGE_CURVE('',#6095,#6093,#7230,.T.);
#4893=EDGE_CURVE('',#6096,#6097,#7231,.T.);
#4894=EDGE_CURVE('',#6096,#6098,#7232,.T.);
#4895=EDGE_CURVE('',#6098,#6099,#7233,.T.);
#4896=EDGE_CURVE('',#6099,#6097,#7234,.T.);
#4897=EDGE_CURVE('',#6100,#6101,#7235,.T.);
#4898=EDGE_CURVE('',#6100,#6102,#7236,.T.);
#4899=EDGE_CURVE('',#6102,#6103,#7237,.T.);
#4900=EDGE_CURVE('',#6103,#6101,#7238,.T.);
#4901=EDGE_CURVE('',#6104,#6105,#7239,.T.);
#4902=EDGE_CURVE('',#6104,#6106,#7240,.T.);
#4903=EDGE_CURVE('',#6106,#6107,#7241,.T.);
#4904=EDGE_CURVE('',#6107,#6105,#7242,.T.);
#4905=EDGE_CURVE('',#6108,#6109,#7243,.T.);
#4906=EDGE_CURVE('',#6108,#6110,#7244,.T.);
#4907=EDGE_CURVE('',#6110,#6111,#7245,.T.);
#4908=EDGE_CURVE('',#6111,#6109,#7246,.T.);
#4909=EDGE_CURVE('',#6112,#6113,#7247,.T.);
#4910=EDGE_CURVE('',#6112,#6114,#7248,.T.);
#4911=EDGE_CURVE('',#6114,#6115,#7249,.T.);
#4912=EDGE_CURVE('',#6115,#6113,#7250,.T.);
#4913=EDGE_CURVE('',#6116,#6117,#7251,.T.);
#4914=EDGE_CURVE('',#6116,#6118,#7252,.T.);
#4915=EDGE_CURVE('',#6118,#6119,#7253,.T.);
#4916=EDGE_CURVE('',#6119,#6117,#7254,.T.);
#4917=EDGE_CURVE('',#6120,#6121,#7255,.T.);
#4918=EDGE_CURVE('',#6120,#6122,#7256,.T.);
#4919=EDGE_CURVE('',#6122,#6123,#7257,.T.);
#4920=EDGE_CURVE('',#6123,#6121,#7258,.T.);
#4921=EDGE_CURVE('',#6124,#6125,#7259,.T.);
#4922=EDGE_CURVE('',#6124,#6126,#7260,.T.);
#4923=EDGE_CURVE('',#6126,#6127,#7261,.T.);
#4924=EDGE_CURVE('',#6127,#6125,#7262,.T.);
#4925=EDGE_CURVE('',#6128,#6129,#7263,.T.);
#4926=EDGE_CURVE('',#6128,#6130,#7264,.T.);
#4927=EDGE_CURVE('',#6130,#6131,#7265,.T.);
#4928=EDGE_CURVE('',#6131,#6129,#7266,.T.);
#4929=EDGE_CURVE('',#6132,#6133,#7267,.T.);
#4930=EDGE_CURVE('',#6132,#6134,#7268,.T.);
#4931=EDGE_CURVE('',#6134,#6135,#7269,.T.);
#4932=EDGE_CURVE('',#6135,#6133,#7270,.T.);
#4933=EDGE_CURVE('',#5536,#6038,#410,.T.);
#4934=EDGE_CURVE('',#6039,#5537,#411,.T.);
#4935=EDGE_CURVE('',#5538,#6042,#412,.T.);
#4936=EDGE_CURVE('',#6043,#5539,#413,.T.);
#4937=EDGE_CURVE('',#5540,#6046,#414,.T.);
#4938=EDGE_CURVE('',#6047,#5541,#415,.T.);
#4939=EDGE_CURVE('',#5542,#6050,#416,.T.);
#4940=EDGE_CURVE('',#6051,#5543,#417,.T.);
#4941=EDGE_CURVE('',#5544,#6054,#418,.T.);
#4942=EDGE_CURVE('',#6055,#5545,#419,.T.);
#4943=EDGE_CURVE('',#5546,#6058,#420,.T.);
#4944=EDGE_CURVE('',#6059,#5547,#421,.T.);
#4945=EDGE_CURVE('',#5548,#6062,#422,.T.);
#4946=EDGE_CURVE('',#6063,#5549,#423,.T.);
#4947=EDGE_CURVE('',#5550,#6066,#424,.T.);
#4948=EDGE_CURVE('',#6067,#5551,#425,.T.);
#4949=EDGE_CURVE('',#5552,#6070,#426,.T.);
#4950=EDGE_CURVE('',#6071,#5553,#427,.T.);
#4951=EDGE_CURVE('',#5554,#6074,#428,.T.);
#4952=EDGE_CURVE('',#6075,#5555,#429,.T.);
#4953=EDGE_CURVE('',#5556,#6078,#430,.T.);
#4954=EDGE_CURVE('',#6079,#5557,#431,.T.);
#4955=EDGE_CURVE('',#5558,#6082,#432,.T.);
#4956=EDGE_CURVE('',#6083,#5559,#433,.T.);
#4957=EDGE_CURVE('',#5560,#6086,#434,.T.);
#4958=EDGE_CURVE('',#6087,#5561,#435,.T.);
#4959=EDGE_CURVE('',#5562,#6090,#436,.T.);
#4960=EDGE_CURVE('',#6091,#5563,#437,.T.);
#4961=EDGE_CURVE('',#5564,#6094,#438,.T.);
#4962=EDGE_CURVE('',#6095,#5565,#439,.T.);
#4963=EDGE_CURVE('',#5566,#6098,#440,.T.);
#4964=EDGE_CURVE('',#6099,#5567,#441,.T.);
#4965=EDGE_CURVE('',#5568,#6102,#442,.T.);
#4966=EDGE_CURVE('',#6103,#5569,#443,.T.);
#4967=EDGE_CURVE('',#5570,#6106,#444,.T.);
#4968=EDGE_CURVE('',#6107,#5571,#445,.T.);
#4969=EDGE_CURVE('',#5572,#6110,#446,.T.);
#4970=EDGE_CURVE('',#6111,#5573,#447,.T.);
#4971=EDGE_CURVE('',#5574,#6114,#448,.T.);
#4972=EDGE_CURVE('',#6115,#5575,#449,.T.);
#4973=EDGE_CURVE('',#5576,#6118,#450,.T.);
#4974=EDGE_CURVE('',#6119,#5577,#451,.T.);
#4975=EDGE_CURVE('',#5578,#6122,#452,.T.);
#4976=EDGE_CURVE('',#6123,#5579,#453,.T.);
#4977=EDGE_CURVE('',#5580,#6126,#454,.T.);
#4978=EDGE_CURVE('',#6127,#5581,#455,.T.);
#4979=EDGE_CURVE('',#5582,#6130,#456,.T.);
#4980=EDGE_CURVE('',#6131,#5583,#457,.T.);
#4981=EDGE_CURVE('',#5584,#6134,#458,.T.);
#4982=EDGE_CURVE('',#6135,#5585,#459,.T.);
#4983=EDGE_CURVE('',#5638,#5886,#7271,.T.);
#4984=EDGE_CURVE('',#5639,#5887,#7272,.T.);
#4985=EDGE_CURVE('',#5642,#5888,#7273,.T.);
#4986=EDGE_CURVE('',#5643,#5889,#7274,.T.);
#4987=EDGE_CURVE('',#5646,#5890,#7275,.T.);
#4988=EDGE_CURVE('',#5647,#5891,#7276,.T.);
#4989=EDGE_CURVE('',#5650,#5892,#7277,.T.);
#4990=EDGE_CURVE('',#5651,#5893,#7278,.T.);
#4991=EDGE_CURVE('',#5654,#5894,#7279,.T.);
#4992=EDGE_CURVE('',#5655,#5895,#7280,.T.);
#4993=EDGE_CURVE('',#5658,#5896,#7281,.T.);
#4994=EDGE_CURVE('',#5659,#5897,#7282,.T.);
#4995=EDGE_CURVE('',#5662,#5898,#7283,.T.);
#4996=EDGE_CURVE('',#5663,#5899,#7284,.T.);
#4997=EDGE_CURVE('',#5666,#5900,#7285,.T.);
#4998=EDGE_CURVE('',#5667,#5901,#7286,.T.);
#4999=EDGE_CURVE('',#5670,#5902,#7287,.T.);
#5000=EDGE_CURVE('',#5671,#5903,#7288,.T.);
#5001=EDGE_CURVE('',#5674,#5904,#7289,.T.);
#5002=EDGE_CURVE('',#5675,#5905,#7290,.T.);
#5003=EDGE_CURVE('',#5678,#5906,#7291,.T.);
#5004=EDGE_CURVE('',#5679,#5907,#7292,.T.);
#5005=EDGE_CURVE('',#5682,#5908,#7293,.T.);
#5006=EDGE_CURVE('',#5683,#5909,#7294,.T.);
#5007=EDGE_CURVE('',#5686,#5910,#7295,.T.);
#5008=EDGE_CURVE('',#5687,#5911,#7296,.T.);
#5009=EDGE_CURVE('',#5690,#5912,#7297,.T.);
#5010=EDGE_CURVE('',#5691,#5913,#7298,.T.);
#5011=EDGE_CURVE('',#5694,#5914,#7299,.T.);
#5012=EDGE_CURVE('',#5695,#5915,#7300,.T.);
#5013=EDGE_CURVE('',#5698,#5916,#7301,.T.);
#5014=EDGE_CURVE('',#5699,#5917,#7302,.T.);
#5015=EDGE_CURVE('',#5702,#5918,#7303,.T.);
#5016=EDGE_CURVE('',#5703,#5919,#7304,.T.);
#5017=EDGE_CURVE('',#5706,#5920,#7305,.T.);
#5018=EDGE_CURVE('',#5707,#5921,#7306,.T.);
#5019=EDGE_CURVE('',#5710,#5922,#7307,.T.);
#5020=EDGE_CURVE('',#5711,#5923,#7308,.T.);
#5021=EDGE_CURVE('',#5714,#5924,#7309,.T.);
#5022=EDGE_CURVE('',#5715,#5925,#7310,.T.);
#5023=EDGE_CURVE('',#5718,#5926,#7311,.T.);
#5024=EDGE_CURVE('',#5719,#5927,#7312,.T.);
#5025=EDGE_CURVE('',#5722,#5928,#7313,.T.);
#5026=EDGE_CURVE('',#5723,#5929,#7314,.T.);
#5027=EDGE_CURVE('',#5726,#5930,#7315,.T.);
#5028=EDGE_CURVE('',#5727,#5931,#7316,.T.);
#5029=EDGE_CURVE('',#5730,#5932,#7317,.T.);
#5030=EDGE_CURVE('',#5731,#5933,#7318,.T.);
#5031=EDGE_CURVE('',#5734,#5934,#7319,.T.);
#5032=EDGE_CURVE('',#5735,#5935,#7320,.T.);
#5033=EDGE_CURVE('',#5938,#6036,#7321,.T.);
#5034=EDGE_CURVE('',#5939,#6037,#7322,.T.);
#5035=EDGE_CURVE('',#5942,#6040,#7323,.T.);
#5036=EDGE_CURVE('',#5943,#6041,#7324,.T.);
#5037=EDGE_CURVE('',#5946,#6044,#7325,.T.);
#5038=EDGE_CURVE('',#5947,#6045,#7326,.T.);
#5039=EDGE_CURVE('',#5950,#6048,#7327,.T.);
#5040=EDGE_CURVE('',#5951,#6049,#7328,.T.);
#5041=EDGE_CURVE('',#5954,#6052,#7329,.T.);
#5042=EDGE_CURVE('',#5955,#6053,#7330,.T.);
#5043=EDGE_CURVE('',#5958,#6056,#7331,.T.);
#5044=EDGE_CURVE('',#5959,#6057,#7332,.T.);
#5045=EDGE_CURVE('',#5962,#6060,#7333,.T.);
#5046=EDGE_CURVE('',#5963,#6061,#7334,.T.);
#5047=EDGE_CURVE('',#5966,#6064,#7335,.T.);
#5048=EDGE_CURVE('',#5967,#6065,#7336,.T.);
#5049=EDGE_CURVE('',#5970,#6068,#7337,.T.);
#5050=EDGE_CURVE('',#5971,#6069,#7338,.T.);
#5051=EDGE_CURVE('',#5974,#6072,#7339,.T.);
#5052=EDGE_CURVE('',#5975,#6073,#7340,.T.);
#5053=EDGE_CURVE('',#5978,#6076,#7341,.T.);
#5054=EDGE_CURVE('',#5979,#6077,#7342,.T.);
#5055=EDGE_CURVE('',#5982,#6080,#7343,.T.);
#5056=EDGE_CURVE('',#5983,#6081,#7344,.T.);
#5057=EDGE_CURVE('',#5986,#6084,#7345,.T.);
#5058=EDGE_CURVE('',#5987,#6085,#7346,.T.);
#5059=EDGE_CURVE('',#5990,#6088,#7347,.T.);
#5060=EDGE_CURVE('',#5991,#6089,#7348,.T.);
#5061=EDGE_CURVE('',#5994,#6092,#7349,.T.);
#5062=EDGE_CURVE('',#5995,#6093,#7350,.T.);
#5063=EDGE_CURVE('',#5998,#6096,#7351,.T.);
#5064=EDGE_CURVE('',#5999,#6097,#7352,.T.);
#5065=EDGE_CURVE('',#6002,#6100,#7353,.T.);
#5066=EDGE_CURVE('',#6003,#6101,#7354,.T.);
#5067=EDGE_CURVE('',#6006,#6104,#7355,.T.);
#5068=EDGE_CURVE('',#6007,#6105,#7356,.T.);
#5069=EDGE_CURVE('',#6010,#6108,#7357,.T.);
#5070=EDGE_CURVE('',#6011,#6109,#7358,.T.);
#5071=EDGE_CURVE('',#6014,#6112,#7359,.T.);
#5072=EDGE_CURVE('',#6015,#6113,#7360,.T.);
#5073=EDGE_CURVE('',#6018,#6116,#7361,.T.);
#5074=EDGE_CURVE('',#6019,#6117,#7362,.T.);
#5075=EDGE_CURVE('',#6022,#6120,#7363,.T.);
#5076=EDGE_CURVE('',#6023,#6121,#7364,.T.);
#5077=EDGE_CURVE('',#6026,#6124,#7365,.T.);
#5078=EDGE_CURVE('',#6027,#6125,#7366,.T.);
#5079=EDGE_CURVE('',#6030,#6128,#7367,.T.);
#5080=EDGE_CURVE('',#6031,#6129,#7368,.T.);
#5081=EDGE_CURVE('',#6034,#6132,#7369,.T.);
#5082=EDGE_CURVE('',#6035,#6133,#7370,.T.);
#5083=VERTEX_POINT('',#15446);
#5084=VERTEX_POINT('',#15447);
#5085=VERTEX_POINT('',#15449);
#5086=VERTEX_POINT('',#15451);
#5087=VERTEX_POINT('',#15454);
#5088=VERTEX_POINT('',#15455);
#5089=VERTEX_POINT('',#15457);
#5090=VERTEX_POINT('',#15459);
#5091=VERTEX_POINT('',#15462);
#5092=VERTEX_POINT('',#15463);
#5093=VERTEX_POINT('',#15465);
#5094=VERTEX_POINT('',#15467);
#5095=VERTEX_POINT('',#15469);
#5096=VERTEX_POINT('',#15471);
#5097=VERTEX_POINT('',#15473);
#5098=VERTEX_POINT('',#15475);
#5099=VERTEX_POINT('',#15477);
#5100=VERTEX_POINT('',#15479);
#5101=VERTEX_POINT('',#15481);
#5102=VERTEX_POINT('',#15483);
#5103=VERTEX_POINT('',#15486);
#5104=VERTEX_POINT('',#15487);
#5105=VERTEX_POINT('',#15489);
#5106=VERTEX_POINT('',#15491);
#5107=VERTEX_POINT('',#15494);
#5108=VERTEX_POINT('',#15495);
#5109=VERTEX_POINT('',#15497);
#5110=VERTEX_POINT('',#15499);
#5111=VERTEX_POINT('',#15503);
#5112=VERTEX_POINT('',#15504);
#5113=VERTEX_POINT('',#15506);
#5114=VERTEX_POINT('',#15508);
#5115=VERTEX_POINT('',#15510);
#5116=VERTEX_POINT('',#15514);
#5117=VERTEX_POINT('',#15515);
#5118=VERTEX_POINT('',#15517);
#5119=VERTEX_POINT('',#15519);
#5120=VERTEX_POINT('',#15521);
#5121=VERTEX_POINT('',#15526);
#5122=VERTEX_POINT('',#15528);
#5123=VERTEX_POINT('',#15530);
#5124=VERTEX_POINT('',#15532);
#5125=VERTEX_POINT('',#15534);
#5126=VERTEX_POINT('',#15536);
#5127=VERTEX_POINT('',#15538);
#5128=VERTEX_POINT('',#15540);
#5129=VERTEX_POINT('',#15544);
#5130=VERTEX_POINT('',#15546);
#5131=VERTEX_POINT('',#15550);
#5132=VERTEX_POINT('',#15551);
#5133=VERTEX_POINT('',#15553);
#5134=VERTEX_POINT('',#15555);
#5135=VERTEX_POINT('',#15559);
#5136=VERTEX_POINT('',#15561);
#5137=VERTEX_POINT('',#15563);
#5138=VERTEX_POINT('',#15565);
#5139=VERTEX_POINT('',#15573);
#5140=VERTEX_POINT('',#15574);
#5141=VERTEX_POINT('',#15576);
#5142=VERTEX_POINT('',#15578);
#5143=VERTEX_POINT('',#15580);
#5144=VERTEX_POINT('',#15582);
#5145=VERTEX_POINT('',#15586);
#5146=VERTEX_POINT('',#15587);
#5147=VERTEX_POINT('',#15589);
#5148=VERTEX_POINT('',#15591);
#5149=VERTEX_POINT('',#15594);
#5150=VERTEX_POINT('',#15596);
#5151=VERTEX_POINT('',#15599);
#5152=VERTEX_POINT('',#15601);
#5153=VERTEX_POINT('',#15605);
#5154=VERTEX_POINT('',#15609);
#5155=VERTEX_POINT('',#15610);
#5156=VERTEX_POINT('',#15616);
#5157=VERTEX_POINT('',#15620);
#5158=VERTEX_POINT('',#15622);
#5159=VERTEX_POINT('',#15631);
#5160=VERTEX_POINT('',#15632);
#5161=VERTEX_POINT('',#15635);
#5162=VERTEX_POINT('',#15639);
#5163=VERTEX_POINT('',#15652);
#5164=VERTEX_POINT('',#15659);
#5165=VERTEX_POINT('',#15661);
#5166=VERTEX_POINT('',#15665);
#5167=VERTEX_POINT('',#15667);
#5168=VERTEX_POINT('',#15676);
#5169=VERTEX_POINT('',#15678);
#5170=VERTEX_POINT('',#15680);
#5171=VERTEX_POINT('',#15682);
#5172=VERTEX_POINT('',#15684);
#5173=VERTEX_POINT('',#15686);
#5174=VERTEX_POINT('',#15688);
#5175=VERTEX_POINT('',#15690);
#5176=VERTEX_POINT('',#15694);
#5177=VERTEX_POINT('',#15696);
#5178=VERTEX_POINT('',#15698);
#5179=VERTEX_POINT('',#15700);
#5180=VERTEX_POINT('',#15702);
#5181=VERTEX_POINT('',#15704);
#5182=VERTEX_POINT('',#15706);
#5183=VERTEX_POINT('',#15708);
#5184=VERTEX_POINT('',#15710);
#5185=VERTEX_POINT('',#15712);
#5186=VERTEX_POINT('',#15728);
#5187=VERTEX_POINT('',#15729);
#5188=VERTEX_POINT('',#15734);
#5189=VERTEX_POINT('',#15738);
#5190=VERTEX_POINT('',#15742);
#5191=VERTEX_POINT('',#15746);
#5192=VERTEX_POINT('',#15750);
#5193=VERTEX_POINT('',#15754);
#5194=VERTEX_POINT('',#15758);
#5195=VERTEX_POINT('',#15762);
#5196=VERTEX_POINT('',#15766);
#5197=VERTEX_POINT('',#15770);
#5198=VERTEX_POINT('',#15781);
#5199=VERTEX_POINT('',#15782);
#5200=VERTEX_POINT('',#15787);
#5201=VERTEX_POINT('',#15791);
#5202=VERTEX_POINT('',#15795);
#5203=VERTEX_POINT('',#15799);
#5204=VERTEX_POINT('',#15806);
#5205=VERTEX_POINT('',#15808);
#5206=VERTEX_POINT('',#15812);
#5207=VERTEX_POINT('',#15816);
#5208=VERTEX_POINT('',#15823);
#5209=VERTEX_POINT('',#15825);
#5210=VERTEX_POINT('',#15829);
#5211=VERTEX_POINT('',#15833);
#5212=VERTEX_POINT('',#15840);
#5213=VERTEX_POINT('',#15842);
#5214=VERTEX_POINT('',#15846);
#5215=VERTEX_POINT('',#15850);
#5216=VERTEX_POINT('',#15857);
#5217=VERTEX_POINT('',#15859);
#5218=VERTEX_POINT('',#15863);
#5219=VERTEX_POINT('',#15867);
#5220=VERTEX_POINT('',#15875);
#5221=VERTEX_POINT('',#15876);
#5222=VERTEX_POINT('',#15878);
#5223=VERTEX_POINT('',#15880);
#5224=VERTEX_POINT('',#15884);
#5225=VERTEX_POINT('',#15885);
#5226=VERTEX_POINT('',#15887);
#5227=VERTEX_POINT('',#15889);
#5228=VERTEX_POINT('',#15899);
#5229=VERTEX_POINT('',#15901);
#5230=VERTEX_POINT('',#15903);
#5231=VERTEX_POINT('',#15905);
#5232=VERTEX_POINT('',#15907);
#5233=VERTEX_POINT('',#15909);
#5234=VERTEX_POINT('',#15911);
#5235=VERTEX_POINT('',#15913);
#5236=VERTEX_POINT('',#15915);
#5237=VERTEX_POINT('',#15917);
#5238=VERTEX_POINT('',#15919);
#5239=VERTEX_POINT('',#15921);
#5240=VERTEX_POINT('',#15923);
#5241=VERTEX_POINT('',#15925);
#5242=VERTEX_POINT('',#15927);
#5243=VERTEX_POINT('',#15929);
#5244=VERTEX_POINT('',#15931);
#5245=VERTEX_POINT('',#15933);
#5246=VERTEX_POINT('',#15935);
#5247=VERTEX_POINT('',#15937);
#5248=VERTEX_POINT('',#15939);
#5249=VERTEX_POINT('',#15941);
#5250=VERTEX_POINT('',#15943);
#5251=VERTEX_POINT('',#15945);
#5252=VERTEX_POINT('',#15947);
#5253=VERTEX_POINT('',#15949);
#5254=VERTEX_POINT('',#15951);
#5255=VERTEX_POINT('',#15953);
#5256=VERTEX_POINT('',#15955);
#5257=VERTEX_POINT('',#15957);
#5258=VERTEX_POINT('',#15959);
#5259=VERTEX_POINT('',#15961);
#5260=VERTEX_POINT('',#15963);
#5261=VERTEX_POINT('',#15965);
#5262=VERTEX_POINT('',#15967);
#5263=VERTEX_POINT('',#15969);
#5264=VERTEX_POINT('',#15971);
#5265=VERTEX_POINT('',#15973);
#5266=VERTEX_POINT('',#15975);
#5267=VERTEX_POINT('',#15977);
#5268=VERTEX_POINT('',#15979);
#5269=VERTEX_POINT('',#15981);
#5270=VERTEX_POINT('',#15983);
#5271=VERTEX_POINT('',#15985);
#5272=VERTEX_POINT('',#15987);
#5273=VERTEX_POINT('',#15989);
#5274=VERTEX_POINT('',#15991);
#5275=VERTEX_POINT('',#15993);
#5276=VERTEX_POINT('',#15995);
#5277=VERTEX_POINT('',#15997);
#5278=VERTEX_POINT('',#16000);
#5279=VERTEX_POINT('',#16003);
#5280=VERTEX_POINT('',#16006);
#5281=VERTEX_POINT('',#16009);
#5282=VERTEX_POINT('',#16012);
#5283=VERTEX_POINT('',#16015);
#5284=VERTEX_POINT('',#16018);
#5285=VERTEX_POINT('',#16021);
#5286=VERTEX_POINT('',#16024);
#5287=VERTEX_POINT('',#16027);
#5288=VERTEX_POINT('',#16030);
#5289=VERTEX_POINT('',#16033);
#5290=VERTEX_POINT('',#16036);
#5291=VERTEX_POINT('',#16039);
#5292=VERTEX_POINT('',#16042);
#5293=VERTEX_POINT('',#16045);
#5294=VERTEX_POINT('',#16048);
#5295=VERTEX_POINT('',#16051);
#5296=VERTEX_POINT('',#16054);
#5297=VERTEX_POINT('',#16057);
#5298=VERTEX_POINT('',#16060);
#5299=VERTEX_POINT('',#16063);
#5300=VERTEX_POINT('',#16066);
#5301=VERTEX_POINT('',#16069);
#5302=VERTEX_POINT('',#16072);
#5303=VERTEX_POINT('',#16075);
#5304=VERTEX_POINT('',#16078);
#5305=VERTEX_POINT('',#16081);
#5306=VERTEX_POINT('',#16084);
#5307=VERTEX_POINT('',#16087);
#5308=VERTEX_POINT('',#16090);
#5309=VERTEX_POINT('',#16093);
#5310=VERTEX_POINT('',#16096);
#5311=VERTEX_POINT('',#16099);
#5312=VERTEX_POINT('',#16102);
#5313=VERTEX_POINT('',#16105);
#5314=VERTEX_POINT('',#16108);
#5315=VERTEX_POINT('',#16111);
#5316=VERTEX_POINT('',#16114);
#5317=VERTEX_POINT('',#16117);
#5318=VERTEX_POINT('',#16120);
#5319=VERTEX_POINT('',#16123);
#5320=VERTEX_POINT('',#16126);
#5321=VERTEX_POINT('',#16129);
#5322=VERTEX_POINT('',#16132);
#5323=VERTEX_POINT('',#16135);
#5324=VERTEX_POINT('',#16138);
#5325=VERTEX_POINT('',#16141);
#5326=VERTEX_POINT('',#16144);
#5327=VERTEX_POINT('',#16147);
#5328=VERTEX_POINT('',#16202);
#5329=VERTEX_POINT('',#16203);
#5330=VERTEX_POINT('',#16205);
#5331=VERTEX_POINT('',#16207);
#5332=VERTEX_POINT('',#16211);
#5333=VERTEX_POINT('',#16212);
#5334=VERTEX_POINT('',#16214);
#5335=VERTEX_POINT('',#16216);
#5336=VERTEX_POINT('',#16226);
#5337=VERTEX_POINT('',#16227);
#5338=VERTEX_POINT('',#16229);
#5339=VERTEX_POINT('',#16231);
#5340=VERTEX_POINT('',#16235);
#5341=VERTEX_POINT('',#16236);
#5342=VERTEX_POINT('',#16238);
#5343=VERTEX_POINT('',#16240);
#5344=VERTEX_POINT('',#16244);
#5345=VERTEX_POINT('',#16245);
#5346=VERTEX_POINT('',#16247);
#5347=VERTEX_POINT('',#16249);
#5348=VERTEX_POINT('',#16253);
#5349=VERTEX_POINT('',#16254);
#5350=VERTEX_POINT('',#16256);
#5351=VERTEX_POINT('',#16258);
#5352=VERTEX_POINT('',#16262);
#5353=VERTEX_POINT('',#16263);
#5354=VERTEX_POINT('',#16265);
#5355=VERTEX_POINT('',#16267);
#5356=VERTEX_POINT('',#16271);
#5357=VERTEX_POINT('',#16272);
#5358=VERTEX_POINT('',#16274);
#5359=VERTEX_POINT('',#16276);
#5360=VERTEX_POINT('',#16280);
#5361=VERTEX_POINT('',#16281);
#5362=VERTEX_POINT('',#16283);
#5363=VERTEX_POINT('',#16285);
#5364=VERTEX_POINT('',#16289);
#5365=VERTEX_POINT('',#16290);
#5366=VERTEX_POINT('',#16292);
#5367=VERTEX_POINT('',#16294);
#5368=VERTEX_POINT('',#16298);
#5369=VERTEX_POINT('',#16299);
#5370=VERTEX_POINT('',#16301);
#5371=VERTEX_POINT('',#16303);
#5372=VERTEX_POINT('',#16307);
#5373=VERTEX_POINT('',#16308);
#5374=VERTEX_POINT('',#16310);
#5375=VERTEX_POINT('',#16312);
#5376=VERTEX_POINT('',#16316);
#5377=VERTEX_POINT('',#16317);
#5378=VERTEX_POINT('',#16319);
#5379=VERTEX_POINT('',#16321);
#5380=VERTEX_POINT('',#16325);
#5381=VERTEX_POINT('',#16326);
#5382=VERTEX_POINT('',#16328);
#5383=VERTEX_POINT('',#16330);
#5384=VERTEX_POINT('',#16334);
#5385=VERTEX_POINT('',#16335);
#5386=VERTEX_POINT('',#16337);
#5387=VERTEX_POINT('',#16339);
#5388=VERTEX_POINT('',#16343);
#5389=VERTEX_POINT('',#16344);
#5390=VERTEX_POINT('',#16346);
#5391=VERTEX_POINT('',#16348);
#5392=VERTEX_POINT('',#16352);
#5393=VERTEX_POINT('',#16353);
#5394=VERTEX_POINT('',#16355);
#5395=VERTEX_POINT('',#16357);
#5396=VERTEX_POINT('',#16361);
#5397=VERTEX_POINT('',#16362);
#5398=VERTEX_POINT('',#16364);
#5399=VERTEX_POINT('',#16366);
#5400=VERTEX_POINT('',#16370);
#5401=VERTEX_POINT('',#16371);
#5402=VERTEX_POINT('',#16373);
#5403=VERTEX_POINT('',#16375);
#5404=VERTEX_POINT('',#16379);
#5405=VERTEX_POINT('',#16380);
#5406=VERTEX_POINT('',#16382);
#5407=VERTEX_POINT('',#16384);
#5408=VERTEX_POINT('',#16388);
#5409=VERTEX_POINT('',#16389);
#5410=VERTEX_POINT('',#16391);
#5411=VERTEX_POINT('',#16393);
#5412=VERTEX_POINT('',#16397);
#5413=VERTEX_POINT('',#16398);
#5414=VERTEX_POINT('',#16400);
#5415=VERTEX_POINT('',#16402);
#5416=VERTEX_POINT('',#16406);
#5417=VERTEX_POINT('',#16407);
#5418=VERTEX_POINT('',#16409);
#5419=VERTEX_POINT('',#16411);
#5420=VERTEX_POINT('',#16415);
#5421=VERTEX_POINT('',#16416);
#5422=VERTEX_POINT('',#16418);
#5423=VERTEX_POINT('',#16420);
#5424=VERTEX_POINT('',#16424);
#5425=VERTEX_POINT('',#16425);
#5426=VERTEX_POINT('',#16427);
#5427=VERTEX_POINT('',#16429);
#5428=VERTEX_POINT('',#16433);
#5429=VERTEX_POINT('',#16434);
#5430=VERTEX_POINT('',#16436);
#5431=VERTEX_POINT('',#16438);
#5432=VERTEX_POINT('',#16442);
#5433=VERTEX_POINT('',#16443);
#5434=VERTEX_POINT('',#16445);
#5435=VERTEX_POINT('',#16447);
#5436=VERTEX_POINT('',#16451);
#5437=VERTEX_POINT('',#16452);
#5438=VERTEX_POINT('',#16454);
#5439=VERTEX_POINT('',#16456);
#5440=VERTEX_POINT('',#16460);
#5441=VERTEX_POINT('',#16461);
#5442=VERTEX_POINT('',#16463);
#5443=VERTEX_POINT('',#16465);
#5444=VERTEX_POINT('',#16469);
#5445=VERTEX_POINT('',#16470);
#5446=VERTEX_POINT('',#16472);
#5447=VERTEX_POINT('',#16474);
#5448=VERTEX_POINT('',#16478);
#5449=VERTEX_POINT('',#16479);
#5450=VERTEX_POINT('',#16481);
#5451=VERTEX_POINT('',#16483);
#5452=VERTEX_POINT('',#16487);
#5453=VERTEX_POINT('',#16488);
#5454=VERTEX_POINT('',#16490);
#5455=VERTEX_POINT('',#16492);
#5456=VERTEX_POINT('',#16496);
#5457=VERTEX_POINT('',#16497);
#5458=VERTEX_POINT('',#16499);
#5459=VERTEX_POINT('',#16501);
#5460=VERTEX_POINT('',#16505);
#5461=VERTEX_POINT('',#16506);
#5462=VERTEX_POINT('',#16508);
#5463=VERTEX_POINT('',#16510);
#5464=VERTEX_POINT('',#16514);
#5465=VERTEX_POINT('',#16515);
#5466=VERTEX_POINT('',#16517);
#5467=VERTEX_POINT('',#16519);
#5468=VERTEX_POINT('',#16523);
#5469=VERTEX_POINT('',#16524);
#5470=VERTEX_POINT('',#16526);
#5471=VERTEX_POINT('',#16528);
#5472=VERTEX_POINT('',#16532);
#5473=VERTEX_POINT('',#16533);
#5474=VERTEX_POINT('',#16535);
#5475=VERTEX_POINT('',#16537);
#5476=VERTEX_POINT('',#16541);
#5477=VERTEX_POINT('',#16542);
#5478=VERTEX_POINT('',#16544);
#5479=VERTEX_POINT('',#16546);
#5480=VERTEX_POINT('',#16550);
#5481=VERTEX_POINT('',#16551);
#5482=VERTEX_POINT('',#16553);
#5483=VERTEX_POINT('',#16555);
#5484=VERTEX_POINT('',#16559);
#5485=VERTEX_POINT('',#16560);
#5486=VERTEX_POINT('',#16562);
#5487=VERTEX_POINT('',#16564);
#5488=VERTEX_POINT('',#16568);
#5489=VERTEX_POINT('',#16569);
#5490=VERTEX_POINT('',#16571);
#5491=VERTEX_POINT('',#16573);
#5492=VERTEX_POINT('',#16577);
#5493=VERTEX_POINT('',#16578);
#5494=VERTEX_POINT('',#16580);
#5495=VERTEX_POINT('',#16582);
#5496=VERTEX_POINT('',#16586);
#5497=VERTEX_POINT('',#16587);
#5498=VERTEX_POINT('',#16589);
#5499=VERTEX_POINT('',#16591);
#5500=VERTEX_POINT('',#16595);
#5501=VERTEX_POINT('',#16596);
#5502=VERTEX_POINT('',#16598);
#5503=VERTEX_POINT('',#16600);
#5504=VERTEX_POINT('',#16604);
#5505=VERTEX_POINT('',#16605);
#5506=VERTEX_POINT('',#16607);
#5507=VERTEX_POINT('',#16609);
#5508=VERTEX_POINT('',#16613);
#5509=VERTEX_POINT('',#16614);
#5510=VERTEX_POINT('',#16616);
#5511=VERTEX_POINT('',#16618);
#5512=VERTEX_POINT('',#16622);
#5513=VERTEX_POINT('',#16623);
#5514=VERTEX_POINT('',#16625);
#5515=VERTEX_POINT('',#16627);
#5516=VERTEX_POINT('',#16631);
#5517=VERTEX_POINT('',#16632);
#5518=VERTEX_POINT('',#16634);
#5519=VERTEX_POINT('',#16636);
#5520=VERTEX_POINT('',#16640);
#5521=VERTEX_POINT('',#16641);
#5522=VERTEX_POINT('',#16643);
#5523=VERTEX_POINT('',#16645);
#5524=VERTEX_POINT('',#16649);
#5525=VERTEX_POINT('',#16650);
#5526=VERTEX_POINT('',#16652);
#5527=VERTEX_POINT('',#16654);
#5528=VERTEX_POINT('',#16658);
#5529=VERTEX_POINT('',#16659);
#5530=VERTEX_POINT('',#16661);
#5531=VERTEX_POINT('',#16663);
#5532=VERTEX_POINT('',#16667);
#5533=VERTEX_POINT('',#16668);
#5534=VERTEX_POINT('',#16670);
#5535=VERTEX_POINT('',#16672);
#5536=VERTEX_POINT('',#16676);
#5537=VERTEX_POINT('',#16678);
#5538=VERTEX_POINT('',#16682);
#5539=VERTEX_POINT('',#16684);
#5540=VERTEX_POINT('',#16688);
#5541=VERTEX_POINT('',#16690);
#5542=VERTEX_POINT('',#16694);
#5543=VERTEX_POINT('',#16696);
#5544=VERTEX_POINT('',#16700);
#5545=VERTEX_POINT('',#16702);
#5546=VERTEX_POINT('',#16706);
#5547=VERTEX_POINT('',#16708);
#5548=VERTEX_POINT('',#16712);
#5549=VERTEX_POINT('',#16714);
#5550=VERTEX_POINT('',#16718);
#5551=VERTEX_POINT('',#16720);
#5552=VERTEX_POINT('',#16724);
#5553=VERTEX_POINT('',#16726);
#5554=VERTEX_POINT('',#16730);
#5555=VERTEX_POINT('',#16732);
#5556=VERTEX_POINT('',#16736);
#5557=VERTEX_POINT('',#16738);
#5558=VERTEX_POINT('',#16742);
#5559=VERTEX_POINT('',#16744);
#5560=VERTEX_POINT('',#16748);
#5561=VERTEX_POINT('',#16750);
#5562=VERTEX_POINT('',#16754);
#5563=VERTEX_POINT('',#16756);
#5564=VERTEX_POINT('',#16760);
#5565=VERTEX_POINT('',#16762);
#5566=VERTEX_POINT('',#16766);
#5567=VERTEX_POINT('',#16768);
#5568=VERTEX_POINT('',#16772);
#5569=VERTEX_POINT('',#16774);
#5570=VERTEX_POINT('',#16778);
#5571=VERTEX_POINT('',#16780);
#5572=VERTEX_POINT('',#16784);
#5573=VERTEX_POINT('',#16786);
#5574=VERTEX_POINT('',#16790);
#5575=VERTEX_POINT('',#16792);
#5576=VERTEX_POINT('',#16796);
#5577=VERTEX_POINT('',#16798);
#5578=VERTEX_POINT('',#16802);
#5579=VERTEX_POINT('',#16804);
#5580=VERTEX_POINT('',#16808);
#5581=VERTEX_POINT('',#16810);
#5582=VERTEX_POINT('',#16814);
#5583=VERTEX_POINT('',#16816);
#5584=VERTEX_POINT('',#16820);
#5585=VERTEX_POINT('',#16822);
#5586=VERTEX_POINT('',#16826);
#5587=VERTEX_POINT('',#16828);
#5588=VERTEX_POINT('',#16832);
#5589=VERTEX_POINT('',#16834);
#5590=VERTEX_POINT('',#16838);
#5591=VERTEX_POINT('',#16840);
#5592=VERTEX_POINT('',#16844);
#5593=VERTEX_POINT('',#16846);
#5594=VERTEX_POINT('',#16850);
#5595=VERTEX_POINT('',#16852);
#5596=VERTEX_POINT('',#16856);
#5597=VERTEX_POINT('',#16858);
#5598=VERTEX_POINT('',#16862);
#5599=VERTEX_POINT('',#16864);
#5600=VERTEX_POINT('',#16868);
#5601=VERTEX_POINT('',#16870);
#5602=VERTEX_POINT('',#16874);
#5603=VERTEX_POINT('',#16876);
#5604=VERTEX_POINT('',#16880);
#5605=VERTEX_POINT('',#16882);
#5606=VERTEX_POINT('',#16886);
#5607=VERTEX_POINT('',#16888);
#5608=VERTEX_POINT('',#16892);
#5609=VERTEX_POINT('',#16894);
#5610=VERTEX_POINT('',#16898);
#5611=VERTEX_POINT('',#16900);
#5612=VERTEX_POINT('',#16904);
#5613=VERTEX_POINT('',#16906);
#5614=VERTEX_POINT('',#16910);
#5615=VERTEX_POINT('',#16912);
#5616=VERTEX_POINT('',#16916);
#5617=VERTEX_POINT('',#16918);
#5618=VERTEX_POINT('',#16922);
#5619=VERTEX_POINT('',#16924);
#5620=VERTEX_POINT('',#16928);
#5621=VERTEX_POINT('',#16930);
#5622=VERTEX_POINT('',#16934);
#5623=VERTEX_POINT('',#16936);
#5624=VERTEX_POINT('',#16940);
#5625=VERTEX_POINT('',#16942);
#5626=VERTEX_POINT('',#16946);
#5627=VERTEX_POINT('',#16948);
#5628=VERTEX_POINT('',#16952);
#5629=VERTEX_POINT('',#16954);
#5630=VERTEX_POINT('',#16958);
#5631=VERTEX_POINT('',#16960);
#5632=VERTEX_POINT('',#16964);
#5633=VERTEX_POINT('',#16966);
#5634=VERTEX_POINT('',#16970);
#5635=VERTEX_POINT('',#16972);
#5636=VERTEX_POINT('',#16976);
#5637=VERTEX_POINT('',#16977);
#5638=VERTEX_POINT('',#16979);
#5639=VERTEX_POINT('',#16981);
#5640=VERTEX_POINT('',#16985);
#5641=VERTEX_POINT('',#16986);
#5642=VERTEX_POINT('',#16988);
#5643=VERTEX_POINT('',#16990);
#5644=VERTEX_POINT('',#16994);
#5645=VERTEX_POINT('',#16995);
#5646=VERTEX_POINT('',#16997);
#5647=VERTEX_POINT('',#16999);
#5648=VERTEX_POINT('',#17003);
#5649=VERTEX_POINT('',#17004);
#5650=VERTEX_POINT('',#17006);
#5651=VERTEX_POINT('',#17008);
#5652=VERTEX_POINT('',#17012);
#5653=VERTEX_POINT('',#17013);
#5654=VERTEX_POINT('',#17015);
#5655=VERTEX_POINT('',#17017);
#5656=VERTEX_POINT('',#17021);
#5657=VERTEX_POINT('',#17022);
#5658=VERTEX_POINT('',#17024);
#5659=VERTEX_POINT('',#17026);
#5660=VERTEX_POINT('',#17030);
#5661=VERTEX_POINT('',#17031);
#5662=VERTEX_POINT('',#17033);
#5663=VERTEX_POINT('',#17035);
#5664=VERTEX_POINT('',#17039);
#5665=VERTEX_POINT('',#17040);
#5666=VERTEX_POINT('',#17042);
#5667=VERTEX_POINT('',#17044);
#5668=VERTEX_POINT('',#17048);
#5669=VERTEX_POINT('',#17049);
#5670=VERTEX_POINT('',#17051);
#5671=VERTEX_POINT('',#17053);
#5672=VERTEX_POINT('',#17057);
#5673=VERTEX_POINT('',#17058);
#5674=VERTEX_POINT('',#17060);
#5675=VERTEX_POINT('',#17062);
#5676=VERTEX_POINT('',#17066);
#5677=VERTEX_POINT('',#17067);
#5678=VERTEX_POINT('',#17069);
#5679=VERTEX_POINT('',#17071);
#5680=VERTEX_POINT('',#17075);
#5681=VERTEX_POINT('',#17076);
#5682=VERTEX_POINT('',#17078);
#5683=VERTEX_POINT('',#17080);
#5684=VERTEX_POINT('',#17084);
#5685=VERTEX_POINT('',#17085);
#5686=VERTEX_POINT('',#17087);
#5687=VERTEX_POINT('',#17089);
#5688=VERTEX_POINT('',#17093);
#5689=VERTEX_POINT('',#17094);
#5690=VERTEX_POINT('',#17096);
#5691=VERTEX_POINT('',#17098);
#5692=VERTEX_POINT('',#17102);
#5693=VERTEX_POINT('',#17103);
#5694=VERTEX_POINT('',#17105);
#5695=VERTEX_POINT('',#17107);
#5696=VERTEX_POINT('',#17111);
#5697=VERTEX_POINT('',#17112);
#5698=VERTEX_POINT('',#17114);
#5699=VERTEX_POINT('',#17116);
#5700=VERTEX_POINT('',#17120);
#5701=VERTEX_POINT('',#17121);
#5702=VERTEX_POINT('',#17123);
#5703=VERTEX_POINT('',#17125);
#5704=VERTEX_POINT('',#17129);
#5705=VERTEX_POINT('',#17130);
#5706=VERTEX_POINT('',#17132);
#5707=VERTEX_POINT('',#17134);
#5708=VERTEX_POINT('',#17138);
#5709=VERTEX_POINT('',#17139);
#5710=VERTEX_POINT('',#17141);
#5711=VERTEX_POINT('',#17143);
#5712=VERTEX_POINT('',#17147);
#5713=VERTEX_POINT('',#17148);
#5714=VERTEX_POINT('',#17150);
#5715=VERTEX_POINT('',#17152);
#5716=VERTEX_POINT('',#17156);
#5717=VERTEX_POINT('',#17157);
#5718=VERTEX_POINT('',#17159);
#5719=VERTEX_POINT('',#17161);
#5720=VERTEX_POINT('',#17165);
#5721=VERTEX_POINT('',#17166);
#5722=VERTEX_POINT('',#17168);
#5723=VERTEX_POINT('',#17170);
#5724=VERTEX_POINT('',#17174);
#5725=VERTEX_POINT('',#17175);
#5726=VERTEX_POINT('',#17177);
#5727=VERTEX_POINT('',#17179);
#5728=VERTEX_POINT('',#17183);
#5729=VERTEX_POINT('',#17184);
#5730=VERTEX_POINT('',#17186);
#5731=VERTEX_POINT('',#17188);
#5732=VERTEX_POINT('',#17192);
#5733=VERTEX_POINT('',#17193);
#5734=VERTEX_POINT('',#17195);
#5735=VERTEX_POINT('',#17197);
#5736=VERTEX_POINT('',#17276);
#5737=VERTEX_POINT('',#17278);
#5738=VERTEX_POINT('',#17282);
#5739=VERTEX_POINT('',#17284);
#5740=VERTEX_POINT('',#17288);
#5741=VERTEX_POINT('',#17290);
#5742=VERTEX_POINT('',#17294);
#5743=VERTEX_POINT('',#17296);
#5744=VERTEX_POINT('',#17300);
#5745=VERTEX_POINT('',#17302);
#5746=VERTEX_POINT('',#17306);
#5747=VERTEX_POINT('',#17308);
#5748=VERTEX_POINT('',#17312);
#5749=VERTEX_POINT('',#17314);
#5750=VERTEX_POINT('',#17318);
#5751=VERTEX_POINT('',#17320);
#5752=VERTEX_POINT('',#17324);
#5753=VERTEX_POINT('',#17326);
#5754=VERTEX_POINT('',#17330);
#5755=VERTEX_POINT('',#17332);
#5756=VERTEX_POINT('',#17336);
#5757=VERTEX_POINT('',#17338);
#5758=VERTEX_POINT('',#17342);
#5759=VERTEX_POINT('',#17344);
#5760=VERTEX_POINT('',#17348);
#5761=VERTEX_POINT('',#17350);
#5762=VERTEX_POINT('',#17354);
#5763=VERTEX_POINT('',#17356);
#5764=VERTEX_POINT('',#17360);
#5765=VERTEX_POINT('',#17362);
#5766=VERTEX_POINT('',#17366);
#5767=VERTEX_POINT('',#17368);
#5768=VERTEX_POINT('',#17372);
#5769=VERTEX_POINT('',#17374);
#5770=VERTEX_POINT('',#17378);
#5771=VERTEX_POINT('',#17380);
#5772=VERTEX_POINT('',#17384);
#5773=VERTEX_POINT('',#17386);
#5774=VERTEX_POINT('',#17390);
#5775=VERTEX_POINT('',#17392);
#5776=VERTEX_POINT('',#17396);
#5777=VERTEX_POINT('',#17398);
#5778=VERTEX_POINT('',#17402);
#5779=VERTEX_POINT('',#17404);
#5780=VERTEX_POINT('',#17408);
#5781=VERTEX_POINT('',#17410);
#5782=VERTEX_POINT('',#17414);
#5783=VERTEX_POINT('',#17416);
#5784=VERTEX_POINT('',#17420);
#5785=VERTEX_POINT('',#17422);
#5786=VERTEX_POINT('',#17426);
#5787=VERTEX_POINT('',#17427);
#5788=VERTEX_POINT('',#17432);
#5789=VERTEX_POINT('',#17433);
#5790=VERTEX_POINT('',#17438);
#5791=VERTEX_POINT('',#17439);
#5792=VERTEX_POINT('',#17444);
#5793=VERTEX_POINT('',#17445);
#5794=VERTEX_POINT('',#17450);
#5795=VERTEX_POINT('',#17451);
#5796=VERTEX_POINT('',#17456);
#5797=VERTEX_POINT('',#17457);
#5798=VERTEX_POINT('',#17462);
#5799=VERTEX_POINT('',#17463);
#5800=VERTEX_POINT('',#17468);
#5801=VERTEX_POINT('',#17469);
#5802=VERTEX_POINT('',#17474);
#5803=VERTEX_POINT('',#17475);
#5804=VERTEX_POINT('',#17480);
#5805=VERTEX_POINT('',#17481);
#5806=VERTEX_POINT('',#17486);
#5807=VERTEX_POINT('',#17487);
#5808=VERTEX_POINT('',#17492);
#5809=VERTEX_POINT('',#17493);
#5810=VERTEX_POINT('',#17498);
#5811=VERTEX_POINT('',#17499);
#5812=VERTEX_POINT('',#17504);
#5813=VERTEX_POINT('',#17505);
#5814=VERTEX_POINT('',#17510);
#5815=VERTEX_POINT('',#17511);
#5816=VERTEX_POINT('',#17516);
#5817=VERTEX_POINT('',#17517);
#5818=VERTEX_POINT('',#17522);
#5819=VERTEX_POINT('',#17523);
#5820=VERTEX_POINT('',#17528);
#5821=VERTEX_POINT('',#17529);
#5822=VERTEX_POINT('',#17534);
#5823=VERTEX_POINT('',#17535);
#5824=VERTEX_POINT('',#17540);
#5825=VERTEX_POINT('',#17541);
#5826=VERTEX_POINT('',#17546);
#5827=VERTEX_POINT('',#17547);
#5828=VERTEX_POINT('',#17552);
#5829=VERTEX_POINT('',#17553);
#5830=VERTEX_POINT('',#17558);
#5831=VERTEX_POINT('',#17559);
#5832=VERTEX_POINT('',#17564);
#5833=VERTEX_POINT('',#17565);
#5834=VERTEX_POINT('',#17570);
#5835=VERTEX_POINT('',#17571);
#5836=VERTEX_POINT('',#17576);
#5837=VERTEX_POINT('',#17578);
#5838=VERTEX_POINT('',#17582);
#5839=VERTEX_POINT('',#17584);
#5840=VERTEX_POINT('',#17588);
#5841=VERTEX_POINT('',#17590);
#5842=VERTEX_POINT('',#17594);
#5843=VERTEX_POINT('',#17596);
#5844=VERTEX_POINT('',#17600);
#5845=VERTEX_POINT('',#17602);
#5846=VERTEX_POINT('',#17606);
#5847=VERTEX_POINT('',#17608);
#5848=VERTEX_POINT('',#17612);
#5849=VERTEX_POINT('',#17614);
#5850=VERTEX_POINT('',#17618);
#5851=VERTEX_POINT('',#17620);
#5852=VERTEX_POINT('',#17624);
#5853=VERTEX_POINT('',#17626);
#5854=VERTEX_POINT('',#17630);
#5855=VERTEX_POINT('',#17632);
#5856=VERTEX_POINT('',#17636);
#5857=VERTEX_POINT('',#17638);
#5858=VERTEX_POINT('',#17642);
#5859=VERTEX_POINT('',#17644);
#5860=VERTEX_POINT('',#17648);
#5861=VERTEX_POINT('',#17650);
#5862=VERTEX_POINT('',#17654);
#5863=VERTEX_POINT('',#17656);
#5864=VERTEX_POINT('',#17660);
#5865=VERTEX_POINT('',#17662);
#5866=VERTEX_POINT('',#17666);
#5867=VERTEX_POINT('',#17668);
#5868=VERTEX_POINT('',#17672);
#5869=VERTEX_POINT('',#17674);
#5870=VERTEX_POINT('',#17678);
#5871=VERTEX_POINT('',#17680);
#5872=VERTEX_POINT('',#17684);
#5873=VERTEX_POINT('',#17686);
#5874=VERTEX_POINT('',#17690);
#5875=VERTEX_POINT('',#17692);
#5876=VERTEX_POINT('',#17696);
#5877=VERTEX_POINT('',#17698);
#5878=VERTEX_POINT('',#17702);
#5879=VERTEX_POINT('',#17704);
#5880=VERTEX_POINT('',#17708);
#5881=VERTEX_POINT('',#17710);
#5882=VERTEX_POINT('',#17714);
#5883=VERTEX_POINT('',#17716);
#5884=VERTEX_POINT('',#17720);
#5885=VERTEX_POINT('',#17722);
#5886=VERTEX_POINT('',#17726);
#5887=VERTEX_POINT('',#17727);
#5888=VERTEX_POINT('',#17732);
#5889=VERTEX_POINT('',#17733);
#5890=VERTEX_POINT('',#17738);
#5891=VERTEX_POINT('',#17739);
#5892=VERTEX_POINT('',#17744);
#5893=VERTEX_POINT('',#17745);
#5894=VERTEX_POINT('',#17750);
#5895=VERTEX_POINT('',#17751);
#5896=VERTEX_POINT('',#17756);
#5897=VERTEX_POINT('',#17757);
#5898=VERTEX_POINT('',#17762);
#5899=VERTEX_POINT('',#17763);
#5900=VERTEX_POINT('',#17768);
#5901=VERTEX_POINT('',#17769);
#5902=VERTEX_POINT('',#17774);
#5903=VERTEX_POINT('',#17775);
#5904=VERTEX_POINT('',#17780);
#5905=VERTEX_POINT('',#17781);
#5906=VERTEX_POINT('',#17786);
#5907=VERTEX_POINT('',#17787);
#5908=VERTEX_POINT('',#17792);
#5909=VERTEX_POINT('',#17793);
#5910=VERTEX_POINT('',#17798);
#5911=VERTEX_POINT('',#17799);
#5912=VERTEX_POINT('',#17804);
#5913=VERTEX_POINT('',#17805);
#5914=VERTEX_POINT('',#17810);
#5915=VERTEX_POINT('',#17811);
#5916=VERTEX_POINT('',#17816);
#5917=VERTEX_POINT('',#17817);
#5918=VERTEX_POINT('',#17822);
#5919=VERTEX_POINT('',#17823);
#5920=VERTEX_POINT('',#17828);
#5921=VERTEX_POINT('',#17829);
#5922=VERTEX_POINT('',#17834);
#5923=VERTEX_POINT('',#17835);
#5924=VERTEX_POINT('',#17840);
#5925=VERTEX_POINT('',#17841);
#5926=VERTEX_POINT('',#17846);
#5927=VERTEX_POINT('',#17847);
#5928=VERTEX_POINT('',#17852);
#5929=VERTEX_POINT('',#17853);
#5930=VERTEX_POINT('',#17858);
#5931=VERTEX_POINT('',#17859);
#5932=VERTEX_POINT('',#17864);
#5933=VERTEX_POINT('',#17865);
#5934=VERTEX_POINT('',#17870);
#5935=VERTEX_POINT('',#17871);
#5936=VERTEX_POINT('',#17876);
#5937=VERTEX_POINT('',#17877);
#5938=VERTEX_POINT('',#17879);
#5939=VERTEX_POINT('',#17881);
#5940=VERTEX_POINT('',#17885);
#5941=VERTEX_POINT('',#17886);
#5942=VERTEX_POINT('',#17888);
#5943=VERTEX_POINT('',#17890);
#5944=VERTEX_POINT('',#17894);
#5945=VERTEX_POINT('',#17895);
#5946=VERTEX_POINT('',#17897);
#5947=VERTEX_POINT('',#17899);
#5948=VERTEX_POINT('',#17903);
#5949=VERTEX_POINT('',#17904);
#5950=VERTEX_POINT('',#17906);
#5951=VERTEX_POINT('',#17908);
#5952=VERTEX_POINT('',#17912);
#5953=VERTEX_POINT('',#17913);
#5954=VERTEX_POINT('',#17915);
#5955=VERTEX_POINT('',#17917);
#5956=VERTEX_POINT('',#17921);
#5957=VERTEX_POINT('',#17922);
#5958=VERTEX_POINT('',#17924);
#5959=VERTEX_POINT('',#17926);
#5960=VERTEX_POINT('',#17930);
#5961=VERTEX_POINT('',#17931);
#5962=VERTEX_POINT('',#17933);
#5963=VERTEX_POINT('',#17935);
#5964=VERTEX_POINT('',#17939);
#5965=VERTEX_POINT('',#17940);
#5966=VERTEX_POINT('',#17942);
#5967=VERTEX_POINT('',#17944);
#5968=VERTEX_POINT('',#17948);
#5969=VERTEX_POINT('',#17949);
#5970=VERTEX_POINT('',#17951);
#5971=VERTEX_POINT('',#17953);
#5972=VERTEX_POINT('',#17957);
#5973=VERTEX_POINT('',#17958);
#5974=VERTEX_POINT('',#17960);
#5975=VERTEX_POINT('',#17962);
#5976=VERTEX_POINT('',#17966);
#5977=VERTEX_POINT('',#17967);
#5978=VERTEX_POINT('',#17969);
#5979=VERTEX_POINT('',#17971);
#5980=VERTEX_POINT('',#17975);
#5981=VERTEX_POINT('',#17976);
#5982=VERTEX_POINT('',#17978);
#5983=VERTEX_POINT('',#17980);
#5984=VERTEX_POINT('',#17984);
#5985=VERTEX_POINT('',#17985);
#5986=VERTEX_POINT('',#17987);
#5987=VERTEX_POINT('',#17989);
#5988=VERTEX_POINT('',#17993);
#5989=VERTEX_POINT('',#17994);
#5990=VERTEX_POINT('',#17996);
#5991=VERTEX_POINT('',#17998);
#5992=VERTEX_POINT('',#18002);
#5993=VERTEX_POINT('',#18003);
#5994=VERTEX_POINT('',#18005);
#5995=VERTEX_POINT('',#18007);
#5996=VERTEX_POINT('',#18011);
#5997=VERTEX_POINT('',#18012);
#5998=VERTEX_POINT('',#18014);
#5999=VERTEX_POINT('',#18016);
#6000=VERTEX_POINT('',#18020);
#6001=VERTEX_POINT('',#18021);
#6002=VERTEX_POINT('',#18023);
#6003=VERTEX_POINT('',#18025);
#6004=VERTEX_POINT('',#18029);
#6005=VERTEX_POINT('',#18030);
#6006=VERTEX_POINT('',#18032);
#6007=VERTEX_POINT('',#18034);
#6008=VERTEX_POINT('',#18038);
#6009=VERTEX_POINT('',#18039);
#6010=VERTEX_POINT('',#18041);
#6011=VERTEX_POINT('',#18043);
#6012=VERTEX_POINT('',#18047);
#6013=VERTEX_POINT('',#18048);
#6014=VERTEX_POINT('',#18050);
#6015=VERTEX_POINT('',#18052);
#6016=VERTEX_POINT('',#18056);
#6017=VERTEX_POINT('',#18057);
#6018=VERTEX_POINT('',#18059);
#6019=VERTEX_POINT('',#18061);
#6020=VERTEX_POINT('',#18065);
#6021=VERTEX_POINT('',#18066);
#6022=VERTEX_POINT('',#18068);
#6023=VERTEX_POINT('',#18070);
#6024=VERTEX_POINT('',#18074);
#6025=VERTEX_POINT('',#18075);
#6026=VERTEX_POINT('',#18077);
#6027=VERTEX_POINT('',#18079);
#6028=VERTEX_POINT('',#18083);
#6029=VERTEX_POINT('',#18084);
#6030=VERTEX_POINT('',#18086);
#6031=VERTEX_POINT('',#18088);
#6032=VERTEX_POINT('',#18092);
#6033=VERTEX_POINT('',#18093);
#6034=VERTEX_POINT('',#18095);
#6035=VERTEX_POINT('',#18097);
#6036=VERTEX_POINT('',#18176);
#6037=VERTEX_POINT('',#18177);
#6038=VERTEX_POINT('',#18179);
#6039=VERTEX_POINT('',#18181);
#6040=VERTEX_POINT('',#18185);
#6041=VERTEX_POINT('',#18186);
#6042=VERTEX_POINT('',#18188);
#6043=VERTEX_POINT('',#18190);
#6044=VERTEX_POINT('',#18194);
#6045=VERTEX_POINT('',#18195);
#6046=VERTEX_POINT('',#18197);
#6047=VERTEX_POINT('',#18199);
#6048=VERTEX_POINT('',#18203);
#6049=VERTEX_POINT('',#18204);
#6050=VERTEX_POINT('',#18206);
#6051=VERTEX_POINT('',#18208);
#6052=VERTEX_POINT('',#18212);
#6053=VERTEX_POINT('',#18213);
#6054=VERTEX_POINT('',#18215);
#6055=VERTEX_POINT('',#18217);
#6056=VERTEX_POINT('',#18221);
#6057=VERTEX_POINT('',#18222);
#6058=VERTEX_POINT('',#18224);
#6059=VERTEX_POINT('',#18226);
#6060=VERTEX_POINT('',#18230);
#6061=VERTEX_POINT('',#18231);
#6062=VERTEX_POINT('',#18233);
#6063=VERTEX_POINT('',#18235);
#6064=VERTEX_POINT('',#18239);
#6065=VERTEX_POINT('',#18240);
#6066=VERTEX_POINT('',#18242);
#6067=VERTEX_POINT('',#18244);
#6068=VERTEX_POINT('',#18248);
#6069=VERTEX_POINT('',#18249);
#6070=VERTEX_POINT('',#18251);
#6071=VERTEX_POINT('',#18253);
#6072=VERTEX_POINT('',#18257);
#6073=VERTEX_POINT('',#18258);
#6074=VERTEX_POINT('',#18260);
#6075=VERTEX_POINT('',#18262);
#6076=VERTEX_POINT('',#18266);
#6077=VERTEX_POINT('',#18267);
#6078=VERTEX_POINT('',#18269);
#6079=VERTEX_POINT('',#18271);
#6080=VERTEX_POINT('',#18275);
#6081=VERTEX_POINT('',#18276);
#6082=VERTEX_POINT('',#18278);
#6083=VERTEX_POINT('',#18280);
#6084=VERTEX_POINT('',#18284);
#6085=VERTEX_POINT('',#18285);
#6086=VERTEX_POINT('',#18287);
#6087=VERTEX_POINT('',#18289);
#6088=VERTEX_POINT('',#18293);
#6089=VERTEX_POINT('',#18294);
#6090=VERTEX_POINT('',#18296);
#6091=VERTEX_POINT('',#18298);
#6092=VERTEX_POINT('',#18302);
#6093=VERTEX_POINT('',#18303);
#6094=VERTEX_POINT('',#18305);
#6095=VERTEX_POINT('',#18307);
#6096=VERTEX_POINT('',#18311);
#6097=VERTEX_POINT('',#18312);
#6098=VERTEX_POINT('',#18314);
#6099=VERTEX_POINT('',#18316);
#6100=VERTEX_POINT('',#18320);
#6101=VERTEX_POINT('',#18321);
#6102=VERTEX_POINT('',#18323);
#6103=VERTEX_POINT('',#18325);
#6104=VERTEX_POINT('',#18329);
#6105=VERTEX_POINT('',#18330);
#6106=VERTEX_POINT('',#18332);
#6107=VERTEX_POINT('',#18334);
#6108=VERTEX_POINT('',#18338);
#6109=VERTEX_POINT('',#18339);
#6110=VERTEX_POINT('',#18341);
#6111=VERTEX_POINT('',#18343);
#6112=VERTEX_POINT('',#18347);
#6113=VERTEX_POINT('',#18348);
#6114=VERTEX_POINT('',#18350);
#6115=VERTEX_POINT('',#18352);
#6116=VERTEX_POINT('',#18356);
#6117=VERTEX_POINT('',#18357);
#6118=VERTEX_POINT('',#18359);
#6119=VERTEX_POINT('',#18361);
#6120=VERTEX_POINT('',#18365);
#6121=VERTEX_POINT('',#18366);
#6122=VERTEX_POINT('',#18368);
#6123=VERTEX_POINT('',#18370);
#6124=VERTEX_POINT('',#18374);
#6125=VERTEX_POINT('',#18375);
#6126=VERTEX_POINT('',#18377);
#6127=VERTEX_POINT('',#18379);
#6128=VERTEX_POINT('',#18383);
#6129=VERTEX_POINT('',#18384);
#6130=VERTEX_POINT('',#18386);
#6131=VERTEX_POINT('',#18388);
#6132=VERTEX_POINT('',#18392);
#6133=VERTEX_POINT('',#18393);
#6134=VERTEX_POINT('',#18395);
#6135=VERTEX_POINT('',#18397);
#6136=LINE('',#15445,#7371);
#6137=LINE('',#15448,#7372);
#6138=LINE('',#15450,#7373);
#6139=LINE('',#15452,#7374);
#6140=LINE('',#15453,#7375);
#6141=LINE('',#15456,#7376);
#6142=LINE('',#15458,#7377);
#6143=LINE('',#15460,#7378);
#6144=LINE('',#15461,#7379);
#6145=LINE('',#15464,#7380);
#6146=LINE('',#15466,#7381);
#6147=LINE('',#15468,#7382);
#6148=LINE('',#15470,#7383);
#6149=LINE('',#15472,#7384);
#6150=LINE('',#15474,#7385);
#6151=LINE('',#15476,#7386);
#6152=LINE('',#15478,#7387);
#6153=LINE('',#15480,#7388);
#6154=LINE('',#15482,#7389);
#6155=LINE('',#15484,#7390);
#6156=LINE('',#15485,#7391);
#6157=LINE('',#15488,#7392);
#6158=LINE('',#15490,#7393);
#6159=LINE('',#15492,#7394);
#6160=LINE('',#15493,#7395);
#6161=LINE('',#15496,#7396);
#6162=LINE('',#15498,#7397);
#6163=LINE('',#15500,#7398);
#6164=LINE('',#15502,#7399);
#6165=LINE('',#15505,#7400);
#6166=LINE('',#15507,#7401);
#6167=LINE('',#15509,#7402);
#6168=LINE('',#15511,#7403);
#6169=LINE('',#15513,#7404);
#6170=LINE('',#15516,#7405);
#6171=LINE('',#15518,#7406);
#6172=LINE('',#15520,#7407);
#6173=LINE('',#15522,#7408);
#6174=LINE('',#15524,#7409);
#6175=LINE('',#15525,#7410);
#6176=LINE('',#15527,#7411);
#6177=LINE('',#15529,#7412);
#6178=LINE('',#15531,#7413);
#6179=LINE('',#15533,#7414);
#6180=LINE('',#15535,#7415);
#6181=LINE('',#15537,#7416);
#6182=LINE('',#15539,#7417);
#6183=LINE('',#15541,#7418);
#6184=LINE('',#15543,#7419);
#6185=LINE('',#15545,#7420);
#6186=LINE('',#15547,#7421);
#6187=LINE('',#15549,#7422);
#6188=LINE('',#15552,#7423);
#6189=LINE('',#15554,#7424);
#6190=LINE('',#15556,#7425);
#6191=LINE('',#15558,#7426);
#6192=LINE('',#15560,#7427);
#6193=LINE('',#15562,#7428);
#6194=LINE('',#15564,#7429);
#6195=LINE('',#15566,#7430);
#6196=LINE('',#15568,#7431);
#6197=LINE('',#15569,#7432);
#6198=LINE('',#15570,#7433);
#6199=LINE('',#15572,#7434);
#6200=LINE('',#15575,#7435);
#6201=LINE('',#15577,#7436);
#6202=LINE('',#15579,#7437);
#6203=LINE('',#15581,#7438);
#6204=LINE('',#15583,#7439);
#6205=LINE('',#15585,#7440);
#6206=LINE('',#15588,#7441);
#6207=LINE('',#15590,#7442);
#6208=LINE('',#15592,#7443);
#6209=LINE('',#15593,#7444);
#6210=LINE('',#15595,#7445);
#6211=LINE('',#15597,#7446);
#6212=LINE('',#15598,#7447);
#6213=LINE('',#15600,#7448);
#6214=LINE('',#15602,#7449);
#6215=LINE('',#15604,#7450);
#6216=LINE('',#15606,#7451);
#6217=LINE('',#15608,#7452);
#6218=LINE('',#15611,#7453);
#6219=LINE('',#15612,#7454);
#6220=LINE('',#15614,#7455);
#6221=LINE('',#15615,#7456);
#6222=LINE('',#15617,#7457);
#6223=LINE('',#15619,#7458);
#6224=LINE('',#15621,#7459);
#6225=LINE('',#15623,#7460);
#6226=LINE('',#15625,#7461);
#6227=LINE('',#15626,#7462);
#6228=LINE('',#15628,#7463);
#6229=LINE('',#15630,#7464);
#6230=LINE('',#15633,#7465);
#6231=LINE('',#15634,#7466);
#6232=LINE('',#15636,#7467);
#6233=LINE('',#15638,#7468);
#6234=LINE('',#15640,#7469);
#6235=LINE('',#15642,#7470);
#6236=LINE('',#15644,#7471);
#6237=LINE('',#15645,#7472);
#6238=LINE('',#15648,#7473);
#6239=LINE('',#15649,#7474);
#6240=LINE('',#15651,#7475);
#6241=LINE('',#15653,#7476);
#6242=LINE('',#15655,#7477);
#6243=LINE('',#15658,#7478);
#6244=LINE('',#15660,#7479);
#6245=LINE('',#15662,#7480);
#6246=LINE('',#15664,#7481);
#6247=LINE('',#15666,#7482);
#6248=LINE('',#15668,#7483);
#6249=LINE('',#15670,#7484);
#6250=LINE('',#15671,#7485);
#6251=LINE('',#15675,#7486);
#6252=LINE('',#15677,#7487);
#6253=LINE('',#15679,#7488);
#6254=LINE('',#15681,#7489);
#6255=LINE('',#15683,#7490);
#6256=LINE('',#15685,#7491);
#6257=LINE('',#15687,#7492);
#6258=LINE('',#15689,#7493);
#6259=LINE('',#15691,#7494);
#6260=LINE('',#15693,#7495);
#6261=LINE('',#15695,#7496);
#6262=LINE('',#15697,#7497);
#6263=LINE('',#15699,#7498);
#6264=LINE('',#15701,#7499);
#6265=LINE('',#15703,#7500);
#6266=LINE('',#15705,#7501);
#6267=LINE('',#15707,#7502);
#6268=LINE('',#15709,#7503);
#6269=LINE('',#15711,#7504);
#6270=LINE('',#15713,#7505);
#6271=LINE('',#15715,#7506);
#6272=LINE('',#15716,#7507);
#6273=LINE('',#15718,#7508);
#6274=LINE('',#15720,#7509);
#6275=LINE('',#15722,#7510);
#6276=LINE('',#15724,#7511);
#6277=LINE('',#15727,#7512);
#6278=LINE('',#15730,#7513);
#6279=LINE('',#15731,#7514);
#6280=LINE('',#15733,#7515);
#6281=LINE('',#15735,#7516);
#6282=LINE('',#15737,#7517);
#6283=LINE('',#15739,#7518);
#6284=LINE('',#15741,#7519);
#6285=LINE('',#15743,#7520);
#6286=LINE('',#15745,#7521);
#6287=LINE('',#15747,#7522);
#6288=LINE('',#15749,#7523);
#6289=LINE('',#15751,#7524);
#6290=LINE('',#15753,#7525);
#6291=LINE('',#15755,#7526);
#6292=LINE('',#15757,#7527);
#6293=LINE('',#15759,#7528);
#6294=LINE('',#15761,#7529);
#6295=LINE('',#15763,#7530);
#6296=LINE('',#15765,#7531);
#6297=LINE('',#15767,#7532);
#6298=LINE('',#15769,#7533);
#6299=LINE('',#15771,#7534);
#6300=LINE('',#15773,#7535);
#6301=LINE('',#15775,#7536);
#6302=LINE('',#15778,#7537);
#6303=LINE('',#15780,#7538);
#6304=LINE('',#15783,#7539);
#6305=LINE('',#15784,#7540);
#6306=LINE('',#15786,#7541);
#6307=LINE('',#15788,#7542);
#6308=LINE('',#15790,#7543);
#6309=LINE('',#15792,#7544);
#6310=LINE('',#15794,#7545);
#6311=LINE('',#15796,#7546);
#6312=LINE('',#15798,#7547);
#6313=LINE('',#15800,#7548);
#6314=LINE('',#15802,#7549);
#6315=LINE('',#15805,#7550);
#6316=LINE('',#15807,#7551);
#6317=LINE('',#15809,#7552);
#6318=LINE('',#15811,#7553);
#6319=LINE('',#15813,#7554);
#6320=LINE('',#15815,#7555);
#6321=LINE('',#15817,#7556);
#6322=LINE('',#15819,#7557);
#6323=LINE('',#15822,#7558);
#6324=LINE('',#15824,#7559);
#6325=LINE('',#15826,#7560);
#6326=LINE('',#15828,#7561);
#6327=LINE('',#15830,#7562);
#6328=LINE('',#15832,#7563);
#6329=LINE('',#15834,#7564);
#6330=LINE('',#15836,#7565);
#6331=LINE('',#15839,#7566);
#6332=LINE('',#15841,#7567);
#6333=LINE('',#15843,#7568);
#6334=LINE('',#15845,#7569);
#6335=LINE('',#15847,#7570);
#6336=LINE('',#15849,#7571);
#6337=LINE('',#15851,#7572);
#6338=LINE('',#15853,#7573);
#6339=LINE('',#15856,#7574);
#6340=LINE('',#15858,#7575);
#6341=LINE('',#15860,#7576);
#6342=LINE('',#15862,#7577);
#6343=LINE('',#15864,#7578);
#6344=LINE('',#15866,#7579);
#6345=LINE('',#15868,#7580);
#6346=LINE('',#15870,#7581);
#6347=LINE('',#15874,#7582);
#6348=LINE('',#15877,#7583);
#6349=LINE('',#15879,#7584);
#6350=LINE('',#15881,#7585);
#6351=LINE('',#15883,#7586);
#6352=LINE('',#15886,#7587);
#6353=LINE('',#15888,#7588);
#6354=LINE('',#15890,#7589);
#6355=LINE('',#15892,#7590);
#6356=LINE('',#15893,#7591);
#6357=LINE('',#15895,#7592);
#6358=LINE('',#15896,#7593);
#6359=LINE('',#16201,#7594);
#6360=LINE('',#16204,#7595);
#6361=LINE('',#16206,#7596);
#6362=LINE('',#16208,#7597);
#6363=LINE('',#16210,#7598);
#6364=LINE('',#16213,#7599);
#6365=LINE('',#16215,#7600);
#6366=LINE('',#16217,#7601);
#6367=LINE('',#16219,#7602);
#6368=LINE('',#16220,#7603);
#6369=LINE('',#16222,#7604);
#6370=LINE('',#16223,#7605);
#6371=LINE('',#16225,#7606);
#6372=LINE('',#16228,#7607);
#6373=LINE('',#16230,#7608);
#6374=LINE('',#16232,#7609);
#6375=LINE('',#16234,#7610);
#6376=LINE('',#16237,#7611);
#6377=LINE('',#16239,#7612);
#6378=LINE('',#16241,#7613);
#6379=LINE('',#16243,#7614);
#6380=LINE('',#16246,#7615);
#6381=LINE('',#16248,#7616);
#6382=LINE('',#16250,#7617);
#6383=LINE('',#16252,#7618);
#6384=LINE('',#16255,#7619);
#6385=LINE('',#16257,#7620);
#6386=LINE('',#16259,#7621);
#6387=LINE('',#16261,#7622);
#6388=LINE('',#16264,#7623);
#6389=LINE('',#16266,#7624);
#6390=LINE('',#16268,#7625);
#6391=LINE('',#16270,#7626);
#6392=LINE('',#16273,#7627);
#6393=LINE('',#16275,#7628);
#6394=LINE('',#16277,#7629);
#6395=LINE('',#16279,#7630);
#6396=LINE('',#16282,#7631);
#6397=LINE('',#16284,#7632);
#6398=LINE('',#16286,#7633);
#6399=LINE('',#16288,#7634);
#6400=LINE('',#16291,#7635);
#6401=LINE('',#16293,#7636);
#6402=LINE('',#16295,#7637);
#6403=LINE('',#16297,#7638);
#6404=LINE('',#16300,#7639);
#6405=LINE('',#16302,#7640);
#6406=LINE('',#16304,#7641);
#6407=LINE('',#16306,#7642);
#6408=LINE('',#16309,#7643);
#6409=LINE('',#16311,#7644);
#6410=LINE('',#16313,#7645);
#6411=LINE('',#16315,#7646);
#6412=LINE('',#16318,#7647);
#6413=LINE('',#16320,#7648);
#6414=LINE('',#16322,#7649);
#6415=LINE('',#16324,#7650);
#6416=LINE('',#16327,#7651);
#6417=LINE('',#16329,#7652);
#6418=LINE('',#16331,#7653);
#6419=LINE('',#16333,#7654);
#6420=LINE('',#16336,#7655);
#6421=LINE('',#16338,#7656);
#6422=LINE('',#16340,#7657);
#6423=LINE('',#16342,#7658);
#6424=LINE('',#16345,#7659);
#6425=LINE('',#16347,#7660);
#6426=LINE('',#16349,#7661);
#6427=LINE('',#16351,#7662);
#6428=LINE('',#16354,#7663);
#6429=LINE('',#16356,#7664);
#6430=LINE('',#16358,#7665);
#6431=LINE('',#16360,#7666);
#6432=LINE('',#16363,#7667);
#6433=LINE('',#16365,#7668);
#6434=LINE('',#16367,#7669);
#6435=LINE('',#16369,#7670);
#6436=LINE('',#16372,#7671);
#6437=LINE('',#16374,#7672);
#6438=LINE('',#16376,#7673);
#6439=LINE('',#16378,#7674);
#6440=LINE('',#16381,#7675);
#6441=LINE('',#16383,#7676);
#6442=LINE('',#16385,#7677);
#6443=LINE('',#16387,#7678);
#6444=LINE('',#16390,#7679);
#6445=LINE('',#16392,#7680);
#6446=LINE('',#16394,#7681);
#6447=LINE('',#16396,#7682);
#6448=LINE('',#16399,#7683);
#6449=LINE('',#16401,#7684);
#6450=LINE('',#16403,#7685);
#6451=LINE('',#16405,#7686);
#6452=LINE('',#16408,#7687);
#6453=LINE('',#16410,#7688);
#6454=LINE('',#16412,#7689);
#6455=LINE('',#16414,#7690);
#6456=LINE('',#16417,#7691);
#6457=LINE('',#16419,#7692);
#6458=LINE('',#16421,#7693);
#6459=LINE('',#16423,#7694);
#6460=LINE('',#16426,#7695);
#6461=LINE('',#16428,#7696);
#6462=LINE('',#16430,#7697);
#6463=LINE('',#16432,#7698);
#6464=LINE('',#16435,#7699);
#6465=LINE('',#16437,#7700);
#6466=LINE('',#16439,#7701);
#6467=LINE('',#16441,#7702);
#6468=LINE('',#16444,#7703);
#6469=LINE('',#16446,#7704);
#6470=LINE('',#16448,#7705);
#6471=LINE('',#16450,#7706);
#6472=LINE('',#16453,#7707);
#6473=LINE('',#16455,#7708);
#6474=LINE('',#16457,#7709);
#6475=LINE('',#16459,#7710);
#6476=LINE('',#16462,#7711);
#6477=LINE('',#16464,#7712);
#6478=LINE('',#16466,#7713);
#6479=LINE('',#16468,#7714);
#6480=LINE('',#16471,#7715);
#6481=LINE('',#16473,#7716);
#6482=LINE('',#16475,#7717);
#6483=LINE('',#16477,#7718);
#6484=LINE('',#16480,#7719);
#6485=LINE('',#16482,#7720);
#6486=LINE('',#16484,#7721);
#6487=LINE('',#16486,#7722);
#6488=LINE('',#16489,#7723);
#6489=LINE('',#16491,#7724);
#6490=LINE('',#16493,#7725);
#6491=LINE('',#16495,#7726);
#6492=LINE('',#16498,#7727);
#6493=LINE('',#16500,#7728);
#6494=LINE('',#16502,#7729);
#6495=LINE('',#16504,#7730);
#6496=LINE('',#16507,#7731);
#6497=LINE('',#16509,#7732);
#6498=LINE('',#16511,#7733);
#6499=LINE('',#16513,#7734);
#6500=LINE('',#16516,#7735);
#6501=LINE('',#16518,#7736);
#6502=LINE('',#16520,#7737);
#6503=LINE('',#16522,#7738);
#6504=LINE('',#16525,#7739);
#6505=LINE('',#16527,#7740);
#6506=LINE('',#16529,#7741);
#6507=LINE('',#16531,#7742);
#6508=LINE('',#16534,#7743);
#6509=LINE('',#16536,#7744);
#6510=LINE('',#16538,#7745);
#6511=LINE('',#16540,#7746);
#6512=LINE('',#16543,#7747);
#6513=LINE('',#16545,#7748);
#6514=LINE('',#16547,#7749);
#6515=LINE('',#16549,#7750);
#6516=LINE('',#16552,#7751);
#6517=LINE('',#16554,#7752);
#6518=LINE('',#16556,#7753);
#6519=LINE('',#16558,#7754);
#6520=LINE('',#16561,#7755);
#6521=LINE('',#16563,#7756);
#6522=LINE('',#16565,#7757);
#6523=LINE('',#16567,#7758);
#6524=LINE('',#16570,#7759);
#6525=LINE('',#16572,#7760);
#6526=LINE('',#16574,#7761);
#6527=LINE('',#16576,#7762);
#6528=LINE('',#16579,#7763);
#6529=LINE('',#16581,#7764);
#6530=LINE('',#16583,#7765);
#6531=LINE('',#16585,#7766);
#6532=LINE('',#16588,#7767);
#6533=LINE('',#16590,#7768);
#6534=LINE('',#16592,#7769);
#6535=LINE('',#16594,#7770);
#6536=LINE('',#16597,#7771);
#6537=LINE('',#16599,#7772);
#6538=LINE('',#16601,#7773);
#6539=LINE('',#16603,#7774);
#6540=LINE('',#16606,#7775);
#6541=LINE('',#16608,#7776);
#6542=LINE('',#16610,#7777);
#6543=LINE('',#16612,#7778);
#6544=LINE('',#16615,#7779);
#6545=LINE('',#16617,#7780);
#6546=LINE('',#16619,#7781);
#6547=LINE('',#16621,#7782);
#6548=LINE('',#16624,#7783);
#6549=LINE('',#16626,#7784);
#6550=LINE('',#16628,#7785);
#6551=LINE('',#16630,#7786);
#6552=LINE('',#16633,#7787);
#6553=LINE('',#16635,#7788);
#6554=LINE('',#16637,#7789);
#6555=LINE('',#16639,#7790);
#6556=LINE('',#16642,#7791);
#6557=LINE('',#16644,#7792);
#6558=LINE('',#16646,#7793);
#6559=LINE('',#16648,#7794);
#6560=LINE('',#16651,#7795);
#6561=LINE('',#16653,#7796);
#6562=LINE('',#16655,#7797);
#6563=LINE('',#16657,#7798);
#6564=LINE('',#16660,#7799);
#6565=LINE('',#16662,#7800);
#6566=LINE('',#16664,#7801);
#6567=LINE('',#16666,#7802);
#6568=LINE('',#16669,#7803);
#6569=LINE('',#16671,#7804);
#6570=LINE('',#16673,#7805);
#6571=LINE('',#16675,#7806);
#6572=LINE('',#16677,#7807);
#6573=LINE('',#16679,#7808);
#6574=LINE('',#16681,#7809);
#6575=LINE('',#16683,#7810);
#6576=LINE('',#16685,#7811);
#6577=LINE('',#16687,#7812);
#6578=LINE('',#16689,#7813);
#6579=LINE('',#16691,#7814);
#6580=LINE('',#16693,#7815);
#6581=LINE('',#16695,#7816);
#6582=LINE('',#16697,#7817);
#6583=LINE('',#16699,#7818);
#6584=LINE('',#16701,#7819);
#6585=LINE('',#16703,#7820);
#6586=LINE('',#16705,#7821);
#6587=LINE('',#16707,#7822);
#6588=LINE('',#16709,#7823);
#6589=LINE('',#16711,#7824);
#6590=LINE('',#16713,#7825);
#6591=LINE('',#16715,#7826);
#6592=LINE('',#16717,#7827);
#6593=LINE('',#16719,#7828);
#6594=LINE('',#16721,#7829);
#6595=LINE('',#16723,#7830);
#6596=LINE('',#16725,#7831);
#6597=LINE('',#16727,#7832);
#6598=LINE('',#16729,#7833);
#6599=LINE('',#16731,#7834);
#6600=LINE('',#16733,#7835);
#6601=LINE('',#16735,#7836);
#6602=LINE('',#16737,#7837);
#6603=LINE('',#16739,#7838);
#6604=LINE('',#16741,#7839);
#6605=LINE('',#16743,#7840);
#6606=LINE('',#16745,#7841);
#6607=LINE('',#16747,#7842);
#6608=LINE('',#16749,#7843);
#6609=LINE('',#16751,#7844);
#6610=LINE('',#16753,#7845);
#6611=LINE('',#16755,#7846);
#6612=LINE('',#16757,#7847);
#6613=LINE('',#16759,#7848);
#6614=LINE('',#16761,#7849);
#6615=LINE('',#16763,#7850);
#6616=LINE('',#16765,#7851);
#6617=LINE('',#16767,#7852);
#6618=LINE('',#16769,#7853);
#6619=LINE('',#16771,#7854);
#6620=LINE('',#16773,#7855);
#6621=LINE('',#16775,#7856);
#6622=LINE('',#16777,#7857);
#6623=LINE('',#16779,#7858);
#6624=LINE('',#16781,#7859);
#6625=LINE('',#16783,#7860);
#6626=LINE('',#16785,#7861);
#6627=LINE('',#16787,#7862);
#6628=LINE('',#16789,#7863);
#6629=LINE('',#16791,#7864);
#6630=LINE('',#16793,#7865);
#6631=LINE('',#16795,#7866);
#6632=LINE('',#16797,#7867);
#6633=LINE('',#16799,#7868);
#6634=LINE('',#16801,#7869);
#6635=LINE('',#16803,#7870);
#6636=LINE('',#16805,#7871);
#6637=LINE('',#16807,#7872);
#6638=LINE('',#16809,#7873);
#6639=LINE('',#16811,#7874);
#6640=LINE('',#16813,#7875);
#6641=LINE('',#16815,#7876);
#6642=LINE('',#16817,#7877);
#6643=LINE('',#16819,#7878);
#6644=LINE('',#16821,#7879);
#6645=LINE('',#16823,#7880);
#6646=LINE('',#16825,#7881);
#6647=LINE('',#16827,#7882);
#6648=LINE('',#16829,#7883);
#6649=LINE('',#16831,#7884);
#6650=LINE('',#16833,#7885);
#6651=LINE('',#16835,#7886);
#6652=LINE('',#16837,#7887);
#6653=LINE('',#16839,#7888);
#6654=LINE('',#16841,#7889);
#6655=LINE('',#16843,#7890);
#6656=LINE('',#16845,#7891);
#6657=LINE('',#16847,#7892);
#6658=LINE('',#16849,#7893);
#6659=LINE('',#16851,#7894);
#6660=LINE('',#16853,#7895);
#6661=LINE('',#16855,#7896);
#6662=LINE('',#16857,#7897);
#6663=LINE('',#16859,#7898);
#6664=LINE('',#16861,#7899);
#6665=LINE('',#16863,#7900);
#6666=LINE('',#16865,#7901);
#6667=LINE('',#16867,#7902);
#6668=LINE('',#16869,#7903);
#6669=LINE('',#16871,#7904);
#6670=LINE('',#16873,#7905);
#6671=LINE('',#16875,#7906);
#6672=LINE('',#16877,#7907);
#6673=LINE('',#16879,#7908);
#6674=LINE('',#16881,#7909);
#6675=LINE('',#16883,#7910);
#6676=LINE('',#16885,#7911);
#6677=LINE('',#16887,#7912);
#6678=LINE('',#16889,#7913);
#6679=LINE('',#16891,#7914);
#6680=LINE('',#16893,#7915);
#6681=LINE('',#16895,#7916);
#6682=LINE('',#16897,#7917);
#6683=LINE('',#16899,#7918);
#6684=LINE('',#16901,#7919);
#6685=LINE('',#16903,#7920);
#6686=LINE('',#16905,#7921);
#6687=LINE('',#16907,#7922);
#6688=LINE('',#16909,#7923);
#6689=LINE('',#16911,#7924);
#6690=LINE('',#16913,#7925);
#6691=LINE('',#16915,#7926);
#6692=LINE('',#16917,#7927);
#6693=LINE('',#16919,#7928);
#6694=LINE('',#16921,#7929);
#6695=LINE('',#16923,#7930);
#6696=LINE('',#16925,#7931);
#6697=LINE('',#16927,#7932);
#6698=LINE('',#16929,#7933);
#6699=LINE('',#16931,#7934);
#6700=LINE('',#16933,#7935);
#6701=LINE('',#16935,#7936);
#6702=LINE('',#16937,#7937);
#6703=LINE('',#16939,#7938);
#6704=LINE('',#16941,#7939);
#6705=LINE('',#16943,#7940);
#6706=LINE('',#16945,#7941);
#6707=LINE('',#16947,#7942);
#6708=LINE('',#16949,#7943);
#6709=LINE('',#16951,#7944);
#6710=LINE('',#16953,#7945);
#6711=LINE('',#16955,#7946);
#6712=LINE('',#16957,#7947);
#6713=LINE('',#16959,#7948);
#6714=LINE('',#16961,#7949);
#6715=LINE('',#16963,#7950);
#6716=LINE('',#16965,#7951);
#6717=LINE('',#16967,#7952);
#6718=LINE('',#16969,#7953);
#6719=LINE('',#16971,#7954);
#6720=LINE('',#16973,#7955);
#6721=LINE('',#16975,#7956);
#6722=LINE('',#16978,#7957);
#6723=LINE('',#16980,#7958);
#6724=LINE('',#16982,#7959);
#6725=LINE('',#16984,#7960);
#6726=LINE('',#16987,#7961);
#6727=LINE('',#16989,#7962);
#6728=LINE('',#16991,#7963);
#6729=LINE('',#16993,#7964);
#6730=LINE('',#16996,#7965);
#6731=LINE('',#16998,#7966);
#6732=LINE('',#17000,#7967);
#6733=LINE('',#17002,#7968);
#6734=LINE('',#17005,#7969);
#6735=LINE('',#17007,#7970);
#6736=LINE('',#17009,#7971);
#6737=LINE('',#17011,#7972);
#6738=LINE('',#17014,#7973);
#6739=LINE('',#17016,#7974);
#6740=LINE('',#17018,#7975);
#6741=LINE('',#17020,#7976);
#6742=LINE('',#17023,#7977);
#6743=LINE('',#17025,#7978);
#6744=LINE('',#17027,#7979);
#6745=LINE('',#17029,#7980);
#6746=LINE('',#17032,#7981);
#6747=LINE('',#17034,#7982);
#6748=LINE('',#17036,#7983);
#6749=LINE('',#17038,#7984);
#6750=LINE('',#17041,#7985);
#6751=LINE('',#17043,#7986);
#6752=LINE('',#17045,#7987);
#6753=LINE('',#17047,#7988);
#6754=LINE('',#17050,#7989);
#6755=LINE('',#17052,#7990);
#6756=LINE('',#17054,#7991);
#6757=LINE('',#17056,#7992);
#6758=LINE('',#17059,#7993);
#6759=LINE('',#17061,#7994);
#6760=LINE('',#17063,#7995);
#6761=LINE('',#17065,#7996);
#6762=LINE('',#17068,#7997);
#6763=LINE('',#17070,#7998);
#6764=LINE('',#17072,#7999);
#6765=LINE('',#17074,#8000);
#6766=LINE('',#17077,#8001);
#6767=LINE('',#17079,#8002);
#6768=LINE('',#17081,#8003);
#6769=LINE('',#17083,#8004);
#6770=LINE('',#17086,#8005);
#6771=LINE('',#17088,#8006);
#6772=LINE('',#17090,#8007);
#6773=LINE('',#17092,#8008);
#6774=LINE('',#17095,#8009);
#6775=LINE('',#17097,#8010);
#6776=LINE('',#17099,#8011);
#6777=LINE('',#17101,#8012);
#6778=LINE('',#17104,#8013);
#6779=LINE('',#17106,#8014);
#6780=LINE('',#17108,#8015);
#6781=LINE('',#17110,#8016);
#6782=LINE('',#17113,#8017);
#6783=LINE('',#17115,#8018);
#6784=LINE('',#17117,#8019);
#6785=LINE('',#17119,#8020);
#6786=LINE('',#17122,#8021);
#6787=LINE('',#17124,#8022);
#6788=LINE('',#17126,#8023);
#6789=LINE('',#17128,#8024);
#6790=LINE('',#17131,#8025);
#6791=LINE('',#17133,#8026);
#6792=LINE('',#17135,#8027);
#6793=LINE('',#17137,#8028);
#6794=LINE('',#17140,#8029);
#6795=LINE('',#17142,#8030);
#6796=LINE('',#17144,#8031);
#6797=LINE('',#17146,#8032);
#6798=LINE('',#17149,#8033);
#6799=LINE('',#17151,#8034);
#6800=LINE('',#17153,#8035);
#6801=LINE('',#17155,#8036);
#6802=LINE('',#17158,#8037);
#6803=LINE('',#17160,#8038);
#6804=LINE('',#17162,#8039);
#6805=LINE('',#17164,#8040);
#6806=LINE('',#17167,#8041);
#6807=LINE('',#17169,#8042);
#6808=LINE('',#17171,#8043);
#6809=LINE('',#17173,#8044);
#6810=LINE('',#17176,#8045);
#6811=LINE('',#17178,#8046);
#6812=LINE('',#17180,#8047);
#6813=LINE('',#17182,#8048);
#6814=LINE('',#17185,#8049);
#6815=LINE('',#17187,#8050);
#6816=LINE('',#17189,#8051);
#6817=LINE('',#17191,#8052);
#6818=LINE('',#17194,#8053);
#6819=LINE('',#17196,#8054);
#6820=LINE('',#17198,#8055);
#6821=LINE('',#17275,#8056);
#6822=LINE('',#17277,#8057);
#6823=LINE('',#17279,#8058);
#6824=LINE('',#17281,#8059);
#6825=LINE('',#17283,#8060);
#6826=LINE('',#17285,#8061);
#6827=LINE('',#17287,#8062);
#6828=LINE('',#17289,#8063);
#6829=LINE('',#17291,#8064);
#6830=LINE('',#17293,#8065);
#6831=LINE('',#17295,#8066);
#6832=LINE('',#17297,#8067);
#6833=LINE('',#17299,#8068);
#6834=LINE('',#17301,#8069);
#6835=LINE('',#17303,#8070);
#6836=LINE('',#17305,#8071);
#6837=LINE('',#17307,#8072);
#6838=LINE('',#17309,#8073);
#6839=LINE('',#17311,#8074);
#6840=LINE('',#17313,#8075);
#6841=LINE('',#17315,#8076);
#6842=LINE('',#17317,#8077);
#6843=LINE('',#17319,#8078);
#6844=LINE('',#17321,#8079);
#6845=LINE('',#17323,#8080);
#6846=LINE('',#17325,#8081);
#6847=LINE('',#17327,#8082);
#6848=LINE('',#17329,#8083);
#6849=LINE('',#17331,#8084);
#6850=LINE('',#17333,#8085);
#6851=LINE('',#17335,#8086);
#6852=LINE('',#17337,#8087);
#6853=LINE('',#17339,#8088);
#6854=LINE('',#17341,#8089);
#6855=LINE('',#17343,#8090);
#6856=LINE('',#17345,#8091);
#6857=LINE('',#17347,#8092);
#6858=LINE('',#17349,#8093);
#6859=LINE('',#17351,#8094);
#6860=LINE('',#17353,#8095);
#6861=LINE('',#17355,#8096);
#6862=LINE('',#17357,#8097);
#6863=LINE('',#17359,#8098);
#6864=LINE('',#17361,#8099);
#6865=LINE('',#17363,#8100);
#6866=LINE('',#17365,#8101);
#6867=LINE('',#17367,#8102);
#6868=LINE('',#17369,#8103);
#6869=LINE('',#17371,#8104);
#6870=LINE('',#17373,#8105);
#6871=LINE('',#17375,#8106);
#6872=LINE('',#17377,#8107);
#6873=LINE('',#17379,#8108);
#6874=LINE('',#17381,#8109);
#6875=LINE('',#17383,#8110);
#6876=LINE('',#17385,#8111);
#6877=LINE('',#17387,#8112);
#6878=LINE('',#17389,#8113);
#6879=LINE('',#17391,#8114);
#6880=LINE('',#17393,#8115);
#6881=LINE('',#17395,#8116);
#6882=LINE('',#17397,#8117);
#6883=LINE('',#17399,#8118);
#6884=LINE('',#17401,#8119);
#6885=LINE('',#17403,#8120);
#6886=LINE('',#17405,#8121);
#6887=LINE('',#17407,#8122);
#6888=LINE('',#17409,#8123);
#6889=LINE('',#17411,#8124);
#6890=LINE('',#17413,#8125);
#6891=LINE('',#17415,#8126);
#6892=LINE('',#17417,#8127);
#6893=LINE('',#17419,#8128);
#6894=LINE('',#17421,#8129);
#6895=LINE('',#17423,#8130);
#6896=LINE('',#17425,#8131);
#6897=LINE('',#17428,#8132);
#6898=LINE('',#17429,#8133);
#6899=LINE('',#17431,#8134);
#6900=LINE('',#17434,#8135);
#6901=LINE('',#17435,#8136);
#6902=LINE('',#17437,#8137);
#6903=LINE('',#17440,#8138);
#6904=LINE('',#17441,#8139);
#6905=LINE('',#17443,#8140);
#6906=LINE('',#17446,#8141);
#6907=LINE('',#17447,#8142);
#6908=LINE('',#17449,#8143);
#6909=LINE('',#17452,#8144);
#6910=LINE('',#17453,#8145);
#6911=LINE('',#17455,#8146);
#6912=LINE('',#17458,#8147);
#6913=LINE('',#17459,#8148);
#6914=LINE('',#17461,#8149);
#6915=LINE('',#17464,#8150);
#6916=LINE('',#17465,#8151);
#6917=LINE('',#17467,#8152);
#6918=LINE('',#17470,#8153);
#6919=LINE('',#17471,#8154);
#6920=LINE('',#17473,#8155);
#6921=LINE('',#17476,#8156);
#6922=LINE('',#17477,#8157);
#6923=LINE('',#17479,#8158);
#6924=LINE('',#17482,#8159);
#6925=LINE('',#17483,#8160);
#6926=LINE('',#17485,#8161);
#6927=LINE('',#17488,#8162);
#6928=LINE('',#17489,#8163);
#6929=LINE('',#17491,#8164);
#6930=LINE('',#17494,#8165);
#6931=LINE('',#17495,#8166);
#6932=LINE('',#17497,#8167);
#6933=LINE('',#17500,#8168);
#6934=LINE('',#17501,#8169);
#6935=LINE('',#17503,#8170);
#6936=LINE('',#17506,#8171);
#6937=LINE('',#17507,#8172);
#6938=LINE('',#17509,#8173);
#6939=LINE('',#17512,#8174);
#6940=LINE('',#17513,#8175);
#6941=LINE('',#17515,#8176);
#6942=LINE('',#17518,#8177);
#6943=LINE('',#17519,#8178);
#6944=LINE('',#17521,#8179);
#6945=LINE('',#17524,#8180);
#6946=LINE('',#17525,#8181);
#6947=LINE('',#17527,#8182);
#6948=LINE('',#17530,#8183);
#6949=LINE('',#17531,#8184);
#6950=LINE('',#17533,#8185);
#6951=LINE('',#17536,#8186);
#6952=LINE('',#17537,#8187);
#6953=LINE('',#17539,#8188);
#6954=LINE('',#17542,#8189);
#6955=LINE('',#17543,#8190);
#6956=LINE('',#17545,#8191);
#6957=LINE('',#17548,#8192);
#6958=LINE('',#17549,#8193);
#6959=LINE('',#17551,#8194);
#6960=LINE('',#17554,#8195);
#6961=LINE('',#17555,#8196);
#6962=LINE('',#17557,#8197);
#6963=LINE('',#17560,#8198);
#6964=LINE('',#17561,#8199);
#6965=LINE('',#17563,#8200);
#6966=LINE('',#17566,#8201);
#6967=LINE('',#17567,#8202);
#6968=LINE('',#17569,#8203);
#6969=LINE('',#17572,#8204);
#6970=LINE('',#17573,#8205);
#6971=LINE('',#17579,#8206);
#6972=LINE('',#17585,#8207);
#6973=LINE('',#17591,#8208);
#6974=LINE('',#17597,#8209);
#6975=LINE('',#17603,#8210);
#6976=LINE('',#17609,#8211);
#6977=LINE('',#17615,#8212);
#6978=LINE('',#17621,#8213);
#6979=LINE('',#17627,#8214);
#6980=LINE('',#17633,#8215);
#6981=LINE('',#17639,#8216);
#6982=LINE('',#17645,#8217);
#6983=LINE('',#17651,#8218);
#6984=LINE('',#17657,#8219);
#6985=LINE('',#17663,#8220);
#6986=LINE('',#17669,#8221);
#6987=LINE('',#17675,#8222);
#6988=LINE('',#17681,#8223);
#6989=LINE('',#17687,#8224);
#6990=LINE('',#17693,#8225);
#6991=LINE('',#17699,#8226);
#6992=LINE('',#17705,#8227);
#6993=LINE('',#17711,#8228);
#6994=LINE('',#17717,#8229);
#6995=LINE('',#17723,#8230);
#6996=LINE('',#17725,#8231);
#6997=LINE('',#17728,#8232);
#6998=LINE('',#17729,#8233);
#6999=LINE('',#17731,#8234);
#7000=LINE('',#17734,#8235);
#7001=LINE('',#17735,#8236);
#7002=LINE('',#17737,#8237);
#7003=LINE('',#17740,#8238);
#7004=LINE('',#17741,#8239);
#7005=LINE('',#17743,#8240);
#7006=LINE('',#17746,#8241);
#7007=LINE('',#17747,#8242);
#7008=LINE('',#17749,#8243);
#7009=LINE('',#17752,#8244);
#7010=LINE('',#17753,#8245);
#7011=LINE('',#17755,#8246);
#7012=LINE('',#17758,#8247);
#7013=LINE('',#17759,#8248);
#7014=LINE('',#17761,#8249);
#7015=LINE('',#17764,#8250);
#7016=LINE('',#17765,#8251);
#7017=LINE('',#17767,#8252);
#7018=LINE('',#17770,#8253);
#7019=LINE('',#17771,#8254);
#7020=LINE('',#17773,#8255);
#7021=LINE('',#17776,#8256);
#7022=LINE('',#17777,#8257);
#7023=LINE('',#17779,#8258);
#7024=LINE('',#17782,#8259);
#7025=LINE('',#17783,#8260);
#7026=LINE('',#17785,#8261);
#7027=LINE('',#17788,#8262);
#7028=LINE('',#17789,#8263);
#7029=LINE('',#17791,#8264);
#7030=LINE('',#17794,#8265);
#7031=LINE('',#17795,#8266);
#7032=LINE('',#17797,#8267);
#7033=LINE('',#17800,#8268);
#7034=LINE('',#17801,#8269);
#7035=LINE('',#17803,#8270);
#7036=LINE('',#17806,#8271);
#7037=LINE('',#17807,#8272);
#7038=LINE('',#17809,#8273);
#7039=LINE('',#17812,#8274);
#7040=LINE('',#17813,#8275);
#7041=LINE('',#17815,#8276);
#7042=LINE('',#17818,#8277);
#7043=LINE('',#17819,#8278);
#7044=LINE('',#17821,#8279);
#7045=LINE('',#17824,#8280);
#7046=LINE('',#17825,#8281);
#7047=LINE('',#17827,#8282);
#7048=LINE('',#17830,#8283);
#7049=LINE('',#17831,#8284);
#7050=LINE('',#17833,#8285);
#7051=LINE('',#17836,#8286);
#7052=LINE('',#17837,#8287);
#7053=LINE('',#17839,#8288);
#7054=LINE('',#17842,#8289);
#7055=LINE('',#17843,#8290);
#7056=LINE('',#17845,#8291);
#7057=LINE('',#17848,#8292);
#7058=LINE('',#17849,#8293);
#7059=LINE('',#17851,#8294);
#7060=LINE('',#17854,#8295);
#7061=LINE('',#17855,#8296);
#7062=LINE('',#17857,#8297);
#7063=LINE('',#17860,#8298);
#7064=LINE('',#17861,#8299);
#7065=LINE('',#17863,#8300);
#7066=LINE('',#17866,#8301);
#7067=LINE('',#17867,#8302);
#7068=LINE('',#17869,#8303);
#7069=LINE('',#17872,#8304);
#7070=LINE('',#17873,#8305);
#7071=LINE('',#17875,#8306);
#7072=LINE('',#17878,#8307);
#7073=LINE('',#17880,#8308);
#7074=LINE('',#17882,#8309);
#7075=LINE('',#17884,#8310);
#7076=LINE('',#17887,#8311);
#7077=LINE('',#17889,#8312);
#7078=LINE('',#17891,#8313);
#7079=LINE('',#17893,#8314);
#7080=LINE('',#17896,#8315);
#7081=LINE('',#17898,#8316);
#7082=LINE('',#17900,#8317);
#7083=LINE('',#17902,#8318);
#7084=LINE('',#17905,#8319);
#7085=LINE('',#17907,#8320);
#7086=LINE('',#17909,#8321);
#7087=LINE('',#17911,#8322);
#7088=LINE('',#17914,#8323);
#7089=LINE('',#17916,#8324);
#7090=LINE('',#17918,#8325);
#7091=LINE('',#17920,#8326);
#7092=LINE('',#17923,#8327);
#7093=LINE('',#17925,#8328);
#7094=LINE('',#17927,#8329);
#7095=LINE('',#17929,#8330);
#7096=LINE('',#17932,#8331);
#7097=LINE('',#17934,#8332);
#7098=LINE('',#17936,#8333);
#7099=LINE('',#17938,#8334);
#7100=LINE('',#17941,#8335);
#7101=LINE('',#17943,#8336);
#7102=LINE('',#17945,#8337);
#7103=LINE('',#17947,#8338);
#7104=LINE('',#17950,#8339);
#7105=LINE('',#17952,#8340);
#7106=LINE('',#17954,#8341);
#7107=LINE('',#17956,#8342);
#7108=LINE('',#17959,#8343);
#7109=LINE('',#17961,#8344);
#7110=LINE('',#17963,#8345);
#7111=LINE('',#17965,#8346);
#7112=LINE('',#17968,#8347);
#7113=LINE('',#17970,#8348);
#7114=LINE('',#17972,#8349);
#7115=LINE('',#17974,#8350);
#7116=LINE('',#17977,#8351);
#7117=LINE('',#17979,#8352);
#7118=LINE('',#17981,#8353);
#7119=LINE('',#17983,#8354);
#7120=LINE('',#17986,#8355);
#7121=LINE('',#17988,#8356);
#7122=LINE('',#17990,#8357);
#7123=LINE('',#17992,#8358);
#7124=LINE('',#17995,#8359);
#7125=LINE('',#17997,#8360);
#7126=LINE('',#17999,#8361);
#7127=LINE('',#18001,#8362);
#7128=LINE('',#18004,#8363);
#7129=LINE('',#18006,#8364);
#7130=LINE('',#18008,#8365);
#7131=LINE('',#18010,#8366);
#7132=LINE('',#18013,#8367);
#7133=LINE('',#18015,#8368);
#7134=LINE('',#18017,#8369);
#7135=LINE('',#18019,#8370);
#7136=LINE('',#18022,#8371);
#7137=LINE('',#18024,#8372);
#7138=LINE('',#18026,#8373);
#7139=LINE('',#18028,#8374);
#7140=LINE('',#18031,#8375);
#7141=LINE('',#18033,#8376);
#7142=LINE('',#18035,#8377);
#7143=LINE('',#18037,#8378);
#7144=LINE('',#18040,#8379);
#7145=LINE('',#18042,#8380);
#7146=LINE('',#18044,#8381);
#7147=LINE('',#18046,#8382);
#7148=LINE('',#18049,#8383);
#7149=LINE('',#18051,#8384);
#7150=LINE('',#18053,#8385);
#7151=LINE('',#18055,#8386);
#7152=LINE('',#18058,#8387);
#7153=LINE('',#18060,#8388);
#7154=LINE('',#18062,#8389);
#7155=LINE('',#18064,#8390);
#7156=LINE('',#18067,#8391);
#7157=LINE('',#18069,#8392);
#7158=LINE('',#18071,#8393);
#7159=LINE('',#18073,#8394);
#7160=LINE('',#18076,#8395);
#7161=LINE('',#18078,#8396);
#7162=LINE('',#18080,#8397);
#7163=LINE('',#18082,#8398);
#7164=LINE('',#18085,#8399);
#7165=LINE('',#18087,#8400);
#7166=LINE('',#18089,#8401);
#7167=LINE('',#18091,#8402);
#7168=LINE('',#18094,#8403);
#7169=LINE('',#18096,#8404);
#7170=LINE('',#18098,#8405);
#7171=LINE('',#18175,#8406);
#7172=LINE('',#18178,#8407);
#7173=LINE('',#18180,#8408);
#7174=LINE('',#18182,#8409);
#7175=LINE('',#18184,#8410);
#7176=LINE('',#18187,#8411);
#7177=LINE('',#18189,#8412);
#7178=LINE('',#18191,#8413);
#7179=LINE('',#18193,#8414);
#7180=LINE('',#18196,#8415);
#7181=LINE('',#18198,#8416);
#7182=LINE('',#18200,#8417);
#7183=LINE('',#18202,#8418);
#7184=LINE('',#18205,#8419);
#7185=LINE('',#18207,#8420);
#7186=LINE('',#18209,#8421);
#7187=LINE('',#18211,#8422);
#7188=LINE('',#18214,#8423);
#7189=LINE('',#18216,#8424);
#7190=LINE('',#18218,#8425);
#7191=LINE('',#18220,#8426);
#7192=LINE('',#18223,#8427);
#7193=LINE('',#18225,#8428);
#7194=LINE('',#18227,#8429);
#7195=LINE('',#18229,#8430);
#7196=LINE('',#18232,#8431);
#7197=LINE('',#18234,#8432);
#7198=LINE('',#18236,#8433);
#7199=LINE('',#18238,#8434);
#7200=LINE('',#18241,#8435);
#7201=LINE('',#18243,#8436);
#7202=LINE('',#18245,#8437);
#7203=LINE('',#18247,#8438);
#7204=LINE('',#18250,#8439);
#7205=LINE('',#18252,#8440);
#7206=LINE('',#18254,#8441);
#7207=LINE('',#18256,#8442);
#7208=LINE('',#18259,#8443);
#7209=LINE('',#18261,#8444);
#7210=LINE('',#18263,#8445);
#7211=LINE('',#18265,#8446);
#7212=LINE('',#18268,#8447);
#7213=LINE('',#18270,#8448);
#7214=LINE('',#18272,#8449);
#7215=LINE('',#18274,#8450);
#7216=LINE('',#18277,#8451);
#7217=LINE('',#18279,#8452);
#7218=LINE('',#18281,#8453);
#7219=LINE('',#18283,#8454);
#7220=LINE('',#18286,#8455);
#7221=LINE('',#18288,#8456);
#7222=LINE('',#18290,#8457);
#7223=LINE('',#18292,#8458);
#7224=LINE('',#18295,#8459);
#7225=LINE('',#18297,#8460);
#7226=LINE('',#18299,#8461);
#7227=LINE('',#18301,#8462);
#7228=LINE('',#18304,#8463);
#7229=LINE('',#18306,#8464);
#7230=LINE('',#18308,#8465);
#7231=LINE('',#18310,#8466);
#7232=LINE('',#18313,#8467);
#7233=LINE('',#18315,#8468);
#7234=LINE('',#18317,#8469);
#7235=LINE('',#18319,#8470);
#7236=LINE('',#18322,#8471);
#7237=LINE('',#18324,#8472);
#7238=LINE('',#18326,#8473);
#7239=LINE('',#18328,#8474);
#7240=LINE('',#18331,#8475);
#7241=LINE('',#18333,#8476);
#7242=LINE('',#18335,#8477);
#7243=LINE('',#18337,#8478);
#7244=LINE('',#18340,#8479);
#7245=LINE('',#18342,#8480);
#7246=LINE('',#18344,#8481);
#7247=LINE('',#18346,#8482);
#7248=LINE('',#18349,#8483);
#7249=LINE('',#18351,#8484);
#7250=LINE('',#18353,#8485);
#7251=LINE('',#18355,#8486);
#7252=LINE('',#18358,#8487);
#7253=LINE('',#18360,#8488);
#7254=LINE('',#18362,#8489);
#7255=LINE('',#18364,#8490);
#7256=LINE('',#18367,#8491);
#7257=LINE('',#18369,#8492);
#7258=LINE('',#18371,#8493);
#7259=LINE('',#18373,#8494);
#7260=LINE('',#18376,#8495);
#7261=LINE('',#18378,#8496);
#7262=LINE('',#18380,#8497);
#7263=LINE('',#18382,#8498);
#7264=LINE('',#18385,#8499);
#7265=LINE('',#18387,#8500);
#7266=LINE('',#18389,#8501);
#7267=LINE('',#18391,#8502);
#7268=LINE('',#18394,#8503);
#7269=LINE('',#18396,#8504);
#7270=LINE('',#18398,#8505);
#7271=LINE('',#18475,#8506);
#7272=LINE('',#18476,#8507);
#7273=LINE('',#18477,#8508);
#7274=LINE('',#18478,#8509);
#7275=LINE('',#18479,#8510);
#7276=LINE('',#18480,#8511);
#7277=LINE('',#18481,#8512);
#7278=LINE('',#18482,#8513);
#7279=LINE('',#18483,#8514);
#7280=LINE('',#18484,#8515);
#7281=LINE('',#18485,#8516);
#7282=LINE('',#18486,#8517);
#7283=LINE('',#18487,#8518);
#7284=LINE('',#18488,#8519);
#7285=LINE('',#18489,#8520);
#7286=LINE('',#18490,#8521);
#7287=LINE('',#18491,#8522);
#7288=LINE('',#18492,#8523);
#7289=LINE('',#18493,#8524);
#7290=LINE('',#18494,#8525);
#7291=LINE('',#18495,#8526);
#7292=LINE('',#18496,#8527);
#7293=LINE('',#18497,#8528);
#7294=LINE('',#18498,#8529);
#7295=LINE('',#18499,#8530);
#7296=LINE('',#18500,#8531);
#7297=LINE('',#18501,#8532);
#7298=LINE('',#18502,#8533);
#7299=LINE('',#18503,#8534);
#7300=LINE('',#18504,#8535);
#7301=LINE('',#18505,#8536);
#7302=LINE('',#18506,#8537);
#7303=LINE('',#18507,#8538);
#7304=LINE('',#18508,#8539);
#7305=LINE('',#18509,#8540);
#7306=LINE('',#18510,#8541);
#7307=LINE('',#18511,#8542);
#7308=LINE('',#18512,#8543);
#7309=LINE('',#18513,#8544);
#7310=LINE('',#18514,#8545);
#7311=LINE('',#18515,#8546);
#7312=LINE('',#18516,#8547);
#7313=LINE('',#18517,#8548);
#7314=LINE('',#18518,#8549);
#7315=LINE('',#18519,#8550);
#7316=LINE('',#18520,#8551);
#7317=LINE('',#18521,#8552);
#7318=LINE('',#18522,#8553);
#7319=LINE('',#18523,#8554);
#7320=LINE('',#18524,#8555);
#7321=LINE('',#18525,#8556);
#7322=LINE('',#18526,#8557);
#7323=LINE('',#18527,#8558);
#7324=LINE('',#18528,#8559);
#7325=LINE('',#18529,#8560);
#7326=LINE('',#18530,#8561);
#7327=LINE('',#18531,#8562);
#7328=LINE('',#18532,#8563);
#7329=LINE('',#18533,#8564);
#7330=LINE('',#18534,#8565);
#7331=LINE('',#18535,#8566);
#7332=LINE('',#18536,#8567);
#7333=LINE('',#18537,#8568);
#7334=LINE('',#18538,#8569);
#7335=LINE('',#18539,#8570);
#7336=LINE('',#18540,#8571);
#7337=LINE('',#18541,#8572);
#7338=LINE('',#18542,#8573);
#7339=LINE('',#18543,#8574);
#7340=LINE('',#18544,#8575);
#7341=LINE('',#18545,#8576);
#7342=LINE('',#18546,#8577);
#7343=LINE('',#18547,#8578);
#7344=LINE('',#18548,#8579);
#7345=LINE('',#18549,#8580);
#7346=LINE('',#18550,#8581);
#7347=LINE('',#18551,#8582);
#7348=LINE('',#18552,#8583);
#7349=LINE('',#18553,#8584);
#7350=LINE('',#18554,#8585);
#7351=LINE('',#18555,#8586);
#7352=LINE('',#18556,#8587);
#7353=LINE('',#18557,#8588);
#7354=LINE('',#18558,#8589);
#7355=LINE('',#18559,#8590);
#7356=LINE('',#18560,#8591);
#7357=LINE('',#18561,#8592);
#7358=LINE('',#18562,#8593);
#7359=LINE('',#18563,#8594);
#7360=LINE('',#18564,#8595);
#7361=LINE('',#18565,#8596);
#7362=LINE('',#18566,#8597);
#7363=LINE('',#18567,#8598);
#7364=LINE('',#18568,#8599);
#7365=LINE('',#18569,#8600);
#7366=LINE('',#18570,#8601);
#7367=LINE('',#18571,#8602);
#7368=LINE('',#18572,#8603);
#7369=LINE('',#18573,#8604);
#7370=LINE('',#18574,#8605);
#7371=VECTOR('',#12320,39.3700787401575);
#7372=VECTOR('',#12321,39.3700787401575);
#7373=VECTOR('',#12322,39.3700787401575);
#7374=VECTOR('',#12323,39.3700787401575);
#7375=VECTOR('',#12324,39.3700787401575);
#7376=VECTOR('',#12325,39.3700787401575);
#7377=VECTOR('',#12326,39.3700787401575);
#7378=VECTOR('',#12327,39.3700787401575);
#7379=VECTOR('',#12328,39.3700787401575);
#7380=VECTOR('',#12329,39.3700787401575);
#7381=VECTOR('',#12330,39.3700787401575);
#7382=VECTOR('',#12331,39.3700787401575);
#7383=VECTOR('',#12332,39.3700787401575);
#7384=VECTOR('',#12333,39.3700787401575);
#7385=VECTOR('',#12334,39.3700787401575);
#7386=VECTOR('',#12335,39.3700787401575);
#7387=VECTOR('',#12336,39.3700787401575);
#7388=VECTOR('',#12337,39.3700787401575);
#7389=VECTOR('',#12338,39.3700787401575);
#7390=VECTOR('',#12339,39.3700787401575);
#7391=VECTOR('',#12340,39.3700787401575);
#7392=VECTOR('',#12341,39.3700787401575);
#7393=VECTOR('',#12342,39.3700787401575);
#7394=VECTOR('',#12343,39.3700787401575);
#7395=VECTOR('',#12344,39.3700787401575);
#7396=VECTOR('',#12345,39.3700787401575);
#7397=VECTOR('',#12346,39.3700787401575);
#7398=VECTOR('',#12347,39.3700787401575);
#7399=VECTOR('',#12350,39.3700787401575);
#7400=VECTOR('',#12351,39.3700787401575);
#7401=VECTOR('',#12352,39.3700787401575);
#7402=VECTOR('',#12353,39.3700787401575);
#7403=VECTOR('',#12354,39.3700787401575);
#7404=VECTOR('',#12357,39.3700787401575);
#7405=VECTOR('',#12358,39.3700787401575);
#7406=VECTOR('',#12359,39.3700787401575);
#7407=VECTOR('',#12360,39.3700787401575);
#7408=VECTOR('',#12361,39.3700787401575);
#7409=VECTOR('',#12364,39.3700787401575);
#7410=VECTOR('',#12365,39.3700787401575);
#7411=VECTOR('',#12366,39.3700787401575);
#7412=VECTOR('',#12367,39.3700787401575);
#7413=VECTOR('',#12368,39.3700787401575);
#7414=VECTOR('',#12369,39.3700787401575);
#7415=VECTOR('',#12370,39.3700787401575);
#7416=VECTOR('',#12371,39.3700787401575);
#7417=VECTOR('',#12372,39.3700787401575);
#7418=VECTOR('',#12373,39.3700787401575);
#7419=VECTOR('',#12376,39.3700787401575);
#7420=VECTOR('',#12377,39.3700787401575);
#7421=VECTOR('',#12378,39.3700787401575);
#7422=VECTOR('',#12381,39.3700787401575);
#7423=VECTOR('',#12382,39.3700787401575);
#7424=VECTOR('',#12383,39.3700787401575);
#7425=VECTOR('',#12384,39.3700787401575);
#7426=VECTOR('',#12387,39.3700787401575);
#7427=VECTOR('',#12388,39.3700787401575);
#7428=VECTOR('',#12389,39.3700787401575);
#7429=VECTOR('',#12390,39.3700787401575);
#7430=VECTOR('',#12391,39.3700787401575);
#7431=VECTOR('',#12394,39.3700787401575);
#7432=VECTOR('',#12395,39.3700787401575);
#7433=VECTOR('',#12396,39.3700787401575);
#7434=VECTOR('',#12399,39.3700787401575);
#7435=VECTOR('',#12400,39.3700787401575);
#7436=VECTOR('',#12401,39.3700787401575);
#7437=VECTOR('',#12402,39.3700787401575);
#7438=VECTOR('',#12403,39.3700787401575);
#7439=VECTOR('',#12404,39.3700787401575);
#7440=VECTOR('',#12407,39.3700787401575);
#7441=VECTOR('',#12408,39.3700787401575);
#7442=VECTOR('',#12409,39.3700787401575);
#7443=VECTOR('',#12410,39.3700787401575);
#7444=VECTOR('',#12411,39.3700787401575);
#7445=VECTOR('',#12412,39.3700787401575);
#7446=VECTOR('',#12413,39.3700787401575);
#7447=VECTOR('',#12414,39.3700787401575);
#7448=VECTOR('',#12415,39.3700787401575);
#7449=VECTOR('',#12416,39.3700787401575);
#7450=VECTOR('',#12419,39.3700787401575);
#7451=VECTOR('',#12420,39.3700787401575);
#7452=VECTOR('',#12423,39.3700787401575);
#7453=VECTOR('',#12424,39.3700787401575);
#7454=VECTOR('',#12425,39.3700787401575);
#7455=VECTOR('',#12428,39.3700787401575);
#7456=VECTOR('',#12429,39.3700787401575);
#7457=VECTOR('',#12430,39.3700787401575);
#7458=VECTOR('',#12433,39.3700787401575);
#7459=VECTOR('',#12434,39.3700787401575);
#7460=VECTOR('',#12435,39.3700787401575);
#7461=VECTOR('',#12438,39.3700787401575);
#7462=VECTOR('',#12439,39.3700787401575);
#7463=VECTOR('',#12442,39.3700787401575);
#7464=VECTOR('',#12445,39.3700787401575);
#7465=VECTOR('',#12446,39.3700787401575);
#7466=VECTOR('',#12447,39.3700787401575);
#7467=VECTOR('',#12448,39.3700787401575);
#7468=VECTOR('',#12451,39.3700787401575);
#7469=VECTOR('',#12452,39.3700787401575);
#7470=VECTOR('',#12455,39.3700787401575);
#7471=VECTOR('',#12458,39.3700787401575);
#7472=VECTOR('',#12459,39.3700787401575);
#7473=VECTOR('',#12464,39.3700787401575);
#7474=VECTOR('',#12465,39.3700787401575);
#7475=VECTOR('',#12468,39.3700787401575);
#7476=VECTOR('',#12469,39.3700787401575);
#7477=VECTOR('',#12472,39.3700787401575);
#7478=VECTOR('',#12477,39.3700787401575);
#7479=VECTOR('',#12478,39.3700787401575);
#7480=VECTOR('',#12479,39.3700787401575);
#7481=VECTOR('',#12482,39.3700787401575);
#7482=VECTOR('',#12483,39.3700787401575);
#7483=VECTOR('',#12484,39.3700787401575);
#7484=VECTOR('',#12487,39.3700787401575);
#7485=VECTOR('',#12488,39.3700787401575);
#7486=VECTOR('',#12495,39.3700787401575);
#7487=VECTOR('',#12496,39.3700787401575);
#7488=VECTOR('',#12497,39.3700787401575);
#7489=VECTOR('',#12498,39.3700787401575);
#7490=VECTOR('',#12499,39.3700787401575);
#7491=VECTOR('',#12500,39.3700787401575);
#7492=VECTOR('',#12501,39.3700787401575);
#7493=VECTOR('',#12502,39.3700787401575);
#7494=VECTOR('',#12503,39.3700787401575);
#7495=VECTOR('',#12506,39.3700787401575);
#7496=VECTOR('',#12507,39.3700787401575);
#7497=VECTOR('',#12508,39.3700787401575);
#7498=VECTOR('',#12509,39.3700787401575);
#7499=VECTOR('',#12510,39.3700787401575);
#7500=VECTOR('',#12511,39.3700787401575);
#7501=VECTOR('',#12512,39.3700787401575);
#7502=VECTOR('',#12513,39.3700787401575);
#7503=VECTOR('',#12514,39.3700787401575);
#7504=VECTOR('',#12515,39.3700787401575);
#7505=VECTOR('',#12516,39.3700787401575);
#7506=VECTOR('',#12519,39.3700787401575);
#7507=VECTOR('',#12520,39.3700787401575);
#7508=VECTOR('',#12523,39.3700787401575);
#7509=VECTOR('',#12526,39.3700787401575);
#7510=VECTOR('',#12529,39.3700787401575);
#7511=VECTOR('',#12532,39.3700787401575);
#7512=VECTOR('',#12537,39.3700787401575);
#7513=VECTOR('',#12538,39.3700787401575);
#7514=VECTOR('',#12539,39.3700787401575);
#7515=VECTOR('',#12542,39.3700787401575);
#7516=VECTOR('',#12543,39.3700787401575);
#7517=VECTOR('',#12546,39.3700787401575);
#7518=VECTOR('',#12547,39.3700787401575);
#7519=VECTOR('',#12550,39.3700787401575);
#7520=VECTOR('',#12551,39.3700787401575);
#7521=VECTOR('',#12554,39.3700787401575);
#7522=VECTOR('',#12555,39.3700787401575);
#7523=VECTOR('',#12558,39.3700787401575);
#7524=VECTOR('',#12559,39.3700787401575);
#7525=VECTOR('',#12562,39.3700787401575);
#7526=VECTOR('',#12563,39.3700787401575);
#7527=VECTOR('',#12566,39.3700787401575);
#7528=VECTOR('',#12567,39.3700787401575);
#7529=VECTOR('',#12570,39.3700787401575);
#7530=VECTOR('',#12571,39.3700787401575);
#7531=VECTOR('',#12574,39.3700787401575);
#7532=VECTOR('',#12575,39.3700787401575);
#7533=VECTOR('',#12578,39.3700787401575);
#7534=VECTOR('',#12579,39.3700787401575);
#7535=VECTOR('',#12582,39.3700787401575);
#7536=VECTOR('',#12585,39.3700787401575);
#7537=VECTOR('',#12590,39.3700787401575);
#7538=VECTOR('',#12593,39.3700787401575);
#7539=VECTOR('',#12594,39.3700787401575);
#7540=VECTOR('',#12595,39.3700787401575);
#7541=VECTOR('',#12598,39.3700787401575);
#7542=VECTOR('',#12599,39.3700787401575);
#7543=VECTOR('',#12602,39.3700787401575);
#7544=VECTOR('',#12603,39.3700787401575);
#7545=VECTOR('',#12606,39.3700787401575);
#7546=VECTOR('',#12607,39.3700787401575);
#7547=VECTOR('',#12610,39.3700787401575);
#7548=VECTOR('',#12611,39.3700787401575);
#7549=VECTOR('',#12614,39.3700787401575);
#7550=VECTOR('',#12619,39.3700787401575);
#7551=VECTOR('',#12620,39.3700787401575);
#7552=VECTOR('',#12621,39.3700787401575);
#7553=VECTOR('',#12624,39.3700787401575);
#7554=VECTOR('',#12625,39.3700787401575);
#7555=VECTOR('',#12628,39.3700787401575);
#7556=VECTOR('',#12629,39.3700787401575);
#7557=VECTOR('',#12632,39.3700787401575);
#7558=VECTOR('',#12637,39.3700787401575);
#7559=VECTOR('',#12638,39.3700787401575);
#7560=VECTOR('',#12639,39.3700787401575);
#7561=VECTOR('',#12642,39.3700787401575);
#7562=VECTOR('',#12643,39.3700787401575);
#7563=VECTOR('',#12646,39.3700787401575);
#7564=VECTOR('',#12647,39.3700787401575);
#7565=VECTOR('',#12650,39.3700787401575);
#7566=VECTOR('',#12655,39.3700787401575);
#7567=VECTOR('',#12656,39.3700787401575);
#7568=VECTOR('',#12657,39.3700787401575);
#7569=VECTOR('',#12660,39.3700787401575);
#7570=VECTOR('',#12661,39.3700787401575);
#7571=VECTOR('',#12664,39.3700787401575);
#7572=VECTOR('',#12665,39.3700787401575);
#7573=VECTOR('',#12668,39.3700787401575);
#7574=VECTOR('',#12673,39.3700787401575);
#7575=VECTOR('',#12674,39.3700787401575);
#7576=VECTOR('',#12675,39.3700787401575);
#7577=VECTOR('',#12678,39.3700787401575);
#7578=VECTOR('',#12679,39.3700787401575);
#7579=VECTOR('',#12682,39.3700787401575);
#7580=VECTOR('',#12683,39.3700787401575);
#7581=VECTOR('',#12686,39.3700787401575);
#7582=VECTOR('',#12693,39.3700787401575);
#7583=VECTOR('',#12694,39.3700787401575);
#7584=VECTOR('',#12695,39.3700787401575);
#7585=VECTOR('',#12696,39.3700787401575);
#7586=VECTOR('',#12699,39.3700787401575);
#7587=VECTOR('',#12700,39.3700787401575);
#7588=VECTOR('',#12701,39.3700787401575);
#7589=VECTOR('',#12702,39.3700787401575);
#7590=VECTOR('',#12705,39.3700787401575);
#7591=VECTOR('',#12706,39.3700787401575);
#7592=VECTOR('',#12709,39.3700787401575);
#7593=VECTOR('',#12710,39.3700787401575);
#7594=VECTOR('',#13119,39.3700787401575);
#7595=VECTOR('',#13120,39.3700787401575);
#7596=VECTOR('',#13121,39.3700787401575);
#7597=VECTOR('',#13122,39.3700787401575);
#7598=VECTOR('',#13125,39.3700787401575);
#7599=VECTOR('',#13126,39.3700787401575);
#7600=VECTOR('',#13127,39.3700787401575);
#7601=VECTOR('',#13128,39.3700787401575);
#7602=VECTOR('',#13131,39.3700787401575);
#7603=VECTOR('',#13132,39.3700787401575);
#7604=VECTOR('',#13135,39.3700787401575);
#7605=VECTOR('',#13136,39.3700787401575);
#7606=VECTOR('',#13139,39.3700787401575);
#7607=VECTOR('',#13140,39.3700787401575);
#7608=VECTOR('',#13141,39.3700787401575);
#7609=VECTOR('',#13142,39.3700787401575);
#7610=VECTOR('',#13145,39.3700787401575);
#7611=VECTOR('',#13146,39.3700787401575);
#7612=VECTOR('',#13147,39.3700787401575);
#7613=VECTOR('',#13148,39.3700787401575);
#7614=VECTOR('',#13151,39.3700787401575);
#7615=VECTOR('',#13152,39.3700787401575);
#7616=VECTOR('',#13153,39.3700787401575);
#7617=VECTOR('',#13154,39.3700787401575);
#7618=VECTOR('',#13157,39.3700787401575);
#7619=VECTOR('',#13158,39.3700787401575);
#7620=VECTOR('',#13159,39.3700787401575);
#7621=VECTOR('',#13160,39.3700787401575);
#7622=VECTOR('',#13163,39.3700787401575);
#7623=VECTOR('',#13164,39.3700787401575);
#7624=VECTOR('',#13165,39.3700787401575);
#7625=VECTOR('',#13166,39.3700787401575);
#7626=VECTOR('',#13169,39.3700787401575);
#7627=VECTOR('',#13170,39.3700787401575);
#7628=VECTOR('',#13171,39.3700787401575);
#7629=VECTOR('',#13172,39.3700787401575);
#7630=VECTOR('',#13175,39.3700787401575);
#7631=VECTOR('',#13176,39.3700787401575);
#7632=VECTOR('',#13177,39.3700787401575);
#7633=VECTOR('',#13178,39.3700787401575);
#7634=VECTOR('',#13181,39.3700787401575);
#7635=VECTOR('',#13182,39.3700787401575);
#7636=VECTOR('',#13183,39.3700787401575);
#7637=VECTOR('',#13184,39.3700787401575);
#7638=VECTOR('',#13187,39.3700787401575);
#7639=VECTOR('',#13188,39.3700787401575);
#7640=VECTOR('',#13189,39.3700787401575);
#7641=VECTOR('',#13190,39.3700787401575);
#7642=VECTOR('',#13193,39.3700787401575);
#7643=VECTOR('',#13194,39.3700787401575);
#7644=VECTOR('',#13195,39.3700787401575);
#7645=VECTOR('',#13196,39.3700787401575);
#7646=VECTOR('',#13199,39.3700787401575);
#7647=VECTOR('',#13200,39.3700787401575);
#7648=VECTOR('',#13201,39.3700787401575);
#7649=VECTOR('',#13202,39.3700787401575);
#7650=VECTOR('',#13205,39.3700787401575);
#7651=VECTOR('',#13206,39.3700787401575);
#7652=VECTOR('',#13207,39.3700787401575);
#7653=VECTOR('',#13208,39.3700787401575);
#7654=VECTOR('',#13211,39.3700787401575);
#7655=VECTOR('',#13212,39.3700787401575);
#7656=VECTOR('',#13213,39.3700787401575);
#7657=VECTOR('',#13214,39.3700787401575);
#7658=VECTOR('',#13217,39.3700787401575);
#7659=VECTOR('',#13218,39.3700787401575);
#7660=VECTOR('',#13219,39.3700787401575);
#7661=VECTOR('',#13220,39.3700787401575);
#7662=VECTOR('',#13223,39.3700787401575);
#7663=VECTOR('',#13224,39.3700787401575);
#7664=VECTOR('',#13225,39.3700787401575);
#7665=VECTOR('',#13226,39.3700787401575);
#7666=VECTOR('',#13229,39.3700787401575);
#7667=VECTOR('',#13230,39.3700787401575);
#7668=VECTOR('',#13231,39.3700787401575);
#7669=VECTOR('',#13232,39.3700787401575);
#7670=VECTOR('',#13235,39.3700787401575);
#7671=VECTOR('',#13236,39.3700787401575);
#7672=VECTOR('',#13237,39.3700787401575);
#7673=VECTOR('',#13238,39.3700787401575);
#7674=VECTOR('',#13241,39.3700787401575);
#7675=VECTOR('',#13242,39.3700787401575);
#7676=VECTOR('',#13243,39.3700787401575);
#7677=VECTOR('',#13244,39.3700787401575);
#7678=VECTOR('',#13247,39.3700787401575);
#7679=VECTOR('',#13248,39.3700787401575);
#7680=VECTOR('',#13249,39.3700787401575);
#7681=VECTOR('',#13250,39.3700787401575);
#7682=VECTOR('',#13253,39.3700787401575);
#7683=VECTOR('',#13254,39.3700787401575);
#7684=VECTOR('',#13255,39.3700787401575);
#7685=VECTOR('',#13256,39.3700787401575);
#7686=VECTOR('',#13259,39.3700787401575);
#7687=VECTOR('',#13260,39.3700787401575);
#7688=VECTOR('',#13261,39.3700787401575);
#7689=VECTOR('',#13262,39.3700787401575);
#7690=VECTOR('',#13265,39.3700787401575);
#7691=VECTOR('',#13266,39.3700787401575);
#7692=VECTOR('',#13267,39.3700787401575);
#7693=VECTOR('',#13268,39.3700787401575);
#7694=VECTOR('',#13271,39.3700787401575);
#7695=VECTOR('',#13272,39.3700787401575);
#7696=VECTOR('',#13273,39.3700787401575);
#7697=VECTOR('',#13274,39.3700787401575);
#7698=VECTOR('',#13277,39.3700787401575);
#7699=VECTOR('',#13278,39.3700787401575);
#7700=VECTOR('',#13279,39.3700787401575);
#7701=VECTOR('',#13280,39.3700787401575);
#7702=VECTOR('',#13283,39.3700787401575);
#7703=VECTOR('',#13284,39.3700787401575);
#7704=VECTOR('',#13285,39.3700787401575);
#7705=VECTOR('',#13286,39.3700787401575);
#7706=VECTOR('',#13289,39.3700787401575);
#7707=VECTOR('',#13290,39.3700787401575);
#7708=VECTOR('',#13291,39.3700787401575);
#7709=VECTOR('',#13292,39.3700787401575);
#7710=VECTOR('',#13295,39.3700787401575);
#7711=VECTOR('',#13296,39.3700787401575);
#7712=VECTOR('',#13297,39.3700787401575);
#7713=VECTOR('',#13298,39.3700787401575);
#7714=VECTOR('',#13301,39.3700787401575);
#7715=VECTOR('',#13302,39.3700787401575);
#7716=VECTOR('',#13303,39.3700787401575);
#7717=VECTOR('',#13304,39.3700787401575);
#7718=VECTOR('',#13307,39.3700787401575);
#7719=VECTOR('',#13308,39.3700787401575);
#7720=VECTOR('',#13309,39.3700787401575);
#7721=VECTOR('',#13310,39.3700787401575);
#7722=VECTOR('',#13313,39.3700787401575);
#7723=VECTOR('',#13314,39.3700787401575);
#7724=VECTOR('',#13315,39.3700787401575);
#7725=VECTOR('',#13316,39.3700787401575);
#7726=VECTOR('',#13319,39.3700787401575);
#7727=VECTOR('',#13320,39.3700787401575);
#7728=VECTOR('',#13321,39.3700787401575);
#7729=VECTOR('',#13322,39.3700787401575);
#7730=VECTOR('',#13325,39.3700787401575);
#7731=VECTOR('',#13326,39.3700787401575);
#7732=VECTOR('',#13327,39.3700787401575);
#7733=VECTOR('',#13328,39.3700787401575);
#7734=VECTOR('',#13331,39.3700787401575);
#7735=VECTOR('',#13332,39.3700787401575);
#7736=VECTOR('',#13333,39.3700787401575);
#7737=VECTOR('',#13334,39.3700787401575);
#7738=VECTOR('',#13337,39.3700787401575);
#7739=VECTOR('',#13338,39.3700787401575);
#7740=VECTOR('',#13339,39.3700787401575);
#7741=VECTOR('',#13340,39.3700787401575);
#7742=VECTOR('',#13343,39.3700787401575);
#7743=VECTOR('',#13344,39.3700787401575);
#7744=VECTOR('',#13345,39.3700787401575);
#7745=VECTOR('',#13346,39.3700787401575);
#7746=VECTOR('',#13349,39.3700787401575);
#7747=VECTOR('',#13350,39.3700787401575);
#7748=VECTOR('',#13351,39.3700787401575);
#7749=VECTOR('',#13352,39.3700787401575);
#7750=VECTOR('',#13355,39.3700787401575);
#7751=VECTOR('',#13356,39.3700787401575);
#7752=VECTOR('',#13357,39.3700787401575);
#7753=VECTOR('',#13358,39.3700787401575);
#7754=VECTOR('',#13361,39.3700787401575);
#7755=VECTOR('',#13362,39.3700787401575);
#7756=VECTOR('',#13363,39.3700787401575);
#7757=VECTOR('',#13364,39.3700787401575);
#7758=VECTOR('',#13367,39.3700787401575);
#7759=VECTOR('',#13368,39.3700787401575);
#7760=VECTOR('',#13369,39.3700787401575);
#7761=VECTOR('',#13370,39.3700787401575);
#7762=VECTOR('',#13373,39.3700787401575);
#7763=VECTOR('',#13374,39.3700787401575);
#7764=VECTOR('',#13375,39.3700787401575);
#7765=VECTOR('',#13376,39.3700787401575);
#7766=VECTOR('',#13379,39.3700787401575);
#7767=VECTOR('',#13380,39.3700787401575);
#7768=VECTOR('',#13381,39.3700787401575);
#7769=VECTOR('',#13382,39.3700787401575);
#7770=VECTOR('',#13385,39.3700787401575);
#7771=VECTOR('',#13386,39.3700787401575);
#7772=VECTOR('',#13387,39.3700787401575);
#7773=VECTOR('',#13388,39.3700787401575);
#7774=VECTOR('',#13391,39.3700787401575);
#7775=VECTOR('',#13392,39.3700787401575);
#7776=VECTOR('',#13393,39.3700787401575);
#7777=VECTOR('',#13394,39.3700787401575);
#7778=VECTOR('',#13397,39.3700787401575);
#7779=VECTOR('',#13398,39.3700787401575);
#7780=VECTOR('',#13399,39.3700787401575);
#7781=VECTOR('',#13400,39.3700787401575);
#7782=VECTOR('',#13403,39.3700787401575);
#7783=VECTOR('',#13404,39.3700787401575);
#7784=VECTOR('',#13405,39.3700787401575);
#7785=VECTOR('',#13406,39.3700787401575);
#7786=VECTOR('',#13409,39.3700787401575);
#7787=VECTOR('',#13410,39.3700787401575);
#7788=VECTOR('',#13411,39.3700787401575);
#7789=VECTOR('',#13412,39.3700787401575);
#7790=VECTOR('',#13415,39.3700787401575);
#7791=VECTOR('',#13416,39.3700787401575);
#7792=VECTOR('',#13417,39.3700787401575);
#7793=VECTOR('',#13418,39.3700787401575);
#7794=VECTOR('',#13421,39.3700787401575);
#7795=VECTOR('',#13422,39.3700787401575);
#7796=VECTOR('',#13423,39.3700787401575);
#7797=VECTOR('',#13424,39.3700787401575);
#7798=VECTOR('',#13427,39.3700787401575);
#7799=VECTOR('',#13428,39.3700787401575);
#7800=VECTOR('',#13429,39.3700787401575);
#7801=VECTOR('',#13430,39.3700787401575);
#7802=VECTOR('',#13433,39.3700787401575);
#7803=VECTOR('',#13434,39.3700787401575);
#7804=VECTOR('',#13435,39.3700787401575);
#7805=VECTOR('',#13436,39.3700787401575);
#7806=VECTOR('',#13439,39.3700787401575);
#7807=VECTOR('',#13440,39.3700787401575);
#7808=VECTOR('',#13441,39.3700787401575);
#7809=VECTOR('',#13444,39.3700787401575);
#7810=VECTOR('',#13445,39.3700787401575);
#7811=VECTOR('',#13446,39.3700787401575);
#7812=VECTOR('',#13449,39.3700787401575);
#7813=VECTOR('',#13450,39.3700787401575);
#7814=VECTOR('',#13451,39.3700787401575);
#7815=VECTOR('',#13454,39.3700787401575);
#7816=VECTOR('',#13455,39.3700787401575);
#7817=VECTOR('',#13456,39.3700787401575);
#7818=VECTOR('',#13459,39.3700787401575);
#7819=VECTOR('',#13460,39.3700787401575);
#7820=VECTOR('',#13461,39.3700787401575);
#7821=VECTOR('',#13464,39.3700787401575);
#7822=VECTOR('',#13465,39.3700787401575);
#7823=VECTOR('',#13466,39.3700787401575);
#7824=VECTOR('',#13469,39.3700787401575);
#7825=VECTOR('',#13470,39.3700787401575);
#7826=VECTOR('',#13471,39.3700787401575);
#7827=VECTOR('',#13474,39.3700787401575);
#7828=VECTOR('',#13475,39.3700787401575);
#7829=VECTOR('',#13476,39.3700787401575);
#7830=VECTOR('',#13479,39.3700787401575);
#7831=VECTOR('',#13480,39.3700787401575);
#7832=VECTOR('',#13481,39.3700787401575);
#7833=VECTOR('',#13484,39.3700787401575);
#7834=VECTOR('',#13485,39.3700787401575);
#7835=VECTOR('',#13486,39.3700787401575);
#7836=VECTOR('',#13489,39.3700787401575);
#7837=VECTOR('',#13490,39.3700787401575);
#7838=VECTOR('',#13491,39.3700787401575);
#7839=VECTOR('',#13494,39.3700787401575);
#7840=VECTOR('',#13495,39.3700787401575);
#7841=VECTOR('',#13496,39.3700787401575);
#7842=VECTOR('',#13499,39.3700787401575);
#7843=VECTOR('',#13500,39.3700787401575);
#7844=VECTOR('',#13501,39.3700787401575);
#7845=VECTOR('',#13504,39.3700787401575);
#7846=VECTOR('',#13505,39.3700787401575);
#7847=VECTOR('',#13506,39.3700787401575);
#7848=VECTOR('',#13509,39.3700787401575);
#7849=VECTOR('',#13510,39.3700787401575);
#7850=VECTOR('',#13511,39.3700787401575);
#7851=VECTOR('',#13514,39.3700787401575);
#7852=VECTOR('',#13515,39.3700787401575);
#7853=VECTOR('',#13516,39.3700787401575);
#7854=VECTOR('',#13519,39.3700787401575);
#7855=VECTOR('',#13520,39.3700787401575);
#7856=VECTOR('',#13521,39.3700787401575);
#7857=VECTOR('',#13524,39.3700787401575);
#7858=VECTOR('',#13525,39.3700787401575);
#7859=VECTOR('',#13526,39.3700787401575);
#7860=VECTOR('',#13529,39.3700787401575);
#7861=VECTOR('',#13530,39.3700787401575);
#7862=VECTOR('',#13531,39.3700787401575);
#7863=VECTOR('',#13534,39.3700787401575);
#7864=VECTOR('',#13535,39.3700787401575);
#7865=VECTOR('',#13536,39.3700787401575);
#7866=VECTOR('',#13539,39.3700787401575);
#7867=VECTOR('',#13540,39.3700787401575);
#7868=VECTOR('',#13541,39.3700787401575);
#7869=VECTOR('',#13544,39.3700787401575);
#7870=VECTOR('',#13545,39.3700787401575);
#7871=VECTOR('',#13546,39.3700787401575);
#7872=VECTOR('',#13549,39.3700787401575);
#7873=VECTOR('',#13550,39.3700787401575);
#7874=VECTOR('',#13551,39.3700787401575);
#7875=VECTOR('',#13554,39.3700787401575);
#7876=VECTOR('',#13555,39.3700787401575);
#7877=VECTOR('',#13556,39.3700787401575);
#7878=VECTOR('',#13559,39.3700787401575);
#7879=VECTOR('',#13560,39.3700787401575);
#7880=VECTOR('',#13561,39.3700787401575);
#7881=VECTOR('',#13564,39.3700787401575);
#7882=VECTOR('',#13565,39.3700787401575);
#7883=VECTOR('',#13566,39.3700787401575);
#7884=VECTOR('',#13569,39.3700787401575);
#7885=VECTOR('',#13570,39.3700787401575);
#7886=VECTOR('',#13571,39.3700787401575);
#7887=VECTOR('',#13574,39.3700787401575);
#7888=VECTOR('',#13575,39.3700787401575);
#7889=VECTOR('',#13576,39.3700787401575);
#7890=VECTOR('',#13579,39.3700787401575);
#7891=VECTOR('',#13580,39.3700787401575);
#7892=VECTOR('',#13581,39.3700787401575);
#7893=VECTOR('',#13584,39.3700787401575);
#7894=VECTOR('',#13585,39.3700787401575);
#7895=VECTOR('',#13586,39.3700787401575);
#7896=VECTOR('',#13589,39.3700787401575);
#7897=VECTOR('',#13590,39.3700787401575);
#7898=VECTOR('',#13591,39.3700787401575);
#7899=VECTOR('',#13594,39.3700787401575);
#7900=VECTOR('',#13595,39.3700787401575);
#7901=VECTOR('',#13596,39.3700787401575);
#7902=VECTOR('',#13599,39.3700787401575);
#7903=VECTOR('',#13600,39.3700787401575);
#7904=VECTOR('',#13601,39.3700787401575);
#7905=VECTOR('',#13604,39.3700787401575);
#7906=VECTOR('',#13605,39.3700787401575);
#7907=VECTOR('',#13606,39.3700787401575);
#7908=VECTOR('',#13609,39.3700787401575);
#7909=VECTOR('',#13610,39.3700787401575);
#7910=VECTOR('',#13611,39.3700787401575);
#7911=VECTOR('',#13614,39.3700787401575);
#7912=VECTOR('',#13615,39.3700787401575);
#7913=VECTOR('',#13616,39.3700787401575);
#7914=VECTOR('',#13619,39.3700787401575);
#7915=VECTOR('',#13620,39.3700787401575);
#7916=VECTOR('',#13621,39.3700787401575);
#7917=VECTOR('',#13624,39.3700787401575);
#7918=VECTOR('',#13625,39.3700787401575);
#7919=VECTOR('',#13626,39.3700787401575);
#7920=VECTOR('',#13629,39.3700787401575);
#7921=VECTOR('',#13630,39.3700787401575);
#7922=VECTOR('',#13631,39.3700787401575);
#7923=VECTOR('',#13634,39.3700787401575);
#7924=VECTOR('',#13635,39.3700787401575);
#7925=VECTOR('',#13636,39.3700787401575);
#7926=VECTOR('',#13639,39.3700787401575);
#7927=VECTOR('',#13640,39.3700787401575);
#7928=VECTOR('',#13641,39.3700787401575);
#7929=VECTOR('',#13644,39.3700787401575);
#7930=VECTOR('',#13645,39.3700787401575);
#7931=VECTOR('',#13646,39.3700787401575);
#7932=VECTOR('',#13649,39.3700787401575);
#7933=VECTOR('',#13650,39.3700787401575);
#7934=VECTOR('',#13651,39.3700787401575);
#7935=VECTOR('',#13654,39.3700787401575);
#7936=VECTOR('',#13655,39.3700787401575);
#7937=VECTOR('',#13656,39.3700787401575);
#7938=VECTOR('',#13659,39.3700787401575);
#7939=VECTOR('',#13660,39.3700787401575);
#7940=VECTOR('',#13661,39.3700787401575);
#7941=VECTOR('',#13664,39.3700787401575);
#7942=VECTOR('',#13665,39.3700787401575);
#7943=VECTOR('',#13666,39.3700787401575);
#7944=VECTOR('',#13669,39.3700787401575);
#7945=VECTOR('',#13670,39.3700787401575);
#7946=VECTOR('',#13671,39.3700787401575);
#7947=VECTOR('',#13674,39.3700787401575);
#7948=VECTOR('',#13675,39.3700787401575);
#7949=VECTOR('',#13676,39.3700787401575);
#7950=VECTOR('',#13679,39.3700787401575);
#7951=VECTOR('',#13680,39.3700787401575);
#7952=VECTOR('',#13681,39.3700787401575);
#7953=VECTOR('',#13684,39.3700787401575);
#7954=VECTOR('',#13685,39.3700787401575);
#7955=VECTOR('',#13686,39.3700787401575);
#7956=VECTOR('',#13689,39.3700787401575);
#7957=VECTOR('',#13690,39.3700787401575);
#7958=VECTOR('',#13691,39.3700787401575);
#7959=VECTOR('',#13692,39.3700787401575);
#7960=VECTOR('',#13695,39.3700787401575);
#7961=VECTOR('',#13696,39.3700787401575);
#7962=VECTOR('',#13697,39.3700787401575);
#7963=VECTOR('',#13698,39.3700787401575);
#7964=VECTOR('',#13701,39.3700787401575);
#7965=VECTOR('',#13702,39.3700787401575);
#7966=VECTOR('',#13703,39.3700787401575);
#7967=VECTOR('',#13704,39.3700787401575);
#7968=VECTOR('',#13707,39.3700787401575);
#7969=VECTOR('',#13708,39.3700787401575);
#7970=VECTOR('',#13709,39.3700787401575);
#7971=VECTOR('',#13710,39.3700787401575);
#7972=VECTOR('',#13713,39.3700787401575);
#7973=VECTOR('',#13714,39.3700787401575);
#7974=VECTOR('',#13715,39.3700787401575);
#7975=VECTOR('',#13716,39.3700787401575);
#7976=VECTOR('',#13719,39.3700787401575);
#7977=VECTOR('',#13720,39.3700787401575);
#7978=VECTOR('',#13721,39.3700787401575);
#7979=VECTOR('',#13722,39.3700787401575);
#7980=VECTOR('',#13725,39.3700787401575);
#7981=VECTOR('',#13726,39.3700787401575);
#7982=VECTOR('',#13727,39.3700787401575);
#7983=VECTOR('',#13728,39.3700787401575);
#7984=VECTOR('',#13731,39.3700787401575);
#7985=VECTOR('',#13732,39.3700787401575);
#7986=VECTOR('',#13733,39.3700787401575);
#7987=VECTOR('',#13734,39.3700787401575);
#7988=VECTOR('',#13737,39.3700787401575);
#7989=VECTOR('',#13738,39.3700787401575);
#7990=VECTOR('',#13739,39.3700787401575);
#7991=VECTOR('',#13740,39.3700787401575);
#7992=VECTOR('',#13743,39.3700787401575);
#7993=VECTOR('',#13744,39.3700787401575);
#7994=VECTOR('',#13745,39.3700787401575);
#7995=VECTOR('',#13746,39.3700787401575);
#7996=VECTOR('',#13749,39.3700787401575);
#7997=VECTOR('',#13750,39.3700787401575);
#7998=VECTOR('',#13751,39.3700787401575);
#7999=VECTOR('',#13752,39.3700787401575);
#8000=VECTOR('',#13755,39.3700787401575);
#8001=VECTOR('',#13756,39.3700787401575);
#8002=VECTOR('',#13757,39.3700787401575);
#8003=VECTOR('',#13758,39.3700787401575);
#8004=VECTOR('',#13761,39.3700787401575);
#8005=VECTOR('',#13762,39.3700787401575);
#8006=VECTOR('',#13763,39.3700787401575);
#8007=VECTOR('',#13764,39.3700787401575);
#8008=VECTOR('',#13767,39.3700787401575);
#8009=VECTOR('',#13768,39.3700787401575);
#8010=VECTOR('',#13769,39.3700787401575);
#8011=VECTOR('',#13770,39.3700787401575);
#8012=VECTOR('',#13773,39.3700787401575);
#8013=VECTOR('',#13774,39.3700787401575);
#8014=VECTOR('',#13775,39.3700787401575);
#8015=VECTOR('',#13776,39.3700787401575);
#8016=VECTOR('',#13779,39.3700787401575);
#8017=VECTOR('',#13780,39.3700787401575);
#8018=VECTOR('',#13781,39.3700787401575);
#8019=VECTOR('',#13782,39.3700787401575);
#8020=VECTOR('',#13785,39.3700787401575);
#8021=VECTOR('',#13786,39.3700787401575);
#8022=VECTOR('',#13787,39.3700787401575);
#8023=VECTOR('',#13788,39.3700787401575);
#8024=VECTOR('',#13791,39.3700787401575);
#8025=VECTOR('',#13792,39.3700787401575);
#8026=VECTOR('',#13793,39.3700787401575);
#8027=VECTOR('',#13794,39.3700787401575);
#8028=VECTOR('',#13797,39.3700787401575);
#8029=VECTOR('',#13798,39.3700787401575);
#8030=VECTOR('',#13799,39.3700787401575);
#8031=VECTOR('',#13800,39.3700787401575);
#8032=VECTOR('',#13803,39.3700787401575);
#8033=VECTOR('',#13804,39.3700787401575);
#8034=VECTOR('',#13805,39.3700787401575);
#8035=VECTOR('',#13806,39.3700787401575);
#8036=VECTOR('',#13809,39.3700787401575);
#8037=VECTOR('',#13810,39.3700787401575);
#8038=VECTOR('',#13811,39.3700787401575);
#8039=VECTOR('',#13812,39.3700787401575);
#8040=VECTOR('',#13815,39.3700787401575);
#8041=VECTOR('',#13816,39.3700787401575);
#8042=VECTOR('',#13817,39.3700787401575);
#8043=VECTOR('',#13818,39.3700787401575);
#8044=VECTOR('',#13821,39.3700787401575);
#8045=VECTOR('',#13822,39.3700787401575);
#8046=VECTOR('',#13823,39.3700787401575);
#8047=VECTOR('',#13824,39.3700787401575);
#8048=VECTOR('',#13827,39.3700787401575);
#8049=VECTOR('',#13828,39.3700787401575);
#8050=VECTOR('',#13829,39.3700787401575);
#8051=VECTOR('',#13830,39.3700787401575);
#8052=VECTOR('',#13833,39.3700787401575);
#8053=VECTOR('',#13834,39.3700787401575);
#8054=VECTOR('',#13835,39.3700787401575);
#8055=VECTOR('',#13836,39.3700787401575);
#8056=VECTOR('',#13989,39.3700787401575);
#8057=VECTOR('',#13990,39.3700787401575);
#8058=VECTOR('',#13991,39.3700787401575);
#8059=VECTOR('',#13994,39.3700787401575);
#8060=VECTOR('',#13995,39.3700787401575);
#8061=VECTOR('',#13996,39.3700787401575);
#8062=VECTOR('',#13999,39.3700787401575);
#8063=VECTOR('',#14000,39.3700787401575);
#8064=VECTOR('',#14001,39.3700787401575);
#8065=VECTOR('',#14004,39.3700787401575);
#8066=VECTOR('',#14005,39.3700787401575);
#8067=VECTOR('',#14006,39.3700787401575);
#8068=VECTOR('',#14009,39.3700787401575);
#8069=VECTOR('',#14010,39.3700787401575);
#8070=VECTOR('',#14011,39.3700787401575);
#8071=VECTOR('',#14014,39.3700787401575);
#8072=VECTOR('',#14015,39.3700787401575);
#8073=VECTOR('',#14016,39.3700787401575);
#8074=VECTOR('',#14019,39.3700787401575);
#8075=VECTOR('',#14020,39.3700787401575);
#8076=VECTOR('',#14021,39.3700787401575);
#8077=VECTOR('',#14024,39.3700787401575);
#8078=VECTOR('',#14025,39.3700787401575);
#8079=VECTOR('',#14026,39.3700787401575);
#8080=VECTOR('',#14029,39.3700787401575);
#8081=VECTOR('',#14030,39.3700787401575);
#8082=VECTOR('',#14031,39.3700787401575);
#8083=VECTOR('',#14034,39.3700787401575);
#8084=VECTOR('',#14035,39.3700787401575);
#8085=VECTOR('',#14036,39.3700787401575);
#8086=VECTOR('',#14039,39.3700787401575);
#8087=VECTOR('',#14040,39.3700787401575);
#8088=VECTOR('',#14041,39.3700787401575);
#8089=VECTOR('',#14044,39.3700787401575);
#8090=VECTOR('',#14045,39.3700787401575);
#8091=VECTOR('',#14046,39.3700787401575);
#8092=VECTOR('',#14049,39.3700787401575);
#8093=VECTOR('',#14050,39.3700787401575);
#8094=VECTOR('',#14051,39.3700787401575);
#8095=VECTOR('',#14054,39.3700787401575);
#8096=VECTOR('',#14055,39.3700787401575);
#8097=VECTOR('',#14056,39.3700787401575);
#8098=VECTOR('',#14059,39.3700787401575);
#8099=VECTOR('',#14060,39.3700787401575);
#8100=VECTOR('',#14061,39.3700787401575);
#8101=VECTOR('',#14064,39.3700787401575);
#8102=VECTOR('',#14065,39.3700787401575);
#8103=VECTOR('',#14066,39.3700787401575);
#8104=VECTOR('',#14069,39.3700787401575);
#8105=VECTOR('',#14070,39.3700787401575);
#8106=VECTOR('',#14071,39.3700787401575);
#8107=VECTOR('',#14074,39.3700787401575);
#8108=VECTOR('',#14075,39.3700787401575);
#8109=VECTOR('',#14076,39.3700787401575);
#8110=VECTOR('',#14079,39.3700787401575);
#8111=VECTOR('',#14080,39.3700787401575);
#8112=VECTOR('',#14081,39.3700787401575);
#8113=VECTOR('',#14084,39.3700787401575);
#8114=VECTOR('',#14085,39.3700787401575);
#8115=VECTOR('',#14086,39.3700787401575);
#8116=VECTOR('',#14089,39.3700787401575);
#8117=VECTOR('',#14090,39.3700787401575);
#8118=VECTOR('',#14091,39.3700787401575);
#8119=VECTOR('',#14094,39.3700787401575);
#8120=VECTOR('',#14095,39.3700787401575);
#8121=VECTOR('',#14096,39.3700787401575);
#8122=VECTOR('',#14099,39.3700787401575);
#8123=VECTOR('',#14100,39.3700787401575);
#8124=VECTOR('',#14101,39.3700787401575);
#8125=VECTOR('',#14104,39.3700787401575);
#8126=VECTOR('',#14105,39.3700787401575);
#8127=VECTOR('',#14106,39.3700787401575);
#8128=VECTOR('',#14109,39.3700787401575);
#8129=VECTOR('',#14110,39.3700787401575);
#8130=VECTOR('',#14111,39.3700787401575);
#8131=VECTOR('',#14114,39.3700787401575);
#8132=VECTOR('',#14115,39.3700787401575);
#8133=VECTOR('',#14116,39.3700787401575);
#8134=VECTOR('',#14119,39.3700787401575);
#8135=VECTOR('',#14120,39.3700787401575);
#8136=VECTOR('',#14121,39.3700787401575);
#8137=VECTOR('',#14124,39.3700787401575);
#8138=VECTOR('',#14125,39.3700787401575);
#8139=VECTOR('',#14126,39.3700787401575);
#8140=VECTOR('',#14129,39.3700787401575);
#8141=VECTOR('',#14130,39.3700787401575);
#8142=VECTOR('',#14131,39.3700787401575);
#8143=VECTOR('',#14134,39.3700787401575);
#8144=VECTOR('',#14135,39.3700787401575);
#8145=VECTOR('',#14136,39.3700787401575);
#8146=VECTOR('',#14139,39.3700787401575);
#8147=VECTOR('',#14140,39.3700787401575);
#8148=VECTOR('',#14141,39.3700787401575);
#8149=VECTOR('',#14144,39.3700787401575);
#8150=VECTOR('',#14145,39.3700787401575);
#8151=VECTOR('',#14146,39.3700787401575);
#8152=VECTOR('',#14149,39.3700787401575);
#8153=VECTOR('',#14150,39.3700787401575);
#8154=VECTOR('',#14151,39.3700787401575);
#8155=VECTOR('',#14154,39.3700787401575);
#8156=VECTOR('',#14155,39.3700787401575);
#8157=VECTOR('',#14156,39.3700787401575);
#8158=VECTOR('',#14159,39.3700787401575);
#8159=VECTOR('',#14160,39.3700787401575);
#8160=VECTOR('',#14161,39.3700787401575);
#8161=VECTOR('',#14164,39.3700787401575);
#8162=VECTOR('',#14165,39.3700787401575);
#8163=VECTOR('',#14166,39.3700787401575);
#8164=VECTOR('',#14169,39.3700787401575);
#8165=VECTOR('',#14170,39.3700787401575);
#8166=VECTOR('',#14171,39.3700787401575);
#8167=VECTOR('',#14174,39.3700787401575);
#8168=VECTOR('',#14175,39.3700787401575);
#8169=VECTOR('',#14176,39.3700787401575);
#8170=VECTOR('',#14179,39.3700787401575);
#8171=VECTOR('',#14180,39.3700787401575);
#8172=VECTOR('',#14181,39.3700787401575);
#8173=VECTOR('',#14184,39.3700787401575);
#8174=VECTOR('',#14185,39.3700787401575);
#8175=VECTOR('',#14186,39.3700787401575);
#8176=VECTOR('',#14189,39.3700787401575);
#8177=VECTOR('',#14190,39.3700787401575);
#8178=VECTOR('',#14191,39.3700787401575);
#8179=VECTOR('',#14194,39.3700787401575);
#8180=VECTOR('',#14195,39.3700787401575);
#8181=VECTOR('',#14196,39.3700787401575);
#8182=VECTOR('',#14199,39.3700787401575);
#8183=VECTOR('',#14200,39.3700787401575);
#8184=VECTOR('',#14201,39.3700787401575);
#8185=VECTOR('',#14204,39.3700787401575);
#8186=VECTOR('',#14205,39.3700787401575);
#8187=VECTOR('',#14206,39.3700787401575);
#8188=VECTOR('',#14209,39.3700787401575);
#8189=VECTOR('',#14210,39.3700787401575);
#8190=VECTOR('',#14211,39.3700787401575);
#8191=VECTOR('',#14214,39.3700787401575);
#8192=VECTOR('',#14215,39.3700787401575);
#8193=VECTOR('',#14216,39.3700787401575);
#8194=VECTOR('',#14219,39.3700787401575);
#8195=VECTOR('',#14220,39.3700787401575);
#8196=VECTOR('',#14221,39.3700787401575);
#8197=VECTOR('',#14224,39.3700787401575);
#8198=VECTOR('',#14225,39.3700787401575);
#8199=VECTOR('',#14226,39.3700787401575);
#8200=VECTOR('',#14229,39.3700787401575);
#8201=VECTOR('',#14230,39.3700787401575);
#8202=VECTOR('',#14231,39.3700787401575);
#8203=VECTOR('',#14234,39.3700787401575);
#8204=VECTOR('',#14235,39.3700787401575);
#8205=VECTOR('',#14236,39.3700787401575);
#8206=VECTOR('',#14243,39.3700787401575);
#8207=VECTOR('',#14250,39.3700787401575);
#8208=VECTOR('',#14257,39.3700787401575);
#8209=VECTOR('',#14264,39.3700787401575);
#8210=VECTOR('',#14271,39.3700787401575);
#8211=VECTOR('',#14278,39.3700787401575);
#8212=VECTOR('',#14285,39.3700787401575);
#8213=VECTOR('',#14292,39.3700787401575);
#8214=VECTOR('',#14299,39.3700787401575);
#8215=VECTOR('',#14306,39.3700787401575);
#8216=VECTOR('',#14313,39.3700787401575);
#8217=VECTOR('',#14320,39.3700787401575);
#8218=VECTOR('',#14327,39.3700787401575);
#8219=VECTOR('',#14334,39.3700787401575);
#8220=VECTOR('',#14341,39.3700787401575);
#8221=VECTOR('',#14348,39.3700787401575);
#8222=VECTOR('',#14355,39.3700787401575);
#8223=VECTOR('',#14362,39.3700787401575);
#8224=VECTOR('',#14369,39.3700787401575);
#8225=VECTOR('',#14376,39.3700787401575);
#8226=VECTOR('',#14383,39.3700787401575);
#8227=VECTOR('',#14390,39.3700787401575);
#8228=VECTOR('',#14397,39.3700787401575);
#8229=VECTOR('',#14404,39.3700787401575);
#8230=VECTOR('',#14411,39.3700787401575);
#8231=VECTOR('',#14414,39.3700787401575);
#8232=VECTOR('',#14415,39.3700787401575);
#8233=VECTOR('',#14416,39.3700787401575);
#8234=VECTOR('',#14419,39.3700787401575);
#8235=VECTOR('',#14420,39.3700787401575);
#8236=VECTOR('',#14421,39.3700787401575);
#8237=VECTOR('',#14424,39.3700787401575);
#8238=VECTOR('',#14425,39.3700787401575);
#8239=VECTOR('',#14426,39.3700787401575);
#8240=VECTOR('',#14429,39.3700787401575);
#8241=VECTOR('',#14430,39.3700787401575);
#8242=VECTOR('',#14431,39.3700787401575);
#8243=VECTOR('',#14434,39.3700787401575);
#8244=VECTOR('',#14435,39.3700787401575);
#8245=VECTOR('',#14436,39.3700787401575);
#8246=VECTOR('',#14439,39.3700787401575);
#8247=VECTOR('',#14440,39.3700787401575);
#8248=VECTOR('',#14441,39.3700787401575);
#8249=VECTOR('',#14444,39.3700787401575);
#8250=VECTOR('',#14445,39.3700787401575);
#8251=VECTOR('',#14446,39.3700787401575);
#8252=VECTOR('',#14449,39.3700787401575);
#8253=VECTOR('',#14450,39.3700787401575);
#8254=VECTOR('',#14451,39.3700787401575);
#8255=VECTOR('',#14454,39.3700787401575);
#8256=VECTOR('',#14455,39.3700787401575);
#8257=VECTOR('',#14456,39.3700787401575);
#8258=VECTOR('',#14459,39.3700787401575);
#8259=VECTOR('',#14460,39.3700787401575);
#8260=VECTOR('',#14461,39.3700787401575);
#8261=VECTOR('',#14464,39.3700787401575);
#8262=VECTOR('',#14465,39.3700787401575);
#8263=VECTOR('',#14466,39.3700787401575);
#8264=VECTOR('',#14469,39.3700787401575);
#8265=VECTOR('',#14470,39.3700787401575);
#8266=VECTOR('',#14471,39.3700787401575);
#8267=VECTOR('',#14474,39.3700787401575);
#8268=VECTOR('',#14475,39.3700787401575);
#8269=VECTOR('',#14476,39.3700787401575);
#8270=VECTOR('',#14479,39.3700787401575);
#8271=VECTOR('',#14480,39.3700787401575);
#8272=VECTOR('',#14481,39.3700787401575);
#8273=VECTOR('',#14484,39.3700787401575);
#8274=VECTOR('',#14485,39.3700787401575);
#8275=VECTOR('',#14486,39.3700787401575);
#8276=VECTOR('',#14489,39.3700787401575);
#8277=VECTOR('',#14490,39.3700787401575);
#8278=VECTOR('',#14491,39.3700787401575);
#8279=VECTOR('',#14494,39.3700787401575);
#8280=VECTOR('',#14495,39.3700787401575);
#8281=VECTOR('',#14496,39.3700787401575);
#8282=VECTOR('',#14499,39.3700787401575);
#8283=VECTOR('',#14500,39.3700787401575);
#8284=VECTOR('',#14501,39.3700787401575);
#8285=VECTOR('',#14504,39.3700787401575);
#8286=VECTOR('',#14505,39.3700787401575);
#8287=VECTOR('',#14506,39.3700787401575);
#8288=VECTOR('',#14509,39.3700787401575);
#8289=VECTOR('',#14510,39.3700787401575);
#8290=VECTOR('',#14511,39.3700787401575);
#8291=VECTOR('',#14514,39.3700787401575);
#8292=VECTOR('',#14515,39.3700787401575);
#8293=VECTOR('',#14516,39.3700787401575);
#8294=VECTOR('',#14519,39.3700787401575);
#8295=VECTOR('',#14520,39.3700787401575);
#8296=VECTOR('',#14521,39.3700787401575);
#8297=VECTOR('',#14524,39.3700787401575);
#8298=VECTOR('',#14525,39.3700787401575);
#8299=VECTOR('',#14526,39.3700787401575);
#8300=VECTOR('',#14529,39.3700787401575);
#8301=VECTOR('',#14530,39.3700787401575);
#8302=VECTOR('',#14531,39.3700787401575);
#8303=VECTOR('',#14534,39.3700787401575);
#8304=VECTOR('',#14535,39.3700787401575);
#8305=VECTOR('',#14536,39.3700787401575);
#8306=VECTOR('',#14539,39.3700787401575);
#8307=VECTOR('',#14540,39.3700787401575);
#8308=VECTOR('',#14541,39.3700787401575);
#8309=VECTOR('',#14542,39.3700787401575);
#8310=VECTOR('',#14545,39.3700787401575);
#8311=VECTOR('',#14546,39.3700787401575);
#8312=VECTOR('',#14547,39.3700787401575);
#8313=VECTOR('',#14548,39.3700787401575);
#8314=VECTOR('',#14551,39.3700787401575);
#8315=VECTOR('',#14552,39.3700787401575);
#8316=VECTOR('',#14553,39.3700787401575);
#8317=VECTOR('',#14554,39.3700787401575);
#8318=VECTOR('',#14557,39.3700787401575);
#8319=VECTOR('',#14558,39.3700787401575);
#8320=VECTOR('',#14559,39.3700787401575);
#8321=VECTOR('',#14560,39.3700787401575);
#8322=VECTOR('',#14563,39.3700787401575);
#8323=VECTOR('',#14564,39.3700787401575);
#8324=VECTOR('',#14565,39.3700787401575);
#8325=VECTOR('',#14566,39.3700787401575);
#8326=VECTOR('',#14569,39.3700787401575);
#8327=VECTOR('',#14570,39.3700787401575);
#8328=VECTOR('',#14571,39.3700787401575);
#8329=VECTOR('',#14572,39.3700787401575);
#8330=VECTOR('',#14575,39.3700787401575);
#8331=VECTOR('',#14576,39.3700787401575);
#8332=VECTOR('',#14577,39.3700787401575);
#8333=VECTOR('',#14578,39.3700787401575);
#8334=VECTOR('',#14581,39.3700787401575);
#8335=VECTOR('',#14582,39.3700787401575);
#8336=VECTOR('',#14583,39.3700787401575);
#8337=VECTOR('',#14584,39.3700787401575);
#8338=VECTOR('',#14587,39.3700787401575);
#8339=VECTOR('',#14588,39.3700787401575);
#8340=VECTOR('',#14589,39.3700787401575);
#8341=VECTOR('',#14590,39.3700787401575);
#8342=VECTOR('',#14593,39.3700787401575);
#8343=VECTOR('',#14594,39.3700787401575);
#8344=VECTOR('',#14595,39.3700787401575);
#8345=VECTOR('',#14596,39.3700787401575);
#8346=VECTOR('',#14599,39.3700787401575);
#8347=VECTOR('',#14600,39.3700787401575);
#8348=VECTOR('',#14601,39.3700787401575);
#8349=VECTOR('',#14602,39.3700787401575);
#8350=VECTOR('',#14605,39.3700787401575);
#8351=VECTOR('',#14606,39.3700787401575);
#8352=VECTOR('',#14607,39.3700787401575);
#8353=VECTOR('',#14608,39.3700787401575);
#8354=VECTOR('',#14611,39.3700787401575);
#8355=VECTOR('',#14612,39.3700787401575);
#8356=VECTOR('',#14613,39.3700787401575);
#8357=VECTOR('',#14614,39.3700787401575);
#8358=VECTOR('',#14617,39.3700787401575);
#8359=VECTOR('',#14618,39.3700787401575);
#8360=VECTOR('',#14619,39.3700787401575);
#8361=VECTOR('',#14620,39.3700787401575);
#8362=VECTOR('',#14623,39.3700787401575);
#8363=VECTOR('',#14624,39.3700787401575);
#8364=VECTOR('',#14625,39.3700787401575);
#8365=VECTOR('',#14626,39.3700787401575);
#8366=VECTOR('',#14629,39.3700787401575);
#8367=VECTOR('',#14630,39.3700787401575);
#8368=VECTOR('',#14631,39.3700787401575);
#8369=VECTOR('',#14632,39.3700787401575);
#8370=VECTOR('',#14635,39.3700787401575);
#8371=VECTOR('',#14636,39.3700787401575);
#8372=VECTOR('',#14637,39.3700787401575);
#8373=VECTOR('',#14638,39.3700787401575);
#8374=VECTOR('',#14641,39.3700787401575);
#8375=VECTOR('',#14642,39.3700787401575);
#8376=VECTOR('',#14643,39.3700787401575);
#8377=VECTOR('',#14644,39.3700787401575);
#8378=VECTOR('',#14647,39.3700787401575);
#8379=VECTOR('',#14648,39.3700787401575);
#8380=VECTOR('',#14649,39.3700787401575);
#8381=VECTOR('',#14650,39.3700787401575);
#8382=VECTOR('',#14653,39.3700787401575);
#8383=VECTOR('',#14654,39.3700787401575);
#8384=VECTOR('',#14655,39.3700787401575);
#8385=VECTOR('',#14656,39.3700787401575);
#8386=VECTOR('',#14659,39.3700787401575);
#8387=VECTOR('',#14660,39.3700787401575);
#8388=VECTOR('',#14661,39.3700787401575);
#8389=VECTOR('',#14662,39.3700787401575);
#8390=VECTOR('',#14665,39.3700787401575);
#8391=VECTOR('',#14666,39.3700787401575);
#8392=VECTOR('',#14667,39.3700787401575);
#8393=VECTOR('',#14668,39.3700787401575);
#8394=VECTOR('',#14671,39.3700787401575);
#8395=VECTOR('',#14672,39.3700787401575);
#8396=VECTOR('',#14673,39.3700787401575);
#8397=VECTOR('',#14674,39.3700787401575);
#8398=VECTOR('',#14677,39.3700787401575);
#8399=VECTOR('',#14678,39.3700787401575);
#8400=VECTOR('',#14679,39.3700787401575);
#8401=VECTOR('',#14680,39.3700787401575);
#8402=VECTOR('',#14683,39.3700787401575);
#8403=VECTOR('',#14684,39.3700787401575);
#8404=VECTOR('',#14685,39.3700787401575);
#8405=VECTOR('',#14686,39.3700787401575);
#8406=VECTOR('',#14839,39.3700787401575);
#8407=VECTOR('',#14840,39.3700787401575);
#8408=VECTOR('',#14841,39.3700787401575);
#8409=VECTOR('',#14842,39.3700787401575);
#8410=VECTOR('',#14845,39.3700787401575);
#8411=VECTOR('',#14846,39.3700787401575);
#8412=VECTOR('',#14847,39.3700787401575);
#8413=VECTOR('',#14848,39.3700787401575);
#8414=VECTOR('',#14851,39.3700787401575);
#8415=VECTOR('',#14852,39.3700787401575);
#8416=VECTOR('',#14853,39.3700787401575);
#8417=VECTOR('',#14854,39.3700787401575);
#8418=VECTOR('',#14857,39.3700787401575);
#8419=VECTOR('',#14858,39.3700787401575);
#8420=VECTOR('',#14859,39.3700787401575);
#8421=VECTOR('',#14860,39.3700787401575);
#8422=VECTOR('',#14863,39.3700787401575);
#8423=VECTOR('',#14864,39.3700787401575);
#8424=VECTOR('',#14865,39.3700787401575);
#8425=VECTOR('',#14866,39.3700787401575);
#8426=VECTOR('',#14869,39.3700787401575);
#8427=VECTOR('',#14870,39.3700787401575);
#8428=VECTOR('',#14871,39.3700787401575);
#8429=VECTOR('',#14872,39.3700787401575);
#8430=VECTOR('',#14875,39.3700787401575);
#8431=VECTOR('',#14876,39.3700787401575);
#8432=VECTOR('',#14877,39.3700787401575);
#8433=VECTOR('',#14878,39.3700787401575);
#8434=VECTOR('',#14881,39.3700787401575);
#8435=VECTOR('',#14882,39.3700787401575);
#8436=VECTOR('',#14883,39.3700787401575);
#8437=VECTOR('',#14884,39.3700787401575);
#8438=VECTOR('',#14887,39.3700787401575);
#8439=VECTOR('',#14888,39.3700787401575);
#8440=VECTOR('',#14889,39.3700787401575);
#8441=VECTOR('',#14890,39.3700787401575);
#8442=VECTOR('',#14893,39.3700787401575);
#8443=VECTOR('',#14894,39.3700787401575);
#8444=VECTOR('',#14895,39.3700787401575);
#8445=VECTOR('',#14896,39.3700787401575);
#8446=VECTOR('',#14899,39.3700787401575);
#8447=VECTOR('',#14900,39.3700787401575);
#8448=VECTOR('',#14901,39.3700787401575);
#8449=VECTOR('',#14902,39.3700787401575);
#8450=VECTOR('',#14905,39.3700787401575);
#8451=VECTOR('',#14906,39.3700787401575);
#8452=VECTOR('',#14907,39.3700787401575);
#8453=VECTOR('',#14908,39.3700787401575);
#8454=VECTOR('',#14911,39.3700787401575);
#8455=VECTOR('',#14912,39.3700787401575);
#8456=VECTOR('',#14913,39.3700787401575);
#8457=VECTOR('',#14914,39.3700787401575);
#8458=VECTOR('',#14917,39.3700787401575);
#8459=VECTOR('',#14918,39.3700787401575);
#8460=VECTOR('',#14919,39.3700787401575);
#8461=VECTOR('',#14920,39.3700787401575);
#8462=VECTOR('',#14923,39.3700787401575);
#8463=VECTOR('',#14924,39.3700787401575);
#8464=VECTOR('',#14925,39.3700787401575);
#8465=VECTOR('',#14926,39.3700787401575);
#8466=VECTOR('',#14929,39.3700787401575);
#8467=VECTOR('',#14930,39.3700787401575);
#8468=VECTOR('',#14931,39.3700787401575);
#8469=VECTOR('',#14932,39.3700787401575);
#8470=VECTOR('',#14935,39.3700787401575);
#8471=VECTOR('',#14936,39.3700787401575);
#8472=VECTOR('',#14937,39.3700787401575);
#8473=VECTOR('',#14938,39.3700787401575);
#8474=VECTOR('',#14941,39.3700787401575);
#8475=VECTOR('',#14942,39.3700787401575);
#8476=VECTOR('',#14943,39.3700787401575);
#8477=VECTOR('',#14944,39.3700787401575);
#8478=VECTOR('',#14947,39.3700787401575);
#8479=VECTOR('',#14948,39.3700787401575);
#8480=VECTOR('',#14949,39.3700787401575);
#8481=VECTOR('',#14950,39.3700787401575);
#8482=VECTOR('',#14953,39.3700787401575);
#8483=VECTOR('',#14954,39.3700787401575);
#8484=VECTOR('',#14955,39.3700787401575);
#8485=VECTOR('',#14956,39.3700787401575);
#8486=VECTOR('',#14959,39.3700787401575);
#8487=VECTOR('',#14960,39.3700787401575);
#8488=VECTOR('',#14961,39.3700787401575);
#8489=VECTOR('',#14962,39.3700787401575);
#8490=VECTOR('',#14965,39.3700787401575);
#8491=VECTOR('',#14966,39.3700787401575);
#8492=VECTOR('',#14967,39.3700787401575);
#8493=VECTOR('',#14968,39.3700787401575);
#8494=VECTOR('',#14971,39.3700787401575);
#8495=VECTOR('',#14972,39.3700787401575);
#8496=VECTOR('',#14973,39.3700787401575);
#8497=VECTOR('',#14974,39.3700787401575);
#8498=VECTOR('',#14977,39.3700787401575);
#8499=VECTOR('',#14978,39.3700787401575);
#8500=VECTOR('',#14979,39.3700787401575);
#8501=VECTOR('',#14980,39.3700787401575);
#8502=VECTOR('',#14983,39.3700787401575);
#8503=VECTOR('',#14984,39.3700787401575);
#8504=VECTOR('',#14985,39.3700787401575);
#8505=VECTOR('',#14986,39.3700787401575);
#8506=VECTOR('',#15139,39.3700787401575);
#8507=VECTOR('',#15140,39.3700787401575);
#8508=VECTOR('',#15141,39.3700787401575);
#8509=VECTOR('',#15142,39.3700787401575);
#8510=VECTOR('',#15143,39.3700787401575);
#8511=VECTOR('',#15144,39.3700787401575);
#8512=VECTOR('',#15145,39.3700787401575);
#8513=VECTOR('',#15146,39.3700787401575);
#8514=VECTOR('',#15147,39.3700787401575);
#8515=VECTOR('',#15148,39.3700787401575);
#8516=VECTOR('',#15149,39.3700787401575);
#8517=VECTOR('',#15150,39.3700787401575);
#8518=VECTOR('',#15151,39.3700787401575);
#8519=VECTOR('',#15152,39.3700787401575);
#8520=VECTOR('',#15153,39.3700787401575);
#8521=VECTOR('',#15154,39.3700787401575);
#8522=VECTOR('',#15155,39.3700787401575);
#8523=VECTOR('',#15156,39.3700787401575);
#8524=VECTOR('',#15157,39.3700787401575);
#8525=VECTOR('',#15158,39.3700787401575);
#8526=VECTOR('',#15159,39.3700787401575);
#8527=VECTOR('',#15160,39.3700787401575);
#8528=VECTOR('',#15161,39.3700787401575);
#8529=VECTOR('',#15162,39.3700787401575);
#8530=VECTOR('',#15163,39.3700787401575);
#8531=VECTOR('',#15164,39.3700787401575);
#8532=VECTOR('',#15165,39.3700787401575);
#8533=VECTOR('',#15166,39.3700787401575);
#8534=VECTOR('',#15167,39.3700787401575);
#8535=VECTOR('',#15168,39.3700787401575);
#8536=VECTOR('',#15169,39.3700787401575);
#8537=VECTOR('',#15170,39.3700787401575);
#8538=VECTOR('',#15171,39.3700787401575);
#8539=VECTOR('',#15172,39.3700787401575);
#8540=VECTOR('',#15173,39.3700787401575);
#8541=VECTOR('',#15174,39.3700787401575);
#8542=VECTOR('',#15175,39.3700787401575);
#8543=VECTOR('',#15176,39.3700787401575);
#8544=VECTOR('',#15177,39.3700787401575);
#8545=VECTOR('',#15178,39.3700787401575);
#8546=VECTOR('',#15179,39.3700787401575);
#8547=VECTOR('',#15180,39.3700787401575);
#8548=VECTOR('',#15181,39.3700787401575);
#8549=VECTOR('',#15182,39.3700787401575);
#8550=VECTOR('',#15183,39.3700787401575);
#8551=VECTOR('',#15184,39.3700787401575);
#8552=VECTOR('',#15185,39.3700787401575);
#8553=VECTOR('',#15186,39.3700787401575);
#8554=VECTOR('',#15187,39.3700787401575);
#8555=VECTOR('',#15188,39.3700787401575);
#8556=VECTOR('',#15189,39.3700787401575);
#8557=VECTOR('',#15190,39.3700787401575);
#8558=VECTOR('',#15191,39.3700787401575);
#8559=VECTOR('',#15192,39.3700787401575);
#8560=VECTOR('',#15193,39.3700787401575);
#8561=VECTOR('',#15194,39.3700787401575);
#8562=VECTOR('',#15195,39.3700787401575);
#8563=VECTOR('',#15196,39.3700787401575);
#8564=VECTOR('',#15197,39.3700787401575);
#8565=VECTOR('',#15198,39.3700787401575);
#8566=VECTOR('',#15199,39.3700787401575);
#8567=VECTOR('',#15200,39.3700787401575);
#8568=VECTOR('',#15201,39.3700787401575);
#8569=VECTOR('',#15202,39.3700787401575);
#8570=VECTOR('',#15203,39.3700787401575);
#8571=VECTOR('',#15204,39.3700787401575);
#8572=VECTOR('',#15205,39.3700787401575);
#8573=VECTOR('',#15206,39.3700787401575);
#8574=VECTOR('',#15207,39.3700787401575);
#8575=VECTOR('',#15208,39.3700787401575);
#8576=VECTOR('',#15209,39.3700787401575);
#8577=VECTOR('',#15210,39.3700787401575);
#8578=VECTOR('',#15211,39.3700787401575);
#8579=VECTOR('',#15212,39.3700787401575);
#8580=VECTOR('',#15213,39.3700787401575);
#8581=VECTOR('',#15214,39.3700787401575);
#8582=VECTOR('',#15215,39.3700787401575);
#8583=VECTOR('',#15216,39.3700787401575);
#8584=VECTOR('',#15217,39.3700787401575);
#8585=VECTOR('',#15218,39.3700787401575);
#8586=VECTOR('',#15219,39.3700787401575);
#8587=VECTOR('',#15220,39.3700787401575);
#8588=VECTOR('',#15221,39.3700787401575);
#8589=VECTOR('',#15222,39.3700787401575);
#8590=VECTOR('',#15223,39.3700787401575);
#8591=VECTOR('',#15224,39.3700787401575);
#8592=VECTOR('',#15225,39.3700787401575);
#8593=VECTOR('',#15226,39.3700787401575);
#8594=VECTOR('',#15227,39.3700787401575);
#8595=VECTOR('',#15228,39.3700787401575);
#8596=VECTOR('',#15229,39.3700787401575);
#8597=VECTOR('',#15230,39.3700787401575);
#8598=VECTOR('',#15231,39.3700787401575);
#8599=VECTOR('',#15232,39.3700787401575);
#8600=VECTOR('',#15233,39.3700787401575);
#8601=VECTOR('',#15234,39.3700787401575);
#8602=VECTOR('',#15235,39.3700787401575);
#8603=VECTOR('',#15236,39.3700787401575);
#8604=VECTOR('',#15237,39.3700787401575);
#8605=VECTOR('',#15238,39.3700787401575);
#8606=EDGE_LOOP('',(#478,#479,#480,#481));
#8607=EDGE_LOOP('',(#482,#483,#484,#485));
#8608=EDGE_LOOP('',(#486,#487,#488,#489,#490,#491,#492,#493,#494,#495,#496,
#497));
#8609=EDGE_LOOP('',(#498,#499,#500,#501));
#8610=EDGE_LOOP('',(#502,#503,#504,#505));
#8611=EDGE_LOOP('',(#506,#507,#508,#509,#510));
#8612=EDGE_LOOP('',(#511,#512,#513,#514,#515));
#8613=EDGE_LOOP('',(#516,#517,#518,#519,#520,#521,#522,#523,#524,#525,#526,
#527));
#8614=EDGE_LOOP('',(#528,#529,#530,#531));
#8615=EDGE_LOOP('',(#532,#533,#534,#535));
#8616=EDGE_LOOP('',(#536,#537,#538,#539,#540,#541));
#8617=EDGE_LOOP('',(#542,#543,#544,#545));
#8618=EDGE_LOOP('',(#546,#547,#548,#549,#550,#551));
#8619=EDGE_LOOP('',(#552,#553,#554,#555,#556,#557,#558,#559,#560,#561,#562,
#563));
#8620=EDGE_LOOP('',(#564,#565,#566,#567));
#8621=EDGE_LOOP('',(#568,#569,#570,#571));
#8622=EDGE_LOOP('',(#572,#573,#574,#575,#576,#577));
#8623=EDGE_LOOP('',(#578,#579,#580,#581));
#8624=EDGE_LOOP('',(#582,#583,#584,#585));
#8625=EDGE_LOOP('',(#586,#587,#588,#589));
#8626=EDGE_LOOP('',(#590,#591,#592,#593));
#8627=EDGE_LOOP('',(#594,#595,#596,#597));
#8628=EDGE_LOOP('',(#598,#599,#600,#601));
#8629=EDGE_LOOP('',(#602,#603,#604,#605,#606,#607,#608,#609));
#8630=EDGE_LOOP('',(#610,#611,#612,#613,#614,#615));
#8631=EDGE_LOOP('',(#616,#617,#618,#619,#620,#621,#622,#623));
#8632=EDGE_LOOP('',(#624,#625,#626,#627));
#8633=EDGE_LOOP('',(#628,#629,#630,#631));
#8634=EDGE_LOOP('',(#632,#633,#634,#635,#636,#637));
#8635=EDGE_LOOP('',(#638,#639,#640,#641));
#8636=EDGE_LOOP('',(#642,#643,#644,#645));
#8637=EDGE_LOOP('',(#646,#647,#648,#649));
#8638=EDGE_LOOP('',(#650,#651,#652,#653,#654,#655));
#8639=EDGE_LOOP('',(#656,#657,#658,#659,#660,#661));
#8640=EDGE_LOOP('',(#662,#663,#664,#665,#666,#667,#668,#669,#670,#671,#672,
#673));
#8641=EDGE_LOOP('',(#674,#675,#676,#677,#678,#679,#680,#681,#682,#683,#684,
#685));
#8642=EDGE_LOOP('',(#686,#687,#688,#689));
#8643=EDGE_LOOP('',(#690,#691,#692,#693));
#8644=EDGE_LOOP('',(#694,#695,#696,#697));
#8645=EDGE_LOOP('',(#698,#699,#700,#701));
#8646=EDGE_LOOP('',(#702,#703,#704,#705));
#8647=EDGE_LOOP('',(#706,#707,#708,#709));
#8648=EDGE_LOOP('',(#710,#711,#712,#713,#714));
#8649=EDGE_LOOP('',(#715,#716,#717,#718));
#8650=EDGE_LOOP('',(#719,#720,#721,#722));
#8651=EDGE_LOOP('',(#723,#724,#725,#726));
#8652=EDGE_LOOP('',(#727,#728,#729,#730));
#8653=EDGE_LOOP('',(#731,#732,#733,#734));
#8654=EDGE_LOOP('',(#735,#736,#737,#738));
#8655=EDGE_LOOP('',(#739,#740,#741,#742));
#8656=EDGE_LOOP('',(#743,#744,#745,#746));
#8657=EDGE_LOOP('',(#747,#748,#749,#750));
#8658=EDGE_LOOP('',(#751,#752,#753,#754,#755));
#8659=EDGE_LOOP('',(#756,#757,#758,#759));
#8660=EDGE_LOOP('',(#760,#761,#762,#763));
#8661=EDGE_LOOP('',(#764,#765,#766,#767));
#8662=EDGE_LOOP('',(#768,#769,#770,#771,#772,#773,#774,#775,#776,#777,#778,
#779));
#8663=EDGE_LOOP('',(#780,#781,#782,#783));
#8664=EDGE_LOOP('',(#784,#785,#786,#787,#788,#789,#790,#791));
#8665=EDGE_LOOP('',(#792,#793,#794,#795));
#8666=EDGE_LOOP('',(#796,#797,#798,#799,#800,#801,#802,#803));
#8667=EDGE_LOOP('',(#804,#805,#806,#807,#808,#809));
#8668=EDGE_LOOP('',(#810,#811,#812,#813,#814));
#8669=EDGE_LOOP('',(#815,#816,#817,#818,#819));
#8670=EDGE_LOOP('',(#820,#821,#822,#823));
#8671=EDGE_LOOP('',(#824,#825,#826,#827));
#8672=EDGE_LOOP('',(#828,#829,#830,#831));
#8673=EDGE_LOOP('',(#832,#833,#834,#835));
#8674=EDGE_LOOP('',(#836,#837,#838,#839));
#8675=EDGE_LOOP('',(#840,#841,#842,#843));
#8676=EDGE_LOOP('',(#844,#845,#846,#847));
#8677=EDGE_LOOP('',(#848,#849,#850,#851));
#8678=EDGE_LOOP('',(#852,#853,#854,#855));
#8679=EDGE_LOOP('',(#856,#857,#858,#859));
#8680=EDGE_LOOP('',(#860,#861,#862,#863));
#8681=EDGE_LOOP('',(#864,#865,#866,#867));
#8682=EDGE_LOOP('',(#868,#869,#870,#871));
#8683=EDGE_LOOP('',(#872,#873,#874,#875));
#8684=EDGE_LOOP('',(#876,#877,#878,#879));
#8685=EDGE_LOOP('',(#880,#881,#882,#883));
#8686=EDGE_LOOP('',(#884,#885,#886,#887));
#8687=EDGE_LOOP('',(#888,#889,#890,#891));
#8688=EDGE_LOOP('',(#892,#893,#894,#895));
#8689=EDGE_LOOP('',(#896,#897,#898,#899));
#8690=EDGE_LOOP('',(#900,#901,#902,#903));
#8691=EDGE_LOOP('',(#904,#905,#906,#907));
#8692=EDGE_LOOP('',(#908,#909,#910,#911));
#8693=EDGE_LOOP('',(#912,#913,#914,#915));
#8694=EDGE_LOOP('',(#916));
#8695=EDGE_LOOP('',(#917));
#8696=EDGE_LOOP('',(#918));
#8697=EDGE_LOOP('',(#919));
#8698=EDGE_LOOP('',(#920));
#8699=EDGE_LOOP('',(#921));
#8700=EDGE_LOOP('',(#922));
#8701=EDGE_LOOP('',(#923));
#8702=EDGE_LOOP('',(#924));
#8703=EDGE_LOOP('',(#925));
#8704=EDGE_LOOP('',(#926));
#8705=EDGE_LOOP('',(#927));
#8706=EDGE_LOOP('',(#928));
#8707=EDGE_LOOP('',(#929));
#8708=EDGE_LOOP('',(#930));
#8709=EDGE_LOOP('',(#931));
#8710=EDGE_LOOP('',(#932));
#8711=EDGE_LOOP('',(#933));
#8712=EDGE_LOOP('',(#934));
#8713=EDGE_LOOP('',(#935));
#8714=EDGE_LOOP('',(#936));
#8715=EDGE_LOOP('',(#937));
#8716=EDGE_LOOP('',(#938));
#8717=EDGE_LOOP('',(#939));
#8718=EDGE_LOOP('',(#940));
#8719=EDGE_LOOP('',(#941));
#8720=EDGE_LOOP('',(#942));
#8721=EDGE_LOOP('',(#943));
#8722=EDGE_LOOP('',(#944));
#8723=EDGE_LOOP('',(#945));
#8724=EDGE_LOOP('',(#946));
#8725=EDGE_LOOP('',(#947));
#8726=EDGE_LOOP('',(#948));
#8727=EDGE_LOOP('',(#949));
#8728=EDGE_LOOP('',(#950));
#8729=EDGE_LOOP('',(#951));
#8730=EDGE_LOOP('',(#952));
#8731=EDGE_LOOP('',(#953));
#8732=EDGE_LOOP('',(#954));
#8733=EDGE_LOOP('',(#955));
#8734=EDGE_LOOP('',(#956));
#8735=EDGE_LOOP('',(#957));
#8736=EDGE_LOOP('',(#958));
#8737=EDGE_LOOP('',(#959));
#8738=EDGE_LOOP('',(#960));
#8739=EDGE_LOOP('',(#961));
#8740=EDGE_LOOP('',(#962));
#8741=EDGE_LOOP('',(#963));
#8742=EDGE_LOOP('',(#964));
#8743=EDGE_LOOP('',(#965));
#8744=EDGE_LOOP('',(#966,#967,#968,#969));
#8745=EDGE_LOOP('',(#970));
#8746=EDGE_LOOP('',(#971));
#8747=EDGE_LOOP('',(#972));
#8748=EDGE_LOOP('',(#973));
#8749=EDGE_LOOP('',(#974));
#8750=EDGE_LOOP('',(#975));
#8751=EDGE_LOOP('',(#976));
#8752=EDGE_LOOP('',(#977));
#8753=EDGE_LOOP('',(#978));
#8754=EDGE_LOOP('',(#979));
#8755=EDGE_LOOP('',(#980));
#8756=EDGE_LOOP('',(#981));
#8757=EDGE_LOOP('',(#982));
#8758=EDGE_LOOP('',(#983));
#8759=EDGE_LOOP('',(#984));
#8760=EDGE_LOOP('',(#985));
#8761=EDGE_LOOP('',(#986));
#8762=EDGE_LOOP('',(#987));
#8763=EDGE_LOOP('',(#988));
#8764=EDGE_LOOP('',(#989));
#8765=EDGE_LOOP('',(#990));
#8766=EDGE_LOOP('',(#991));
#8767=EDGE_LOOP('',(#992));
#8768=EDGE_LOOP('',(#993));
#8769=EDGE_LOOP('',(#994));
#8770=EDGE_LOOP('',(#995));
#8771=EDGE_LOOP('',(#996));
#8772=EDGE_LOOP('',(#997));
#8773=EDGE_LOOP('',(#998));
#8774=EDGE_LOOP('',(#999));
#8775=EDGE_LOOP('',(#1000));
#8776=EDGE_LOOP('',(#1001));
#8777=EDGE_LOOP('',(#1002));
#8778=EDGE_LOOP('',(#1003));
#8779=EDGE_LOOP('',(#1004));
#8780=EDGE_LOOP('',(#1005));
#8781=EDGE_LOOP('',(#1006));
#8782=EDGE_LOOP('',(#1007));
#8783=EDGE_LOOP('',(#1008));
#8784=EDGE_LOOP('',(#1009));
#8785=EDGE_LOOP('',(#1010));
#8786=EDGE_LOOP('',(#1011));
#8787=EDGE_LOOP('',(#1012));
#8788=EDGE_LOOP('',(#1013));
#8789=EDGE_LOOP('',(#1014));
#8790=EDGE_LOOP('',(#1015));
#8791=EDGE_LOOP('',(#1016));
#8792=EDGE_LOOP('',(#1017));
#8793=EDGE_LOOP('',(#1018));
#8794=EDGE_LOOP('',(#1019));
#8795=EDGE_LOOP('',(#1020));
#8796=EDGE_LOOP('',(#1021));
#8797=EDGE_LOOP('',(#1022));
#8798=EDGE_LOOP('',(#1023));
#8799=EDGE_LOOP('',(#1024));
#8800=EDGE_LOOP('',(#1025));
#8801=EDGE_LOOP('',(#1026));
#8802=EDGE_LOOP('',(#1027));
#8803=EDGE_LOOP('',(#1028));
#8804=EDGE_LOOP('',(#1029));
#8805=EDGE_LOOP('',(#1030));
#8806=EDGE_LOOP('',(#1031));
#8807=EDGE_LOOP('',(#1032));
#8808=EDGE_LOOP('',(#1033));
#8809=EDGE_LOOP('',(#1034));
#8810=EDGE_LOOP('',(#1035));
#8811=EDGE_LOOP('',(#1036));
#8812=EDGE_LOOP('',(#1037));
#8813=EDGE_LOOP('',(#1038));
#8814=EDGE_LOOP('',(#1039));
#8815=EDGE_LOOP('',(#1040));
#8816=EDGE_LOOP('',(#1041));
#8817=EDGE_LOOP('',(#1042));
#8818=EDGE_LOOP('',(#1043));
#8819=EDGE_LOOP('',(#1044));
#8820=EDGE_LOOP('',(#1045));
#8821=EDGE_LOOP('',(#1046));
#8822=EDGE_LOOP('',(#1047));
#8823=EDGE_LOOP('',(#1048));
#8824=EDGE_LOOP('',(#1049));
#8825=EDGE_LOOP('',(#1050));
#8826=EDGE_LOOP('',(#1051));
#8827=EDGE_LOOP('',(#1052));
#8828=EDGE_LOOP('',(#1053));
#8829=EDGE_LOOP('',(#1054));
#8830=EDGE_LOOP('',(#1055));
#8831=EDGE_LOOP('',(#1056));
#8832=EDGE_LOOP('',(#1057));
#8833=EDGE_LOOP('',(#1058));
#8834=EDGE_LOOP('',(#1059));
#8835=EDGE_LOOP('',(#1060));
#8836=EDGE_LOOP('',(#1061));
#8837=EDGE_LOOP('',(#1062));
#8838=EDGE_LOOP('',(#1063));
#8839=EDGE_LOOP('',(#1064));
#8840=EDGE_LOOP('',(#1065));
#8841=EDGE_LOOP('',(#1066));
#8842=EDGE_LOOP('',(#1067));
#8843=EDGE_LOOP('',(#1068));
#8844=EDGE_LOOP('',(#1069));
#8845=EDGE_LOOP('',(#1070));
#8846=EDGE_LOOP('',(#1071));
#8847=EDGE_LOOP('',(#1072));
#8848=EDGE_LOOP('',(#1073));
#8849=EDGE_LOOP('',(#1074));
#8850=EDGE_LOOP('',(#1075));
#8851=EDGE_LOOP('',(#1076));
#8852=EDGE_LOOP('',(#1077));
#8853=EDGE_LOOP('',(#1078));
#8854=EDGE_LOOP('',(#1079));
#8855=EDGE_LOOP('',(#1080));
#8856=EDGE_LOOP('',(#1081));
#8857=EDGE_LOOP('',(#1082));
#8858=EDGE_LOOP('',(#1083));
#8859=EDGE_LOOP('',(#1084));
#8860=EDGE_LOOP('',(#1085));
#8861=EDGE_LOOP('',(#1086));
#8862=EDGE_LOOP('',(#1087));
#8863=EDGE_LOOP('',(#1088));
#8864=EDGE_LOOP('',(#1089));
#8865=EDGE_LOOP('',(#1090));
#8866=EDGE_LOOP('',(#1091));
#8867=EDGE_LOOP('',(#1092));
#8868=EDGE_LOOP('',(#1093));
#8869=EDGE_LOOP('',(#1094));
#8870=EDGE_LOOP('',(#1095));
#8871=EDGE_LOOP('',(#1096));
#8872=EDGE_LOOP('',(#1097));
#8873=EDGE_LOOP('',(#1098));
#8874=EDGE_LOOP('',(#1099));
#8875=EDGE_LOOP('',(#1100));
#8876=EDGE_LOOP('',(#1101));
#8877=EDGE_LOOP('',(#1102));
#8878=EDGE_LOOP('',(#1103));
#8879=EDGE_LOOP('',(#1104));
#8880=EDGE_LOOP('',(#1105));
#8881=EDGE_LOOP('',(#1106));
#8882=EDGE_LOOP('',(#1107));
#8883=EDGE_LOOP('',(#1108));
#8884=EDGE_LOOP('',(#1109));
#8885=EDGE_LOOP('',(#1110));
#8886=EDGE_LOOP('',(#1111));
#8887=EDGE_LOOP('',(#1112));
#8888=EDGE_LOOP('',(#1113));
#8889=EDGE_LOOP('',(#1114));
#8890=EDGE_LOOP('',(#1115));
#8891=EDGE_LOOP('',(#1116));
#8892=EDGE_LOOP('',(#1117));
#8893=EDGE_LOOP('',(#1118));
#8894=EDGE_LOOP('',(#1119));
#8895=EDGE_LOOP('',(#1120,#1121,#1122,#1123));
#8896=EDGE_LOOP('',(#1124,#1125,#1126,#1127));
#8897=EDGE_LOOP('',(#1128,#1129,#1130,#1131));
#8898=EDGE_LOOP('',(#1132,#1133,#1134,#1135));
#8899=EDGE_LOOP('',(#1136,#1137,#1138,#1139));
#8900=EDGE_LOOP('',(#1140,#1141,#1142,#1143));
#8901=EDGE_LOOP('',(#1144,#1145,#1146,#1147));
#8902=EDGE_LOOP('',(#1148,#1149,#1150,#1151));
#8903=EDGE_LOOP('',(#1152,#1153,#1154,#1155));
#8904=EDGE_LOOP('',(#1156,#1157,#1158,#1159));
#8905=EDGE_LOOP('',(#1160,#1161,#1162,#1163));
#8906=EDGE_LOOP('',(#1164,#1165,#1166,#1167));
#8907=EDGE_LOOP('',(#1168,#1169,#1170,#1171));
#8908=EDGE_LOOP('',(#1172,#1173,#1174,#1175));
#8909=EDGE_LOOP('',(#1176,#1177,#1178,#1179));
#8910=EDGE_LOOP('',(#1180,#1181,#1182,#1183));
#8911=EDGE_LOOP('',(#1184,#1185,#1186,#1187));
#8912=EDGE_LOOP('',(#1188,#1189,#1190,#1191));
#8913=EDGE_LOOP('',(#1192,#1193,#1194,#1195));
#8914=EDGE_LOOP('',(#1196,#1197,#1198,#1199));
#8915=EDGE_LOOP('',(#1200,#1201,#1202,#1203));
#8916=EDGE_LOOP('',(#1204,#1205,#1206,#1207));
#8917=EDGE_LOOP('',(#1208,#1209,#1210,#1211));
#8918=EDGE_LOOP('',(#1212,#1213,#1214,#1215));
#8919=EDGE_LOOP('',(#1216,#1217,#1218,#1219));
#8920=EDGE_LOOP('',(#1220,#1221,#1222,#1223));
#8921=EDGE_LOOP('',(#1224,#1225,#1226,#1227));
#8922=EDGE_LOOP('',(#1228,#1229,#1230,#1231));
#8923=EDGE_LOOP('',(#1232,#1233,#1234,#1235));
#8924=EDGE_LOOP('',(#1236,#1237,#1238,#1239));
#8925=EDGE_LOOP('',(#1240,#1241,#1242,#1243));
#8926=EDGE_LOOP('',(#1244,#1245,#1246,#1247));
#8927=EDGE_LOOP('',(#1248,#1249,#1250,#1251));
#8928=EDGE_LOOP('',(#1252,#1253,#1254,#1255));
#8929=EDGE_LOOP('',(#1256,#1257,#1258,#1259));
#8930=EDGE_LOOP('',(#1260,#1261,#1262,#1263));
#8931=EDGE_LOOP('',(#1264,#1265,#1266,#1267));
#8932=EDGE_LOOP('',(#1268,#1269,#1270,#1271));
#8933=EDGE_LOOP('',(#1272,#1273,#1274,#1275));
#8934=EDGE_LOOP('',(#1276,#1277,#1278,#1279));
#8935=EDGE_LOOP('',(#1280,#1281,#1282,#1283));
#8936=EDGE_LOOP('',(#1284,#1285,#1286,#1287));
#8937=EDGE_LOOP('',(#1288,#1289,#1290,#1291));
#8938=EDGE_LOOP('',(#1292,#1293,#1294,#1295));
#8939=EDGE_LOOP('',(#1296,#1297,#1298,#1299));
#8940=EDGE_LOOP('',(#1300,#1301,#1302,#1303));
#8941=EDGE_LOOP('',(#1304,#1305,#1306,#1307));
#8942=EDGE_LOOP('',(#1308,#1309,#1310,#1311));
#8943=EDGE_LOOP('',(#1312,#1313,#1314,#1315));
#8944=EDGE_LOOP('',(#1316,#1317,#1318,#1319));
#8945=EDGE_LOOP('',(#1320,#1321,#1322,#1323));
#8946=EDGE_LOOP('',(#1324,#1325,#1326,#1327));
#8947=EDGE_LOOP('',(#1328,#1329,#1330,#1331));
#8948=EDGE_LOOP('',(#1332,#1333,#1334,#1335));
#8949=EDGE_LOOP('',(#1336,#1337,#1338,#1339));
#8950=EDGE_LOOP('',(#1340,#1341,#1342,#1343));
#8951=EDGE_LOOP('',(#1344,#1345,#1346,#1347));
#8952=EDGE_LOOP('',(#1348,#1349,#1350,#1351));
#8953=EDGE_LOOP('',(#1352,#1353,#1354,#1355));
#8954=EDGE_LOOP('',(#1356,#1357,#1358,#1359));
#8955=EDGE_LOOP('',(#1360,#1361,#1362,#1363));
#8956=EDGE_LOOP('',(#1364,#1365,#1366,#1367));
#8957=EDGE_LOOP('',(#1368,#1369,#1370,#1371));
#8958=EDGE_LOOP('',(#1372,#1373,#1374,#1375));
#8959=EDGE_LOOP('',(#1376,#1377,#1378,#1379));
#8960=EDGE_LOOP('',(#1380,#1381,#1382,#1383));
#8961=EDGE_LOOP('',(#1384,#1385,#1386,#1387));
#8962=EDGE_LOOP('',(#1388,#1389,#1390,#1391));
#8963=EDGE_LOOP('',(#1392,#1393,#1394,#1395));
#8964=EDGE_LOOP('',(#1396,#1397,#1398,#1399));
#8965=EDGE_LOOP('',(#1400,#1401,#1402,#1403));
#8966=EDGE_LOOP('',(#1404,#1405,#1406,#1407));
#8967=EDGE_LOOP('',(#1408,#1409,#1410,#1411));
#8968=EDGE_LOOP('',(#1412,#1413,#1414,#1415));
#8969=EDGE_LOOP('',(#1416,#1417,#1418,#1419));
#8970=EDGE_LOOP('',(#1420,#1421,#1422,#1423));
#8971=EDGE_LOOP('',(#1424,#1425,#1426,#1427));
#8972=EDGE_LOOP('',(#1428,#1429,#1430,#1431));
#8973=EDGE_LOOP('',(#1432,#1433,#1434,#1435));
#8974=EDGE_LOOP('',(#1436,#1437,#1438,#1439));
#8975=EDGE_LOOP('',(#1440,#1441,#1442,#1443));
#8976=EDGE_LOOP('',(#1444,#1445,#1446,#1447));
#8977=EDGE_LOOP('',(#1448,#1449,#1450,#1451));
#8978=EDGE_LOOP('',(#1452,#1453,#1454,#1455));
#8979=EDGE_LOOP('',(#1456,#1457,#1458,#1459));
#8980=EDGE_LOOP('',(#1460,#1461,#1462,#1463));
#8981=EDGE_LOOP('',(#1464,#1465,#1466,#1467));
#8982=EDGE_LOOP('',(#1468,#1469,#1470,#1471));
#8983=EDGE_LOOP('',(#1472,#1473,#1474,#1475));
#8984=EDGE_LOOP('',(#1476,#1477,#1478,#1479));
#8985=EDGE_LOOP('',(#1480,#1481,#1482,#1483));
#8986=EDGE_LOOP('',(#1484,#1485,#1486,#1487));
#8987=EDGE_LOOP('',(#1488,#1489,#1490,#1491));
#8988=EDGE_LOOP('',(#1492,#1493,#1494,#1495));
#8989=EDGE_LOOP('',(#1496,#1497,#1498,#1499));
#8990=EDGE_LOOP('',(#1500,#1501,#1502,#1503));
#8991=EDGE_LOOP('',(#1504,#1505,#1506,#1507));
#8992=EDGE_LOOP('',(#1508,#1509,#1510,#1511));
#8993=EDGE_LOOP('',(#1512,#1513,#1514,#1515));
#8994=EDGE_LOOP('',(#1516,#1517,#1518,#1519));
#8995=EDGE_LOOP('',(#1520,#1521,#1522,#1523));
#8996=EDGE_LOOP('',(#1524,#1525,#1526,#1527));
#8997=EDGE_LOOP('',(#1528,#1529,#1530,#1531));
#8998=EDGE_LOOP('',(#1532,#1533,#1534,#1535));
#8999=EDGE_LOOP('',(#1536,#1537,#1538,#1539));
#9000=EDGE_LOOP('',(#1540,#1541,#1542,#1543));
#9001=EDGE_LOOP('',(#1544,#1545,#1546,#1547));
#9002=EDGE_LOOP('',(#1548,#1549,#1550,#1551));
#9003=EDGE_LOOP('',(#1552,#1553,#1554,#1555));
#9004=EDGE_LOOP('',(#1556,#1557,#1558,#1559));
#9005=EDGE_LOOP('',(#1560,#1561,#1562,#1563));
#9006=EDGE_LOOP('',(#1564,#1565,#1566,#1567));
#9007=EDGE_LOOP('',(#1568,#1569,#1570,#1571));
#9008=EDGE_LOOP('',(#1572,#1573,#1574,#1575));
#9009=EDGE_LOOP('',(#1576,#1577,#1578,#1579));
#9010=EDGE_LOOP('',(#1580,#1581,#1582,#1583));
#9011=EDGE_LOOP('',(#1584,#1585,#1586,#1587));
#9012=EDGE_LOOP('',(#1588,#1589,#1590,#1591));
#9013=EDGE_LOOP('',(#1592,#1593,#1594,#1595));
#9014=EDGE_LOOP('',(#1596,#1597,#1598,#1599));
#9015=EDGE_LOOP('',(#1600,#1601,#1602,#1603));
#9016=EDGE_LOOP('',(#1604,#1605,#1606,#1607));
#9017=EDGE_LOOP('',(#1608,#1609,#1610,#1611));
#9018=EDGE_LOOP('',(#1612,#1613,#1614,#1615));
#9019=EDGE_LOOP('',(#1616,#1617,#1618,#1619));
#9020=EDGE_LOOP('',(#1620,#1621,#1622,#1623));
#9021=EDGE_LOOP('',(#1624,#1625,#1626,#1627));
#9022=EDGE_LOOP('',(#1628,#1629,#1630,#1631));
#9023=EDGE_LOOP('',(#1632,#1633,#1634,#1635));
#9024=EDGE_LOOP('',(#1636,#1637,#1638,#1639));
#9025=EDGE_LOOP('',(#1640,#1641,#1642,#1643));
#9026=EDGE_LOOP('',(#1644,#1645,#1646,#1647));
#9027=EDGE_LOOP('',(#1648,#1649,#1650,#1651));
#9028=EDGE_LOOP('',(#1652,#1653,#1654,#1655));
#9029=EDGE_LOOP('',(#1656,#1657,#1658,#1659));
#9030=EDGE_LOOP('',(#1660,#1661,#1662,#1663));
#9031=EDGE_LOOP('',(#1664,#1665,#1666,#1667));
#9032=EDGE_LOOP('',(#1668,#1669,#1670,#1671));
#9033=EDGE_LOOP('',(#1672,#1673,#1674,#1675));
#9034=EDGE_LOOP('',(#1676,#1677,#1678,#1679));
#9035=EDGE_LOOP('',(#1680,#1681,#1682,#1683));
#9036=EDGE_LOOP('',(#1684,#1685,#1686,#1687));
#9037=EDGE_LOOP('',(#1688,#1689,#1690,#1691));
#9038=EDGE_LOOP('',(#1692,#1693,#1694,#1695));
#9039=EDGE_LOOP('',(#1696,#1697,#1698,#1699));
#9040=EDGE_LOOP('',(#1700,#1701,#1702,#1703));
#9041=EDGE_LOOP('',(#1704,#1705,#1706,#1707));
#9042=EDGE_LOOP('',(#1708,#1709,#1710,#1711));
#9043=EDGE_LOOP('',(#1712,#1713,#1714,#1715));
#9044=EDGE_LOOP('',(#1716,#1717,#1718,#1719));
#9045=EDGE_LOOP('',(#1720,#1721,#1722,#1723));
#9046=EDGE_LOOP('',(#1724,#1725,#1726,#1727));
#9047=EDGE_LOOP('',(#1728,#1729,#1730,#1731));
#9048=EDGE_LOOP('',(#1732,#1733,#1734,#1735));
#9049=EDGE_LOOP('',(#1736,#1737,#1738,#1739));
#9050=EDGE_LOOP('',(#1740,#1741,#1742,#1743));
#9051=EDGE_LOOP('',(#1744,#1745,#1746,#1747));
#9052=EDGE_LOOP('',(#1748,#1749,#1750,#1751));
#9053=EDGE_LOOP('',(#1752,#1753,#1754,#1755));
#9054=EDGE_LOOP('',(#1756,#1757,#1758,#1759));
#9055=EDGE_LOOP('',(#1760,#1761,#1762,#1763));
#9056=EDGE_LOOP('',(#1764,#1765,#1766,#1767));
#9057=EDGE_LOOP('',(#1768,#1769,#1770,#1771));
#9058=EDGE_LOOP('',(#1772,#1773,#1774,#1775));
#9059=EDGE_LOOP('',(#1776,#1777,#1778,#1779));
#9060=EDGE_LOOP('',(#1780,#1781,#1782,#1783));
#9061=EDGE_LOOP('',(#1784,#1785,#1786,#1787));
#9062=EDGE_LOOP('',(#1788,#1789,#1790,#1791));
#9063=EDGE_LOOP('',(#1792,#1793,#1794,#1795));
#9064=EDGE_LOOP('',(#1796,#1797,#1798,#1799));
#9065=EDGE_LOOP('',(#1800,#1801,#1802,#1803));
#9066=EDGE_LOOP('',(#1804,#1805,#1806,#1807));
#9067=EDGE_LOOP('',(#1808,#1809,#1810,#1811));
#9068=EDGE_LOOP('',(#1812,#1813,#1814,#1815));
#9069=EDGE_LOOP('',(#1816,#1817,#1818,#1819));
#9070=EDGE_LOOP('',(#1820,#1821,#1822,#1823));
#9071=EDGE_LOOP('',(#1824,#1825,#1826,#1827));
#9072=EDGE_LOOP('',(#1828,#1829,#1830,#1831));
#9073=EDGE_LOOP('',(#1832,#1833,#1834,#1835));
#9074=EDGE_LOOP('',(#1836,#1837,#1838,#1839));
#9075=EDGE_LOOP('',(#1840,#1841,#1842,#1843));
#9076=EDGE_LOOP('',(#1844,#1845,#1846,#1847));
#9077=EDGE_LOOP('',(#1848,#1849,#1850,#1851));
#9078=EDGE_LOOP('',(#1852,#1853,#1854,#1855));
#9079=EDGE_LOOP('',(#1856,#1857,#1858,#1859));
#9080=EDGE_LOOP('',(#1860,#1861,#1862,#1863));
#9081=EDGE_LOOP('',(#1864,#1865,#1866,#1867));
#9082=EDGE_LOOP('',(#1868,#1869,#1870,#1871));
#9083=EDGE_LOOP('',(#1872,#1873,#1874,#1875));
#9084=EDGE_LOOP('',(#1876,#1877,#1878,#1879));
#9085=EDGE_LOOP('',(#1880,#1881,#1882,#1883));
#9086=EDGE_LOOP('',(#1884,#1885,#1886,#1887));
#9087=EDGE_LOOP('',(#1888,#1889,#1890,#1891));
#9088=EDGE_LOOP('',(#1892,#1893,#1894,#1895));
#9089=EDGE_LOOP('',(#1896,#1897,#1898,#1899));
#9090=EDGE_LOOP('',(#1900,#1901,#1902,#1903));
#9091=EDGE_LOOP('',(#1904,#1905,#1906,#1907));
#9092=EDGE_LOOP('',(#1908,#1909,#1910,#1911));
#9093=EDGE_LOOP('',(#1912,#1913,#1914,#1915));
#9094=EDGE_LOOP('',(#1916,#1917,#1918,#1919));
#9095=EDGE_LOOP('',(#1920,#1921,#1922,#1923));
#9096=EDGE_LOOP('',(#1924,#1925,#1926,#1927));
#9097=EDGE_LOOP('',(#1928,#1929,#1930,#1931));
#9098=EDGE_LOOP('',(#1932,#1933,#1934,#1935));
#9099=EDGE_LOOP('',(#1936,#1937,#1938,#1939));
#9100=EDGE_LOOP('',(#1940,#1941,#1942,#1943));
#9101=EDGE_LOOP('',(#1944,#1945,#1946,#1947));
#9102=EDGE_LOOP('',(#1948,#1949,#1950,#1951));
#9103=EDGE_LOOP('',(#1952,#1953,#1954,#1955));
#9104=EDGE_LOOP('',(#1956,#1957,#1958,#1959));
#9105=EDGE_LOOP('',(#1960,#1961,#1962,#1963));
#9106=EDGE_LOOP('',(#1964,#1965,#1966,#1967));
#9107=EDGE_LOOP('',(#1968,#1969,#1970,#1971));
#9108=EDGE_LOOP('',(#1972,#1973,#1974,#1975));
#9109=EDGE_LOOP('',(#1976,#1977,#1978,#1979));
#9110=EDGE_LOOP('',(#1980,#1981,#1982,#1983));
#9111=EDGE_LOOP('',(#1984,#1985,#1986,#1987));
#9112=EDGE_LOOP('',(#1988,#1989,#1990,#1991));
#9113=EDGE_LOOP('',(#1992,#1993,#1994,#1995));
#9114=EDGE_LOOP('',(#1996,#1997,#1998,#1999));
#9115=EDGE_LOOP('',(#2000,#2001,#2002,#2003));
#9116=EDGE_LOOP('',(#2004,#2005,#2006,#2007));
#9117=EDGE_LOOP('',(#2008,#2009,#2010,#2011));
#9118=EDGE_LOOP('',(#2012,#2013,#2014,#2015));
#9119=EDGE_LOOP('',(#2016,#2017,#2018,#2019));
#9120=EDGE_LOOP('',(#2020,#2021,#2022,#2023));
#9121=EDGE_LOOP('',(#2024,#2025,#2026,#2027));
#9122=EDGE_LOOP('',(#2028,#2029,#2030,#2031));
#9123=EDGE_LOOP('',(#2032,#2033,#2034,#2035));
#9124=EDGE_LOOP('',(#2036,#2037,#2038,#2039));
#9125=EDGE_LOOP('',(#2040,#2041,#2042,#2043));
#9126=EDGE_LOOP('',(#2044,#2045,#2046,#2047));
#9127=EDGE_LOOP('',(#2048,#2049,#2050,#2051));
#9128=EDGE_LOOP('',(#2052,#2053,#2054,#2055));
#9129=EDGE_LOOP('',(#2056,#2057,#2058,#2059));
#9130=EDGE_LOOP('',(#2060,#2061,#2062,#2063));
#9131=EDGE_LOOP('',(#2064,#2065,#2066,#2067));
#9132=EDGE_LOOP('',(#2068,#2069,#2070,#2071));
#9133=EDGE_LOOP('',(#2072,#2073,#2074,#2075));
#9134=EDGE_LOOP('',(#2076,#2077,#2078,#2079));
#9135=EDGE_LOOP('',(#2080,#2081,#2082,#2083));
#9136=EDGE_LOOP('',(#2084,#2085,#2086,#2087));
#9137=EDGE_LOOP('',(#2088,#2089,#2090,#2091));
#9138=EDGE_LOOP('',(#2092,#2093,#2094,#2095));
#9139=EDGE_LOOP('',(#2096,#2097,#2098,#2099));
#9140=EDGE_LOOP('',(#2100,#2101,#2102,#2103));
#9141=EDGE_LOOP('',(#2104,#2105,#2106,#2107));
#9142=EDGE_LOOP('',(#2108,#2109,#2110,#2111));
#9143=EDGE_LOOP('',(#2112,#2113,#2114,#2115));
#9144=EDGE_LOOP('',(#2116,#2117,#2118,#2119));
#9145=EDGE_LOOP('',(#2120,#2121,#2122,#2123));
#9146=EDGE_LOOP('',(#2124,#2125,#2126,#2127));
#9147=EDGE_LOOP('',(#2128,#2129,#2130,#2131));
#9148=EDGE_LOOP('',(#2132,#2133,#2134,#2135));
#9149=EDGE_LOOP('',(#2136,#2137,#2138,#2139));
#9150=EDGE_LOOP('',(#2140,#2141,#2142,#2143));
#9151=EDGE_LOOP('',(#2144,#2145,#2146,#2147));
#9152=EDGE_LOOP('',(#2148,#2149,#2150,#2151));
#9153=EDGE_LOOP('',(#2152,#2153,#2154,#2155));
#9154=EDGE_LOOP('',(#2156,#2157,#2158,#2159));
#9155=EDGE_LOOP('',(#2160,#2161,#2162,#2163));
#9156=EDGE_LOOP('',(#2164,#2165,#2166,#2167));
#9157=EDGE_LOOP('',(#2168,#2169,#2170,#2171));
#9158=EDGE_LOOP('',(#2172,#2173,#2174,#2175));
#9159=EDGE_LOOP('',(#2176,#2177,#2178,#2179));
#9160=EDGE_LOOP('',(#2180,#2181,#2182,#2183));
#9161=EDGE_LOOP('',(#2184,#2185,#2186,#2187));
#9162=EDGE_LOOP('',(#2188,#2189,#2190,#2191));
#9163=EDGE_LOOP('',(#2192,#2193,#2194,#2195));
#9164=EDGE_LOOP('',(#2196,#2197,#2198,#2199));
#9165=EDGE_LOOP('',(#2200,#2201,#2202,#2203));
#9166=EDGE_LOOP('',(#2204,#2205,#2206,#2207));
#9167=EDGE_LOOP('',(#2208,#2209,#2210,#2211));
#9168=EDGE_LOOP('',(#2212,#2213,#2214,#2215));
#9169=EDGE_LOOP('',(#2216,#2217,#2218,#2219));
#9170=EDGE_LOOP('',(#2220,#2221,#2222,#2223));
#9171=EDGE_LOOP('',(#2224,#2225,#2226,#2227));
#9172=EDGE_LOOP('',(#2228,#2229,#2230,#2231));
#9173=EDGE_LOOP('',(#2232,#2233,#2234,#2235));
#9174=EDGE_LOOP('',(#2236,#2237,#2238,#2239));
#9175=EDGE_LOOP('',(#2240,#2241,#2242,#2243));
#9176=EDGE_LOOP('',(#2244,#2245,#2246,#2247));
#9177=EDGE_LOOP('',(#2248,#2249,#2250,#2251));
#9178=EDGE_LOOP('',(#2252,#2253,#2254,#2255));
#9179=EDGE_LOOP('',(#2256,#2257,#2258,#2259));
#9180=EDGE_LOOP('',(#2260,#2261,#2262,#2263));
#9181=EDGE_LOOP('',(#2264,#2265,#2266,#2267));
#9182=EDGE_LOOP('',(#2268,#2269,#2270,#2271));
#9183=EDGE_LOOP('',(#2272,#2273,#2274,#2275));
#9184=EDGE_LOOP('',(#2276,#2277,#2278,#2279));
#9185=EDGE_LOOP('',(#2280,#2281,#2282,#2283));
#9186=EDGE_LOOP('',(#2284,#2285,#2286,#2287));
#9187=EDGE_LOOP('',(#2288,#2289,#2290,#2291));
#9188=EDGE_LOOP('',(#2292,#2293,#2294,#2295));
#9189=EDGE_LOOP('',(#2296,#2297,#2298,#2299));
#9190=EDGE_LOOP('',(#2300,#2301,#2302,#2303));
#9191=EDGE_LOOP('',(#2304,#2305,#2306,#2307));
#9192=EDGE_LOOP('',(#2308,#2309,#2310,#2311));
#9193=EDGE_LOOP('',(#2312,#2313,#2314,#2315));
#9194=EDGE_LOOP('',(#2316,#2317,#2318,#2319));
#9195=EDGE_LOOP('',(#2320,#2321,#2322,#2323));
#9196=EDGE_LOOP('',(#2324,#2325,#2326,#2327));
#9197=EDGE_LOOP('',(#2328,#2329,#2330,#2331));
#9198=EDGE_LOOP('',(#2332,#2333,#2334,#2335));
#9199=EDGE_LOOP('',(#2336,#2337,#2338,#2339));
#9200=EDGE_LOOP('',(#2340,#2341,#2342,#2343));
#9201=EDGE_LOOP('',(#2344,#2345,#2346,#2347));
#9202=EDGE_LOOP('',(#2348,#2349,#2350,#2351));
#9203=EDGE_LOOP('',(#2352,#2353,#2354,#2355));
#9204=EDGE_LOOP('',(#2356,#2357,#2358,#2359));
#9205=EDGE_LOOP('',(#2360,#2361,#2362,#2363));
#9206=EDGE_LOOP('',(#2364,#2365,#2366,#2367));
#9207=EDGE_LOOP('',(#2368,#2369,#2370,#2371));
#9208=EDGE_LOOP('',(#2372,#2373,#2374,#2375));
#9209=EDGE_LOOP('',(#2376,#2377,#2378,#2379));
#9210=EDGE_LOOP('',(#2380,#2381,#2382,#2383));
#9211=EDGE_LOOP('',(#2384,#2385,#2386,#2387));
#9212=EDGE_LOOP('',(#2388,#2389,#2390,#2391));
#9213=EDGE_LOOP('',(#2392,#2393,#2394,#2395));
#9214=EDGE_LOOP('',(#2396,#2397,#2398,#2399));
#9215=EDGE_LOOP('',(#2400,#2401,#2402,#2403));
#9216=EDGE_LOOP('',(#2404,#2405,#2406,#2407));
#9217=EDGE_LOOP('',(#2408,#2409,#2410,#2411));
#9218=EDGE_LOOP('',(#2412,#2413,#2414,#2415));
#9219=EDGE_LOOP('',(#2416,#2417,#2418,#2419));
#9220=EDGE_LOOP('',(#2420,#2421,#2422,#2423));
#9221=EDGE_LOOP('',(#2424,#2425,#2426,#2427));
#9222=EDGE_LOOP('',(#2428,#2429,#2430,#2431));
#9223=EDGE_LOOP('',(#2432,#2433,#2434,#2435));
#9224=EDGE_LOOP('',(#2436,#2437,#2438,#2439));
#9225=EDGE_LOOP('',(#2440,#2441,#2442,#2443));
#9226=EDGE_LOOP('',(#2444,#2445,#2446,#2447));
#9227=EDGE_LOOP('',(#2448,#2449,#2450,#2451));
#9228=EDGE_LOOP('',(#2452,#2453,#2454,#2455));
#9229=EDGE_LOOP('',(#2456,#2457,#2458,#2459));
#9230=EDGE_LOOP('',(#2460,#2461,#2462,#2463));
#9231=EDGE_LOOP('',(#2464,#2465,#2466,#2467));
#9232=EDGE_LOOP('',(#2468,#2469,#2470,#2471));
#9233=EDGE_LOOP('',(#2472,#2473,#2474,#2475));
#9234=EDGE_LOOP('',(#2476,#2477,#2478,#2479));
#9235=EDGE_LOOP('',(#2480,#2481,#2482,#2483));
#9236=EDGE_LOOP('',(#2484,#2485,#2486,#2487));
#9237=EDGE_LOOP('',(#2488,#2489,#2490,#2491));
#9238=EDGE_LOOP('',(#2492,#2493,#2494,#2495));
#9239=EDGE_LOOP('',(#2496,#2497,#2498,#2499));
#9240=EDGE_LOOP('',(#2500,#2501,#2502,#2503));
#9241=EDGE_LOOP('',(#2504,#2505,#2506,#2507));
#9242=EDGE_LOOP('',(#2508,#2509,#2510,#2511));
#9243=EDGE_LOOP('',(#2512,#2513,#2514,#2515));
#9244=EDGE_LOOP('',(#2516,#2517,#2518,#2519));
#9245=EDGE_LOOP('',(#2520,#2521,#2522,#2523));
#9246=EDGE_LOOP('',(#2524,#2525,#2526,#2527));
#9247=EDGE_LOOP('',(#2528,#2529,#2530,#2531));
#9248=EDGE_LOOP('',(#2532,#2533,#2534,#2535));
#9249=EDGE_LOOP('',(#2536,#2537,#2538,#2539));
#9250=EDGE_LOOP('',(#2540,#2541,#2542,#2543));
#9251=EDGE_LOOP('',(#2544,#2545,#2546,#2547));
#9252=EDGE_LOOP('',(#2548,#2549,#2550,#2551));
#9253=EDGE_LOOP('',(#2552,#2553,#2554,#2555));
#9254=EDGE_LOOP('',(#2556,#2557,#2558,#2559));
#9255=EDGE_LOOP('',(#2560,#2561,#2562,#2563));
#9256=EDGE_LOOP('',(#2564,#2565,#2566,#2567));
#9257=EDGE_LOOP('',(#2568,#2569,#2570,#2571));
#9258=EDGE_LOOP('',(#2572,#2573,#2574,#2575));
#9259=EDGE_LOOP('',(#2576,#2577,#2578,#2579));
#9260=EDGE_LOOP('',(#2580,#2581,#2582,#2583));
#9261=EDGE_LOOP('',(#2584,#2585,#2586,#2587));
#9262=EDGE_LOOP('',(#2588,#2589,#2590,#2591));
#9263=EDGE_LOOP('',(#2592,#2593,#2594,#2595));
#9264=EDGE_LOOP('',(#2596,#2597,#2598,#2599));
#9265=EDGE_LOOP('',(#2600,#2601,#2602,#2603));
#9266=EDGE_LOOP('',(#2604,#2605,#2606,#2607));
#9267=EDGE_LOOP('',(#2608,#2609,#2610,#2611));
#9268=EDGE_LOOP('',(#2612,#2613,#2614,#2615));
#9269=EDGE_LOOP('',(#2616,#2617,#2618,#2619));
#9270=EDGE_LOOP('',(#2620,#2621,#2622,#2623));
#9271=EDGE_LOOP('',(#2624,#2625,#2626,#2627));
#9272=EDGE_LOOP('',(#2628,#2629,#2630,#2631));
#9273=EDGE_LOOP('',(#2632,#2633,#2634,#2635));
#9274=EDGE_LOOP('',(#2636,#2637,#2638,#2639));
#9275=EDGE_LOOP('',(#2640,#2641,#2642,#2643));
#9276=EDGE_LOOP('',(#2644,#2645,#2646,#2647));
#9277=EDGE_LOOP('',(#2648,#2649,#2650,#2651));
#9278=EDGE_LOOP('',(#2652,#2653,#2654,#2655));
#9279=EDGE_LOOP('',(#2656,#2657,#2658,#2659));
#9280=EDGE_LOOP('',(#2660,#2661,#2662,#2663));
#9281=EDGE_LOOP('',(#2664,#2665,#2666,#2667));
#9282=EDGE_LOOP('',(#2668,#2669,#2670,#2671));
#9283=EDGE_LOOP('',(#2672,#2673,#2674,#2675));
#9284=EDGE_LOOP('',(#2676,#2677,#2678,#2679));
#9285=EDGE_LOOP('',(#2680,#2681,#2682,#2683));
#9286=EDGE_LOOP('',(#2684,#2685,#2686,#2687));
#9287=EDGE_LOOP('',(#2688,#2689,#2690,#2691));
#9288=EDGE_LOOP('',(#2692,#2693,#2694,#2695));
#9289=EDGE_LOOP('',(#2696,#2697,#2698,#2699));
#9290=EDGE_LOOP('',(#2700,#2701,#2702,#2703));
#9291=EDGE_LOOP('',(#2704,#2705,#2706,#2707));
#9292=EDGE_LOOP('',(#2708,#2709,#2710,#2711));
#9293=EDGE_LOOP('',(#2712,#2713,#2714,#2715));
#9294=EDGE_LOOP('',(#2716,#2717,#2718,#2719));
#9295=EDGE_LOOP('',(#2720,#2721,#2722,#2723));
#9296=EDGE_LOOP('',(#2724,#2725,#2726,#2727));
#9297=EDGE_LOOP('',(#2728,#2729,#2730,#2731));
#9298=EDGE_LOOP('',(#2732,#2733,#2734,#2735));
#9299=EDGE_LOOP('',(#2736,#2737,#2738,#2739));
#9300=EDGE_LOOP('',(#2740,#2741,#2742,#2743));
#9301=EDGE_LOOP('',(#2744,#2745,#2746,#2747,#2748,#2749,#2750,#2751));
#9302=EDGE_LOOP('',(#2752,#2753,#2754,#2755,#2756,#2757,#2758,#2759));
#9303=EDGE_LOOP('',(#2760,#2761,#2762,#2763,#2764,#2765,#2766,#2767));
#9304=EDGE_LOOP('',(#2768,#2769,#2770,#2771,#2772,#2773,#2774,#2775));
#9305=EDGE_LOOP('',(#2776,#2777,#2778,#2779,#2780,#2781,#2782,#2783));
#9306=EDGE_LOOP('',(#2784,#2785,#2786,#2787,#2788,#2789,#2790,#2791));
#9307=EDGE_LOOP('',(#2792,#2793,#2794,#2795,#2796,#2797,#2798,#2799));
#9308=EDGE_LOOP('',(#2800,#2801,#2802,#2803,#2804,#2805,#2806,#2807));
#9309=EDGE_LOOP('',(#2808,#2809,#2810,#2811,#2812,#2813,#2814,#2815));
#9310=EDGE_LOOP('',(#2816,#2817,#2818,#2819,#2820,#2821,#2822,#2823));
#9311=EDGE_LOOP('',(#2824,#2825,#2826,#2827,#2828,#2829,#2830,#2831));
#9312=EDGE_LOOP('',(#2832,#2833,#2834,#2835,#2836,#2837,#2838,#2839));
#9313=EDGE_LOOP('',(#2840,#2841,#2842,#2843,#2844,#2845,#2846,#2847));
#9314=EDGE_LOOP('',(#2848,#2849,#2850,#2851,#2852,#2853,#2854,#2855));
#9315=EDGE_LOOP('',(#2856,#2857,#2858,#2859,#2860,#2861,#2862,#2863));
#9316=EDGE_LOOP('',(#2864,#2865,#2866,#2867,#2868,#2869,#2870,#2871));
#9317=EDGE_LOOP('',(#2872,#2873,#2874,#2875,#2876,#2877,#2878,#2879));
#9318=EDGE_LOOP('',(#2880,#2881,#2882,#2883,#2884,#2885,#2886,#2887));
#9319=EDGE_LOOP('',(#2888,#2889,#2890,#2891,#2892,#2893,#2894,#2895));
#9320=EDGE_LOOP('',(#2896,#2897,#2898,#2899,#2900,#2901,#2902,#2903));
#9321=EDGE_LOOP('',(#2904,#2905,#2906,#2907,#2908,#2909,#2910,#2911));
#9322=EDGE_LOOP('',(#2912,#2913,#2914,#2915,#2916,#2917,#2918,#2919));
#9323=EDGE_LOOP('',(#2920,#2921,#2922,#2923,#2924,#2925,#2926,#2927));
#9324=EDGE_LOOP('',(#2928,#2929,#2930,#2931,#2932,#2933,#2934,#2935));
#9325=EDGE_LOOP('',(#2936,#2937,#2938,#2939,#2940,#2941,#2942,#2943));
#9326=EDGE_LOOP('',(#2944,#2945,#2946,#2947,#2948,#2949,#2950,#2951));
#9327=EDGE_LOOP('',(#2952,#2953,#2954,#2955,#2956,#2957,#2958,#2959));
#9328=EDGE_LOOP('',(#2960,#2961,#2962,#2963,#2964,#2965,#2966,#2967));
#9329=EDGE_LOOP('',(#2968,#2969,#2970,#2971,#2972,#2973,#2974,#2975));
#9330=EDGE_LOOP('',(#2976,#2977,#2978,#2979,#2980,#2981,#2982,#2983));
#9331=EDGE_LOOP('',(#2984,#2985,#2986,#2987,#2988,#2989,#2990,#2991));
#9332=EDGE_LOOP('',(#2992,#2993,#2994,#2995,#2996,#2997,#2998,#2999));
#9333=EDGE_LOOP('',(#3000,#3001,#3002,#3003,#3004,#3005,#3006,#3007));
#9334=EDGE_LOOP('',(#3008,#3009,#3010,#3011,#3012,#3013,#3014,#3015));
#9335=EDGE_LOOP('',(#3016,#3017,#3018,#3019,#3020,#3021,#3022,#3023));
#9336=EDGE_LOOP('',(#3024,#3025,#3026,#3027,#3028,#3029,#3030,#3031));
#9337=EDGE_LOOP('',(#3032,#3033,#3034,#3035,#3036,#3037,#3038,#3039));
#9338=EDGE_LOOP('',(#3040,#3041,#3042,#3043,#3044,#3045,#3046,#3047));
#9339=EDGE_LOOP('',(#3048,#3049,#3050,#3051,#3052,#3053,#3054,#3055));
#9340=EDGE_LOOP('',(#3056,#3057,#3058,#3059,#3060,#3061,#3062,#3063));
#9341=EDGE_LOOP('',(#3064,#3065,#3066,#3067,#3068,#3069,#3070,#3071));
#9342=EDGE_LOOP('',(#3072,#3073,#3074,#3075,#3076,#3077,#3078,#3079));
#9343=EDGE_LOOP('',(#3080,#3081,#3082,#3083,#3084,#3085,#3086,#3087));
#9344=EDGE_LOOP('',(#3088,#3089,#3090,#3091,#3092,#3093,#3094,#3095));
#9345=EDGE_LOOP('',(#3096,#3097,#3098,#3099,#3100,#3101,#3102,#3103));
#9346=EDGE_LOOP('',(#3104,#3105,#3106,#3107,#3108,#3109,#3110,#3111));
#9347=EDGE_LOOP('',(#3112,#3113,#3114,#3115,#3116,#3117,#3118,#3119));
#9348=EDGE_LOOP('',(#3120,#3121,#3122,#3123,#3124,#3125,#3126,#3127));
#9349=EDGE_LOOP('',(#3128,#3129,#3130,#3131,#3132,#3133,#3134,#3135));
#9350=EDGE_LOOP('',(#3136,#3137,#3138,#3139,#3140,#3141,#3142,#3143));
#9351=EDGE_LOOP('',(#3144,#3145,#3146,#3147,#3148,#3149,#3150,#3151));
#9352=EDGE_LOOP('',(#3152,#3153,#3154,#3155,#3156,#3157,#3158,#3159));
#9353=EDGE_LOOP('',(#3160,#3161,#3162,#3163,#3164,#3165,#3166,#3167));
#9354=EDGE_LOOP('',(#3168,#3169,#3170,#3171,#3172,#3173,#3174,#3175));
#9355=EDGE_LOOP('',(#3176,#3177,#3178,#3179,#3180,#3181,#3182,#3183));
#9356=EDGE_LOOP('',(#3184,#3185,#3186,#3187,#3188,#3189,#3190,#3191));
#9357=EDGE_LOOP('',(#3192,#3193,#3194,#3195,#3196,#3197,#3198,#3199));
#9358=EDGE_LOOP('',(#3200,#3201,#3202,#3203,#3204,#3205,#3206,#3207));
#9359=EDGE_LOOP('',(#3208,#3209,#3210,#3211,#3212,#3213,#3214,#3215));
#9360=EDGE_LOOP('',(#3216,#3217,#3218,#3219,#3220,#3221,#3222,#3223));
#9361=EDGE_LOOP('',(#3224,#3225,#3226,#3227,#3228,#3229,#3230,#3231));
#9362=EDGE_LOOP('',(#3232,#3233,#3234,#3235,#3236,#3237,#3238,#3239));
#9363=EDGE_LOOP('',(#3240,#3241,#3242,#3243,#3244,#3245,#3246,#3247));
#9364=EDGE_LOOP('',(#3248,#3249,#3250,#3251,#3252,#3253,#3254,#3255));
#9365=EDGE_LOOP('',(#3256,#3257,#3258,#3259,#3260,#3261,#3262,#3263));
#9366=EDGE_LOOP('',(#3264,#3265,#3266,#3267,#3268,#3269,#3270,#3271));
#9367=EDGE_LOOP('',(#3272,#3273,#3274,#3275,#3276,#3277,#3278,#3279));
#9368=EDGE_LOOP('',(#3280,#3281,#3282,#3283,#3284,#3285,#3286,#3287));
#9369=EDGE_LOOP('',(#3288,#3289,#3290,#3291,#3292,#3293,#3294,#3295));
#9370=EDGE_LOOP('',(#3296,#3297,#3298,#3299,#3300,#3301,#3302,#3303));
#9371=EDGE_LOOP('',(#3304,#3305,#3306,#3307,#3308,#3309,#3310,#3311));
#9372=EDGE_LOOP('',(#3312,#3313,#3314,#3315,#3316,#3317,#3318,#3319));
#9373=EDGE_LOOP('',(#3320,#3321,#3322,#3323,#3324,#3325,#3326,#3327));
#9374=EDGE_LOOP('',(#3328,#3329,#3330,#3331,#3332,#3333,#3334,#3335));
#9375=EDGE_LOOP('',(#3336,#3337,#3338,#3339,#3340,#3341,#3342,#3343));
#9376=EDGE_LOOP('',(#3344,#3345,#3346,#3347,#3348,#3349,#3350,#3351));
#9377=EDGE_LOOP('',(#3352,#3353,#3354,#3355,#3356,#3357,#3358,#3359));
#9378=EDGE_LOOP('',(#3360,#3361,#3362,#3363,#3364,#3365,#3366,#3367));
#9379=EDGE_LOOP('',(#3368,#3369,#3370,#3371,#3372,#3373,#3374,#3375));
#9380=EDGE_LOOP('',(#3376,#3377,#3378,#3379,#3380,#3381,#3382,#3383));
#9381=EDGE_LOOP('',(#3384,#3385,#3386,#3387,#3388,#3389,#3390,#3391));
#9382=EDGE_LOOP('',(#3392,#3393,#3394,#3395,#3396,#3397,#3398,#3399));
#9383=EDGE_LOOP('',(#3400,#3401,#3402,#3403,#3404,#3405,#3406,#3407));
#9384=EDGE_LOOP('',(#3408,#3409,#3410,#3411,#3412,#3413,#3414,#3415));
#9385=EDGE_LOOP('',(#3416,#3417,#3418,#3419,#3420,#3421,#3422,#3423));
#9386=EDGE_LOOP('',(#3424,#3425,#3426,#3427,#3428,#3429,#3430,#3431));
#9387=EDGE_LOOP('',(#3432,#3433,#3434,#3435,#3436,#3437,#3438,#3439));
#9388=EDGE_LOOP('',(#3440,#3441,#3442,#3443,#3444,#3445,#3446,#3447));
#9389=EDGE_LOOP('',(#3448,#3449,#3450,#3451,#3452,#3453,#3454,#3455));
#9390=EDGE_LOOP('',(#3456,#3457,#3458,#3459,#3460,#3461,#3462,#3463));
#9391=EDGE_LOOP('',(#3464,#3465,#3466,#3467,#3468,#3469,#3470,#3471));
#9392=EDGE_LOOP('',(#3472,#3473,#3474,#3475,#3476,#3477,#3478,#3479));
#9393=EDGE_LOOP('',(#3480,#3481,#3482,#3483,#3484,#3485,#3486,#3487));
#9394=EDGE_LOOP('',(#3488,#3489,#3490,#3491,#3492,#3493,#3494,#3495));
#9395=EDGE_LOOP('',(#3496,#3497,#3498,#3499,#3500,#3501,#3502,#3503));
#9396=EDGE_LOOP('',(#3504,#3505,#3506,#3507,#3508,#3509,#3510,#3511));
#9397=EDGE_LOOP('',(#3512,#3513,#3514,#3515,#3516,#3517,#3518,#3519));
#9398=EDGE_LOOP('',(#3520,#3521,#3522,#3523,#3524,#3525,#3526,#3527));
#9399=EDGE_LOOP('',(#3528,#3529,#3530,#3531,#3532,#3533,#3534,#3535));
#9400=EDGE_LOOP('',(#3536,#3537,#3538,#3539,#3540,#3541,#3542,#3543));
#9401=EDGE_LOOP('',(#3544,#3545,#3546,#3547));
#9402=FACE_BOUND('',#8606,.T.);
#9403=FACE_BOUND('',#8607,.T.);
#9404=FACE_BOUND('',#8608,.T.);
#9405=FACE_BOUND('',#8609,.T.);
#9406=FACE_BOUND('',#8610,.T.);
#9407=FACE_BOUND('',#8611,.T.);
#9408=FACE_BOUND('',#8612,.T.);
#9409=FACE_BOUND('',#8613,.T.);
#9410=FACE_BOUND('',#8614,.T.);
#9411=FACE_BOUND('',#8615,.T.);
#9412=FACE_BOUND('',#8616,.T.);
#9413=FACE_BOUND('',#8617,.T.);
#9414=FACE_BOUND('',#8618,.T.);
#9415=FACE_BOUND('',#8619,.T.);
#9416=FACE_BOUND('',#8620,.T.);
#9417=FACE_BOUND('',#8621,.T.);
#9418=FACE_BOUND('',#8622,.T.);
#9419=FACE_BOUND('',#8623,.T.);
#9420=FACE_BOUND('',#8624,.T.);
#9421=FACE_BOUND('',#8625,.T.);
#9422=FACE_BOUND('',#8626,.T.);
#9423=FACE_BOUND('',#8627,.T.);
#9424=FACE_BOUND('',#8628,.T.);
#9425=FACE_BOUND('',#8629,.T.);
#9426=FACE_BOUND('',#8630,.T.);
#9427=FACE_BOUND('',#8631,.T.);
#9428=FACE_BOUND('',#8632,.T.);
#9429=FACE_BOUND('',#8633,.T.);
#9430=FACE_BOUND('',#8634,.T.);
#9431=FACE_BOUND('',#8635,.T.);
#9432=FACE_BOUND('',#8636,.T.);
#9433=FACE_BOUND('',#8637,.T.);
#9434=FACE_BOUND('',#8638,.T.);
#9435=FACE_BOUND('',#8639,.T.);
#9436=FACE_BOUND('',#8640,.T.);
#9437=FACE_BOUND('',#8641,.T.);
#9438=FACE_BOUND('',#8642,.T.);
#9439=FACE_BOUND('',#8643,.T.);
#9440=FACE_BOUND('',#8644,.T.);
#9441=FACE_BOUND('',#8645,.T.);
#9442=FACE_BOUND('',#8646,.T.);
#9443=FACE_BOUND('',#8647,.T.);
#9444=FACE_BOUND('',#8648,.T.);
#9445=FACE_BOUND('',#8649,.T.);
#9446=FACE_BOUND('',#8650,.T.);
#9447=FACE_BOUND('',#8651,.T.);
#9448=FACE_BOUND('',#8652,.T.);
#9449=FACE_BOUND('',#8653,.T.);
#9450=FACE_BOUND('',#8654,.T.);
#9451=FACE_BOUND('',#8655,.T.);
#9452=FACE_BOUND('',#8656,.T.);
#9453=FACE_BOUND('',#8657,.T.);
#9454=FACE_BOUND('',#8658,.T.);
#9455=FACE_BOUND('',#8659,.T.);
#9456=FACE_BOUND('',#8660,.T.);
#9457=FACE_BOUND('',#8661,.T.);
#9458=FACE_BOUND('',#8662,.T.);
#9459=FACE_BOUND('',#8663,.T.);
#9460=FACE_BOUND('',#8664,.T.);
#9461=FACE_BOUND('',#8665,.T.);
#9462=FACE_BOUND('',#8666,.T.);
#9463=FACE_BOUND('',#8667,.T.);
#9464=FACE_BOUND('',#8668,.T.);
#9465=FACE_BOUND('',#8669,.T.);
#9466=FACE_BOUND('',#8670,.T.);
#9467=FACE_BOUND('',#8671,.T.);
#9468=FACE_BOUND('',#8672,.T.);
#9469=FACE_BOUND('',#8673,.T.);
#9470=FACE_BOUND('',#8674,.T.);
#9471=FACE_BOUND('',#8675,.T.);
#9472=FACE_BOUND('',#8676,.T.);
#9473=FACE_BOUND('',#8677,.T.);
#9474=FACE_BOUND('',#8678,.T.);
#9475=FACE_BOUND('',#8679,.T.);
#9476=FACE_BOUND('',#8680,.T.);
#9477=FACE_BOUND('',#8681,.T.);
#9478=FACE_BOUND('',#8682,.T.);
#9479=FACE_BOUND('',#8683,.T.);
#9480=FACE_BOUND('',#8684,.T.);
#9481=FACE_BOUND('',#8685,.T.);
#9482=FACE_BOUND('',#8686,.T.);
#9483=FACE_BOUND('',#8687,.T.);
#9484=FACE_BOUND('',#8688,.T.);
#9485=FACE_BOUND('',#8689,.T.);
#9486=FACE_BOUND('',#8690,.T.);
#9487=FACE_BOUND('',#8691,.T.);
#9488=FACE_BOUND('',#8692,.T.);
#9489=FACE_BOUND('',#8693,.T.);
#9490=FACE_BOUND('',#8694,.T.);
#9491=FACE_BOUND('',#8695,.T.);
#9492=FACE_BOUND('',#8696,.T.);
#9493=FACE_BOUND('',#8697,.T.);
#9494=FACE_BOUND('',#8698,.T.);
#9495=FACE_BOUND('',#8699,.T.);
#9496=FACE_BOUND('',#8700,.T.);
#9497=FACE_BOUND('',#8701,.T.);
#9498=FACE_BOUND('',#8702,.T.);
#9499=FACE_BOUND('',#8703,.T.);
#9500=FACE_BOUND('',#8704,.T.);
#9501=FACE_BOUND('',#8705,.T.);
#9502=FACE_BOUND('',#8706,.T.);
#9503=FACE_BOUND('',#8707,.T.);
#9504=FACE_BOUND('',#8708,.T.);
#9505=FACE_BOUND('',#8709,.T.);
#9506=FACE_BOUND('',#8710,.T.);
#9507=FACE_BOUND('',#8711,.T.);
#9508=FACE_BOUND('',#8712,.T.);
#9509=FACE_BOUND('',#8713,.T.);
#9510=FACE_BOUND('',#8714,.T.);
#9511=FACE_BOUND('',#8715,.T.);
#9512=FACE_BOUND('',#8716,.T.);
#9513=FACE_BOUND('',#8717,.T.);
#9514=FACE_BOUND('',#8718,.T.);
#9515=FACE_BOUND('',#8719,.T.);
#9516=FACE_BOUND('',#8720,.T.);
#9517=FACE_BOUND('',#8721,.T.);
#9518=FACE_BOUND('',#8722,.T.);
#9519=FACE_BOUND('',#8723,.T.);
#9520=FACE_BOUND('',#8724,.T.);
#9521=FACE_BOUND('',#8725,.T.);
#9522=FACE_BOUND('',#8726,.T.);
#9523=FACE_BOUND('',#8727,.T.);
#9524=FACE_BOUND('',#8728,.T.);
#9525=FACE_BOUND('',#8729,.T.);
#9526=FACE_BOUND('',#8730,.T.);
#9527=FACE_BOUND('',#8731,.T.);
#9528=FACE_BOUND('',#8732,.T.);
#9529=FACE_BOUND('',#8733,.T.);
#9530=FACE_BOUND('',#8734,.T.);
#9531=FACE_BOUND('',#8735,.T.);
#9532=FACE_BOUND('',#8736,.T.);
#9533=FACE_BOUND('',#8737,.T.);
#9534=FACE_BOUND('',#8738,.T.);
#9535=FACE_BOUND('',#8739,.T.);
#9536=FACE_BOUND('',#8740,.T.);
#9537=FACE_BOUND('',#8741,.T.);
#9538=FACE_BOUND('',#8742,.T.);
#9539=FACE_BOUND('',#8743,.T.);
#9540=FACE_BOUND('',#8744,.T.);
#9541=FACE_BOUND('',#8745,.T.);
#9542=FACE_BOUND('',#8746,.T.);
#9543=FACE_BOUND('',#8747,.T.);
#9544=FACE_BOUND('',#8748,.T.);
#9545=FACE_BOUND('',#8749,.T.);
#9546=FACE_BOUND('',#8750,.T.);
#9547=FACE_BOUND('',#8751,.T.);
#9548=FACE_BOUND('',#8752,.T.);
#9549=FACE_BOUND('',#8753,.T.);
#9550=FACE_BOUND('',#8754,.T.);
#9551=FACE_BOUND('',#8755,.T.);
#9552=FACE_BOUND('',#8756,.T.);
#9553=FACE_BOUND('',#8757,.T.);
#9554=FACE_BOUND('',#8758,.T.);
#9555=FACE_BOUND('',#8759,.T.);
#9556=FACE_BOUND('',#8760,.T.);
#9557=FACE_BOUND('',#8761,.T.);
#9558=FACE_BOUND('',#8762,.T.);
#9559=FACE_BOUND('',#8763,.T.);
#9560=FACE_BOUND('',#8764,.T.);
#9561=FACE_BOUND('',#8765,.T.);
#9562=FACE_BOUND('',#8766,.T.);
#9563=FACE_BOUND('',#8767,.T.);
#9564=FACE_BOUND('',#8768,.T.);
#9565=FACE_BOUND('',#8769,.T.);
#9566=FACE_BOUND('',#8770,.T.);
#9567=FACE_BOUND('',#8771,.T.);
#9568=FACE_BOUND('',#8772,.T.);
#9569=FACE_BOUND('',#8773,.T.);
#9570=FACE_BOUND('',#8774,.T.);
#9571=FACE_BOUND('',#8775,.T.);
#9572=FACE_BOUND('',#8776,.T.);
#9573=FACE_BOUND('',#8777,.T.);
#9574=FACE_BOUND('',#8778,.T.);
#9575=FACE_BOUND('',#8779,.T.);
#9576=FACE_BOUND('',#8780,.T.);
#9577=FACE_BOUND('',#8781,.T.);
#9578=FACE_BOUND('',#8782,.T.);
#9579=FACE_BOUND('',#8783,.T.);
#9580=FACE_BOUND('',#8784,.T.);
#9581=FACE_BOUND('',#8785,.T.);
#9582=FACE_BOUND('',#8786,.T.);
#9583=FACE_BOUND('',#8787,.T.);
#9584=FACE_BOUND('',#8788,.T.);
#9585=FACE_BOUND('',#8789,.T.);
#9586=FACE_BOUND('',#8790,.T.);
#9587=FACE_BOUND('',#8791,.T.);
#9588=FACE_BOUND('',#8792,.T.);
#9589=FACE_BOUND('',#8793,.T.);
#9590=FACE_BOUND('',#8794,.T.);
#9591=FACE_BOUND('',#8795,.T.);
#9592=FACE_BOUND('',#8796,.T.);
#9593=FACE_BOUND('',#8797,.T.);
#9594=FACE_BOUND('',#8798,.T.);
#9595=FACE_BOUND('',#8799,.T.);
#9596=FACE_BOUND('',#8800,.T.);
#9597=FACE_BOUND('',#8801,.T.);
#9598=FACE_BOUND('',#8802,.T.);
#9599=FACE_BOUND('',#8803,.T.);
#9600=FACE_BOUND('',#8804,.T.);
#9601=FACE_BOUND('',#8805,.T.);
#9602=FACE_BOUND('',#8806,.T.);
#9603=FACE_BOUND('',#8807,.T.);
#9604=FACE_BOUND('',#8808,.T.);
#9605=FACE_BOUND('',#8809,.T.);
#9606=FACE_BOUND('',#8810,.T.);
#9607=FACE_BOUND('',#8811,.T.);
#9608=FACE_BOUND('',#8812,.T.);
#9609=FACE_BOUND('',#8813,.T.);
#9610=FACE_BOUND('',#8814,.T.);
#9611=FACE_BOUND('',#8815,.T.);
#9612=FACE_BOUND('',#8816,.T.);
#9613=FACE_BOUND('',#8817,.T.);
#9614=FACE_BOUND('',#8818,.T.);
#9615=FACE_BOUND('',#8819,.T.);
#9616=FACE_BOUND('',#8820,.T.);
#9617=FACE_BOUND('',#8821,.T.);
#9618=FACE_BOUND('',#8822,.T.);
#9619=FACE_BOUND('',#8823,.T.);
#9620=FACE_BOUND('',#8824,.T.);
#9621=FACE_BOUND('',#8825,.T.);
#9622=FACE_BOUND('',#8826,.T.);
#9623=FACE_BOUND('',#8827,.T.);
#9624=FACE_BOUND('',#8828,.T.);
#9625=FACE_BOUND('',#8829,.T.);
#9626=FACE_BOUND('',#8830,.T.);
#9627=FACE_BOUND('',#8831,.T.);
#9628=FACE_BOUND('',#8832,.T.);
#9629=FACE_BOUND('',#8833,.T.);
#9630=FACE_BOUND('',#8834,.T.);
#9631=FACE_BOUND('',#8835,.T.);
#9632=FACE_BOUND('',#8836,.T.);
#9633=FACE_BOUND('',#8837,.T.);
#9634=FACE_BOUND('',#8838,.T.);
#9635=FACE_BOUND('',#8839,.T.);
#9636=FACE_BOUND('',#8840,.T.);
#9637=FACE_BOUND('',#8841,.T.);
#9638=FACE_BOUND('',#8842,.T.);
#9639=FACE_BOUND('',#8843,.T.);
#9640=FACE_BOUND('',#8844,.T.);
#9641=FACE_BOUND('',#8845,.T.);
#9642=FACE_BOUND('',#8846,.T.);
#9643=FACE_BOUND('',#8847,.T.);
#9644=FACE_BOUND('',#8848,.T.);
#9645=FACE_BOUND('',#8849,.T.);
#9646=FACE_BOUND('',#8850,.T.);
#9647=FACE_BOUND('',#8851,.T.);
#9648=FACE_BOUND('',#8852,.T.);
#9649=FACE_BOUND('',#8853,.T.);
#9650=FACE_BOUND('',#8854,.T.);
#9651=FACE_BOUND('',#8855,.T.);
#9652=FACE_BOUND('',#8856,.T.);
#9653=FACE_BOUND('',#8857,.T.);
#9654=FACE_BOUND('',#8858,.T.);
#9655=FACE_BOUND('',#8859,.T.);
#9656=FACE_BOUND('',#8860,.T.);
#9657=FACE_BOUND('',#8861,.T.);
#9658=FACE_BOUND('',#8862,.T.);
#9659=FACE_BOUND('',#8863,.T.);
#9660=FACE_BOUND('',#8864,.T.);
#9661=FACE_BOUND('',#8865,.T.);
#9662=FACE_BOUND('',#8866,.T.);
#9663=FACE_BOUND('',#8867,.T.);
#9664=FACE_BOUND('',#8868,.T.);
#9665=FACE_BOUND('',#8869,.T.);
#9666=FACE_BOUND('',#8870,.T.);
#9667=FACE_BOUND('',#8871,.T.);
#9668=FACE_BOUND('',#8872,.T.);
#9669=FACE_BOUND('',#8873,.T.);
#9670=FACE_BOUND('',#8874,.T.);
#9671=FACE_BOUND('',#8875,.T.);
#9672=FACE_BOUND('',#8876,.T.);
#9673=FACE_BOUND('',#8877,.T.);
#9674=FACE_BOUND('',#8878,.T.);
#9675=FACE_BOUND('',#8879,.T.);
#9676=FACE_BOUND('',#8880,.T.);
#9677=FACE_BOUND('',#8881,.T.);
#9678=FACE_BOUND('',#8882,.T.);
#9679=FACE_BOUND('',#8883,.T.);
#9680=FACE_BOUND('',#8884,.T.);
#9681=FACE_BOUND('',#8885,.T.);
#9682=FACE_BOUND('',#8886,.T.);
#9683=FACE_BOUND('',#8887,.T.);
#9684=FACE_BOUND('',#8888,.T.);
#9685=FACE_BOUND('',#8889,.T.);
#9686=FACE_BOUND('',#8890,.T.);
#9687=FACE_BOUND('',#8891,.T.);
#9688=FACE_BOUND('',#8892,.T.);
#9689=FACE_BOUND('',#8893,.T.);
#9690=FACE_BOUND('',#8894,.T.);
#9691=FACE_BOUND('',#8895,.T.);
#9692=FACE_BOUND('',#8896,.T.);
#9693=FACE_BOUND('',#8897,.T.);
#9694=FACE_BOUND('',#8898,.T.);
#9695=FACE_BOUND('',#8899,.T.);
#9696=FACE_BOUND('',#8900,.T.);
#9697=FACE_BOUND('',#8901,.T.);
#9698=FACE_BOUND('',#8902,.T.);
#9699=FACE_BOUND('',#8903,.T.);
#9700=FACE_BOUND('',#8904,.T.);
#9701=FACE_BOUND('',#8905,.T.);
#9702=FACE_BOUND('',#8906,.T.);
#9703=FACE_BOUND('',#8907,.T.);
#9704=FACE_BOUND('',#8908,.T.);
#9705=FACE_BOUND('',#8909,.T.);
#9706=FACE_BOUND('',#8910,.T.);
#9707=FACE_BOUND('',#8911,.T.);
#9708=FACE_BOUND('',#8912,.T.);
#9709=FACE_BOUND('',#8913,.T.);
#9710=FACE_BOUND('',#8914,.T.);
#9711=FACE_BOUND('',#8915,.T.);
#9712=FACE_BOUND('',#8916,.T.);
#9713=FACE_BOUND('',#8917,.T.);
#9714=FACE_BOUND('',#8918,.T.);
#9715=FACE_BOUND('',#8919,.T.);
#9716=FACE_BOUND('',#8920,.T.);
#9717=FACE_BOUND('',#8921,.T.);
#9718=FACE_BOUND('',#8922,.T.);
#9719=FACE_BOUND('',#8923,.T.);
#9720=FACE_BOUND('',#8924,.T.);
#9721=FACE_BOUND('',#8925,.T.);
#9722=FACE_BOUND('',#8926,.T.);
#9723=FACE_BOUND('',#8927,.T.);
#9724=FACE_BOUND('',#8928,.T.);
#9725=FACE_BOUND('',#8929,.T.);
#9726=FACE_BOUND('',#8930,.T.);
#9727=FACE_BOUND('',#8931,.T.);
#9728=FACE_BOUND('',#8932,.T.);
#9729=FACE_BOUND('',#8933,.T.);
#9730=FACE_BOUND('',#8934,.T.);
#9731=FACE_BOUND('',#8935,.T.);
#9732=FACE_BOUND('',#8936,.T.);
#9733=FACE_BOUND('',#8937,.T.);
#9734=FACE_BOUND('',#8938,.T.);
#9735=FACE_BOUND('',#8939,.T.);
#9736=FACE_BOUND('',#8940,.T.);
#9737=FACE_BOUND('',#8941,.T.);
#9738=FACE_BOUND('',#8942,.T.);
#9739=FACE_BOUND('',#8943,.T.);
#9740=FACE_BOUND('',#8944,.T.);
#9741=FACE_BOUND('',#8945,.T.);
#9742=FACE_BOUND('',#8946,.T.);
#9743=FACE_BOUND('',#8947,.T.);
#9744=FACE_BOUND('',#8948,.T.);
#9745=FACE_BOUND('',#8949,.T.);
#9746=FACE_BOUND('',#8950,.T.);
#9747=FACE_BOUND('',#8951,.T.);
#9748=FACE_BOUND('',#8952,.T.);
#9749=FACE_BOUND('',#8953,.T.);
#9750=FACE_BOUND('',#8954,.T.);
#9751=FACE_BOUND('',#8955,.T.);
#9752=FACE_BOUND('',#8956,.T.);
#9753=FACE_BOUND('',#8957,.T.);
#9754=FACE_BOUND('',#8958,.T.);
#9755=FACE_BOUND('',#8959,.T.);
#9756=FACE_BOUND('',#8960,.T.);
#9757=FACE_BOUND('',#8961,.T.);
#9758=FACE_BOUND('',#8962,.T.);
#9759=FACE_BOUND('',#8963,.T.);
#9760=FACE_BOUND('',#8964,.T.);
#9761=FACE_BOUND('',#8965,.T.);
#9762=FACE_BOUND('',#8966,.T.);
#9763=FACE_BOUND('',#8967,.T.);
#9764=FACE_BOUND('',#8968,.T.);
#9765=FACE_BOUND('',#8969,.T.);
#9766=FACE_BOUND('',#8970,.T.);
#9767=FACE_BOUND('',#8971,.T.);
#9768=FACE_BOUND('',#8972,.T.);
#9769=FACE_BOUND('',#8973,.T.);
#9770=FACE_BOUND('',#8974,.T.);
#9771=FACE_BOUND('',#8975,.T.);
#9772=FACE_BOUND('',#8976,.T.);
#9773=FACE_BOUND('',#8977,.T.);
#9774=FACE_BOUND('',#8978,.T.);
#9775=FACE_BOUND('',#8979,.T.);
#9776=FACE_BOUND('',#8980,.T.);
#9777=FACE_BOUND('',#8981,.T.);
#9778=FACE_BOUND('',#8982,.T.);
#9779=FACE_BOUND('',#8983,.T.);
#9780=FACE_BOUND('',#8984,.T.);
#9781=FACE_BOUND('',#8985,.T.);
#9782=FACE_BOUND('',#8986,.T.);
#9783=FACE_BOUND('',#8987,.T.);
#9784=FACE_BOUND('',#8988,.T.);
#9785=FACE_BOUND('',#8989,.T.);
#9786=FACE_BOUND('',#8990,.T.);
#9787=FACE_BOUND('',#8991,.T.);
#9788=FACE_BOUND('',#8992,.T.);
#9789=FACE_BOUND('',#8993,.T.);
#9790=FACE_BOUND('',#8994,.T.);
#9791=FACE_BOUND('',#8995,.T.);
#9792=FACE_BOUND('',#8996,.T.);
#9793=FACE_BOUND('',#8997,.T.);
#9794=FACE_BOUND('',#8998,.T.);
#9795=FACE_BOUND('',#8999,.T.);
#9796=FACE_BOUND('',#9000,.T.);
#9797=FACE_BOUND('',#9001,.T.);
#9798=FACE_BOUND('',#9002,.T.);
#9799=FACE_BOUND('',#9003,.T.);
#9800=FACE_BOUND('',#9004,.T.);
#9801=FACE_BOUND('',#9005,.T.);
#9802=FACE_BOUND('',#9006,.T.);
#9803=FACE_BOUND('',#9007,.T.);
#9804=FACE_BOUND('',#9008,.T.);
#9805=FACE_BOUND('',#9009,.T.);
#9806=FACE_BOUND('',#9010,.T.);
#9807=FACE_BOUND('',#9011,.T.);
#9808=FACE_BOUND('',#9012,.T.);
#9809=FACE_BOUND('',#9013,.T.);
#9810=FACE_BOUND('',#9014,.T.);
#9811=FACE_BOUND('',#9015,.T.);
#9812=FACE_BOUND('',#9016,.T.);
#9813=FACE_BOUND('',#9017,.T.);
#9814=FACE_BOUND('',#9018,.T.);
#9815=FACE_BOUND('',#9019,.T.);
#9816=FACE_BOUND('',#9020,.T.);
#9817=FACE_BOUND('',#9021,.T.);
#9818=FACE_BOUND('',#9022,.T.);
#9819=FACE_BOUND('',#9023,.T.);
#9820=FACE_BOUND('',#9024,.T.);
#9821=FACE_BOUND('',#9025,.T.);
#9822=FACE_BOUND('',#9026,.T.);
#9823=FACE_BOUND('',#9027,.T.);
#9824=FACE_BOUND('',#9028,.T.);
#9825=FACE_BOUND('',#9029,.T.);
#9826=FACE_BOUND('',#9030,.T.);
#9827=FACE_BOUND('',#9031,.T.);
#9828=FACE_BOUND('',#9032,.T.);
#9829=FACE_BOUND('',#9033,.T.);
#9830=FACE_BOUND('',#9034,.T.);
#9831=FACE_BOUND('',#9035,.T.);
#9832=FACE_BOUND('',#9036,.T.);
#9833=FACE_BOUND('',#9037,.T.);
#9834=FACE_BOUND('',#9038,.T.);
#9835=FACE_BOUND('',#9039,.T.);
#9836=FACE_BOUND('',#9040,.T.);
#9837=FACE_BOUND('',#9041,.T.);
#9838=FACE_BOUND('',#9042,.T.);
#9839=FACE_BOUND('',#9043,.T.);
#9840=FACE_BOUND('',#9044,.T.);
#9841=FACE_BOUND('',#9045,.T.);
#9842=FACE_BOUND('',#9046,.T.);
#9843=FACE_BOUND('',#9047,.T.);
#9844=FACE_BOUND('',#9048,.T.);
#9845=FACE_BOUND('',#9049,.T.);
#9846=FACE_BOUND('',#9050,.T.);
#9847=FACE_BOUND('',#9051,.T.);
#9848=FACE_BOUND('',#9052,.T.);
#9849=FACE_BOUND('',#9053,.T.);
#9850=FACE_BOUND('',#9054,.T.);
#9851=FACE_BOUND('',#9055,.T.);
#9852=FACE_BOUND('',#9056,.T.);
#9853=FACE_BOUND('',#9057,.T.);
#9854=FACE_BOUND('',#9058,.T.);
#9855=FACE_BOUND('',#9059,.T.);
#9856=FACE_BOUND('',#9060,.T.);
#9857=FACE_BOUND('',#9061,.T.);
#9858=FACE_BOUND('',#9062,.T.);
#9859=FACE_BOUND('',#9063,.T.);
#9860=FACE_BOUND('',#9064,.T.);
#9861=FACE_BOUND('',#9065,.T.);
#9862=FACE_BOUND('',#9066,.T.);
#9863=FACE_BOUND('',#9067,.T.);
#9864=FACE_BOUND('',#9068,.T.);
#9865=FACE_BOUND('',#9069,.T.);
#9866=FACE_BOUND('',#9070,.T.);
#9867=FACE_BOUND('',#9071,.T.);
#9868=FACE_BOUND('',#9072,.T.);
#9869=FACE_BOUND('',#9073,.T.);
#9870=FACE_BOUND('',#9074,.T.);
#9871=FACE_BOUND('',#9075,.T.);
#9872=FACE_BOUND('',#9076,.T.);
#9873=FACE_BOUND('',#9077,.T.);
#9874=FACE_BOUND('',#9078,.T.);
#9875=FACE_BOUND('',#9079,.T.);
#9876=FACE_BOUND('',#9080,.T.);
#9877=FACE_BOUND('',#9081,.T.);
#9878=FACE_BOUND('',#9082,.T.);
#9879=FACE_BOUND('',#9083,.T.);
#9880=FACE_BOUND('',#9084,.T.);
#9881=FACE_BOUND('',#9085,.T.);
#9882=FACE_BOUND('',#9086,.T.);
#9883=FACE_BOUND('',#9087,.T.);
#9884=FACE_BOUND('',#9088,.T.);
#9885=FACE_BOUND('',#9089,.T.);
#9886=FACE_BOUND('',#9090,.T.);
#9887=FACE_BOUND('',#9091,.T.);
#9888=FACE_BOUND('',#9092,.T.);
#9889=FACE_BOUND('',#9093,.T.);
#9890=FACE_BOUND('',#9094,.T.);
#9891=FACE_BOUND('',#9095,.T.);
#9892=FACE_BOUND('',#9096,.T.);
#9893=FACE_BOUND('',#9097,.T.);
#9894=FACE_BOUND('',#9098,.T.);
#9895=FACE_BOUND('',#9099,.T.);
#9896=FACE_BOUND('',#9100,.T.);
#9897=FACE_BOUND('',#9101,.T.);
#9898=FACE_BOUND('',#9102,.T.);
#9899=FACE_BOUND('',#9103,.T.);
#9900=FACE_BOUND('',#9104,.T.);
#9901=FACE_BOUND('',#9105,.T.);
#9902=FACE_BOUND('',#9106,.T.);
#9903=FACE_BOUND('',#9107,.T.);
#9904=FACE_BOUND('',#9108,.T.);
#9905=FACE_BOUND('',#9109,.T.);
#9906=FACE_BOUND('',#9110,.T.);
#9907=FACE_BOUND('',#9111,.T.);
#9908=FACE_BOUND('',#9112,.T.);
#9909=FACE_BOUND('',#9113,.T.);
#9910=FACE_BOUND('',#9114,.T.);
#9911=FACE_BOUND('',#9115,.T.);
#9912=FACE_BOUND('',#9116,.T.);
#9913=FACE_BOUND('',#9117,.T.);
#9914=FACE_BOUND('',#9118,.T.);
#9915=FACE_BOUND('',#9119,.T.);
#9916=FACE_BOUND('',#9120,.T.);
#9917=FACE_BOUND('',#9121,.T.);
#9918=FACE_BOUND('',#9122,.T.);
#9919=FACE_BOUND('',#9123,.T.);
#9920=FACE_BOUND('',#9124,.T.);
#9921=FACE_BOUND('',#9125,.T.);
#9922=FACE_BOUND('',#9126,.T.);
#9923=FACE_BOUND('',#9127,.T.);
#9924=FACE_BOUND('',#9128,.T.);
#9925=FACE_BOUND('',#9129,.T.);
#9926=FACE_BOUND('',#9130,.T.);
#9927=FACE_BOUND('',#9131,.T.);
#9928=FACE_BOUND('',#9132,.T.);
#9929=FACE_BOUND('',#9133,.T.);
#9930=FACE_BOUND('',#9134,.T.);
#9931=FACE_BOUND('',#9135,.T.);
#9932=FACE_BOUND('',#9136,.T.);
#9933=FACE_BOUND('',#9137,.T.);
#9934=FACE_BOUND('',#9138,.T.);
#9935=FACE_BOUND('',#9139,.T.);
#9936=FACE_BOUND('',#9140,.T.);
#9937=FACE_BOUND('',#9141,.T.);
#9938=FACE_BOUND('',#9142,.T.);
#9939=FACE_BOUND('',#9143,.T.);
#9940=FACE_BOUND('',#9144,.T.);
#9941=FACE_BOUND('',#9145,.T.);
#9942=FACE_BOUND('',#9146,.T.);
#9943=FACE_BOUND('',#9147,.T.);
#9944=FACE_BOUND('',#9148,.T.);
#9945=FACE_BOUND('',#9149,.T.);
#9946=FACE_BOUND('',#9150,.T.);
#9947=FACE_BOUND('',#9151,.T.);
#9948=FACE_BOUND('',#9152,.T.);
#9949=FACE_BOUND('',#9153,.T.);
#9950=FACE_BOUND('',#9154,.T.);
#9951=FACE_BOUND('',#9155,.T.);
#9952=FACE_BOUND('',#9156,.T.);
#9953=FACE_BOUND('',#9157,.T.);
#9954=FACE_BOUND('',#9158,.T.);
#9955=FACE_BOUND('',#9159,.T.);
#9956=FACE_BOUND('',#9160,.T.);
#9957=FACE_BOUND('',#9161,.T.);
#9958=FACE_BOUND('',#9162,.T.);
#9959=FACE_BOUND('',#9163,.T.);
#9960=FACE_BOUND('',#9164,.T.);
#9961=FACE_BOUND('',#9165,.T.);
#9962=FACE_BOUND('',#9166,.T.);
#9963=FACE_BOUND('',#9167,.T.);
#9964=FACE_BOUND('',#9168,.T.);
#9965=FACE_BOUND('',#9169,.T.);
#9966=FACE_BOUND('',#9170,.T.);
#9967=FACE_BOUND('',#9171,.T.);
#9968=FACE_BOUND('',#9172,.T.);
#9969=FACE_BOUND('',#9173,.T.);
#9970=FACE_BOUND('',#9174,.T.);
#9971=FACE_BOUND('',#9175,.T.);
#9972=FACE_BOUND('',#9176,.T.);
#9973=FACE_BOUND('',#9177,.T.);
#9974=FACE_BOUND('',#9178,.T.);
#9975=FACE_BOUND('',#9179,.T.);
#9976=FACE_BOUND('',#9180,.T.);
#9977=FACE_BOUND('',#9181,.T.);
#9978=FACE_BOUND('',#9182,.T.);
#9979=FACE_BOUND('',#9183,.T.);
#9980=FACE_BOUND('',#9184,.T.);
#9981=FACE_BOUND('',#9185,.T.);
#9982=FACE_BOUND('',#9186,.T.);
#9983=FACE_BOUND('',#9187,.T.);
#9984=FACE_BOUND('',#9188,.T.);
#9985=FACE_BOUND('',#9189,.T.);
#9986=FACE_BOUND('',#9190,.T.);
#9987=FACE_BOUND('',#9191,.T.);
#9988=FACE_BOUND('',#9192,.T.);
#9989=FACE_BOUND('',#9193,.T.);
#9990=FACE_BOUND('',#9194,.T.);
#9991=FACE_BOUND('',#9195,.T.);
#9992=FACE_BOUND('',#9196,.T.);
#9993=FACE_BOUND('',#9197,.T.);
#9994=FACE_BOUND('',#9198,.T.);
#9995=FACE_BOUND('',#9199,.T.);
#9996=FACE_BOUND('',#9200,.T.);
#9997=FACE_BOUND('',#9201,.T.);
#9998=FACE_BOUND('',#9202,.T.);
#9999=FACE_BOUND('',#9203,.T.);
#10000=FACE_BOUND('',#9204,.T.);
#10001=FACE_BOUND('',#9205,.T.);
#10002=FACE_BOUND('',#9206,.T.);
#10003=FACE_BOUND('',#9207,.T.);
#10004=FACE_BOUND('',#9208,.T.);
#10005=FACE_BOUND('',#9209,.T.);
#10006=FACE_BOUND('',#9210,.T.);
#10007=FACE_BOUND('',#9211,.T.);
#10008=FACE_BOUND('',#9212,.T.);
#10009=FACE_BOUND('',#9213,.T.);
#10010=FACE_BOUND('',#9214,.T.);
#10011=FACE_BOUND('',#9215,.T.);
#10012=FACE_BOUND('',#9216,.T.);
#10013=FACE_BOUND('',#9217,.T.);
#10014=FACE_BOUND('',#9218,.T.);
#10015=FACE_BOUND('',#9219,.T.);
#10016=FACE_BOUND('',#9220,.T.);
#10017=FACE_BOUND('',#9221,.T.);
#10018=FACE_BOUND('',#9222,.T.);
#10019=FACE_BOUND('',#9223,.T.);
#10020=FACE_BOUND('',#9224,.T.);
#10021=FACE_BOUND('',#9225,.T.);
#10022=FACE_BOUND('',#9226,.T.);
#10023=FACE_BOUND('',#9227,.T.);
#10024=FACE_BOUND('',#9228,.T.);
#10025=FACE_BOUND('',#9229,.T.);
#10026=FACE_BOUND('',#9230,.T.);
#10027=FACE_BOUND('',#9231,.T.);
#10028=FACE_BOUND('',#9232,.T.);
#10029=FACE_BOUND('',#9233,.T.);
#10030=FACE_BOUND('',#9234,.T.);
#10031=FACE_BOUND('',#9235,.T.);
#10032=FACE_BOUND('',#9236,.T.);
#10033=FACE_BOUND('',#9237,.T.);
#10034=FACE_BOUND('',#9238,.T.);
#10035=FACE_BOUND('',#9239,.T.);
#10036=FACE_BOUND('',#9240,.T.);
#10037=FACE_BOUND('',#9241,.T.);
#10038=FACE_BOUND('',#9242,.T.);
#10039=FACE_BOUND('',#9243,.T.);
#10040=FACE_BOUND('',#9244,.T.);
#10041=FACE_BOUND('',#9245,.T.);
#10042=FACE_BOUND('',#9246,.T.);
#10043=FACE_BOUND('',#9247,.T.);
#10044=FACE_BOUND('',#9248,.T.);
#10045=FACE_BOUND('',#9249,.T.);
#10046=FACE_BOUND('',#9250,.T.);
#10047=FACE_BOUND('',#9251,.T.);
#10048=FACE_BOUND('',#9252,.T.);
#10049=FACE_BOUND('',#9253,.T.);
#10050=FACE_BOUND('',#9254,.T.);
#10051=FACE_BOUND('',#9255,.T.);
#10052=FACE_BOUND('',#9256,.T.);
#10053=FACE_BOUND('',#9257,.T.);
#10054=FACE_BOUND('',#9258,.T.);
#10055=FACE_BOUND('',#9259,.T.);
#10056=FACE_BOUND('',#9260,.T.);
#10057=FACE_BOUND('',#9261,.T.);
#10058=FACE_BOUND('',#9262,.T.);
#10059=FACE_BOUND('',#9263,.T.);
#10060=FACE_BOUND('',#9264,.T.);
#10061=FACE_BOUND('',#9265,.T.);
#10062=FACE_BOUND('',#9266,.T.);
#10063=FACE_BOUND('',#9267,.T.);
#10064=FACE_BOUND('',#9268,.T.);
#10065=FACE_BOUND('',#9269,.T.);
#10066=FACE_BOUND('',#9270,.T.);
#10067=FACE_BOUND('',#9271,.T.);
#10068=FACE_BOUND('',#9272,.T.);
#10069=FACE_BOUND('',#9273,.T.);
#10070=FACE_BOUND('',#9274,.T.);
#10071=FACE_BOUND('',#9275,.T.);
#10072=FACE_BOUND('',#9276,.T.);
#10073=FACE_BOUND('',#9277,.T.);
#10074=FACE_BOUND('',#9278,.T.);
#10075=FACE_BOUND('',#9279,.T.);
#10076=FACE_BOUND('',#9280,.T.);
#10077=FACE_BOUND('',#9281,.T.);
#10078=FACE_BOUND('',#9282,.T.);
#10079=FACE_BOUND('',#9283,.T.);
#10080=FACE_BOUND('',#9284,.T.);
#10081=FACE_BOUND('',#9285,.T.);
#10082=FACE_BOUND('',#9286,.T.);
#10083=FACE_BOUND('',#9287,.T.);
#10084=FACE_BOUND('',#9288,.T.);
#10085=FACE_BOUND('',#9289,.T.);
#10086=FACE_BOUND('',#9290,.T.);
#10087=FACE_BOUND('',#9291,.T.);
#10088=FACE_BOUND('',#9292,.T.);
#10089=FACE_BOUND('',#9293,.T.);
#10090=FACE_BOUND('',#9294,.T.);
#10091=FACE_BOUND('',#9295,.T.);
#10092=FACE_BOUND('',#9296,.T.);
#10093=FACE_BOUND('',#9297,.T.);
#10094=FACE_BOUND('',#9298,.T.);
#10095=FACE_BOUND('',#9299,.T.);
#10096=FACE_BOUND('',#9300,.T.);
#10097=FACE_BOUND('',#9301,.T.);
#10098=FACE_BOUND('',#9302,.T.);
#10099=FACE_BOUND('',#9303,.T.);
#10100=FACE_BOUND('',#9304,.T.);
#10101=FACE_BOUND('',#9305,.T.);
#10102=FACE_BOUND('',#9306,.T.);
#10103=FACE_BOUND('',#9307,.T.);
#10104=FACE_BOUND('',#9308,.T.);
#10105=FACE_BOUND('',#9309,.T.);
#10106=FACE_BOUND('',#9310,.T.);
#10107=FACE_BOUND('',#9311,.T.);
#10108=FACE_BOUND('',#9312,.T.);
#10109=FACE_BOUND('',#9313,.T.);
#10110=FACE_BOUND('',#9314,.T.);
#10111=FACE_BOUND('',#9315,.T.);
#10112=FACE_BOUND('',#9316,.T.);
#10113=FACE_BOUND('',#9317,.T.);
#10114=FACE_BOUND('',#9318,.T.);
#10115=FACE_BOUND('',#9319,.T.);
#10116=FACE_BOUND('',#9320,.T.);
#10117=FACE_BOUND('',#9321,.T.);
#10118=FACE_BOUND('',#9322,.T.);
#10119=FACE_BOUND('',#9323,.T.);
#10120=FACE_BOUND('',#9324,.T.);
#10121=FACE_BOUND('',#9325,.T.);
#10122=FACE_BOUND('',#9326,.T.);
#10123=FACE_BOUND('',#9327,.T.);
#10124=FACE_BOUND('',#9328,.T.);
#10125=FACE_BOUND('',#9329,.T.);
#10126=FACE_BOUND('',#9330,.T.);
#10127=FACE_BOUND('',#9331,.T.);
#10128=FACE_BOUND('',#9332,.T.);
#10129=FACE_BOUND('',#9333,.T.);
#10130=FACE_BOUND('',#9334,.T.);
#10131=FACE_BOUND('',#9335,.T.);
#10132=FACE_BOUND('',#9336,.T.);
#10133=FACE_BOUND('',#9337,.T.);
#10134=FACE_BOUND('',#9338,.T.);
#10135=FACE_BOUND('',#9339,.T.);
#10136=FACE_BOUND('',#9340,.T.);
#10137=FACE_BOUND('',#9341,.T.);
#10138=FACE_BOUND('',#9342,.T.);
#10139=FACE_BOUND('',#9343,.T.);
#10140=FACE_BOUND('',#9344,.T.);
#10141=FACE_BOUND('',#9345,.T.);
#10142=FACE_BOUND('',#9346,.T.);
#10143=FACE_BOUND('',#9347,.T.);
#10144=FACE_BOUND('',#9348,.T.);
#10145=FACE_BOUND('',#9349,.T.);
#10146=FACE_BOUND('',#9350,.T.);
#10147=FACE_BOUND('',#9351,.T.);
#10148=FACE_BOUND('',#9352,.T.);
#10149=FACE_BOUND('',#9353,.T.);
#10150=FACE_BOUND('',#9354,.T.);
#10151=FACE_BOUND('',#9355,.T.);
#10152=FACE_BOUND('',#9356,.T.);
#10153=FACE_BOUND('',#9357,.T.);
#10154=FACE_BOUND('',#9358,.T.);
#10155=FACE_BOUND('',#9359,.T.);
#10156=FACE_BOUND('',#9360,.T.);
#10157=FACE_BOUND('',#9361,.T.);
#10158=FACE_BOUND('',#9362,.T.);
#10159=FACE_BOUND('',#9363,.T.);
#10160=FACE_BOUND('',#9364,.T.);
#10161=FACE_BOUND('',#9365,.T.);
#10162=FACE_BOUND('',#9366,.T.);
#10163=FACE_BOUND('',#9367,.T.);
#10164=FACE_BOUND('',#9368,.T.);
#10165=FACE_BOUND('',#9369,.T.);
#10166=FACE_BOUND('',#9370,.T.);
#10167=FACE_BOUND('',#9371,.T.);
#10168=FACE_BOUND('',#9372,.T.);
#10169=FACE_BOUND('',#9373,.T.);
#10170=FACE_BOUND('',#9374,.T.);
#10171=FACE_BOUND('',#9375,.T.);
#10172=FACE_BOUND('',#9376,.T.);
#10173=FACE_BOUND('',#9377,.T.);
#10174=FACE_BOUND('',#9378,.T.);
#10175=FACE_BOUND('',#9379,.T.);
#10176=FACE_BOUND('',#9380,.T.);
#10177=FACE_BOUND('',#9381,.T.);
#10178=FACE_BOUND('',#9382,.T.);
#10179=FACE_BOUND('',#9383,.T.);
#10180=FACE_BOUND('',#9384,.T.);
#10181=FACE_BOUND('',#9385,.T.);
#10182=FACE_BOUND('',#9386,.T.);
#10183=FACE_BOUND('',#9387,.T.);
#10184=FACE_BOUND('',#9388,.T.);
#10185=FACE_BOUND('',#9389,.T.);
#10186=FACE_BOUND('',#9390,.T.);
#10187=FACE_BOUND('',#9391,.T.);
#10188=FACE_BOUND('',#9392,.T.);
#10189=FACE_BOUND('',#9393,.T.);
#10190=FACE_BOUND('',#9394,.T.);
#10191=FACE_BOUND('',#9395,.T.);
#10192=FACE_BOUND('',#9396,.T.);
#10193=FACE_BOUND('',#9397,.T.);
#10194=FACE_BOUND('',#9398,.T.);
#10195=FACE_BOUND('',#9399,.T.);
#10196=FACE_BOUND('',#9400,.T.);
#10197=FACE_BOUND('',#9401,.T.);
#10198=PLANE('',#11371);
#10199=PLANE('',#11372);
#10200=PLANE('',#11373);
#10201=PLANE('',#11374);
#10202=PLANE('',#11375);
#10203=PLANE('',#11376);
#10204=PLANE('',#11377);
#10205=PLANE('',#11378);
#10206=PLANE('',#11379);
#10207=PLANE('',#11380);
#10208=PLANE('',#11381);
#10209=PLANE('',#11382);
#10210=PLANE('',#11383);
#10211=PLANE('',#11384);
#10212=PLANE('',#11385);
#10213=PLANE('',#11386);
#10214=PLANE('',#11387);
#10215=PLANE('',#11388);
#10216=PLANE('',#11389);
#10217=PLANE('',#11390);
#10218=PLANE('',#11391);
#10219=PLANE('',#11392);
#10220=PLANE('',#11393);
#10221=PLANE('',#11394);
#10222=PLANE('',#11395);
#10223=PLANE('',#11396);
#10224=PLANE('',#11397);
#10225=PLANE('',#11398);
#10226=PLANE('',#11399);
#10227=PLANE('',#11400);
#10228=PLANE('',#11401);
#10229=PLANE('',#11402);
#10230=PLANE('',#11403);
#10231=PLANE('',#11404);
#10232=PLANE('',#11405);
#10233=PLANE('',#11406);
#10234=PLANE('',#11407);
#10235=PLANE('',#11408);
#10236=PLANE('',#11409);
#10237=PLANE('',#11410);
#10238=PLANE('',#11411);
#10239=PLANE('',#11412);
#10240=PLANE('',#11413);
#10241=PLANE('',#11414);
#10242=PLANE('',#11415);
#10243=PLANE('',#11416);
#10244=PLANE('',#11417);
#10245=PLANE('',#11418);
#10246=PLANE('',#11419);
#10247=PLANE('',#11420);
#10248=PLANE('',#11421);
#10249=PLANE('',#11422);
#10250=PLANE('',#11423);
#10251=PLANE('',#11424);
#10252=PLANE('',#11425);
#10253=PLANE('',#11426);
#10254=PLANE('',#11427);
#10255=PLANE('',#11428);
#10256=PLANE('',#11429);
#10257=PLANE('',#11430);
#10258=PLANE('',#11431);
#10259=PLANE('',#11432);
#10260=PLANE('',#11433);
#10261=PLANE('',#11434);
#10262=PLANE('',#11435);
#10263=PLANE('',#11436);
#10264=PLANE('',#11437);
#10265=PLANE('',#11438);
#10266=PLANE('',#11439);
#10267=PLANE('',#11440);
#10268=PLANE('',#11441);
#10269=PLANE('',#11442);
#10270=PLANE('',#11443);
#10271=PLANE('',#11444);
#10272=PLANE('',#11445);
#10273=PLANE('',#11446);
#10274=PLANE('',#11447);
#10275=PLANE('',#11448);
#10276=PLANE('',#11449);
#10277=PLANE('',#11450);
#10278=PLANE('',#11452);
#10279=PLANE('',#11453);
#10280=PLANE('',#11454);
#10281=PLANE('',#11455);
#10282=PLANE('',#11456);
#10283=PLANE('',#11607);
#10284=PLANE('',#11608);
#10285=PLANE('',#11609);
#10286=PLANE('',#11610);
#10287=PLANE('',#11611);
#10288=PLANE('',#11612);
#10289=PLANE('',#11613);
#10290=PLANE('',#11614);
#10291=PLANE('',#11615);
#10292=PLANE('',#11616);
#10293=PLANE('',#11617);
#10294=PLANE('',#11618);
#10295=PLANE('',#11619);
#10296=PLANE('',#11620);
#10297=PLANE('',#11621);
#10298=PLANE('',#11622);
#10299=PLANE('',#11623);
#10300=PLANE('',#11624);
#10301=PLANE('',#11625);
#10302=PLANE('',#11626);
#10303=PLANE('',#11627);
#10304=PLANE('',#11628);
#10305=PLANE('',#11629);
#10306=PLANE('',#11630);
#10307=PLANE('',#11631);
#10308=PLANE('',#11632);
#10309=PLANE('',#11633);
#10310=PLANE('',#11634);
#10311=PLANE('',#11635);
#10312=PLANE('',#11636);
#10313=PLANE('',#11637);
#10314=PLANE('',#11638);
#10315=PLANE('',#11639);
#10316=PLANE('',#11640);
#10317=PLANE('',#11641);
#10318=PLANE('',#11642);
#10319=PLANE('',#11643);
#10320=PLANE('',#11644);
#10321=PLANE('',#11645);
#10322=PLANE('',#11646);
#10323=PLANE('',#11647);
#10324=PLANE('',#11648);
#10325=PLANE('',#11649);
#10326=PLANE('',#11650);
#10327=PLANE('',#11651);
#10328=PLANE('',#11652);
#10329=PLANE('',#11653);
#10330=PLANE('',#11654);
#10331=PLANE('',#11655);
#10332=PLANE('',#11656);
#10333=PLANE('',#11657);
#10334=PLANE('',#11659);
#10335=PLANE('',#11660);
#10336=PLANE('',#11661);
#10337=PLANE('',#11662);
#10338=PLANE('',#11663);
#10339=PLANE('',#11664);
#10340=PLANE('',#11665);
#10341=PLANE('',#11666);
#10342=PLANE('',#11667);
#10343=PLANE('',#11668);
#10344=PLANE('',#11669);
#10345=PLANE('',#11670);
#10346=PLANE('',#11671);
#10347=PLANE('',#11672);
#10348=PLANE('',#11673);
#10349=PLANE('',#11674);
#10350=PLANE('',#11675);
#10351=PLANE('',#11676);
#10352=PLANE('',#11677);
#10353=PLANE('',#11678);
#10354=PLANE('',#11679);
#10355=PLANE('',#11680);
#10356=PLANE('',#11681);
#10357=PLANE('',#11682);
#10358=PLANE('',#11683);
#10359=PLANE('',#11684);
#10360=PLANE('',#11685);
#10361=PLANE('',#11686);
#10362=PLANE('',#11687);
#10363=PLANE('',#11688);
#10364=PLANE('',#11689);
#10365=PLANE('',#11690);
#10366=PLANE('',#11691);
#10367=PLANE('',#11692);
#10368=PLANE('',#11693);
#10369=PLANE('',#11694);
#10370=PLANE('',#11695);
#10371=PLANE('',#11696);
#10372=PLANE('',#11697);
#10373=PLANE('',#11698);
#10374=PLANE('',#11699);
#10375=PLANE('',#11700);
#10376=PLANE('',#11701);
#10377=PLANE('',#11702);
#10378=PLANE('',#11703);
#10379=PLANE('',#11704);
#10380=PLANE('',#11705);
#10381=PLANE('',#11706);
#10382=PLANE('',#11707);
#10383=PLANE('',#11708);
#10384=PLANE('',#11709);
#10385=PLANE('',#11710);
#10386=PLANE('',#11711);
#10387=PLANE('',#11712);
#10388=PLANE('',#11713);
#10389=PLANE('',#11714);
#10390=PLANE('',#11715);
#10391=PLANE('',#11716);
#10392=PLANE('',#11717);
#10393=PLANE('',#11718);
#10394=PLANE('',#11719);
#10395=PLANE('',#11720);
#10396=PLANE('',#11721);
#10397=PLANE('',#11722);
#10398=PLANE('',#11723);
#10399=PLANE('',#11724);
#10400=PLANE('',#11725);
#10401=PLANE('',#11726);
#10402=PLANE('',#11727);
#10403=PLANE('',#11728);
#10404=PLANE('',#11729);
#10405=PLANE('',#11730);
#10406=PLANE('',#11731);
#10407=PLANE('',#11732);
#10408=PLANE('',#11733);
#10409=PLANE('',#11734);
#10410=PLANE('',#11735);
#10411=PLANE('',#11736);
#10412=PLANE('',#11737);
#10413=PLANE('',#11738);
#10414=PLANE('',#11739);
#10415=PLANE('',#11740);
#10416=PLANE('',#11741);
#10417=PLANE('',#11742);
#10418=PLANE('',#11743);
#10419=PLANE('',#11744);
#10420=PLANE('',#11745);
#10421=PLANE('',#11746);
#10422=PLANE('',#11747);
#10423=PLANE('',#11748);
#10424=PLANE('',#11749);
#10425=PLANE('',#11750);
#10426=PLANE('',#11751);
#10427=PLANE('',#11752);
#10428=PLANE('',#11753);
#10429=PLANE('',#11754);
#10430=PLANE('',#11755);
#10431=PLANE('',#11756);
#10432=PLANE('',#11757);
#10433=PLANE('',#11758);
#10434=PLANE('',#11759);
#10435=PLANE('',#11760);
#10436=PLANE('',#11761);
#10437=PLANE('',#11762);
#10438=PLANE('',#11763);
#10439=PLANE('',#11764);
#10440=PLANE('',#11765);
#10441=PLANE('',#11766);
#10442=PLANE('',#11767);
#10443=PLANE('',#11768);
#10444=PLANE('',#11769);
#10445=PLANE('',#11770);
#10446=PLANE('',#11771);
#10447=PLANE('',#11772);
#10448=PLANE('',#11773);
#10449=PLANE('',#11774);
#10450=PLANE('',#11775);
#10451=PLANE('',#11776);
#10452=PLANE('',#11777);
#10453=PLANE('',#11778);
#10454=PLANE('',#11779);
#10455=PLANE('',#11780);
#10456=PLANE('',#11781);
#10457=PLANE('',#11782);
#10458=PLANE('',#11783);
#10459=PLANE('',#11784);
#10460=PLANE('',#11785);
#10461=PLANE('',#11786);
#10462=PLANE('',#11787);
#10463=PLANE('',#11863);
#10464=PLANE('',#11864);
#10465=PLANE('',#11865);
#10466=PLANE('',#11866);
#10467=PLANE('',#11867);
#10468=PLANE('',#11868);
#10469=PLANE('',#11869);
#10470=PLANE('',#11870);
#10471=PLANE('',#11871);
#10472=PLANE('',#11872);
#10473=PLANE('',#11873);
#10474=PLANE('',#11874);
#10475=PLANE('',#11875);
#10476=PLANE('',#11876);
#10477=PLANE('',#11877);
#10478=PLANE('',#11878);
#10479=PLANE('',#11879);
#10480=PLANE('',#11880);
#10481=PLANE('',#11881);
#10482=PLANE('',#11882);
#10483=PLANE('',#11883);
#10484=PLANE('',#11884);
#10485=PLANE('',#11885);
#10486=PLANE('',#11886);
#10487=PLANE('',#11887);
#10488=PLANE('',#11888);
#10489=PLANE('',#11889);
#10490=PLANE('',#11890);
#10491=PLANE('',#11891);
#10492=PLANE('',#11892);
#10493=PLANE('',#11893);
#10494=PLANE('',#11894);
#10495=PLANE('',#11895);
#10496=PLANE('',#11896);
#10497=PLANE('',#11897);
#10498=PLANE('',#11898);
#10499=PLANE('',#11899);
#10500=PLANE('',#11900);
#10501=PLANE('',#11901);
#10502=PLANE('',#11902);
#10503=PLANE('',#11903);
#10504=PLANE('',#11904);
#10505=PLANE('',#11905);
#10506=PLANE('',#11906);
#10507=PLANE('',#11907);
#10508=PLANE('',#11908);
#10509=PLANE('',#11909);
#10510=PLANE('',#11910);
#10511=PLANE('',#11911);
#10512=PLANE('',#11912);
#10513=PLANE('',#11988);
#10514=PLANE('',#11989);
#10515=PLANE('',#11990);
#10516=PLANE('',#11991);
#10517=PLANE('',#11992);
#10518=PLANE('',#11993);
#10519=PLANE('',#11994);
#10520=PLANE('',#11995);
#10521=PLANE('',#11996);
#10522=PLANE('',#11997);
#10523=PLANE('',#11998);
#10524=PLANE('',#11999);
#10525=PLANE('',#12000);
#10526=PLANE('',#12001);
#10527=PLANE('',#12002);
#10528=PLANE('',#12003);
#10529=PLANE('',#12004);
#10530=PLANE('',#12005);
#10531=PLANE('',#12006);
#10532=PLANE('',#12007);
#10533=PLANE('',#12008);
#10534=PLANE('',#12009);
#10535=PLANE('',#12010);
#10536=PLANE('',#12011);
#10537=PLANE('',#12012);
#10538=PLANE('',#12013);
#10539=PLANE('',#12014);
#10540=PLANE('',#12015);
#10541=PLANE('',#12016);
#10542=PLANE('',#12017);
#10543=PLANE('',#12018);
#10544=PLANE('',#12019);
#10545=PLANE('',#12020);
#10546=PLANE('',#12021);
#10547=PLANE('',#12022);
#10548=PLANE('',#12023);
#10549=PLANE('',#12024);
#10550=PLANE('',#12025);
#10551=PLANE('',#12026);
#10552=PLANE('',#12027);
#10553=PLANE('',#12028);
#10554=PLANE('',#12029);
#10555=PLANE('',#12030);
#10556=PLANE('',#12031);
#10557=PLANE('',#12032);
#10558=PLANE('',#12033);
#10559=PLANE('',#12034);
#10560=PLANE('',#12035);
#10561=PLANE('',#12036);
#10562=PLANE('',#12037);
#10563=PLANE('',#12113);
#10564=PLANE('',#12114);
#10565=PLANE('',#12115);
#10566=PLANE('',#12116);
#10567=PLANE('',#12117);
#10568=PLANE('',#12118);
#10569=PLANE('',#12119);
#10570=PLANE('',#12120);
#10571=PLANE('',#12121);
#10572=PLANE('',#12122);
#10573=PLANE('',#12123);
#10574=PLANE('',#12124);
#10575=PLANE('',#12125);
#10576=PLANE('',#12126);
#10577=PLANE('',#12127);
#10578=PLANE('',#12128);
#10579=PLANE('',#12129);
#10580=PLANE('',#12130);
#10581=PLANE('',#12131);
#10582=PLANE('',#12132);
#10583=PLANE('',#12133);
#10584=PLANE('',#12134);
#10585=PLANE('',#12135);
#10586=PLANE('',#12136);
#10587=PLANE('',#12137);
#10588=PLANE('',#12213);
#10589=PLANE('',#12214);
#10590=PLANE('',#12215);
#10591=PLANE('',#12216);
#10592=PLANE('',#12217);
#10593=PLANE('',#12218);
#10594=PLANE('',#12219);
#10595=PLANE('',#12220);
#10596=PLANE('',#12221);
#10597=PLANE('',#12222);
#10598=PLANE('',#12223);
#10599=PLANE('',#12224);
#10600=PLANE('',#12225);
#10601=PLANE('',#12226);
#10602=PLANE('',#12227);
#10603=PLANE('',#12228);
#10604=PLANE('',#12229);
#10605=PLANE('',#12230);
#10606=PLANE('',#12231);
#10607=PLANE('',#12232);
#10608=PLANE('',#12233);
#10609=PLANE('',#12234);
#10610=PLANE('',#12235);
#10611=PLANE('',#12236);
#10612=PLANE('',#12237);
#10613=PLANE('',#12238);
#10614=PLANE('',#12239);
#10615=PLANE('',#12240);
#10616=PLANE('',#12241);
#10617=PLANE('',#12242);
#10618=PLANE('',#12243);
#10619=PLANE('',#12244);
#10620=PLANE('',#12245);
#10621=PLANE('',#12246);
#10622=PLANE('',#12247);
#10623=PLANE('',#12248);
#10624=PLANE('',#12249);
#10625=PLANE('',#12250);
#10626=PLANE('',#12251);
#10627=PLANE('',#12252);
#10628=PLANE('',#12253);
#10629=PLANE('',#12254);
#10630=PLANE('',#12255);
#10631=PLANE('',#12256);
#10632=PLANE('',#12257);
#10633=PLANE('',#12258);
#10634=PLANE('',#12259);
#10635=PLANE('',#12260);
#10636=PLANE('',#12261);
#10637=PLANE('',#12262);
#10638=PLANE('',#12263);
#10639=PLANE('',#12264);
#10640=PLANE('',#12265);
#10641=PLANE('',#12266);
#10642=PLANE('',#12267);
#10643=PLANE('',#12268);
#10644=PLANE('',#12269);
#10645=PLANE('',#12270);
#10646=PLANE('',#12271);
#10647=PLANE('',#12272);
#10648=PLANE('',#12273);
#10649=PLANE('',#12274);
#10650=PLANE('',#12275);
#10651=PLANE('',#12276);
#10652=PLANE('',#12277);
#10653=PLANE('',#12278);
#10654=PLANE('',#12279);
#10655=PLANE('',#12280);
#10656=PLANE('',#12281);
#10657=PLANE('',#12282);
#10658=PLANE('',#12283);
#10659=PLANE('',#12284);
#10660=PLANE('',#12285);
#10661=PLANE('',#12286);
#10662=PLANE('',#12287);
#10663=PLANE('',#12288);
#10664=PLANE('',#12289);
#10665=PLANE('',#12290);
#10666=PLANE('',#12291);
#10667=PLANE('',#12292);
#10668=PLANE('',#12293);
#10669=PLANE('',#12294);
#10670=PLANE('',#12295);
#10671=PLANE('',#12296);
#10672=PLANE('',#12297);
#10673=PLANE('',#12298);
#10674=PLANE('',#12299);
#10675=PLANE('',#12300);
#10676=PLANE('',#12301);
#10677=PLANE('',#12302);
#10678=PLANE('',#12303);
#10679=PLANE('',#12304);
#10680=PLANE('',#12305);
#10681=PLANE('',#12306);
#10682=PLANE('',#12307);
#10683=PLANE('',#12308);
#10684=PLANE('',#12309);
#10685=PLANE('',#12310);
#10686=PLANE('',#12311);
#10687=PLANE('',#12312);
#10688=PLANE('',#12313);
#10689=PLANE('',#12314);
#10690=ADVANCED_FACE('',(#9402,#9403,#9404,#9405,#9406),#10198,.F.);
#10691=ADVANCED_FACE('',(#9407),#10199,.F.);
#10692=ADVANCED_FACE('',(#9408),#10200,.F.);
#10693=ADVANCED_FACE('',(#9409),#10201,.T.);
#10694=ADVANCED_FACE('',(#9410),#10202,.T.);
#10695=ADVANCED_FACE('',(#9411),#10203,.T.);
#10696=ADVANCED_FACE('',(#9412),#10204,.F.);
#10697=ADVANCED_FACE('',(#9413),#10205,.T.);
#10698=ADVANCED_FACE('',(#9414),#10206,.T.);
#10699=ADVANCED_FACE('',(#9415),#10207,.F.);
#10700=ADVANCED_FACE('',(#9416),#10208,.F.);
#10701=ADVANCED_FACE('',(#9417),#10209,.F.);
#10702=ADVANCED_FACE('',(#9418),#10210,.F.);
#10703=ADVANCED_FACE('',(#9419),#10211,.T.);
#10704=ADVANCED_FACE('',(#9420),#10212,.T.);
#10705=ADVANCED_FACE('',(#9421),#10213,.T.);
#10706=ADVANCED_FACE('',(#9422),#10214,.T.);
#10707=ADVANCED_FACE('',(#9423),#10215,.F.);
#10708=ADVANCED_FACE('',(#9424),#10216,.F.);
#10709=ADVANCED_FACE('',(#9425),#10217,.F.);
#10710=ADVANCED_FACE('',(#9426),#10218,.T.);
#10711=ADVANCED_FACE('',(#9427),#10219,.F.);
#10712=ADVANCED_FACE('',(#9428),#10220,.F.);
#10713=ADVANCED_FACE('',(#9429),#10221,.F.);
#10714=ADVANCED_FACE('',(#9430),#10222,.T.);
#10715=ADVANCED_FACE('',(#9431),#10223,.T.);
#10716=ADVANCED_FACE('',(#9432),#10224,.T.);
#10717=ADVANCED_FACE('',(#9433),#10225,.T.);
#10718=ADVANCED_FACE('',(#9434),#10226,.F.);
#10719=ADVANCED_FACE('',(#9435),#10227,.T.);
#10720=ADVANCED_FACE('',(#9436),#10228,.F.);
#10721=ADVANCED_FACE('',(#9437),#10229,.F.);
#10722=ADVANCED_FACE('',(#9438),#10230,.F.);
#10723=ADVANCED_FACE('',(#9439),#10231,.F.);
#10724=ADVANCED_FACE('',(#9440),#10232,.F.);
#10725=ADVANCED_FACE('',(#9441),#10233,.F.);
#10726=ADVANCED_FACE('',(#9442),#10234,.F.);
#10727=ADVANCED_FACE('',(#9443),#10235,.F.);
#10728=ADVANCED_FACE('',(#9444),#10236,.F.);
#10729=ADVANCED_FACE('',(#9445),#10237,.F.);
#10730=ADVANCED_FACE('',(#9446),#10238,.F.);
#10731=ADVANCED_FACE('',(#9447),#10239,.F.);
#10732=ADVANCED_FACE('',(#9448),#10240,.F.);
#10733=ADVANCED_FACE('',(#9449),#10241,.F.);
#10734=ADVANCED_FACE('',(#9450),#10242,.F.);
#10735=ADVANCED_FACE('',(#9451),#10243,.F.);
#10736=ADVANCED_FACE('',(#9452),#10244,.F.);
#10737=ADVANCED_FACE('',(#9453),#10245,.F.);
#10738=ADVANCED_FACE('',(#9454),#10246,.F.);
#10739=ADVANCED_FACE('',(#9455),#10247,.F.);
#10740=ADVANCED_FACE('',(#9456),#10248,.F.);
#10741=ADVANCED_FACE('',(#9457),#10249,.F.);
#10742=ADVANCED_FACE('',(#9458),#10250,.T.);
#10743=ADVANCED_FACE('',(#9459),#10251,.F.);
#10744=ADVANCED_FACE('',(#9460),#10252,.F.);
#10745=ADVANCED_FACE('',(#9461),#10253,.F.);
#10746=ADVANCED_FACE('',(#9462),#10254,.F.);
#10747=ADVANCED_FACE('',(#9463),#10255,.T.);
#10748=ADVANCED_FACE('',(#9464),#10256,.F.);
#10749=ADVANCED_FACE('',(#9465),#10257,.T.);
#10750=ADVANCED_FACE('',(#9466),#10258,.F.);
#10751=ADVANCED_FACE('',(#9467),#10259,.F.);
#10752=ADVANCED_FACE('',(#9468),#10260,.F.);
#10753=ADVANCED_FACE('',(#9469),#10261,.F.);
#10754=ADVANCED_FACE('',(#9470),#10262,.T.);
#10755=ADVANCED_FACE('',(#9471),#10263,.F.);
#10756=ADVANCED_FACE('',(#9472),#10264,.F.);
#10757=ADVANCED_FACE('',(#9473),#10265,.F.);
#10758=ADVANCED_FACE('',(#9474),#10266,.F.);
#10759=ADVANCED_FACE('',(#9475),#10267,.T.);
#10760=ADVANCED_FACE('',(#9476),#10268,.F.);
#10761=ADVANCED_FACE('',(#9477),#10269,.F.);
#10762=ADVANCED_FACE('',(#9478),#10270,.F.);
#10763=ADVANCED_FACE('',(#9479),#10271,.F.);
#10764=ADVANCED_FACE('',(#9480),#10272,.T.);
#10765=ADVANCED_FACE('',(#9481),#10273,.F.);
#10766=ADVANCED_FACE('',(#9482),#10274,.F.);
#10767=ADVANCED_FACE('',(#9483),#10275,.F.);
#10768=ADVANCED_FACE('',(#9484),#10276,.F.);
#10769=ADVANCED_FACE('',(#9485),#10277,.T.);
#10770=ADVANCED_FACE('',(#9486),#10278,.F.);
#10771=ADVANCED_FACE('',(#9487),#10279,.F.);
#10772=ADVANCED_FACE('',(#9488),#10280,.F.);
#10773=ADVANCED_FACE('',(#9489),#10281,.F.);
#10774=ADVANCED_FACE('',(#9490,#9491,#9492,#9493,#9494,#9495,#9496,#9497,
#9498,#9499,#9500,#9501,#9502,#9503,#9504,#9505,#9506,#9507,#9508,#9509,
#9510,#9511,#9512,#9513,#9514,#9515,#9516,#9517,#9518,#9519,#9520,#9521,
#9522,#9523,#9524,#9525,#9526,#9527,#9528,#9529,#9530,#9531,#9532,#9533,
#9534,#9535,#9536,#9537,#9538,#9539,#9540),#10282,.T.);
#10775=ADVANCED_FACE('',(#9541,#9542),#10,.T.);
#10776=ADVANCED_FACE('',(#9543,#9544),#11,.T.);
#10777=ADVANCED_FACE('',(#9545,#9546),#12,.T.);
#10778=ADVANCED_FACE('',(#9547,#9548),#13,.T.);
#10779=ADVANCED_FACE('',(#9549,#9550),#14,.T.);
#10780=ADVANCED_FACE('',(#9551,#9552),#15,.T.);
#10781=ADVANCED_FACE('',(#9553,#9554),#16,.T.);
#10782=ADVANCED_FACE('',(#9555,#9556),#17,.T.);
#10783=ADVANCED_FACE('',(#9557,#9558),#18,.T.);
#10784=ADVANCED_FACE('',(#9559,#9560),#19,.T.);
#10785=ADVANCED_FACE('',(#9561,#9562),#20,.T.);
#10786=ADVANCED_FACE('',(#9563,#9564),#21,.T.);
#10787=ADVANCED_FACE('',(#9565,#9566),#22,.T.);
#10788=ADVANCED_FACE('',(#9567,#9568),#23,.T.);
#10789=ADVANCED_FACE('',(#9569,#9570),#24,.T.);
#10790=ADVANCED_FACE('',(#9571,#9572),#25,.T.);
#10791=ADVANCED_FACE('',(#9573,#9574),#26,.T.);
#10792=ADVANCED_FACE('',(#9575,#9576),#27,.T.);
#10793=ADVANCED_FACE('',(#9577,#9578),#28,.T.);
#10794=ADVANCED_FACE('',(#9579,#9580),#29,.T.);
#10795=ADVANCED_FACE('',(#9581,#9582),#30,.T.);
#10796=ADVANCED_FACE('',(#9583,#9584),#31,.T.);
#10797=ADVANCED_FACE('',(#9585,#9586),#32,.T.);
#10798=ADVANCED_FACE('',(#9587,#9588),#33,.T.);
#10799=ADVANCED_FACE('',(#9589,#9590),#34,.T.);
#10800=ADVANCED_FACE('',(#9591,#9592),#35,.T.);
#10801=ADVANCED_FACE('',(#9593,#9594),#36,.T.);
#10802=ADVANCED_FACE('',(#9595,#9596),#37,.T.);
#10803=ADVANCED_FACE('',(#9597,#9598),#38,.T.);
#10804=ADVANCED_FACE('',(#9599,#9600),#39,.T.);
#10805=ADVANCED_FACE('',(#9601,#9602),#40,.T.);
#10806=ADVANCED_FACE('',(#9603,#9604),#41,.T.);
#10807=ADVANCED_FACE('',(#9605,#9606),#42,.T.);
#10808=ADVANCED_FACE('',(#9607,#9608),#43,.T.);
#10809=ADVANCED_FACE('',(#9609,#9610),#44,.T.);
#10810=ADVANCED_FACE('',(#9611,#9612),#45,.T.);
#10811=ADVANCED_FACE('',(#9613,#9614),#46,.T.);
#10812=ADVANCED_FACE('',(#9615,#9616),#47,.T.);
#10813=ADVANCED_FACE('',(#9617,#9618),#48,.T.);
#10814=ADVANCED_FACE('',(#9619,#9620),#49,.T.);
#10815=ADVANCED_FACE('',(#9621,#9622),#50,.T.);
#10816=ADVANCED_FACE('',(#9623,#9624),#51,.T.);
#10817=ADVANCED_FACE('',(#9625,#9626),#52,.T.);
#10818=ADVANCED_FACE('',(#9627,#9628),#53,.T.);
#10819=ADVANCED_FACE('',(#9629,#9630),#54,.T.);
#10820=ADVANCED_FACE('',(#9631,#9632),#55,.T.);
#10821=ADVANCED_FACE('',(#9633,#9634),#56,.T.);
#10822=ADVANCED_FACE('',(#9635,#9636),#57,.T.);
#10823=ADVANCED_FACE('',(#9637,#9638),#58,.T.);
#10824=ADVANCED_FACE('',(#9639,#9640),#59,.T.);
#10825=ADVANCED_FACE('',(#9641),#10283,.T.);
#10826=ADVANCED_FACE('',(#9642),#10284,.T.);
#10827=ADVANCED_FACE('',(#9643),#10285,.T.);
#10828=ADVANCED_FACE('',(#9644),#10286,.T.);
#10829=ADVANCED_FACE('',(#9645),#10287,.T.);
#10830=ADVANCED_FACE('',(#9646),#10288,.T.);
#10831=ADVANCED_FACE('',(#9647),#10289,.T.);
#10832=ADVANCED_FACE('',(#9648),#10290,.T.);
#10833=ADVANCED_FACE('',(#9649),#10291,.T.);
#10834=ADVANCED_FACE('',(#9650),#10292,.T.);
#10835=ADVANCED_FACE('',(#9651),#10293,.T.);
#10836=ADVANCED_FACE('',(#9652),#10294,.T.);
#10837=ADVANCED_FACE('',(#9653),#10295,.T.);
#10838=ADVANCED_FACE('',(#9654),#10296,.T.);
#10839=ADVANCED_FACE('',(#9655),#10297,.T.);
#10840=ADVANCED_FACE('',(#9656),#10298,.T.);
#10841=ADVANCED_FACE('',(#9657),#10299,.T.);
#10842=ADVANCED_FACE('',(#9658),#10300,.T.);
#10843=ADVANCED_FACE('',(#9659),#10301,.T.);
#10844=ADVANCED_FACE('',(#9660),#10302,.T.);
#10845=ADVANCED_FACE('',(#9661),#10303,.T.);
#10846=ADVANCED_FACE('',(#9662),#10304,.T.);
#10847=ADVANCED_FACE('',(#9663),#10305,.T.);
#10848=ADVANCED_FACE('',(#9664),#10306,.T.);
#10849=ADVANCED_FACE('',(#9665),#10307,.T.);
#10850=ADVANCED_FACE('',(#9666),#10308,.T.);
#10851=ADVANCED_FACE('',(#9667),#10309,.T.);
#10852=ADVANCED_FACE('',(#9668),#10310,.T.);
#10853=ADVANCED_FACE('',(#9669),#10311,.T.);
#10854=ADVANCED_FACE('',(#9670),#10312,.T.);
#10855=ADVANCED_FACE('',(#9671),#10313,.T.);
#10856=ADVANCED_FACE('',(#9672),#10314,.T.);
#10857=ADVANCED_FACE('',(#9673),#10315,.T.);
#10858=ADVANCED_FACE('',(#9674),#10316,.T.);
#10859=ADVANCED_FACE('',(#9675),#10317,.T.);
#10860=ADVANCED_FACE('',(#9676),#10318,.T.);
#10861=ADVANCED_FACE('',(#9677),#10319,.T.);
#10862=ADVANCED_FACE('',(#9678),#10320,.T.);
#10863=ADVANCED_FACE('',(#9679),#10321,.T.);
#10864=ADVANCED_FACE('',(#9680),#10322,.T.);
#10865=ADVANCED_FACE('',(#9681),#10323,.T.);
#10866=ADVANCED_FACE('',(#9682),#10324,.T.);
#10867=ADVANCED_FACE('',(#9683),#10325,.T.);
#10868=ADVANCED_FACE('',(#9684),#10326,.T.);
#10869=ADVANCED_FACE('',(#9685),#10327,.T.);
#10870=ADVANCED_FACE('',(#9686),#10328,.T.);
#10871=ADVANCED_FACE('',(#9687),#10329,.T.);
#10872=ADVANCED_FACE('',(#9688),#10330,.T.);
#10873=ADVANCED_FACE('',(#9689),#10331,.T.);
#10874=ADVANCED_FACE('',(#9690),#10332,.T.);
#10875=ADVANCED_FACE('',(#9691),#10333,.T.);
#10876=ADVANCED_FACE('',(#9692),#10334,.F.);
#10877=ADVANCED_FACE('',(#9693),#10335,.F.);
#10878=ADVANCED_FACE('',(#9694),#10336,.F.);
#10879=ADVANCED_FACE('',(#9695),#10337,.F.);
#10880=ADVANCED_FACE('',(#9696),#10338,.F.);
#10881=ADVANCED_FACE('',(#9697),#10339,.F.);
#10882=ADVANCED_FACE('',(#9698),#10340,.F.);
#10883=ADVANCED_FACE('',(#9699),#10341,.F.);
#10884=ADVANCED_FACE('',(#9700),#10342,.F.);
#10885=ADVANCED_FACE('',(#9701),#10343,.F.);
#10886=ADVANCED_FACE('',(#9702),#10344,.F.);
#10887=ADVANCED_FACE('',(#9703),#10345,.F.);
#10888=ADVANCED_FACE('',(#9704),#10346,.F.);
#10889=ADVANCED_FACE('',(#9705),#10347,.F.);
#10890=ADVANCED_FACE('',(#9706),#10348,.F.);
#10891=ADVANCED_FACE('',(#9707),#10349,.F.);
#10892=ADVANCED_FACE('',(#9708),#10350,.F.);
#10893=ADVANCED_FACE('',(#9709),#10351,.F.);
#10894=ADVANCED_FACE('',(#9710),#10352,.F.);
#10895=ADVANCED_FACE('',(#9711),#10353,.F.);
#10896=ADVANCED_FACE('',(#9712),#10354,.F.);
#10897=ADVANCED_FACE('',(#9713),#10355,.F.);
#10898=ADVANCED_FACE('',(#9714),#10356,.F.);
#10899=ADVANCED_FACE('',(#9715),#10357,.F.);
#10900=ADVANCED_FACE('',(#9716),#10358,.F.);
#10901=ADVANCED_FACE('',(#9717),#10359,.F.);
#10902=ADVANCED_FACE('',(#9718),#10360,.F.);
#10903=ADVANCED_FACE('',(#9719),#10361,.F.);
#10904=ADVANCED_FACE('',(#9720),#10362,.F.);
#10905=ADVANCED_FACE('',(#9721),#10363,.F.);
#10906=ADVANCED_FACE('',(#9722),#10364,.F.);
#10907=ADVANCED_FACE('',(#9723),#10365,.F.);
#10908=ADVANCED_FACE('',(#9724),#10366,.F.);
#10909=ADVANCED_FACE('',(#9725),#10367,.F.);
#10910=ADVANCED_FACE('',(#9726),#10368,.F.);
#10911=ADVANCED_FACE('',(#9727),#10369,.F.);
#10912=ADVANCED_FACE('',(#9728),#10370,.F.);
#10913=ADVANCED_FACE('',(#9729),#10371,.F.);
#10914=ADVANCED_FACE('',(#9730),#10372,.F.);
#10915=ADVANCED_FACE('',(#9731),#10373,.F.);
#10916=ADVANCED_FACE('',(#9732),#10374,.F.);
#10917=ADVANCED_FACE('',(#9733),#10375,.F.);
#10918=ADVANCED_FACE('',(#9734),#10376,.F.);
#10919=ADVANCED_FACE('',(#9735),#10377,.F.);
#10920=ADVANCED_FACE('',(#9736),#10378,.F.);
#10921=ADVANCED_FACE('',(#9737),#10379,.F.);
#10922=ADVANCED_FACE('',(#9738),#10380,.F.);
#10923=ADVANCED_FACE('',(#9739),#10381,.F.);
#10924=ADVANCED_FACE('',(#9740),#10382,.F.);
#10925=ADVANCED_FACE('',(#9741),#10383,.F.);
#10926=ADVANCED_FACE('',(#9742),#10384,.F.);
#10927=ADVANCED_FACE('',(#9743),#10385,.F.);
#10928=ADVANCED_FACE('',(#9744),#10386,.F.);
#10929=ADVANCED_FACE('',(#9745),#10387,.F.);
#10930=ADVANCED_FACE('',(#9746),#10388,.F.);
#10931=ADVANCED_FACE('',(#9747),#10389,.F.);
#10932=ADVANCED_FACE('',(#9748),#10390,.F.);
#10933=ADVANCED_FACE('',(#9749),#10391,.F.);
#10934=ADVANCED_FACE('',(#9750),#10392,.F.);
#10935=ADVANCED_FACE('',(#9751),#10393,.F.);
#10936=ADVANCED_FACE('',(#9752),#10394,.F.);
#10937=ADVANCED_FACE('',(#9753),#10395,.F.);
#10938=ADVANCED_FACE('',(#9754),#10396,.F.);
#10939=ADVANCED_FACE('',(#9755),#10397,.F.);
#10940=ADVANCED_FACE('',(#9756),#10398,.F.);
#10941=ADVANCED_FACE('',(#9757),#10399,.F.);
#10942=ADVANCED_FACE('',(#9758),#10400,.F.);
#10943=ADVANCED_FACE('',(#9759),#10401,.F.);
#10944=ADVANCED_FACE('',(#9760),#10402,.F.);
#10945=ADVANCED_FACE('',(#9761),#10403,.F.);
#10946=ADVANCED_FACE('',(#9762),#10404,.F.);
#10947=ADVANCED_FACE('',(#9763),#10405,.F.);
#10948=ADVANCED_FACE('',(#9764),#10406,.F.);
#10949=ADVANCED_FACE('',(#9765),#10407,.F.);
#10950=ADVANCED_FACE('',(#9766),#10408,.F.);
#10951=ADVANCED_FACE('',(#9767),#10409,.F.);
#10952=ADVANCED_FACE('',(#9768),#10410,.F.);
#10953=ADVANCED_FACE('',(#9769),#10411,.F.);
#10954=ADVANCED_FACE('',(#9770),#10412,.F.);
#10955=ADVANCED_FACE('',(#9771),#10413,.T.);
#10956=ADVANCED_FACE('',(#9772),#10414,.T.);
#10957=ADVANCED_FACE('',(#9773),#10415,.T.);
#10958=ADVANCED_FACE('',(#9774),#10416,.T.);
#10959=ADVANCED_FACE('',(#9775),#10417,.T.);
#10960=ADVANCED_FACE('',(#9776),#10418,.T.);
#10961=ADVANCED_FACE('',(#9777),#10419,.T.);
#10962=ADVANCED_FACE('',(#9778),#10420,.T.);
#10963=ADVANCED_FACE('',(#9779),#10421,.T.);
#10964=ADVANCED_FACE('',(#9780),#10422,.T.);
#10965=ADVANCED_FACE('',(#9781),#10423,.T.);
#10966=ADVANCED_FACE('',(#9782),#10424,.T.);
#10967=ADVANCED_FACE('',(#9783),#10425,.T.);
#10968=ADVANCED_FACE('',(#9784),#10426,.T.);
#10969=ADVANCED_FACE('',(#9785),#10427,.T.);
#10970=ADVANCED_FACE('',(#9786),#10428,.T.);
#10971=ADVANCED_FACE('',(#9787),#10429,.T.);
#10972=ADVANCED_FACE('',(#9788),#10430,.T.);
#10973=ADVANCED_FACE('',(#9789),#10431,.T.);
#10974=ADVANCED_FACE('',(#9790),#10432,.T.);
#10975=ADVANCED_FACE('',(#9791),#10433,.T.);
#10976=ADVANCED_FACE('',(#9792),#10434,.T.);
#10977=ADVANCED_FACE('',(#9793),#10435,.T.);
#10978=ADVANCED_FACE('',(#9794),#10436,.T.);
#10979=ADVANCED_FACE('',(#9795),#10437,.T.);
#10980=ADVANCED_FACE('',(#9796),#10438,.T.);
#10981=ADVANCED_FACE('',(#9797),#10439,.T.);
#10982=ADVANCED_FACE('',(#9798),#10440,.T.);
#10983=ADVANCED_FACE('',(#9799),#10441,.T.);
#10984=ADVANCED_FACE('',(#9800),#10442,.T.);
#10985=ADVANCED_FACE('',(#9801),#10443,.T.);
#10986=ADVANCED_FACE('',(#9802),#10444,.T.);
#10987=ADVANCED_FACE('',(#9803),#10445,.T.);
#10988=ADVANCED_FACE('',(#9804),#10446,.T.);
#10989=ADVANCED_FACE('',(#9805),#10447,.T.);
#10990=ADVANCED_FACE('',(#9806),#10448,.T.);
#10991=ADVANCED_FACE('',(#9807),#10449,.T.);
#10992=ADVANCED_FACE('',(#9808),#10450,.T.);
#10993=ADVANCED_FACE('',(#9809),#10451,.T.);
#10994=ADVANCED_FACE('',(#9810),#10452,.T.);
#10995=ADVANCED_FACE('',(#9811),#10453,.T.);
#10996=ADVANCED_FACE('',(#9812),#10454,.T.);
#10997=ADVANCED_FACE('',(#9813),#10455,.T.);
#10998=ADVANCED_FACE('',(#9814),#10456,.T.);
#10999=ADVANCED_FACE('',(#9815),#10457,.T.);
#11000=ADVANCED_FACE('',(#9816),#10458,.T.);
#11001=ADVANCED_FACE('',(#9817),#10459,.T.);
#11002=ADVANCED_FACE('',(#9818),#10460,.T.);
#11003=ADVANCED_FACE('',(#9819),#10461,.T.);
#11004=ADVANCED_FACE('',(#9820),#10462,.T.);
#11005=ADVANCED_FACE('',(#9821),#60,.F.);
#11006=ADVANCED_FACE('',(#9822),#61,.F.);
#11007=ADVANCED_FACE('',(#9823),#62,.F.);
#11008=ADVANCED_FACE('',(#9824),#63,.F.);
#11009=ADVANCED_FACE('',(#9825),#64,.F.);
#11010=ADVANCED_FACE('',(#9826),#65,.F.);
#11011=ADVANCED_FACE('',(#9827),#66,.F.);
#11012=ADVANCED_FACE('',(#9828),#67,.F.);
#11013=ADVANCED_FACE('',(#9829),#68,.F.);
#11014=ADVANCED_FACE('',(#9830),#69,.F.);
#11015=ADVANCED_FACE('',(#9831),#70,.F.);
#11016=ADVANCED_FACE('',(#9832),#71,.F.);
#11017=ADVANCED_FACE('',(#9833),#72,.F.);
#11018=ADVANCED_FACE('',(#9834),#73,.F.);
#11019=ADVANCED_FACE('',(#9835),#74,.F.);
#11020=ADVANCED_FACE('',(#9836),#75,.F.);
#11021=ADVANCED_FACE('',(#9837),#76,.F.);
#11022=ADVANCED_FACE('',(#9838),#77,.F.);
#11023=ADVANCED_FACE('',(#9839),#78,.F.);
#11024=ADVANCED_FACE('',(#9840),#79,.F.);
#11025=ADVANCED_FACE('',(#9841),#80,.F.);
#11026=ADVANCED_FACE('',(#9842),#81,.F.);
#11027=ADVANCED_FACE('',(#9843),#82,.F.);
#11028=ADVANCED_FACE('',(#9844),#83,.F.);
#11029=ADVANCED_FACE('',(#9845),#84,.F.);
#11030=ADVANCED_FACE('',(#9846),#10463,.T.);
#11031=ADVANCED_FACE('',(#9847),#10464,.T.);
#11032=ADVANCED_FACE('',(#9848),#10465,.T.);
#11033=ADVANCED_FACE('',(#9849),#10466,.T.);
#11034=ADVANCED_FACE('',(#9850),#10467,.T.);
#11035=ADVANCED_FACE('',(#9851),#10468,.T.);
#11036=ADVANCED_FACE('',(#9852),#10469,.T.);
#11037=ADVANCED_FACE('',(#9853),#10470,.T.);
#11038=ADVANCED_FACE('',(#9854),#10471,.T.);
#11039=ADVANCED_FACE('',(#9855),#10472,.T.);
#11040=ADVANCED_FACE('',(#9856),#10473,.T.);
#11041=ADVANCED_FACE('',(#9857),#10474,.T.);
#11042=ADVANCED_FACE('',(#9858),#10475,.T.);
#11043=ADVANCED_FACE('',(#9859),#10476,.T.);
#11044=ADVANCED_FACE('',(#9860),#10477,.T.);
#11045=ADVANCED_FACE('',(#9861),#10478,.T.);
#11046=ADVANCED_FACE('',(#9862),#10479,.T.);
#11047=ADVANCED_FACE('',(#9863),#10480,.T.);
#11048=ADVANCED_FACE('',(#9864),#10481,.T.);
#11049=ADVANCED_FACE('',(#9865),#10482,.T.);
#11050=ADVANCED_FACE('',(#9866),#10483,.T.);
#11051=ADVANCED_FACE('',(#9867),#10484,.T.);
#11052=ADVANCED_FACE('',(#9868),#10485,.T.);
#11053=ADVANCED_FACE('',(#9869),#10486,.T.);
#11054=ADVANCED_FACE('',(#9870),#10487,.T.);
#11055=ADVANCED_FACE('',(#9871),#10488,.T.);
#11056=ADVANCED_FACE('',(#9872),#10489,.T.);
#11057=ADVANCED_FACE('',(#9873),#10490,.T.);
#11058=ADVANCED_FACE('',(#9874),#10491,.T.);
#11059=ADVANCED_FACE('',(#9875),#10492,.T.);
#11060=ADVANCED_FACE('',(#9876),#10493,.T.);
#11061=ADVANCED_FACE('',(#9877),#10494,.T.);
#11062=ADVANCED_FACE('',(#9878),#10495,.T.);
#11063=ADVANCED_FACE('',(#9879),#10496,.T.);
#11064=ADVANCED_FACE('',(#9880),#10497,.T.);
#11065=ADVANCED_FACE('',(#9881),#10498,.T.);
#11066=ADVANCED_FACE('',(#9882),#10499,.T.);
#11067=ADVANCED_FACE('',(#9883),#10500,.T.);
#11068=ADVANCED_FACE('',(#9884),#10501,.T.);
#11069=ADVANCED_FACE('',(#9885),#10502,.T.);
#11070=ADVANCED_FACE('',(#9886),#10503,.T.);
#11071=ADVANCED_FACE('',(#9887),#10504,.T.);
#11072=ADVANCED_FACE('',(#9888),#10505,.T.);
#11073=ADVANCED_FACE('',(#9889),#10506,.T.);
#11074=ADVANCED_FACE('',(#9890),#10507,.T.);
#11075=ADVANCED_FACE('',(#9891),#10508,.T.);
#11076=ADVANCED_FACE('',(#9892),#10509,.T.);
#11077=ADVANCED_FACE('',(#9893),#10510,.T.);
#11078=ADVANCED_FACE('',(#9894),#10511,.T.);
#11079=ADVANCED_FACE('',(#9895),#10512,.T.);
#11080=ADVANCED_FACE('',(#9896),#85,.T.);
#11081=ADVANCED_FACE('',(#9897),#86,.T.);
#11082=ADVANCED_FACE('',(#9898),#87,.T.);
#11083=ADVANCED_FACE('',(#9899),#88,.T.);
#11084=ADVANCED_FACE('',(#9900),#89,.T.);
#11085=ADVANCED_FACE('',(#9901),#90,.T.);
#11086=ADVANCED_FACE('',(#9902),#91,.T.);
#11087=ADVANCED_FACE('',(#9903),#92,.T.);
#11088=ADVANCED_FACE('',(#9904),#93,.T.);
#11089=ADVANCED_FACE('',(#9905),#94,.T.);
#11090=ADVANCED_FACE('',(#9906),#95,.T.);
#11091=ADVANCED_FACE('',(#9907),#96,.T.);
#11092=ADVANCED_FACE('',(#9908),#97,.T.);
#11093=ADVANCED_FACE('',(#9909),#98,.T.);
#11094=ADVANCED_FACE('',(#9910),#99,.T.);
#11095=ADVANCED_FACE('',(#9911),#100,.T.);
#11096=ADVANCED_FACE('',(#9912),#101,.T.);
#11097=ADVANCED_FACE('',(#9913),#102,.T.);
#11098=ADVANCED_FACE('',(#9914),#103,.T.);
#11099=ADVANCED_FACE('',(#9915),#104,.T.);
#11100=ADVANCED_FACE('',(#9916),#105,.T.);
#11101=ADVANCED_FACE('',(#9917),#106,.T.);
#11102=ADVANCED_FACE('',(#9918),#107,.T.);
#11103=ADVANCED_FACE('',(#9919),#108,.T.);
#11104=ADVANCED_FACE('',(#9920),#109,.T.);
#11105=ADVANCED_FACE('',(#9921),#10513,.T.);
#11106=ADVANCED_FACE('',(#9922),#10514,.T.);
#11107=ADVANCED_FACE('',(#9923),#10515,.T.);
#11108=ADVANCED_FACE('',(#9924),#10516,.T.);
#11109=ADVANCED_FACE('',(#9925),#10517,.T.);
#11110=ADVANCED_FACE('',(#9926),#10518,.T.);
#11111=ADVANCED_FACE('',(#9927),#10519,.T.);
#11112=ADVANCED_FACE('',(#9928),#10520,.T.);
#11113=ADVANCED_FACE('',(#9929),#10521,.T.);
#11114=ADVANCED_FACE('',(#9930),#10522,.T.);
#11115=ADVANCED_FACE('',(#9931),#10523,.T.);
#11116=ADVANCED_FACE('',(#9932),#10524,.T.);
#11117=ADVANCED_FACE('',(#9933),#10525,.T.);
#11118=ADVANCED_FACE('',(#9934),#10526,.T.);
#11119=ADVANCED_FACE('',(#9935),#10527,.T.);
#11120=ADVANCED_FACE('',(#9936),#10528,.T.);
#11121=ADVANCED_FACE('',(#9937),#10529,.T.);
#11122=ADVANCED_FACE('',(#9938),#10530,.T.);
#11123=ADVANCED_FACE('',(#9939),#10531,.T.);
#11124=ADVANCED_FACE('',(#9940),#10532,.T.);
#11125=ADVANCED_FACE('',(#9941),#10533,.T.);
#11126=ADVANCED_FACE('',(#9942),#10534,.T.);
#11127=ADVANCED_FACE('',(#9943),#10535,.T.);
#11128=ADVANCED_FACE('',(#9944),#10536,.T.);
#11129=ADVANCED_FACE('',(#9945),#10537,.T.);
#11130=ADVANCED_FACE('',(#9946),#10538,.T.);
#11131=ADVANCED_FACE('',(#9947),#10539,.T.);
#11132=ADVANCED_FACE('',(#9948),#10540,.T.);
#11133=ADVANCED_FACE('',(#9949),#10541,.T.);
#11134=ADVANCED_FACE('',(#9950),#10542,.T.);
#11135=ADVANCED_FACE('',(#9951),#10543,.T.);
#11136=ADVANCED_FACE('',(#9952),#10544,.T.);
#11137=ADVANCED_FACE('',(#9953),#10545,.T.);
#11138=ADVANCED_FACE('',(#9954),#10546,.T.);
#11139=ADVANCED_FACE('',(#9955),#10547,.T.);
#11140=ADVANCED_FACE('',(#9956),#10548,.T.);
#11141=ADVANCED_FACE('',(#9957),#10549,.T.);
#11142=ADVANCED_FACE('',(#9958),#10550,.T.);
#11143=ADVANCED_FACE('',(#9959),#10551,.T.);
#11144=ADVANCED_FACE('',(#9960),#10552,.T.);
#11145=ADVANCED_FACE('',(#9961),#10553,.T.);
#11146=ADVANCED_FACE('',(#9962),#10554,.T.);
#11147=ADVANCED_FACE('',(#9963),#10555,.T.);
#11148=ADVANCED_FACE('',(#9964),#10556,.T.);
#11149=ADVANCED_FACE('',(#9965),#10557,.T.);
#11150=ADVANCED_FACE('',(#9966),#10558,.T.);
#11151=ADVANCED_FACE('',(#9967),#10559,.T.);
#11152=ADVANCED_FACE('',(#9968),#10560,.T.);
#11153=ADVANCED_FACE('',(#9969),#10561,.T.);
#11154=ADVANCED_FACE('',(#9970),#10562,.T.);
#11155=ADVANCED_FACE('',(#9971),#110,.F.);
#11156=ADVANCED_FACE('',(#9972),#111,.F.);
#11157=ADVANCED_FACE('',(#9973),#112,.F.);
#11158=ADVANCED_FACE('',(#9974),#113,.F.);
#11159=ADVANCED_FACE('',(#9975),#114,.F.);
#11160=ADVANCED_FACE('',(#9976),#115,.F.);
#11161=ADVANCED_FACE('',(#9977),#116,.F.);
#11162=ADVANCED_FACE('',(#9978),#117,.F.);
#11163=ADVANCED_FACE('',(#9979),#118,.F.);
#11164=ADVANCED_FACE('',(#9980),#119,.F.);
#11165=ADVANCED_FACE('',(#9981),#120,.F.);
#11166=ADVANCED_FACE('',(#9982),#121,.F.);
#11167=ADVANCED_FACE('',(#9983),#122,.F.);
#11168=ADVANCED_FACE('',(#9984),#123,.F.);
#11169=ADVANCED_FACE('',(#9985),#124,.F.);
#11170=ADVANCED_FACE('',(#9986),#125,.F.);
#11171=ADVANCED_FACE('',(#9987),#126,.F.);
#11172=ADVANCED_FACE('',(#9988),#127,.F.);
#11173=ADVANCED_FACE('',(#9989),#128,.F.);
#11174=ADVANCED_FACE('',(#9990),#129,.F.);
#11175=ADVANCED_FACE('',(#9991),#130,.F.);
#11176=ADVANCED_FACE('',(#9992),#131,.F.);
#11177=ADVANCED_FACE('',(#9993),#132,.F.);
#11178=ADVANCED_FACE('',(#9994),#133,.F.);
#11179=ADVANCED_FACE('',(#9995),#134,.F.);
#11180=ADVANCED_FACE('',(#9996),#10563,.T.);
#11181=ADVANCED_FACE('',(#9997),#10564,.T.);
#11182=ADVANCED_FACE('',(#9998),#10565,.T.);
#11183=ADVANCED_FACE('',(#9999),#10566,.T.);
#11184=ADVANCED_FACE('',(#10000),#10567,.T.);
#11185=ADVANCED_FACE('',(#10001),#10568,.T.);
#11186=ADVANCED_FACE('',(#10002),#10569,.T.);
#11187=ADVANCED_FACE('',(#10003),#10570,.T.);
#11188=ADVANCED_FACE('',(#10004),#10571,.T.);
#11189=ADVANCED_FACE('',(#10005),#10572,.T.);
#11190=ADVANCED_FACE('',(#10006),#10573,.T.);
#11191=ADVANCED_FACE('',(#10007),#10574,.T.);
#11192=ADVANCED_FACE('',(#10008),#10575,.T.);
#11193=ADVANCED_FACE('',(#10009),#10576,.T.);
#11194=ADVANCED_FACE('',(#10010),#10577,.T.);
#11195=ADVANCED_FACE('',(#10011),#10578,.T.);
#11196=ADVANCED_FACE('',(#10012),#10579,.T.);
#11197=ADVANCED_FACE('',(#10013),#10580,.T.);
#11198=ADVANCED_FACE('',(#10014),#10581,.T.);
#11199=ADVANCED_FACE('',(#10015),#10582,.T.);
#11200=ADVANCED_FACE('',(#10016),#10583,.T.);
#11201=ADVANCED_FACE('',(#10017),#10584,.T.);
#11202=ADVANCED_FACE('',(#10018),#10585,.T.);
#11203=ADVANCED_FACE('',(#10019),#10586,.T.);
#11204=ADVANCED_FACE('',(#10020),#10587,.T.);
#11205=ADVANCED_FACE('',(#10021),#135,.T.);
#11206=ADVANCED_FACE('',(#10022),#136,.T.);
#11207=ADVANCED_FACE('',(#10023),#137,.T.);
#11208=ADVANCED_FACE('',(#10024),#138,.T.);
#11209=ADVANCED_FACE('',(#10025),#139,.T.);
#11210=ADVANCED_FACE('',(#10026),#140,.T.);
#11211=ADVANCED_FACE('',(#10027),#141,.T.);
#11212=ADVANCED_FACE('',(#10028),#142,.T.);
#11213=ADVANCED_FACE('',(#10029),#143,.T.);
#11214=ADVANCED_FACE('',(#10030),#144,.T.);
#11215=ADVANCED_FACE('',(#10031),#145,.T.);
#11216=ADVANCED_FACE('',(#10032),#146,.T.);
#11217=ADVANCED_FACE('',(#10033),#147,.T.);
#11218=ADVANCED_FACE('',(#10034),#148,.T.);
#11219=ADVANCED_FACE('',(#10035),#149,.T.);
#11220=ADVANCED_FACE('',(#10036),#150,.T.);
#11221=ADVANCED_FACE('',(#10037),#151,.T.);
#11222=ADVANCED_FACE('',(#10038),#152,.T.);
#11223=ADVANCED_FACE('',(#10039),#153,.T.);
#11224=ADVANCED_FACE('',(#10040),#154,.T.);
#11225=ADVANCED_FACE('',(#10041),#155,.T.);
#11226=ADVANCED_FACE('',(#10042),#156,.T.);
#11227=ADVANCED_FACE('',(#10043),#157,.T.);
#11228=ADVANCED_FACE('',(#10044),#158,.T.);
#11229=ADVANCED_FACE('',(#10045),#159,.T.);
#11230=ADVANCED_FACE('',(#10046,#10047,#10048,#10049,#10050,#10051,#10052,
#10053,#10054,#10055,#10056,#10057,#10058,#10059,#10060,#10061,#10062,#10063,
#10064,#10065,#10066,#10067,#10068,#10069,#10070,#10071,#10072,#10073,#10074,
#10075,#10076,#10077,#10078,#10079,#10080,#10081,#10082,#10083,#10084,#10085,
#10086,#10087,#10088,#10089,#10090,#10091,#10092,#10093,#10094,#10095,#10096),
#10588,.T.);
#11231=ADVANCED_FACE('',(#10097),#10589,.T.);
#11232=ADVANCED_FACE('',(#10098),#10590,.T.);
#11233=ADVANCED_FACE('',(#10099),#10591,.T.);
#11234=ADVANCED_FACE('',(#10100),#10592,.T.);
#11235=ADVANCED_FACE('',(#10101),#10593,.T.);
#11236=ADVANCED_FACE('',(#10102),#10594,.T.);
#11237=ADVANCED_FACE('',(#10103),#10595,.T.);
#11238=ADVANCED_FACE('',(#10104),#10596,.T.);
#11239=ADVANCED_FACE('',(#10105),#10597,.T.);
#11240=ADVANCED_FACE('',(#10106),#10598,.T.);
#11241=ADVANCED_FACE('',(#10107),#10599,.T.);
#11242=ADVANCED_FACE('',(#10108),#10600,.T.);
#11243=ADVANCED_FACE('',(#10109),#10601,.T.);
#11244=ADVANCED_FACE('',(#10110),#10602,.T.);
#11245=ADVANCED_FACE('',(#10111),#10603,.T.);
#11246=ADVANCED_FACE('',(#10112),#10604,.T.);
#11247=ADVANCED_FACE('',(#10113),#10605,.T.);
#11248=ADVANCED_FACE('',(#10114),#10606,.T.);
#11249=ADVANCED_FACE('',(#10115),#10607,.T.);
#11250=ADVANCED_FACE('',(#10116),#10608,.T.);
#11251=ADVANCED_FACE('',(#10117),#10609,.T.);
#11252=ADVANCED_FACE('',(#10118),#10610,.T.);
#11253=ADVANCED_FACE('',(#10119),#10611,.T.);
#11254=ADVANCED_FACE('',(#10120),#10612,.T.);
#11255=ADVANCED_FACE('',(#10121),#10613,.T.);
#11256=ADVANCED_FACE('',(#10122),#10614,.T.);
#11257=ADVANCED_FACE('',(#10123),#10615,.T.);
#11258=ADVANCED_FACE('',(#10124),#10616,.T.);
#11259=ADVANCED_FACE('',(#10125),#10617,.T.);
#11260=ADVANCED_FACE('',(#10126),#10618,.T.);
#11261=ADVANCED_FACE('',(#10127),#10619,.T.);
#11262=ADVANCED_FACE('',(#10128),#10620,.T.);
#11263=ADVANCED_FACE('',(#10129),#10621,.T.);
#11264=ADVANCED_FACE('',(#10130),#10622,.T.);
#11265=ADVANCED_FACE('',(#10131),#10623,.T.);
#11266=ADVANCED_FACE('',(#10132),#10624,.T.);
#11267=ADVANCED_FACE('',(#10133),#10625,.T.);
#11268=ADVANCED_FACE('',(#10134),#10626,.T.);
#11269=ADVANCED_FACE('',(#10135),#10627,.T.);
#11270=ADVANCED_FACE('',(#10136),#10628,.T.);
#11271=ADVANCED_FACE('',(#10137),#10629,.T.);
#11272=ADVANCED_FACE('',(#10138),#10630,.T.);
#11273=ADVANCED_FACE('',(#10139),#10631,.T.);
#11274=ADVANCED_FACE('',(#10140),#10632,.T.);
#11275=ADVANCED_FACE('',(#10141),#10633,.T.);
#11276=ADVANCED_FACE('',(#10142),#10634,.T.);
#11277=ADVANCED_FACE('',(#10143),#10635,.T.);
#11278=ADVANCED_FACE('',(#10144),#10636,.T.);
#11279=ADVANCED_FACE('',(#10145),#10637,.T.);
#11280=ADVANCED_FACE('',(#10146),#10638,.T.);
#11281=ADVANCED_FACE('',(#10147),#10639,.T.);
#11282=ADVANCED_FACE('',(#10148),#10640,.T.);
#11283=ADVANCED_FACE('',(#10149),#10641,.T.);
#11284=ADVANCED_FACE('',(#10150),#10642,.T.);
#11285=ADVANCED_FACE('',(#10151),#10643,.T.);
#11286=ADVANCED_FACE('',(#10152),#10644,.T.);
#11287=ADVANCED_FACE('',(#10153),#10645,.T.);
#11288=ADVANCED_FACE('',(#10154),#10646,.T.);
#11289=ADVANCED_FACE('',(#10155),#10647,.T.);
#11290=ADVANCED_FACE('',(#10156),#10648,.T.);
#11291=ADVANCED_FACE('',(#10157),#10649,.T.);
#11292=ADVANCED_FACE('',(#10158),#10650,.T.);
#11293=ADVANCED_FACE('',(#10159),#10651,.T.);
#11294=ADVANCED_FACE('',(#10160),#10652,.T.);
#11295=ADVANCED_FACE('',(#10161),#10653,.T.);
#11296=ADVANCED_FACE('',(#10162),#10654,.T.);
#11297=ADVANCED_FACE('',(#10163),#10655,.T.);
#11298=ADVANCED_FACE('',(#10164),#10656,.T.);
#11299=ADVANCED_FACE('',(#10165),#10657,.T.);
#11300=ADVANCED_FACE('',(#10166),#10658,.T.);
#11301=ADVANCED_FACE('',(#10167),#10659,.T.);
#11302=ADVANCED_FACE('',(#10168),#10660,.T.);
#11303=ADVANCED_FACE('',(#10169),#10661,.T.);
#11304=ADVANCED_FACE('',(#10170),#10662,.T.);
#11305=ADVANCED_FACE('',(#10171),#10663,.T.);
#11306=ADVANCED_FACE('',(#10172),#10664,.T.);
#11307=ADVANCED_FACE('',(#10173),#10665,.T.);
#11308=ADVANCED_FACE('',(#10174),#10666,.T.);
#11309=ADVANCED_FACE('',(#10175),#10667,.T.);
#11310=ADVANCED_FACE('',(#10176),#10668,.T.);
#11311=ADVANCED_FACE('',(#10177),#10669,.T.);
#11312=ADVANCED_FACE('',(#10178),#10670,.T.);
#11313=ADVANCED_FACE('',(#10179),#10671,.T.);
#11314=ADVANCED_FACE('',(#10180),#10672,.T.);
#11315=ADVANCED_FACE('',(#10181),#10673,.T.);
#11316=ADVANCED_FACE('',(#10182),#10674,.T.);
#11317=ADVANCED_FACE('',(#10183),#10675,.T.);
#11318=ADVANCED_FACE('',(#10184),#10676,.T.);
#11319=ADVANCED_FACE('',(#10185),#10677,.T.);
#11320=ADVANCED_FACE('',(#10186),#10678,.T.);
#11321=ADVANCED_FACE('',(#10187),#10679,.T.);
#11322=ADVANCED_FACE('',(#10188),#10680,.T.);
#11323=ADVANCED_FACE('',(#10189),#10681,.T.);
#11324=ADVANCED_FACE('',(#10190),#10682,.T.);
#11325=ADVANCED_FACE('',(#10191),#10683,.T.);
#11326=ADVANCED_FACE('',(#10192),#10684,.T.);
#11327=ADVANCED_FACE('',(#10193),#10685,.T.);
#11328=ADVANCED_FACE('',(#10194),#10686,.T.);
#11329=ADVANCED_FACE('',(#10195),#10687,.T.);
#11330=ADVANCED_FACE('',(#10196),#10688,.T.);
#11331=ADVANCED_FACE('',(#10197),#10689,.T.);
#11332=CLOSED_SHELL('',(#10690,#10691,#10692,#10693,#10694,#10695,#10696,
#10697,#10698,#10699,#10700,#10701,#10702,#10703,#10704,#10705,#10706,#10707,
#10708,#10709,#10710,#10711,#10712,#10713,#10714,#10715,#10716,#10717,#10718,
#10719,#10720,#10721,#10722,#10723,#10724,#10725,#10726,#10727,#10728,#10729,
#10730,#10731,#10732,#10733,#10734,#10735,#10736,#10737,#10738,#10739,#10740,
#10741,#10742,#10743,#10744,#10745,#10746,#10747,#10748,#10749,#10750,#10751,
#10752,#10753,#10754,#10755,#10756,#10757,#10758,#10759,#10760,#10761,#10762,
#10763,#10764,#10765,#10766,#10767,#10768,#10769));
#11333=CLOSED_SHELL('',(#10770,#10771,#10772,#10773,#10774,#10775,#10776,
#10777,#10778,#10779,#10780,#10781,#10782,#10783,#10784,#10785,#10786,#10787,
#10788,#10789,#10790,#10791,#10792,#10793,#10794,#10795,#10796,#10797,#10798,
#10799,#10800,#10801,#10802,#10803,#10804,#10805,#10806,#10807,#10808,#10809,
#10810,#10811,#10812,#10813,#10814,#10815,#10816,#10817,#10818,#10819,#10820,
#10821,#10822,#10823,#10824,#10825,#10826,#10827,#10828,#10829,#10830,#10831,
#10832,#10833,#10834,#10835,#10836,#10837,#10838,#10839,#10840,#10841,#10842,
#10843,#10844,#10845,#10846,#10847,#10848,#10849,#10850,#10851,#10852,#10853,
#10854,#10855,#10856,#10857,#10858,#10859,#10860,#10861,#10862,#10863,#10864,
#10865,#10866,#10867,#10868,#10869,#10870,#10871,#10872,#10873,#10874,#10875));
#11334=CLOSED_SHELL('',(#10876,#10877,#10878,#10879,#10880,#10881,#10882,
#10883,#10884,#10885,#10886,#10887,#10888,#10889,#10890,#10891,#10892,#10893,
#10894,#10895,#10896,#10897,#10898,#10899,#10900,#10901,#10902,#10903,#10904,
#10905,#10906,#10907,#10908,#10909,#10910,#10911,#10912,#10913,#10914,#10915,
#10916,#10917,#10918,#10919,#10920,#10921,#10922,#10923,#10924,#10925,#10926,
#10927,#10928,#10929,#10930,#10931,#10932,#10933,#10934,#10935,#10936,#10937,
#10938,#10939,#10940,#10941,#10942,#10943,#10944,#10945,#10946,#10947,#10948,
#10949,#10950,#10951,#10952,#10953,#10954,#10955,#10956,#10957,#10958,#10959,
#10960,#10961,#10962,#10963,#10964,#10965,#10966,#10967,#10968,#10969,#10970,
#10971,#10972,#10973,#10974,#10975,#10976,#10977,#10978,#10979,#10980,#10981,
#10982,#10983,#10984,#10985,#10986,#10987,#10988,#10989,#10990,#10991,#10992,
#10993,#10994,#10995,#10996,#10997,#10998,#10999,#11000,#11001,#11002,#11003,
#11004,#11005,#11006,#11007,#11008,#11009,#11010,#11011,#11012,#11013,#11014,
#11015,#11016,#11017,#11018,#11019,#11020,#11021,#11022,#11023,#11024,#11025,
#11026,#11027,#11028,#11029,#11030,#11031,#11032,#11033,#11034,#11035,#11036,
#11037,#11038,#11039,#11040,#11041,#11042,#11043,#11044,#11045,#11046,#11047,
#11048,#11049,#11050,#11051,#11052,#11053,#11054,#11055,#11056,#11057,#11058,
#11059,#11060,#11061,#11062,#11063,#11064,#11065,#11066,#11067,#11068,#11069,
#11070,#11071,#11072,#11073,#11074,#11075,#11076,#11077,#11078,#11079,#11080,
#11081,#11082,#11083,#11084,#11085,#11086,#11087,#11088,#11089,#11090,#11091,
#11092,#11093,#11094,#11095,#11096,#11097,#11098,#11099,#11100,#11101,#11102,
#11103,#11104,#11105,#11106,#11107,#11108,#11109,#11110,#11111,#11112,#11113,
#11114,#11115,#11116,#11117,#11118,#11119,#11120,#11121,#11122,#11123,#11124,
#11125,#11126,#11127,#11128,#11129,#11130,#11131,#11132,#11133,#11134,#11135,
#11136,#11137,#11138,#11139,#11140,#11141,#11142,#11143,#11144,#11145,#11146,
#11147,#11148,#11149,#11150,#11151,#11152,#11153,#11154,#11155,#11156,#11157,
#11158,#11159,#11160,#11161,#11162,#11163,#11164,#11165,#11166,#11167,#11168,
#11169,#11170,#11171,#11172,#11173,#11174,#11175,#11176,#11177,#11178,#11179,
#11180,#11181,#11182,#11183,#11184,#11185,#11186,#11187,#11188,#11189,#11190,
#11191,#11192,#11193,#11194,#11195,#11196,#11197,#11198,#11199,#11200,#11201,
#11202,#11203,#11204,#11205,#11206,#11207,#11208,#11209,#11210,#11211,#11212,
#11213,#11214,#11215,#11216,#11217,#11218,#11219,#11220,#11221,#11222,#11223,
#11224,#11225,#11226,#11227,#11228,#11229,#11230,#11231,#11232,#11233,#11234,
#11235,#11236,#11237,#11238,#11239,#11240,#11241,#11242,#11243,#11244,#11245,
#11246,#11247,#11248,#11249,#11250,#11251,#11252,#11253,#11254,#11255,#11256,
#11257,#11258,#11259,#11260,#11261,#11262,#11263,#11264,#11265,#11266,#11267,
#11268,#11269,#11270,#11271,#11272,#11273,#11274,#11275,#11276,#11277,#11278,
#11279,#11280,#11281,#11282,#11283,#11284,#11285,#11286,#11287,#11288,#11289,
#11290,#11291,#11292,#11293,#11294,#11295,#11296,#11297,#11298,#11299,#11300,
#11301,#11302,#11303,#11304,#11305,#11306,#11307,#11308,#11309,#11310,#11311,
#11312,#11313,#11314,#11315,#11316,#11317,#11318,#11319,#11320,#11321,#11322,
#11323,#11324,#11325,#11326,#11327,#11328,#11329,#11330,#11331));
#11335=STYLED_ITEM('',(#11338),#11359);
#11336=STYLED_ITEM('',(#11339),#11360);
#11337=STYLED_ITEM('',(#11340),#11361);
#11338=PRESENTATION_STYLE_ASSIGNMENT((#11341));
#11339=PRESENTATION_STYLE_ASSIGNMENT((#11342));
#11340=PRESENTATION_STYLE_ASSIGNMENT((#11343));
#11341=SURFACE_STYLE_USAGE(.BOTH.,#11344);
#11342=SURFACE_STYLE_USAGE(.BOTH.,#11345);
#11343=SURFACE_STYLE_USAGE(.BOTH.,#11346);
#11344=SURFACE_SIDE_STYLE('',(#11347));
#11345=SURFACE_SIDE_STYLE('',(#11348));
#11346=SURFACE_SIDE_STYLE('',(#11349));
#11347=SURFACE_STYLE_FILL_AREA(#11350);
#11348=SURFACE_STYLE_FILL_AREA(#11351);
#11349=SURFACE_STYLE_FILL_AREA(#11352);
#11350=FILL_AREA_STYLE('',(#11353));
#11351=FILL_AREA_STYLE('',(#11354));
#11352=FILL_AREA_STYLE('',(#11355));
#11353=FILL_AREA_STYLE_COLOUR('',#11356);
#11354=FILL_AREA_STYLE_COLOUR('',#11357);
#11355=FILL_AREA_STYLE_COLOUR('',#11358);
#11356=COLOUR_RGB('',0.470588237047195,0.470588237047195,0.470588237047195);
#11357=COLOUR_RGB('',1.,0.874509811401367,0.149019613862038);
#11358=COLOUR_RGB('',0.95686274766922,0.95686274766922,0.95686274766922);
#11359=MANIFOLD_SOLID_BREP('TFM-125-01-L-D-RE1-WT_terminal',#11332);
#11360=MANIFOLD_SOLID_BREP('TFM-125-01-L-D-RE1-L_pins',#11333);
#11361=MANIFOLD_SOLID_BREP('TFM-125-01-L-D-RE1-L-2_pins',#11334);
#11362=SHAPE_DEFINITION_REPRESENTATION(#18692,#11366);
#11363=SHAPE_DEFINITION_REPRESENTATION(#18693,#11367);
#11364=SHAPE_DEFINITION_REPRESENTATION(#18695,#11368);
#11365=SHAPE_DEFINITION_REPRESENTATION(#18697,#11369);
#11366=SHAPE_REPRESENTATION('TFM-125-01-L-D-RE1-WT',(#11370,#11451,#11658,
#12315),#18678);
#11367=SHAPE_REPRESENTATION('TFM-125-01-L-D-RE1-WT_terminal',(#11370),#18679);
#11368=SHAPE_REPRESENTATION('TFM-125-01-L-D-RE1-L_pins',(#11370),#18680);
#11369=SHAPE_REPRESENTATION('TFM-125-01-L-D-RE1-L-2_pins',(#11370),#18681);
#11370=AXIS2_PLACEMENT_3D('',#15443,#12316,#12317);
#11371=AXIS2_PLACEMENT_3D('',#15444,#12318,#12319);
#11372=AXIS2_PLACEMENT_3D('',#15501,#12348,#12349);
#11373=AXIS2_PLACEMENT_3D('',#15512,#12355,#12356);
#11374=AXIS2_PLACEMENT_3D('',#15523,#12362,#12363);
#11375=AXIS2_PLACEMENT_3D('',#15542,#12374,#12375);
#11376=AXIS2_PLACEMENT_3D('',#15548,#12379,#12380);
#11377=AXIS2_PLACEMENT_3D('',#15557,#12385,#12386);
#11378=AXIS2_PLACEMENT_3D('',#15567,#12392,#12393);
#11379=AXIS2_PLACEMENT_3D('',#15571,#12397,#12398);
#11380=AXIS2_PLACEMENT_3D('',#15584,#12405,#12406);
#11381=AXIS2_PLACEMENT_3D('',#15603,#12417,#12418);
#11382=AXIS2_PLACEMENT_3D('',#15607,#12421,#12422);
#11383=AXIS2_PLACEMENT_3D('',#15613,#12426,#12427);
#11384=AXIS2_PLACEMENT_3D('',#15618,#12431,#12432);
#11385=AXIS2_PLACEMENT_3D('',#15624,#12436,#12437);
#11386=AXIS2_PLACEMENT_3D('',#15627,#12440,#12441);
#11387=AXIS2_PLACEMENT_3D('',#15629,#12443,#12444);
#11388=AXIS2_PLACEMENT_3D('',#15637,#12449,#12450);
#11389=AXIS2_PLACEMENT_3D('',#15641,#12453,#12454);
#11390=AXIS2_PLACEMENT_3D('',#15643,#12456,#12457);
#11391=AXIS2_PLACEMENT_3D('',#15646,#12460,#12461);
#11392=AXIS2_PLACEMENT_3D('',#15647,#12462,#12463);
#11393=AXIS2_PLACEMENT_3D('',#15650,#12466,#12467);
#11394=AXIS2_PLACEMENT_3D('',#15654,#12470,#12471);
#11395=AXIS2_PLACEMENT_3D('',#15656,#12473,#12474);
#11396=AXIS2_PLACEMENT_3D('',#15657,#12475,#12476);
#11397=AXIS2_PLACEMENT_3D('',#15663,#12480,#12481);
#11398=AXIS2_PLACEMENT_3D('',#15669,#12485,#12486);
#11399=AXIS2_PLACEMENT_3D('',#15672,#12489,#12490);
#11400=AXIS2_PLACEMENT_3D('',#15673,#12491,#12492);
#11401=AXIS2_PLACEMENT_3D('',#15674,#12493,#12494);
#11402=AXIS2_PLACEMENT_3D('',#15692,#12504,#12505);
#11403=AXIS2_PLACEMENT_3D('',#15714,#12517,#12518);
#11404=AXIS2_PLACEMENT_3D('',#15717,#12521,#12522);
#11405=AXIS2_PLACEMENT_3D('',#15719,#12524,#12525);
#11406=AXIS2_PLACEMENT_3D('',#15721,#12527,#12528);
#11407=AXIS2_PLACEMENT_3D('',#15723,#12530,#12531);
#11408=AXIS2_PLACEMENT_3D('',#15725,#12533,#12534);
#11409=AXIS2_PLACEMENT_3D('',#15726,#12535,#12536);
#11410=AXIS2_PLACEMENT_3D('',#15732,#12540,#12541);
#11411=AXIS2_PLACEMENT_3D('',#15736,#12544,#12545);
#11412=AXIS2_PLACEMENT_3D('',#15740,#12548,#12549);
#11413=AXIS2_PLACEMENT_3D('',#15744,#12552,#12553);
#11414=AXIS2_PLACEMENT_3D('',#15748,#12556,#12557);
#11415=AXIS2_PLACEMENT_3D('',#15752,#12560,#12561);
#11416=AXIS2_PLACEMENT_3D('',#15756,#12564,#12565);
#11417=AXIS2_PLACEMENT_3D('',#15760,#12568,#12569);
#11418=AXIS2_PLACEMENT_3D('',#15764,#12572,#12573);
#11419=AXIS2_PLACEMENT_3D('',#15768,#12576,#12577);
#11420=AXIS2_PLACEMENT_3D('',#15772,#12580,#12581);
#11421=AXIS2_PLACEMENT_3D('',#15774,#12583,#12584);
#11422=AXIS2_PLACEMENT_3D('',#15776,#12586,#12587);
#11423=AXIS2_PLACEMENT_3D('',#15777,#12588,#12589);
#11424=AXIS2_PLACEMENT_3D('',#15779,#12591,#12592);
#11425=AXIS2_PLACEMENT_3D('',#15785,#12596,#12597);
#11426=AXIS2_PLACEMENT_3D('',#15789,#12600,#12601);
#11427=AXIS2_PLACEMENT_3D('',#15793,#12604,#12605);
#11428=AXIS2_PLACEMENT_3D('',#15797,#12608,#12609);
#11429=AXIS2_PLACEMENT_3D('',#15801,#12612,#12613);
#11430=AXIS2_PLACEMENT_3D('',#15803,#12615,#12616);
#11431=AXIS2_PLACEMENT_3D('',#15804,#12617,#12618);
#11432=AXIS2_PLACEMENT_3D('',#15810,#12622,#12623);
#11433=AXIS2_PLACEMENT_3D('',#15814,#12626,#12627);
#11434=AXIS2_PLACEMENT_3D('',#15818,#12630,#12631);
#11435=AXIS2_PLACEMENT_3D('',#15820,#12633,#12634);
#11436=AXIS2_PLACEMENT_3D('',#15821,#12635,#12636);
#11437=AXIS2_PLACEMENT_3D('',#15827,#12640,#12641);
#11438=AXIS2_PLACEMENT_3D('',#15831,#12644,#12645);
#11439=AXIS2_PLACEMENT_3D('',#15835,#12648,#12649);
#11440=AXIS2_PLACEMENT_3D('',#15837,#12651,#12652);
#11441=AXIS2_PLACEMENT_3D('',#15838,#12653,#12654);
#11442=AXIS2_PLACEMENT_3D('',#15844,#12658,#12659);
#11443=AXIS2_PLACEMENT_3D('',#15848,#12662,#12663);
#11444=AXIS2_PLACEMENT_3D('',#15852,#12666,#12667);
#11445=AXIS2_PLACEMENT_3D('',#15854,#12669,#12670);
#11446=AXIS2_PLACEMENT_3D('',#15855,#12671,#12672);
#11447=AXIS2_PLACEMENT_3D('',#15861,#12676,#12677);
#11448=AXIS2_PLACEMENT_3D('',#15865,#12680,#12681);
#11449=AXIS2_PLACEMENT_3D('',#15869,#12684,#12685);
#11450=AXIS2_PLACEMENT_3D('',#15871,#12687,#12688);
#11451=AXIS2_PLACEMENT_3D('',#15872,#12689,#12690);
#11452=AXIS2_PLACEMENT_3D('',#15873,#12691,#12692);
#11453=AXIS2_PLACEMENT_3D('',#15882,#12697,#12698);
#11454=AXIS2_PLACEMENT_3D('',#15891,#12703,#12704);
#11455=AXIS2_PLACEMENT_3D('',#15894,#12707,#12708);
#11456=AXIS2_PLACEMENT_3D('',#15897,#12711,#12712);
#11457=AXIS2_PLACEMENT_3D('',#15898,#12713,#12714);
#11458=AXIS2_PLACEMENT_3D('',#15900,#12715,#12716);
#11459=AXIS2_PLACEMENT_3D('',#15902,#12717,#12718);
#11460=AXIS2_PLACEMENT_3D('',#15904,#12719,#12720);
#11461=AXIS2_PLACEMENT_3D('',#15906,#12721,#12722);
#11462=AXIS2_PLACEMENT_3D('',#15908,#12723,#12724);
#11463=AXIS2_PLACEMENT_3D('',#15910,#12725,#12726);
#11464=AXIS2_PLACEMENT_3D('',#15912,#12727,#12728);
#11465=AXIS2_PLACEMENT_3D('',#15914,#12729,#12730);
#11466=AXIS2_PLACEMENT_3D('',#15916,#12731,#12732);
#11467=AXIS2_PLACEMENT_3D('',#15918,#12733,#12734);
#11468=AXIS2_PLACEMENT_3D('',#15920,#12735,#12736);
#11469=AXIS2_PLACEMENT_3D('',#15922,#12737,#12738);
#11470=AXIS2_PLACEMENT_3D('',#15924,#12739,#12740);
#11471=AXIS2_PLACEMENT_3D('',#15926,#12741,#12742);
#11472=AXIS2_PLACEMENT_3D('',#15928,#12743,#12744);
#11473=AXIS2_PLACEMENT_3D('',#15930,#12745,#12746);
#11474=AXIS2_PLACEMENT_3D('',#15932,#12747,#12748);
#11475=AXIS2_PLACEMENT_3D('',#15934,#12749,#12750);
#11476=AXIS2_PLACEMENT_3D('',#15936,#12751,#12752);
#11477=AXIS2_PLACEMENT_3D('',#15938,#12753,#12754);
#11478=AXIS2_PLACEMENT_3D('',#15940,#12755,#12756);
#11479=AXIS2_PLACEMENT_3D('',#15942,#12757,#12758);
#11480=AXIS2_PLACEMENT_3D('',#15944,#12759,#12760);
#11481=AXIS2_PLACEMENT_3D('',#15946,#12761,#12762);
#11482=AXIS2_PLACEMENT_3D('',#15948,#12763,#12764);
#11483=AXIS2_PLACEMENT_3D('',#15950,#12765,#12766);
#11484=AXIS2_PLACEMENT_3D('',#15952,#12767,#12768);
#11485=AXIS2_PLACEMENT_3D('',#15954,#12769,#12770);
#11486=AXIS2_PLACEMENT_3D('',#15956,#12771,#12772);
#11487=AXIS2_PLACEMENT_3D('',#15958,#12773,#12774);
#11488=AXIS2_PLACEMENT_3D('',#15960,#12775,#12776);
#11489=AXIS2_PLACEMENT_3D('',#15962,#12777,#12778);
#11490=AXIS2_PLACEMENT_3D('',#15964,#12779,#12780);
#11491=AXIS2_PLACEMENT_3D('',#15966,#12781,#12782);
#11492=AXIS2_PLACEMENT_3D('',#15968,#12783,#12784);
#11493=AXIS2_PLACEMENT_3D('',#15970,#12785,#12786);
#11494=AXIS2_PLACEMENT_3D('',#15972,#12787,#12788);
#11495=AXIS2_PLACEMENT_3D('',#15974,#12789,#12790);
#11496=AXIS2_PLACEMENT_3D('',#15976,#12791,#12792);
#11497=AXIS2_PLACEMENT_3D('',#15978,#12793,#12794);
#11498=AXIS2_PLACEMENT_3D('',#15980,#12795,#12796);
#11499=AXIS2_PLACEMENT_3D('',#15982,#12797,#12798);
#11500=AXIS2_PLACEMENT_3D('',#15984,#12799,#12800);
#11501=AXIS2_PLACEMENT_3D('',#15986,#12801,#12802);
#11502=AXIS2_PLACEMENT_3D('',#15988,#12803,#12804);
#11503=AXIS2_PLACEMENT_3D('',#15990,#12805,#12806);
#11504=AXIS2_PLACEMENT_3D('',#15992,#12807,#12808);
#11505=AXIS2_PLACEMENT_3D('',#15994,#12809,#12810);
#11506=AXIS2_PLACEMENT_3D('',#15996,#12811,#12812);
#11507=AXIS2_PLACEMENT_3D('',#15998,#12813,#12814);
#11508=AXIS2_PLACEMENT_3D('',#15999,#12815,#12816);
#11509=AXIS2_PLACEMENT_3D('',#16001,#12817,#12818);
#11510=AXIS2_PLACEMENT_3D('',#16002,#12819,#12820);
#11511=AXIS2_PLACEMENT_3D('',#16004,#12821,#12822);
#11512=AXIS2_PLACEMENT_3D('',#16005,#12823,#12824);
#11513=AXIS2_PLACEMENT_3D('',#16007,#12825,#12826);
#11514=AXIS2_PLACEMENT_3D('',#16008,#12827,#12828);
#11515=AXIS2_PLACEMENT_3D('',#16010,#12829,#12830);
#11516=AXIS2_PLACEMENT_3D('',#16011,#12831,#12832);
#11517=AXIS2_PLACEMENT_3D('',#16013,#12833,#12834);
#11518=AXIS2_PLACEMENT_3D('',#16014,#12835,#12836);
#11519=AXIS2_PLACEMENT_3D('',#16016,#12837,#12838);
#11520=AXIS2_PLACEMENT_3D('',#16017,#12839,#12840);
#11521=AXIS2_PLACEMENT_3D('',#16019,#12841,#12842);
#11522=AXIS2_PLACEMENT_3D('',#16020,#12843,#12844);
#11523=AXIS2_PLACEMENT_3D('',#16022,#12845,#12846);
#11524=AXIS2_PLACEMENT_3D('',#16023,#12847,#12848);
#11525=AXIS2_PLACEMENT_3D('',#16025,#12849,#12850);
#11526=AXIS2_PLACEMENT_3D('',#16026,#12851,#12852);
#11527=AXIS2_PLACEMENT_3D('',#16028,#12853,#12854);
#11528=AXIS2_PLACEMENT_3D('',#16029,#12855,#12856);
#11529=AXIS2_PLACEMENT_3D('',#16031,#12857,#12858);
#11530=AXIS2_PLACEMENT_3D('',#16032,#12859,#12860);
#11531=AXIS2_PLACEMENT_3D('',#16034,#12861,#12862);
#11532=AXIS2_PLACEMENT_3D('',#16035,#12863,#12864);
#11533=AXIS2_PLACEMENT_3D('',#16037,#12865,#12866);
#11534=AXIS2_PLACEMENT_3D('',#16038,#12867,#12868);
#11535=AXIS2_PLACEMENT_3D('',#16040,#12869,#12870);
#11536=AXIS2_PLACEMENT_3D('',#16041,#12871,#12872);
#11537=AXIS2_PLACEMENT_3D('',#16043,#12873,#12874);
#11538=AXIS2_PLACEMENT_3D('',#16044,#12875,#12876);
#11539=AXIS2_PLACEMENT_3D('',#16046,#12877,#12878);
#11540=AXIS2_PLACEMENT_3D('',#16047,#12879,#12880);
#11541=AXIS2_PLACEMENT_3D('',#16049,#12881,#12882);
#11542=AXIS2_PLACEMENT_3D('',#16050,#12883,#12884);
#11543=AXIS2_PLACEMENT_3D('',#16052,#12885,#12886);
#11544=AXIS2_PLACEMENT_3D('',#16053,#12887,#12888);
#11545=AXIS2_PLACEMENT_3D('',#16055,#12889,#12890);
#11546=AXIS2_PLACEMENT_3D('',#16056,#12891,#12892);
#11547=AXIS2_PLACEMENT_3D('',#16058,#12893,#12894);
#11548=AXIS2_PLACEMENT_3D('',#16059,#12895,#12896);
#11549=AXIS2_PLACEMENT_3D('',#16061,#12897,#12898);
#11550=AXIS2_PLACEMENT_3D('',#16062,#12899,#12900);
#11551=AXIS2_PLACEMENT_3D('',#16064,#12901,#12902);
#11552=AXIS2_PLACEMENT_3D('',#16065,#12903,#12904);
#11553=AXIS2_PLACEMENT_3D('',#16067,#12905,#12906);
#11554=AXIS2_PLACEMENT_3D('',#16068,#12907,#12908);
#11555=AXIS2_PLACEMENT_3D('',#16070,#12909,#12910);
#11556=AXIS2_PLACEMENT_3D('',#16071,#12911,#12912);
#11557=AXIS2_PLACEMENT_3D('',#16073,#12913,#12914);
#11558=AXIS2_PLACEMENT_3D('',#16074,#12915,#12916);
#11559=AXIS2_PLACEMENT_3D('',#16076,#12917,#12918);
#11560=AXIS2_PLACEMENT_3D('',#16077,#12919,#12920);
#11561=AXIS2_PLACEMENT_3D('',#16079,#12921,#12922);
#11562=AXIS2_PLACEMENT_3D('',#16080,#12923,#12924);
#11563=AXIS2_PLACEMENT_3D('',#16082,#12925,#12926);
#11564=AXIS2_PLACEMENT_3D('',#16083,#12927,#12928);
#11565=AXIS2_PLACEMENT_3D('',#16085,#12929,#12930);
#11566=AXIS2_PLACEMENT_3D('',#16086,#12931,#12932);
#11567=AXIS2_PLACEMENT_3D('',#16088,#12933,#12934);
#11568=AXIS2_PLACEMENT_3D('',#16089,#12935,#12936);
#11569=AXIS2_PLACEMENT_3D('',#16091,#12937,#12938);
#11570=AXIS2_PLACEMENT_3D('',#16092,#12939,#12940);
#11571=AXIS2_PLACEMENT_3D('',#16094,#12941,#12942);
#11572=AXIS2_PLACEMENT_3D('',#16095,#12943,#12944);
#11573=AXIS2_PLACEMENT_3D('',#16097,#12945,#12946);
#11574=AXIS2_PLACEMENT_3D('',#16098,#12947,#12948);
#11575=AXIS2_PLACEMENT_3D('',#16100,#12949,#12950);
#11576=AXIS2_PLACEMENT_3D('',#16101,#12951,#12952);
#11577=AXIS2_PLACEMENT_3D('',#16103,#12953,#12954);
#11578=AXIS2_PLACEMENT_3D('',#16104,#12955,#12956);
#11579=AXIS2_PLACEMENT_3D('',#16106,#12957,#12958);
#11580=AXIS2_PLACEMENT_3D('',#16107,#12959,#12960);
#11581=AXIS2_PLACEMENT_3D('',#16109,#12961,#12962);
#11582=AXIS2_PLACEMENT_3D('',#16110,#12963,#12964);
#11583=AXIS2_PLACEMENT_3D('',#16112,#12965,#12966);
#11584=AXIS2_PLACEMENT_3D('',#16113,#12967,#12968);
#11585=AXIS2_PLACEMENT_3D('',#16115,#12969,#12970);
#11586=AXIS2_PLACEMENT_3D('',#16116,#12971,#12972);
#11587=AXIS2_PLACEMENT_3D('',#16118,#12973,#12974);
#11588=AXIS2_PLACEMENT_3D('',#16119,#12975,#12976);
#11589=AXIS2_PLACEMENT_3D('',#16121,#12977,#12978);
#11590=AXIS2_PLACEMENT_3D('',#16122,#12979,#12980);
#11591=AXIS2_PLACEMENT_3D('',#16124,#12981,#12982);
#11592=AXIS2_PLACEMENT_3D('',#16125,#12983,#12984);
#11593=AXIS2_PLACEMENT_3D('',#16127,#12985,#12986);
#11594=AXIS2_PLACEMENT_3D('',#16128,#12987,#12988);
#11595=AXIS2_PLACEMENT_3D('',#16130,#12989,#12990);
#11596=AXIS2_PLACEMENT_3D('',#16131,#12991,#12992);
#11597=AXIS2_PLACEMENT_3D('',#16133,#12993,#12994);
#11598=AXIS2_PLACEMENT_3D('',#16134,#12995,#12996);
#11599=AXIS2_PLACEMENT_3D('',#16136,#12997,#12998);
#11600=AXIS2_PLACEMENT_3D('',#16137,#12999,#13000);
#11601=AXIS2_PLACEMENT_3D('',#16139,#13001,#13002);
#11602=AXIS2_PLACEMENT_3D('',#16140,#13003,#13004);
#11603=AXIS2_PLACEMENT_3D('',#16142,#13005,#13006);
#11604=AXIS2_PLACEMENT_3D('',#16143,#13007,#13008);
#11605=AXIS2_PLACEMENT_3D('',#16145,#13009,#13010);
#11606=AXIS2_PLACEMENT_3D('',#16146,#13011,#13012);
#11607=AXIS2_PLACEMENT_3D('',#16148,#13013,#13014);
#11608=AXIS2_PLACEMENT_3D('',#16149,#13015,#13016);
#11609=AXIS2_PLACEMENT_3D('',#16150,#13017,#13018);
#11610=AXIS2_PLACEMENT_3D('',#16151,#13019,#13020);
#11611=AXIS2_PLACEMENT_3D('',#16152,#13021,#13022);
#11612=AXIS2_PLACEMENT_3D('',#16153,#13023,#13024);
#11613=AXIS2_PLACEMENT_3D('',#16154,#13025,#13026);
#11614=AXIS2_PLACEMENT_3D('',#16155,#13027,#13028);
#11615=AXIS2_PLACEMENT_3D('',#16156,#13029,#13030);
#11616=AXIS2_PLACEMENT_3D('',#16157,#13031,#13032);
#11617=AXIS2_PLACEMENT_3D('',#16158,#13033,#13034);
#11618=AXIS2_PLACEMENT_3D('',#16159,#13035,#13036);
#11619=AXIS2_PLACEMENT_3D('',#16160,#13037,#13038);
#11620=AXIS2_PLACEMENT_3D('',#16161,#13039,#13040);
#11621=AXIS2_PLACEMENT_3D('',#16162,#13041,#13042);
#11622=AXIS2_PLACEMENT_3D('',#16163,#13043,#13044);
#11623=AXIS2_PLACEMENT_3D('',#16164,#13045,#13046);
#11624=AXIS2_PLACEMENT_3D('',#16165,#13047,#13048);
#11625=AXIS2_PLACEMENT_3D('',#16166,#13049,#13050);
#11626=AXIS2_PLACEMENT_3D('',#16167,#13051,#13052);
#11627=AXIS2_PLACEMENT_3D('',#16168,#13053,#13054);
#11628=AXIS2_PLACEMENT_3D('',#16169,#13055,#13056);
#11629=AXIS2_PLACEMENT_3D('',#16170,#13057,#13058);
#11630=AXIS2_PLACEMENT_3D('',#16171,#13059,#13060);
#11631=AXIS2_PLACEMENT_3D('',#16172,#13061,#13062);
#11632=AXIS2_PLACEMENT_3D('',#16173,#13063,#13064);
#11633=AXIS2_PLACEMENT_3D('',#16174,#13065,#13066);
#11634=AXIS2_PLACEMENT_3D('',#16175,#13067,#13068);
#11635=AXIS2_PLACEMENT_3D('',#16176,#13069,#13070);
#11636=AXIS2_PLACEMENT_3D('',#16177,#13071,#13072);
#11637=AXIS2_PLACEMENT_3D('',#16178,#13073,#13074);
#11638=AXIS2_PLACEMENT_3D('',#16179,#13075,#13076);
#11639=AXIS2_PLACEMENT_3D('',#16180,#13077,#13078);
#11640=AXIS2_PLACEMENT_3D('',#16181,#13079,#13080);
#11641=AXIS2_PLACEMENT_3D('',#16182,#13081,#13082);
#11642=AXIS2_PLACEMENT_3D('',#16183,#13083,#13084);
#11643=AXIS2_PLACEMENT_3D('',#16184,#13085,#13086);
#11644=AXIS2_PLACEMENT_3D('',#16185,#13087,#13088);
#11645=AXIS2_PLACEMENT_3D('',#16186,#13089,#13090);
#11646=AXIS2_PLACEMENT_3D('',#16187,#13091,#13092);
#11647=AXIS2_PLACEMENT_3D('',#16188,#13093,#13094);
#11648=AXIS2_PLACEMENT_3D('',#16189,#13095,#13096);
#11649=AXIS2_PLACEMENT_3D('',#16190,#13097,#13098);
#11650=AXIS2_PLACEMENT_3D('',#16191,#13099,#13100);
#11651=AXIS2_PLACEMENT_3D('',#16192,#13101,#13102);
#11652=AXIS2_PLACEMENT_3D('',#16193,#13103,#13104);
#11653=AXIS2_PLACEMENT_3D('',#16194,#13105,#13106);
#11654=AXIS2_PLACEMENT_3D('',#16195,#13107,#13108);
#11655=AXIS2_PLACEMENT_3D('',#16196,#13109,#13110);
#11656=AXIS2_PLACEMENT_3D('',#16197,#13111,#13112);
#11657=AXIS2_PLACEMENT_3D('',#16198,#13113,#13114);
#11658=AXIS2_PLACEMENT_3D('',#16199,#13115,#13116);
#11659=AXIS2_PLACEMENT_3D('',#16200,#13117,#13118);
#11660=AXIS2_PLACEMENT_3D('',#16209,#13123,#13124);
#11661=AXIS2_PLACEMENT_3D('',#16218,#13129,#13130);
#11662=AXIS2_PLACEMENT_3D('',#16221,#13133,#13134);
#11663=AXIS2_PLACEMENT_3D('',#16224,#13137,#13138);
#11664=AXIS2_PLACEMENT_3D('',#16233,#13143,#13144);
#11665=AXIS2_PLACEMENT_3D('',#16242,#13149,#13150);
#11666=AXIS2_PLACEMENT_3D('',#16251,#13155,#13156);
#11667=AXIS2_PLACEMENT_3D('',#16260,#13161,#13162);
#11668=AXIS2_PLACEMENT_3D('',#16269,#13167,#13168);
#11669=AXIS2_PLACEMENT_3D('',#16278,#13173,#13174);
#11670=AXIS2_PLACEMENT_3D('',#16287,#13179,#13180);
#11671=AXIS2_PLACEMENT_3D('',#16296,#13185,#13186);
#11672=AXIS2_PLACEMENT_3D('',#16305,#13191,#13192);
#11673=AXIS2_PLACEMENT_3D('',#16314,#13197,#13198);
#11674=AXIS2_PLACEMENT_3D('',#16323,#13203,#13204);
#11675=AXIS2_PLACEMENT_3D('',#16332,#13209,#13210);
#11676=AXIS2_PLACEMENT_3D('',#16341,#13215,#13216);
#11677=AXIS2_PLACEMENT_3D('',#16350,#13221,#13222);
#11678=AXIS2_PLACEMENT_3D('',#16359,#13227,#13228);
#11679=AXIS2_PLACEMENT_3D('',#16368,#13233,#13234);
#11680=AXIS2_PLACEMENT_3D('',#16377,#13239,#13240);
#11681=AXIS2_PLACEMENT_3D('',#16386,#13245,#13246);
#11682=AXIS2_PLACEMENT_3D('',#16395,#13251,#13252);
#11683=AXIS2_PLACEMENT_3D('',#16404,#13257,#13258);
#11684=AXIS2_PLACEMENT_3D('',#16413,#13263,#13264);
#11685=AXIS2_PLACEMENT_3D('',#16422,#13269,#13270);
#11686=AXIS2_PLACEMENT_3D('',#16431,#13275,#13276);
#11687=AXIS2_PLACEMENT_3D('',#16440,#13281,#13282);
#11688=AXIS2_PLACEMENT_3D('',#16449,#13287,#13288);
#11689=AXIS2_PLACEMENT_3D('',#16458,#13293,#13294);
#11690=AXIS2_PLACEMENT_3D('',#16467,#13299,#13300);
#11691=AXIS2_PLACEMENT_3D('',#16476,#13305,#13306);
#11692=AXIS2_PLACEMENT_3D('',#16485,#13311,#13312);
#11693=AXIS2_PLACEMENT_3D('',#16494,#13317,#13318);
#11694=AXIS2_PLACEMENT_3D('',#16503,#13323,#13324);
#11695=AXIS2_PLACEMENT_3D('',#16512,#13329,#13330);
#11696=AXIS2_PLACEMENT_3D('',#16521,#13335,#13336);
#11697=AXIS2_PLACEMENT_3D('',#16530,#13341,#13342);
#11698=AXIS2_PLACEMENT_3D('',#16539,#13347,#13348);
#11699=AXIS2_PLACEMENT_3D('',#16548,#13353,#13354);
#11700=AXIS2_PLACEMENT_3D('',#16557,#13359,#13360);
#11701=AXIS2_PLACEMENT_3D('',#16566,#13365,#13366);
#11702=AXIS2_PLACEMENT_3D('',#16575,#13371,#13372);
#11703=AXIS2_PLACEMENT_3D('',#16584,#13377,#13378);
#11704=AXIS2_PLACEMENT_3D('',#16593,#13383,#13384);
#11705=AXIS2_PLACEMENT_3D('',#16602,#13389,#13390);
#11706=AXIS2_PLACEMENT_3D('',#16611,#13395,#13396);
#11707=AXIS2_PLACEMENT_3D('',#16620,#13401,#13402);
#11708=AXIS2_PLACEMENT_3D('',#16629,#13407,#13408);
#11709=AXIS2_PLACEMENT_3D('',#16638,#13413,#13414);
#11710=AXIS2_PLACEMENT_3D('',#16647,#13419,#13420);
#11711=AXIS2_PLACEMENT_3D('',#16656,#13425,#13426);
#11712=AXIS2_PLACEMENT_3D('',#16665,#13431,#13432);
#11713=AXIS2_PLACEMENT_3D('',#16674,#13437,#13438);
#11714=AXIS2_PLACEMENT_3D('',#16680,#13442,#13443);
#11715=AXIS2_PLACEMENT_3D('',#16686,#13447,#13448);
#11716=AXIS2_PLACEMENT_3D('',#16692,#13452,#13453);
#11717=AXIS2_PLACEMENT_3D('',#16698,#13457,#13458);
#11718=AXIS2_PLACEMENT_3D('',#16704,#13462,#13463);
#11719=AXIS2_PLACEMENT_3D('',#16710,#13467,#13468);
#11720=AXIS2_PLACEMENT_3D('',#16716,#13472,#13473);
#11721=AXIS2_PLACEMENT_3D('',#16722,#13477,#13478);
#11722=AXIS2_PLACEMENT_3D('',#16728,#13482,#13483);
#11723=AXIS2_PLACEMENT_3D('',#16734,#13487,#13488);
#11724=AXIS2_PLACEMENT_3D('',#16740,#13492,#13493);
#11725=AXIS2_PLACEMENT_3D('',#16746,#13497,#13498);
#11726=AXIS2_PLACEMENT_3D('',#16752,#13502,#13503);
#11727=AXIS2_PLACEMENT_3D('',#16758,#13507,#13508);
#11728=AXIS2_PLACEMENT_3D('',#16764,#13512,#13513);
#11729=AXIS2_PLACEMENT_3D('',#16770,#13517,#13518);
#11730=AXIS2_PLACEMENT_3D('',#16776,#13522,#13523);
#11731=AXIS2_PLACEMENT_3D('',#16782,#13527,#13528);
#11732=AXIS2_PLACEMENT_3D('',#16788,#13532,#13533);
#11733=AXIS2_PLACEMENT_3D('',#16794,#13537,#13538);
#11734=AXIS2_PLACEMENT_3D('',#16800,#13542,#13543);
#11735=AXIS2_PLACEMENT_3D('',#16806,#13547,#13548);
#11736=AXIS2_PLACEMENT_3D('',#16812,#13552,#13553);
#11737=AXIS2_PLACEMENT_3D('',#16818,#13557,#13558);
#11738=AXIS2_PLACEMENT_3D('',#16824,#13562,#13563);
#11739=AXIS2_PLACEMENT_3D('',#16830,#13567,#13568);
#11740=AXIS2_PLACEMENT_3D('',#16836,#13572,#13573);
#11741=AXIS2_PLACEMENT_3D('',#16842,#13577,#13578);
#11742=AXIS2_PLACEMENT_3D('',#16848,#13582,#13583);
#11743=AXIS2_PLACEMENT_3D('',#16854,#13587,#13588);
#11744=AXIS2_PLACEMENT_3D('',#16860,#13592,#13593);
#11745=AXIS2_PLACEMENT_3D('',#16866,#13597,#13598);
#11746=AXIS2_PLACEMENT_3D('',#16872,#13602,#13603);
#11747=AXIS2_PLACEMENT_3D('',#16878,#13607,#13608);
#11748=AXIS2_PLACEMENT_3D('',#16884,#13612,#13613);
#11749=AXIS2_PLACEMENT_3D('',#16890,#13617,#13618);
#11750=AXIS2_PLACEMENT_3D('',#16896,#13622,#13623);
#11751=AXIS2_PLACEMENT_3D('',#16902,#13627,#13628);
#11752=AXIS2_PLACEMENT_3D('',#16908,#13632,#13633);
#11753=AXIS2_PLACEMENT_3D('',#16914,#13637,#13638);
#11754=AXIS2_PLACEMENT_3D('',#16920,#13642,#13643);
#11755=AXIS2_PLACEMENT_3D('',#16926,#13647,#13648);
#11756=AXIS2_PLACEMENT_3D('',#16932,#13652,#13653);
#11757=AXIS2_PLACEMENT_3D('',#16938,#13657,#13658);
#11758=AXIS2_PLACEMENT_3D('',#16944,#13662,#13663);
#11759=AXIS2_PLACEMENT_3D('',#16950,#13667,#13668);
#11760=AXIS2_PLACEMENT_3D('',#16956,#13672,#13673);
#11761=AXIS2_PLACEMENT_3D('',#16962,#13677,#13678);
#11762=AXIS2_PLACEMENT_3D('',#16968,#13682,#13683);
#11763=AXIS2_PLACEMENT_3D('',#16974,#13687,#13688);
#11764=AXIS2_PLACEMENT_3D('',#16983,#13693,#13694);
#11765=AXIS2_PLACEMENT_3D('',#16992,#13699,#13700);
#11766=AXIS2_PLACEMENT_3D('',#17001,#13705,#13706);
#11767=AXIS2_PLACEMENT_3D('',#17010,#13711,#13712);
#11768=AXIS2_PLACEMENT_3D('',#17019,#13717,#13718);
#11769=AXIS2_PLACEMENT_3D('',#17028,#13723,#13724);
#11770=AXIS2_PLACEMENT_3D('',#17037,#13729,#13730);
#11771=AXIS2_PLACEMENT_3D('',#17046,#13735,#13736);
#11772=AXIS2_PLACEMENT_3D('',#17055,#13741,#13742);
#11773=AXIS2_PLACEMENT_3D('',#17064,#13747,#13748);
#11774=AXIS2_PLACEMENT_3D('',#17073,#13753,#13754);
#11775=AXIS2_PLACEMENT_3D('',#17082,#13759,#13760);
#11776=AXIS2_PLACEMENT_3D('',#17091,#13765,#13766);
#11777=AXIS2_PLACEMENT_3D('',#17100,#13771,#13772);
#11778=AXIS2_PLACEMENT_3D('',#17109,#13777,#13778);
#11779=AXIS2_PLACEMENT_3D('',#17118,#13783,#13784);
#11780=AXIS2_PLACEMENT_3D('',#17127,#13789,#13790);
#11781=AXIS2_PLACEMENT_3D('',#17136,#13795,#13796);
#11782=AXIS2_PLACEMENT_3D('',#17145,#13801,#13802);
#11783=AXIS2_PLACEMENT_3D('',#17154,#13807,#13808);
#11784=AXIS2_PLACEMENT_3D('',#17163,#13813,#13814);
#11785=AXIS2_PLACEMENT_3D('',#17172,#13819,#13820);
#11786=AXIS2_PLACEMENT_3D('',#17181,#13825,#13826);
#11787=AXIS2_PLACEMENT_3D('',#17190,#13831,#13832);
#11788=AXIS2_PLACEMENT_3D('',#17199,#13837,#13838);
#11789=AXIS2_PLACEMENT_3D('',#17200,#13839,#13840);
#11790=AXIS2_PLACEMENT_3D('',#17201,#13841,#13842);
#11791=AXIS2_PLACEMENT_3D('',#17202,#13843,#13844);
#11792=AXIS2_PLACEMENT_3D('',#17203,#13845,#13846);
#11793=AXIS2_PLACEMENT_3D('',#17204,#13847,#13848);
#11794=AXIS2_PLACEMENT_3D('',#17205,#13849,#13850);
#11795=AXIS2_PLACEMENT_3D('',#17206,#13851,#13852);
#11796=AXIS2_PLACEMENT_3D('',#17207,#13853,#13854);
#11797=AXIS2_PLACEMENT_3D('',#17208,#13855,#13856);
#11798=AXIS2_PLACEMENT_3D('',#17209,#13857,#13858);
#11799=AXIS2_PLACEMENT_3D('',#17210,#13859,#13860);
#11800=AXIS2_PLACEMENT_3D('',#17211,#13861,#13862);
#11801=AXIS2_PLACEMENT_3D('',#17212,#13863,#13864);
#11802=AXIS2_PLACEMENT_3D('',#17213,#13865,#13866);
#11803=AXIS2_PLACEMENT_3D('',#17214,#13867,#13868);
#11804=AXIS2_PLACEMENT_3D('',#17215,#13869,#13870);
#11805=AXIS2_PLACEMENT_3D('',#17216,#13871,#13872);
#11806=AXIS2_PLACEMENT_3D('',#17217,#13873,#13874);
#11807=AXIS2_PLACEMENT_3D('',#17218,#13875,#13876);
#11808=AXIS2_PLACEMENT_3D('',#17219,#13877,#13878);
#11809=AXIS2_PLACEMENT_3D('',#17220,#13879,#13880);
#11810=AXIS2_PLACEMENT_3D('',#17221,#13881,#13882);
#11811=AXIS2_PLACEMENT_3D('',#17222,#13883,#13884);
#11812=AXIS2_PLACEMENT_3D('',#17223,#13885,#13886);
#11813=AXIS2_PLACEMENT_3D('',#17224,#13887,#13888);
#11814=AXIS2_PLACEMENT_3D('',#17225,#13889,#13890);
#11815=AXIS2_PLACEMENT_3D('',#17226,#13891,#13892);
#11816=AXIS2_PLACEMENT_3D('',#17227,#13893,#13894);
#11817=AXIS2_PLACEMENT_3D('',#17228,#13895,#13896);
#11818=AXIS2_PLACEMENT_3D('',#17229,#13897,#13898);
#11819=AXIS2_PLACEMENT_3D('',#17230,#13899,#13900);
#11820=AXIS2_PLACEMENT_3D('',#17231,#13901,#13902);
#11821=AXIS2_PLACEMENT_3D('',#17232,#13903,#13904);
#11822=AXIS2_PLACEMENT_3D('',#17233,#13905,#13906);
#11823=AXIS2_PLACEMENT_3D('',#17234,#13907,#13908);
#11824=AXIS2_PLACEMENT_3D('',#17235,#13909,#13910);
#11825=AXIS2_PLACEMENT_3D('',#17236,#13911,#13912);
#11826=AXIS2_PLACEMENT_3D('',#17237,#13913,#13914);
#11827=AXIS2_PLACEMENT_3D('',#17238,#13915,#13916);
#11828=AXIS2_PLACEMENT_3D('',#17239,#13917,#13918);
#11829=AXIS2_PLACEMENT_3D('',#17240,#13919,#13920);
#11830=AXIS2_PLACEMENT_3D('',#17241,#13921,#13922);
#11831=AXIS2_PLACEMENT_3D('',#17242,#13923,#13924);
#11832=AXIS2_PLACEMENT_3D('',#17243,#13925,#13926);
#11833=AXIS2_PLACEMENT_3D('',#17244,#13927,#13928);
#11834=AXIS2_PLACEMENT_3D('',#17245,#13929,#13930);
#11835=AXIS2_PLACEMENT_3D('',#17246,#13931,#13932);
#11836=AXIS2_PLACEMENT_3D('',#17247,#13933,#13934);
#11837=AXIS2_PLACEMENT_3D('',#17248,#13935,#13936);
#11838=AXIS2_PLACEMENT_3D('',#17249,#13937,#13938);
#11839=AXIS2_PLACEMENT_3D('',#17250,#13939,#13940);
#11840=AXIS2_PLACEMENT_3D('',#17251,#13941,#13942);
#11841=AXIS2_PLACEMENT_3D('',#17252,#13943,#13944);
#11842=AXIS2_PLACEMENT_3D('',#17253,#13945,#13946);
#11843=AXIS2_PLACEMENT_3D('',#17254,#13947,#13948);
#11844=AXIS2_PLACEMENT_3D('',#17255,#13949,#13950);
#11845=AXIS2_PLACEMENT_3D('',#17256,#13951,#13952);
#11846=AXIS2_PLACEMENT_3D('',#17257,#13953,#13954);
#11847=AXIS2_PLACEMENT_3D('',#17258,#13955,#13956);
#11848=AXIS2_PLACEMENT_3D('',#17259,#13957,#13958);
#11849=AXIS2_PLACEMENT_3D('',#17260,#13959,#13960);
#11850=AXIS2_PLACEMENT_3D('',#17261,#13961,#13962);
#11851=AXIS2_PLACEMENT_3D('',#17262,#13963,#13964);
#11852=AXIS2_PLACEMENT_3D('',#17263,#13965,#13966);
#11853=AXIS2_PLACEMENT_3D('',#17264,#13967,#13968);
#11854=AXIS2_PLACEMENT_3D('',#17265,#13969,#13970);
#11855=AXIS2_PLACEMENT_3D('',#17266,#13971,#13972);
#11856=AXIS2_PLACEMENT_3D('',#17267,#13973,#13974);
#11857=AXIS2_PLACEMENT_3D('',#17268,#13975,#13976);
#11858=AXIS2_PLACEMENT_3D('',#17269,#13977,#13978);
#11859=AXIS2_PLACEMENT_3D('',#17270,#13979,#13980);
#11860=AXIS2_PLACEMENT_3D('',#17271,#13981,#13982);
#11861=AXIS2_PLACEMENT_3D('',#17272,#13983,#13984);
#11862=AXIS2_PLACEMENT_3D('',#17273,#13985,#13986);
#11863=AXIS2_PLACEMENT_3D('',#17274,#13987,#13988);
#11864=AXIS2_PLACEMENT_3D('',#17280,#13992,#13993);
#11865=AXIS2_PLACEMENT_3D('',#17286,#13997,#13998);
#11866=AXIS2_PLACEMENT_3D('',#17292,#14002,#14003);
#11867=AXIS2_PLACEMENT_3D('',#17298,#14007,#14008);
#11868=AXIS2_PLACEMENT_3D('',#17304,#14012,#14013);
#11869=AXIS2_PLACEMENT_3D('',#17310,#14017,#14018);
#11870=AXIS2_PLACEMENT_3D('',#17316,#14022,#14023);
#11871=AXIS2_PLACEMENT_3D('',#17322,#14027,#14028);
#11872=AXIS2_PLACEMENT_3D('',#17328,#14032,#14033);
#11873=AXIS2_PLACEMENT_3D('',#17334,#14037,#14038);
#11874=AXIS2_PLACEMENT_3D('',#17340,#14042,#14043);
#11875=AXIS2_PLACEMENT_3D('',#17346,#14047,#14048);
#11876=AXIS2_PLACEMENT_3D('',#17352,#14052,#14053);
#11877=AXIS2_PLACEMENT_3D('',#17358,#14057,#14058);
#11878=AXIS2_PLACEMENT_3D('',#17364,#14062,#14063);
#11879=AXIS2_PLACEMENT_3D('',#17370,#14067,#14068);
#11880=AXIS2_PLACEMENT_3D('',#17376,#14072,#14073);
#11881=AXIS2_PLACEMENT_3D('',#17382,#14077,#14078);
#11882=AXIS2_PLACEMENT_3D('',#17388,#14082,#14083);
#11883=AXIS2_PLACEMENT_3D('',#17394,#14087,#14088);
#11884=AXIS2_PLACEMENT_3D('',#17400,#14092,#14093);
#11885=AXIS2_PLACEMENT_3D('',#17406,#14097,#14098);
#11886=AXIS2_PLACEMENT_3D('',#17412,#14102,#14103);
#11887=AXIS2_PLACEMENT_3D('',#17418,#14107,#14108);
#11888=AXIS2_PLACEMENT_3D('',#17424,#14112,#14113);
#11889=AXIS2_PLACEMENT_3D('',#17430,#14117,#14118);
#11890=AXIS2_PLACEMENT_3D('',#17436,#14122,#14123);
#11891=AXIS2_PLACEMENT_3D('',#17442,#14127,#14128);
#11892=AXIS2_PLACEMENT_3D('',#17448,#14132,#14133);
#11893=AXIS2_PLACEMENT_3D('',#17454,#14137,#14138);
#11894=AXIS2_PLACEMENT_3D('',#17460,#14142,#14143);
#11895=AXIS2_PLACEMENT_3D('',#17466,#14147,#14148);
#11896=AXIS2_PLACEMENT_3D('',#17472,#14152,#14153);
#11897=AXIS2_PLACEMENT_3D('',#17478,#14157,#14158);
#11898=AXIS2_PLACEMENT_3D('',#17484,#14162,#14163);
#11899=AXIS2_PLACEMENT_3D('',#17490,#14167,#14168);
#11900=AXIS2_PLACEMENT_3D('',#17496,#14172,#14173);
#11901=AXIS2_PLACEMENT_3D('',#17502,#14177,#14178);
#11902=AXIS2_PLACEMENT_3D('',#17508,#14182,#14183);
#11903=AXIS2_PLACEMENT_3D('',#17514,#14187,#14188);
#11904=AXIS2_PLACEMENT_3D('',#17520,#14192,#14193);
#11905=AXIS2_PLACEMENT_3D('',#17526,#14197,#14198);
#11906=AXIS2_PLACEMENT_3D('',#17532,#14202,#14203);
#11907=AXIS2_PLACEMENT_3D('',#17538,#14207,#14208);
#11908=AXIS2_PLACEMENT_3D('',#17544,#14212,#14213);
#11909=AXIS2_PLACEMENT_3D('',#17550,#14217,#14218);
#11910=AXIS2_PLACEMENT_3D('',#17556,#14222,#14223);
#11911=AXIS2_PLACEMENT_3D('',#17562,#14227,#14228);
#11912=AXIS2_PLACEMENT_3D('',#17568,#14232,#14233);
#11913=AXIS2_PLACEMENT_3D('',#17574,#14237,#14238);
#11914=AXIS2_PLACEMENT_3D('',#17575,#14239,#14240);
#11915=AXIS2_PLACEMENT_3D('',#17577,#14241,#14242);
#11916=AXIS2_PLACEMENT_3D('',#17580,#14244,#14245);
#11917=AXIS2_PLACEMENT_3D('',#17581,#14246,#14247);
#11918=AXIS2_PLACEMENT_3D('',#17583,#14248,#14249);
#11919=AXIS2_PLACEMENT_3D('',#17586,#14251,#14252);
#11920=AXIS2_PLACEMENT_3D('',#17587,#14253,#14254);
#11921=AXIS2_PLACEMENT_3D('',#17589,#14255,#14256);
#11922=AXIS2_PLACEMENT_3D('',#17592,#14258,#14259);
#11923=AXIS2_PLACEMENT_3D('',#17593,#14260,#14261);
#11924=AXIS2_PLACEMENT_3D('',#17595,#14262,#14263);
#11925=AXIS2_PLACEMENT_3D('',#17598,#14265,#14266);
#11926=AXIS2_PLACEMENT_3D('',#17599,#14267,#14268);
#11927=AXIS2_PLACEMENT_3D('',#17601,#14269,#14270);
#11928=AXIS2_PLACEMENT_3D('',#17604,#14272,#14273);
#11929=AXIS2_PLACEMENT_3D('',#17605,#14274,#14275);
#11930=AXIS2_PLACEMENT_3D('',#17607,#14276,#14277);
#11931=AXIS2_PLACEMENT_3D('',#17610,#14279,#14280);
#11932=AXIS2_PLACEMENT_3D('',#17611,#14281,#14282);
#11933=AXIS2_PLACEMENT_3D('',#17613,#14283,#14284);
#11934=AXIS2_PLACEMENT_3D('',#17616,#14286,#14287);
#11935=AXIS2_PLACEMENT_3D('',#17617,#14288,#14289);
#11936=AXIS2_PLACEMENT_3D('',#17619,#14290,#14291);
#11937=AXIS2_PLACEMENT_3D('',#17622,#14293,#14294);
#11938=AXIS2_PLACEMENT_3D('',#17623,#14295,#14296);
#11939=AXIS2_PLACEMENT_3D('',#17625,#14297,#14298);
#11940=AXIS2_PLACEMENT_3D('',#17628,#14300,#14301);
#11941=AXIS2_PLACEMENT_3D('',#17629,#14302,#14303);
#11942=AXIS2_PLACEMENT_3D('',#17631,#14304,#14305);
#11943=AXIS2_PLACEMENT_3D('',#17634,#14307,#14308);
#11944=AXIS2_PLACEMENT_3D('',#17635,#14309,#14310);
#11945=AXIS2_PLACEMENT_3D('',#17637,#14311,#14312);
#11946=AXIS2_PLACEMENT_3D('',#17640,#14314,#14315);
#11947=AXIS2_PLACEMENT_3D('',#17641,#14316,#14317);
#11948=AXIS2_PLACEMENT_3D('',#17643,#14318,#14319);
#11949=AXIS2_PLACEMENT_3D('',#17646,#14321,#14322);
#11950=AXIS2_PLACEMENT_3D('',#17647,#14323,#14324);
#11951=AXIS2_PLACEMENT_3D('',#17649,#14325,#14326);
#11952=AXIS2_PLACEMENT_3D('',#17652,#14328,#14329);
#11953=AXIS2_PLACEMENT_3D('',#17653,#14330,#14331);
#11954=AXIS2_PLACEMENT_3D('',#17655,#14332,#14333);
#11955=AXIS2_PLACEMENT_3D('',#17658,#14335,#14336);
#11956=AXIS2_PLACEMENT_3D('',#17659,#14337,#14338);
#11957=AXIS2_PLACEMENT_3D('',#17661,#14339,#14340);
#11958=AXIS2_PLACEMENT_3D('',#17664,#14342,#14343);
#11959=AXIS2_PLACEMENT_3D('',#17665,#14344,#14345);
#11960=AXIS2_PLACEMENT_3D('',#17667,#14346,#14347);
#11961=AXIS2_PLACEMENT_3D('',#17670,#14349,#14350);
#11962=AXIS2_PLACEMENT_3D('',#17671,#14351,#14352);
#11963=AXIS2_PLACEMENT_3D('',#17673,#14353,#14354);
#11964=AXIS2_PLACEMENT_3D('',#17676,#14356,#14357);
#11965=AXIS2_PLACEMENT_3D('',#17677,#14358,#14359);
#11966=AXIS2_PLACEMENT_3D('',#17679,#14360,#14361);
#11967=AXIS2_PLACEMENT_3D('',#17682,#14363,#14364);
#11968=AXIS2_PLACEMENT_3D('',#17683,#14365,#14366);
#11969=AXIS2_PLACEMENT_3D('',#17685,#14367,#14368);
#11970=AXIS2_PLACEMENT_3D('',#17688,#14370,#14371);
#11971=AXIS2_PLACEMENT_3D('',#17689,#14372,#14373);
#11972=AXIS2_PLACEMENT_3D('',#17691,#14374,#14375);
#11973=AXIS2_PLACEMENT_3D('',#17694,#14377,#14378);
#11974=AXIS2_PLACEMENT_3D('',#17695,#14379,#14380);
#11975=AXIS2_PLACEMENT_3D('',#17697,#14381,#14382);
#11976=AXIS2_PLACEMENT_3D('',#17700,#14384,#14385);
#11977=AXIS2_PLACEMENT_3D('',#17701,#14386,#14387);
#11978=AXIS2_PLACEMENT_3D('',#17703,#14388,#14389);
#11979=AXIS2_PLACEMENT_3D('',#17706,#14391,#14392);
#11980=AXIS2_PLACEMENT_3D('',#17707,#14393,#14394);
#11981=AXIS2_PLACEMENT_3D('',#17709,#14395,#14396);
#11982=AXIS2_PLACEMENT_3D('',#17712,#14398,#14399);
#11983=AXIS2_PLACEMENT_3D('',#17713,#14400,#14401);
#11984=AXIS2_PLACEMENT_3D('',#17715,#14402,#14403);
#11985=AXIS2_PLACEMENT_3D('',#17718,#14405,#14406);
#11986=AXIS2_PLACEMENT_3D('',#17719,#14407,#14408);
#11987=AXIS2_PLACEMENT_3D('',#17721,#14409,#14410);
#11988=AXIS2_PLACEMENT_3D('',#17724,#14412,#14413);
#11989=AXIS2_PLACEMENT_3D('',#17730,#14417,#14418);
#11990=AXIS2_PLACEMENT_3D('',#17736,#14422,#14423);
#11991=AXIS2_PLACEMENT_3D('',#17742,#14427,#14428);
#11992=AXIS2_PLACEMENT_3D('',#17748,#14432,#14433);
#11993=AXIS2_PLACEMENT_3D('',#17754,#14437,#14438);
#11994=AXIS2_PLACEMENT_3D('',#17760,#14442,#14443);
#11995=AXIS2_PLACEMENT_3D('',#17766,#14447,#14448);
#11996=AXIS2_PLACEMENT_3D('',#17772,#14452,#14453);
#11997=AXIS2_PLACEMENT_3D('',#17778,#14457,#14458);
#11998=AXIS2_PLACEMENT_3D('',#17784,#14462,#14463);
#11999=AXIS2_PLACEMENT_3D('',#17790,#14467,#14468);
#12000=AXIS2_PLACEMENT_3D('',#17796,#14472,#14473);
#12001=AXIS2_PLACEMENT_3D('',#17802,#14477,#14478);
#12002=AXIS2_PLACEMENT_3D('',#17808,#14482,#14483);
#12003=AXIS2_PLACEMENT_3D('',#17814,#14487,#14488);
#12004=AXIS2_PLACEMENT_3D('',#17820,#14492,#14493);
#12005=AXIS2_PLACEMENT_3D('',#17826,#14497,#14498);
#12006=AXIS2_PLACEMENT_3D('',#17832,#14502,#14503);
#12007=AXIS2_PLACEMENT_3D('',#17838,#14507,#14508);
#12008=AXIS2_PLACEMENT_3D('',#17844,#14512,#14513);
#12009=AXIS2_PLACEMENT_3D('',#17850,#14517,#14518);
#12010=AXIS2_PLACEMENT_3D('',#17856,#14522,#14523);
#12011=AXIS2_PLACEMENT_3D('',#17862,#14527,#14528);
#12012=AXIS2_PLACEMENT_3D('',#17868,#14532,#14533);
#12013=AXIS2_PLACEMENT_3D('',#17874,#14537,#14538);
#12014=AXIS2_PLACEMENT_3D('',#17883,#14543,#14544);
#12015=AXIS2_PLACEMENT_3D('',#17892,#14549,#14550);
#12016=AXIS2_PLACEMENT_3D('',#17901,#14555,#14556);
#12017=AXIS2_PLACEMENT_3D('',#17910,#14561,#14562);
#12018=AXIS2_PLACEMENT_3D('',#17919,#14567,#14568);
#12019=AXIS2_PLACEMENT_3D('',#17928,#14573,#14574);
#12020=AXIS2_PLACEMENT_3D('',#17937,#14579,#14580);
#12021=AXIS2_PLACEMENT_3D('',#17946,#14585,#14586);
#12022=AXIS2_PLACEMENT_3D('',#17955,#14591,#14592);
#12023=AXIS2_PLACEMENT_3D('',#17964,#14597,#14598);
#12024=AXIS2_PLACEMENT_3D('',#17973,#14603,#14604);
#12025=AXIS2_PLACEMENT_3D('',#17982,#14609,#14610);
#12026=AXIS2_PLACEMENT_3D('',#17991,#14615,#14616);
#12027=AXIS2_PLACEMENT_3D('',#18000,#14621,#14622);
#12028=AXIS2_PLACEMENT_3D('',#18009,#14627,#14628);
#12029=AXIS2_PLACEMENT_3D('',#18018,#14633,#14634);
#12030=AXIS2_PLACEMENT_3D('',#18027,#14639,#14640);
#12031=AXIS2_PLACEMENT_3D('',#18036,#14645,#14646);
#12032=AXIS2_PLACEMENT_3D('',#18045,#14651,#14652);
#12033=AXIS2_PLACEMENT_3D('',#18054,#14657,#14658);
#12034=AXIS2_PLACEMENT_3D('',#18063,#14663,#14664);
#12035=AXIS2_PLACEMENT_3D('',#18072,#14669,#14670);
#12036=AXIS2_PLACEMENT_3D('',#18081,#14675,#14676);
#12037=AXIS2_PLACEMENT_3D('',#18090,#14681,#14682);
#12038=AXIS2_PLACEMENT_3D('',#18099,#14687,#14688);
#12039=AXIS2_PLACEMENT_3D('',#18100,#14689,#14690);
#12040=AXIS2_PLACEMENT_3D('',#18101,#14691,#14692);
#12041=AXIS2_PLACEMENT_3D('',#18102,#14693,#14694);
#12042=AXIS2_PLACEMENT_3D('',#18103,#14695,#14696);
#12043=AXIS2_PLACEMENT_3D('',#18104,#14697,#14698);
#12044=AXIS2_PLACEMENT_3D('',#18105,#14699,#14700);
#12045=AXIS2_PLACEMENT_3D('',#18106,#14701,#14702);
#12046=AXIS2_PLACEMENT_3D('',#18107,#14703,#14704);
#12047=AXIS2_PLACEMENT_3D('',#18108,#14705,#14706);
#12048=AXIS2_PLACEMENT_3D('',#18109,#14707,#14708);
#12049=AXIS2_PLACEMENT_3D('',#18110,#14709,#14710);
#12050=AXIS2_PLACEMENT_3D('',#18111,#14711,#14712);
#12051=AXIS2_PLACEMENT_3D('',#18112,#14713,#14714);
#12052=AXIS2_PLACEMENT_3D('',#18113,#14715,#14716);
#12053=AXIS2_PLACEMENT_3D('',#18114,#14717,#14718);
#12054=AXIS2_PLACEMENT_3D('',#18115,#14719,#14720);
#12055=AXIS2_PLACEMENT_3D('',#18116,#14721,#14722);
#12056=AXIS2_PLACEMENT_3D('',#18117,#14723,#14724);
#12057=AXIS2_PLACEMENT_3D('',#18118,#14725,#14726);
#12058=AXIS2_PLACEMENT_3D('',#18119,#14727,#14728);
#12059=AXIS2_PLACEMENT_3D('',#18120,#14729,#14730);
#12060=AXIS2_PLACEMENT_3D('',#18121,#14731,#14732);
#12061=AXIS2_PLACEMENT_3D('',#18122,#14733,#14734);
#12062=AXIS2_PLACEMENT_3D('',#18123,#14735,#14736);
#12063=AXIS2_PLACEMENT_3D('',#18124,#14737,#14738);
#12064=AXIS2_PLACEMENT_3D('',#18125,#14739,#14740);
#12065=AXIS2_PLACEMENT_3D('',#18126,#14741,#14742);
#12066=AXIS2_PLACEMENT_3D('',#18127,#14743,#14744);
#12067=AXIS2_PLACEMENT_3D('',#18128,#14745,#14746);
#12068=AXIS2_PLACEMENT_3D('',#18129,#14747,#14748);
#12069=AXIS2_PLACEMENT_3D('',#18130,#14749,#14750);
#12070=AXIS2_PLACEMENT_3D('',#18131,#14751,#14752);
#12071=AXIS2_PLACEMENT_3D('',#18132,#14753,#14754);
#12072=AXIS2_PLACEMENT_3D('',#18133,#14755,#14756);
#12073=AXIS2_PLACEMENT_3D('',#18134,#14757,#14758);
#12074=AXIS2_PLACEMENT_3D('',#18135,#14759,#14760);
#12075=AXIS2_PLACEMENT_3D('',#18136,#14761,#14762);
#12076=AXIS2_PLACEMENT_3D('',#18137,#14763,#14764);
#12077=AXIS2_PLACEMENT_3D('',#18138,#14765,#14766);
#12078=AXIS2_PLACEMENT_3D('',#18139,#14767,#14768);
#12079=AXIS2_PLACEMENT_3D('',#18140,#14769,#14770);
#12080=AXIS2_PLACEMENT_3D('',#18141,#14771,#14772);
#12081=AXIS2_PLACEMENT_3D('',#18142,#14773,#14774);
#12082=AXIS2_PLACEMENT_3D('',#18143,#14775,#14776);
#12083=AXIS2_PLACEMENT_3D('',#18144,#14777,#14778);
#12084=AXIS2_PLACEMENT_3D('',#18145,#14779,#14780);
#12085=AXIS2_PLACEMENT_3D('',#18146,#14781,#14782);
#12086=AXIS2_PLACEMENT_3D('',#18147,#14783,#14784);
#12087=AXIS2_PLACEMENT_3D('',#18148,#14785,#14786);
#12088=AXIS2_PLACEMENT_3D('',#18149,#14787,#14788);
#12089=AXIS2_PLACEMENT_3D('',#18150,#14789,#14790);
#12090=AXIS2_PLACEMENT_3D('',#18151,#14791,#14792);
#12091=AXIS2_PLACEMENT_3D('',#18152,#14793,#14794);
#12092=AXIS2_PLACEMENT_3D('',#18153,#14795,#14796);
#12093=AXIS2_PLACEMENT_3D('',#18154,#14797,#14798);
#12094=AXIS2_PLACEMENT_3D('',#18155,#14799,#14800);
#12095=AXIS2_PLACEMENT_3D('',#18156,#14801,#14802);
#12096=AXIS2_PLACEMENT_3D('',#18157,#14803,#14804);
#12097=AXIS2_PLACEMENT_3D('',#18158,#14805,#14806);
#12098=AXIS2_PLACEMENT_3D('',#18159,#14807,#14808);
#12099=AXIS2_PLACEMENT_3D('',#18160,#14809,#14810);
#12100=AXIS2_PLACEMENT_3D('',#18161,#14811,#14812);
#12101=AXIS2_PLACEMENT_3D('',#18162,#14813,#14814);
#12102=AXIS2_PLACEMENT_3D('',#18163,#14815,#14816);
#12103=AXIS2_PLACEMENT_3D('',#18164,#14817,#14818);
#12104=AXIS2_PLACEMENT_3D('',#18165,#14819,#14820);
#12105=AXIS2_PLACEMENT_3D('',#18166,#14821,#14822);
#12106=AXIS2_PLACEMENT_3D('',#18167,#14823,#14824);
#12107=AXIS2_PLACEMENT_3D('',#18168,#14825,#14826);
#12108=AXIS2_PLACEMENT_3D('',#18169,#14827,#14828);
#12109=AXIS2_PLACEMENT_3D('',#18170,#14829,#14830);
#12110=AXIS2_PLACEMENT_3D('',#18171,#14831,#14832);
#12111=AXIS2_PLACEMENT_3D('',#18172,#14833,#14834);
#12112=AXIS2_PLACEMENT_3D('',#18173,#14835,#14836);
#12113=AXIS2_PLACEMENT_3D('',#18174,#14837,#14838);
#12114=AXIS2_PLACEMENT_3D('',#18183,#14843,#14844);
#12115=AXIS2_PLACEMENT_3D('',#18192,#14849,#14850);
#12116=AXIS2_PLACEMENT_3D('',#18201,#14855,#14856);
#12117=AXIS2_PLACEMENT_3D('',#18210,#14861,#14862);
#12118=AXIS2_PLACEMENT_3D('',#18219,#14867,#14868);
#12119=AXIS2_PLACEMENT_3D('',#18228,#14873,#14874);
#12120=AXIS2_PLACEMENT_3D('',#18237,#14879,#14880);
#12121=AXIS2_PLACEMENT_3D('',#18246,#14885,#14886);
#12122=AXIS2_PLACEMENT_3D('',#18255,#14891,#14892);
#12123=AXIS2_PLACEMENT_3D('',#18264,#14897,#14898);
#12124=AXIS2_PLACEMENT_3D('',#18273,#14903,#14904);
#12125=AXIS2_PLACEMENT_3D('',#18282,#14909,#14910);
#12126=AXIS2_PLACEMENT_3D('',#18291,#14915,#14916);
#12127=AXIS2_PLACEMENT_3D('',#18300,#14921,#14922);
#12128=AXIS2_PLACEMENT_3D('',#18309,#14927,#14928);
#12129=AXIS2_PLACEMENT_3D('',#18318,#14933,#14934);
#12130=AXIS2_PLACEMENT_3D('',#18327,#14939,#14940);
#12131=AXIS2_PLACEMENT_3D('',#18336,#14945,#14946);
#12132=AXIS2_PLACEMENT_3D('',#18345,#14951,#14952);
#12133=AXIS2_PLACEMENT_3D('',#18354,#14957,#14958);
#12134=AXIS2_PLACEMENT_3D('',#18363,#14963,#14964);
#12135=AXIS2_PLACEMENT_3D('',#18372,#14969,#14970);
#12136=AXIS2_PLACEMENT_3D('',#18381,#14975,#14976);
#12137=AXIS2_PLACEMENT_3D('',#18390,#14981,#14982);
#12138=AXIS2_PLACEMENT_3D('',#18399,#14987,#14988);
#12139=AXIS2_PLACEMENT_3D('',#18400,#14989,#14990);
#12140=AXIS2_PLACEMENT_3D('',#18401,#14991,#14992);
#12141=AXIS2_PLACEMENT_3D('',#18402,#14993,#14994);
#12142=AXIS2_PLACEMENT_3D('',#18403,#14995,#14996);
#12143=AXIS2_PLACEMENT_3D('',#18404,#14997,#14998);
#12144=AXIS2_PLACEMENT_3D('',#18405,#14999,#15000);
#12145=AXIS2_PLACEMENT_3D('',#18406,#15001,#15002);
#12146=AXIS2_PLACEMENT_3D('',#18407,#15003,#15004);
#12147=AXIS2_PLACEMENT_3D('',#18408,#15005,#15006);
#12148=AXIS2_PLACEMENT_3D('',#18409,#15007,#15008);
#12149=AXIS2_PLACEMENT_3D('',#18410,#15009,#15010);
#12150=AXIS2_PLACEMENT_3D('',#18411,#15011,#15012);
#12151=AXIS2_PLACEMENT_3D('',#18412,#15013,#15014);
#12152=AXIS2_PLACEMENT_3D('',#18413,#15015,#15016);
#12153=AXIS2_PLACEMENT_3D('',#18414,#15017,#15018);
#12154=AXIS2_PLACEMENT_3D('',#18415,#15019,#15020);
#12155=AXIS2_PLACEMENT_3D('',#18416,#15021,#15022);
#12156=AXIS2_PLACEMENT_3D('',#18417,#15023,#15024);
#12157=AXIS2_PLACEMENT_3D('',#18418,#15025,#15026);
#12158=AXIS2_PLACEMENT_3D('',#18419,#15027,#15028);
#12159=AXIS2_PLACEMENT_3D('',#18420,#15029,#15030);
#12160=AXIS2_PLACEMENT_3D('',#18421,#15031,#15032);
#12161=AXIS2_PLACEMENT_3D('',#18422,#15033,#15034);
#12162=AXIS2_PLACEMENT_3D('',#18423,#15035,#15036);
#12163=AXIS2_PLACEMENT_3D('',#18424,#15037,#15038);
#12164=AXIS2_PLACEMENT_3D('',#18425,#15039,#15040);
#12165=AXIS2_PLACEMENT_3D('',#18426,#15041,#15042);
#12166=AXIS2_PLACEMENT_3D('',#18427,#15043,#15044);
#12167=AXIS2_PLACEMENT_3D('',#18428,#15045,#15046);
#12168=AXIS2_PLACEMENT_3D('',#18429,#15047,#15048);
#12169=AXIS2_PLACEMENT_3D('',#18430,#15049,#15050);
#12170=AXIS2_PLACEMENT_3D('',#18431,#15051,#15052);
#12171=AXIS2_PLACEMENT_3D('',#18432,#15053,#15054);
#12172=AXIS2_PLACEMENT_3D('',#18433,#15055,#15056);
#12173=AXIS2_PLACEMENT_3D('',#18434,#15057,#15058);
#12174=AXIS2_PLACEMENT_3D('',#18435,#15059,#15060);
#12175=AXIS2_PLACEMENT_3D('',#18436,#15061,#15062);
#12176=AXIS2_PLACEMENT_3D('',#18437,#15063,#15064);
#12177=AXIS2_PLACEMENT_3D('',#18438,#15065,#15066);
#12178=AXIS2_PLACEMENT_3D('',#18439,#15067,#15068);
#12179=AXIS2_PLACEMENT_3D('',#18440,#15069,#15070);
#12180=AXIS2_PLACEMENT_3D('',#18441,#15071,#15072);
#12181=AXIS2_PLACEMENT_3D('',#18442,#15073,#15074);
#12182=AXIS2_PLACEMENT_3D('',#18443,#15075,#15076);
#12183=AXIS2_PLACEMENT_3D('',#18444,#15077,#15078);
#12184=AXIS2_PLACEMENT_3D('',#18445,#15079,#15080);
#12185=AXIS2_PLACEMENT_3D('',#18446,#15081,#15082);
#12186=AXIS2_PLACEMENT_3D('',#18447,#15083,#15084);
#12187=AXIS2_PLACEMENT_3D('',#18448,#15085,#15086);
#12188=AXIS2_PLACEMENT_3D('',#18449,#15087,#15088);
#12189=AXIS2_PLACEMENT_3D('',#18450,#15089,#15090);
#12190=AXIS2_PLACEMENT_3D('',#18451,#15091,#15092);
#12191=AXIS2_PLACEMENT_3D('',#18452,#15093,#15094);
#12192=AXIS2_PLACEMENT_3D('',#18453,#15095,#15096);
#12193=AXIS2_PLACEMENT_3D('',#18454,#15097,#15098);
#12194=AXIS2_PLACEMENT_3D('',#18455,#15099,#15100);
#12195=AXIS2_PLACEMENT_3D('',#18456,#15101,#15102);
#12196=AXIS2_PLACEMENT_3D('',#18457,#15103,#15104);
#12197=AXIS2_PLACEMENT_3D('',#18458,#15105,#15106);
#12198=AXIS2_PLACEMENT_3D('',#18459,#15107,#15108);
#12199=AXIS2_PLACEMENT_3D('',#18460,#15109,#15110);
#12200=AXIS2_PLACEMENT_3D('',#18461,#15111,#15112);
#12201=AXIS2_PLACEMENT_3D('',#18462,#15113,#15114);
#12202=AXIS2_PLACEMENT_3D('',#18463,#15115,#15116);
#12203=AXIS2_PLACEMENT_3D('',#18464,#15117,#15118);
#12204=AXIS2_PLACEMENT_3D('',#18465,#15119,#15120);
#12205=AXIS2_PLACEMENT_3D('',#18466,#15121,#15122);
#12206=AXIS2_PLACEMENT_3D('',#18467,#15123,#15124);
#12207=AXIS2_PLACEMENT_3D('',#18468,#15125,#15126);
#12208=AXIS2_PLACEMENT_3D('',#18469,#15127,#15128);
#12209=AXIS2_PLACEMENT_3D('',#18470,#15129,#15130);
#12210=AXIS2_PLACEMENT_3D('',#18471,#15131,#15132);
#12211=AXIS2_PLACEMENT_3D('',#18472,#15133,#15134);
#12212=AXIS2_PLACEMENT_3D('',#18473,#15135,#15136);
#12213=AXIS2_PLACEMENT_3D('',#18474,#15137,#15138);
#12214=AXIS2_PLACEMENT_3D('',#18575,#15239,#15240);
#12215=AXIS2_PLACEMENT_3D('',#18576,#15241,#15242);
#12216=AXIS2_PLACEMENT_3D('',#18577,#15243,#15244);
#12217=AXIS2_PLACEMENT_3D('',#18578,#15245,#15246);
#12218=AXIS2_PLACEMENT_3D('',#18579,#15247,#15248);
#12219=AXIS2_PLACEMENT_3D('',#18580,#15249,#15250);
#12220=AXIS2_PLACEMENT_3D('',#18581,#15251,#15252);
#12221=AXIS2_PLACEMENT_3D('',#18582,#15253,#15254);
#12222=AXIS2_PLACEMENT_3D('',#18583,#15255,#15256);
#12223=AXIS2_PLACEMENT_3D('',#18584,#15257,#15258);
#12224=AXIS2_PLACEMENT_3D('',#18585,#15259,#15260);
#12225=AXIS2_PLACEMENT_3D('',#18586,#15261,#15262);
#12226=AXIS2_PLACEMENT_3D('',#18587,#15263,#15264);
#12227=AXIS2_PLACEMENT_3D('',#18588,#15265,#15266);
#12228=AXIS2_PLACEMENT_3D('',#18589,#15267,#15268);
#12229=AXIS2_PLACEMENT_3D('',#18590,#15269,#15270);
#12230=AXIS2_PLACEMENT_3D('',#18591,#15271,#15272);
#12231=AXIS2_PLACEMENT_3D('',#18592,#15273,#15274);
#12232=AXIS2_PLACEMENT_3D('',#18593,#15275,#15276);
#12233=AXIS2_PLACEMENT_3D('',#18594,#15277,#15278);
#12234=AXIS2_PLACEMENT_3D('',#18595,#15279,#15280);
#12235=AXIS2_PLACEMENT_3D('',#18596,#15281,#15282);
#12236=AXIS2_PLACEMENT_3D('',#18597,#15283,#15284);
#12237=AXIS2_PLACEMENT_3D('',#18598,#15285,#15286);
#12238=AXIS2_PLACEMENT_3D('',#18599,#15287,#15288);
#12239=AXIS2_PLACEMENT_3D('',#18600,#15289,#15290);
#12240=AXIS2_PLACEMENT_3D('',#18601,#15291,#15292);
#12241=AXIS2_PLACEMENT_3D('',#18602,#15293,#15294);
#12242=AXIS2_PLACEMENT_3D('',#18603,#15295,#15296);
#12243=AXIS2_PLACEMENT_3D('',#18604,#15297,#15298);
#12244=AXIS2_PLACEMENT_3D('',#18605,#15299,#15300);
#12245=AXIS2_PLACEMENT_3D('',#18606,#15301,#15302);
#12246=AXIS2_PLACEMENT_3D('',#18607,#15303,#15304);
#12247=AXIS2_PLACEMENT_3D('',#18608,#15305,#15306);
#12248=AXIS2_PLACEMENT_3D('',#18609,#15307,#15308);
#12249=AXIS2_PLACEMENT_3D('',#18610,#15309,#15310);
#12250=AXIS2_PLACEMENT_3D('',#18611,#15311,#15312);
#12251=AXIS2_PLACEMENT_3D('',#18612,#15313,#15314);
#12252=AXIS2_PLACEMENT_3D('',#18613,#15315,#15316);
#12253=AXIS2_PLACEMENT_3D('',#18614,#15317,#15318);
#12254=AXIS2_PLACEMENT_3D('',#18615,#15319,#15320);
#12255=AXIS2_PLACEMENT_3D('',#18616,#15321,#15322);
#12256=AXIS2_PLACEMENT_3D('',#18617,#15323,#15324);
#12257=AXIS2_PLACEMENT_3D('',#18618,#15325,#15326);
#12258=AXIS2_PLACEMENT_3D('',#18619,#15327,#15328);
#12259=AXIS2_PLACEMENT_3D('',#18620,#15329,#15330);
#12260=AXIS2_PLACEMENT_3D('',#18621,#15331,#15332);
#12261=AXIS2_PLACEMENT_3D('',#18622,#15333,#15334);
#12262=AXIS2_PLACEMENT_3D('',#18623,#15335,#15336);
#12263=AXIS2_PLACEMENT_3D('',#18624,#15337,#15338);
#12264=AXIS2_PLACEMENT_3D('',#18625,#15339,#15340);
#12265=AXIS2_PLACEMENT_3D('',#18626,#15341,#15342);
#12266=AXIS2_PLACEMENT_3D('',#18627,#15343,#15344);
#12267=AXIS2_PLACEMENT_3D('',#18628,#15345,#15346);
#12268=AXIS2_PLACEMENT_3D('',#18629,#15347,#15348);
#12269=AXIS2_PLACEMENT_3D('',#18630,#15349,#15350);
#12270=AXIS2_PLACEMENT_3D('',#18631,#15351,#15352);
#12271=AXIS2_PLACEMENT_3D('',#18632,#15353,#15354);
#12272=AXIS2_PLACEMENT_3D('',#18633,#15355,#15356);
#12273=AXIS2_PLACEMENT_3D('',#18634,#15357,#15358);
#12274=AXIS2_PLACEMENT_3D('',#18635,#15359,#15360);
#12275=AXIS2_PLACEMENT_3D('',#18636,#15361,#15362);
#12276=AXIS2_PLACEMENT_3D('',#18637,#15363,#15364);
#12277=AXIS2_PLACEMENT_3D('',#18638,#15365,#15366);
#12278=AXIS2_PLACEMENT_3D('',#18639,#15367,#15368);
#12279=AXIS2_PLACEMENT_3D('',#18640,#15369,#15370);
#12280=AXIS2_PLACEMENT_3D('',#18641,#15371,#15372);
#12281=AXIS2_PLACEMENT_3D('',#18642,#15373,#15374);
#12282=AXIS2_PLACEMENT_3D('',#18643,#15375,#15376);
#12283=AXIS2_PLACEMENT_3D('',#18644,#15377,#15378);
#12284=AXIS2_PLACEMENT_3D('',#18645,#15379,#15380);
#12285=AXIS2_PLACEMENT_3D('',#18646,#15381,#15382);
#12286=AXIS2_PLACEMENT_3D('',#18647,#15383,#15384);
#12287=AXIS2_PLACEMENT_3D('',#18648,#15385,#15386);
#12288=AXIS2_PLACEMENT_3D('',#18649,#15387,#15388);
#12289=AXIS2_PLACEMENT_3D('',#18650,#15389,#15390);
#12290=AXIS2_PLACEMENT_3D('',#18651,#15391,#15392);
#12291=AXIS2_PLACEMENT_3D('',#18652,#15393,#15394);
#12292=AXIS2_PLACEMENT_3D('',#18653,#15395,#15396);
#12293=AXIS2_PLACEMENT_3D('',#18654,#15397,#15398);
#12294=AXIS2_PLACEMENT_3D('',#18655,#15399,#15400);
#12295=AXIS2_PLACEMENT_3D('',#18656,#15401,#15402);
#12296=AXIS2_PLACEMENT_3D('',#18657,#15403,#15404);
#12297=AXIS2_PLACEMENT_3D('',#18658,#15405,#15406);
#12298=AXIS2_PLACEMENT_3D('',#18659,#15407,#15408);
#12299=AXIS2_PLACEMENT_3D('',#18660,#15409,#15410);
#12300=AXIS2_PLACEMENT_3D('',#18661,#15411,#15412);
#12301=AXIS2_PLACEMENT_3D('',#18662,#15413,#15414);
#12302=AXIS2_PLACEMENT_3D('',#18663,#15415,#15416);
#12303=AXIS2_PLACEMENT_3D('',#18664,#15417,#15418);
#12304=AXIS2_PLACEMENT_3D('',#18665,#15419,#15420);
#12305=AXIS2_PLACEMENT_3D('',#18666,#15421,#15422);
#12306=AXIS2_PLACEMENT_3D('',#18667,#15423,#15424);
#12307=AXIS2_PLACEMENT_3D('',#18668,#15425,#15426);
#12308=AXIS2_PLACEMENT_3D('',#18669,#15427,#15428);
#12309=AXIS2_PLACEMENT_3D('',#18670,#15429,#15430);
#12310=AXIS2_PLACEMENT_3D('',#18671,#15431,#15432);
#12311=AXIS2_PLACEMENT_3D('',#18672,#15433,#15434);
#12312=AXIS2_PLACEMENT_3D('',#18673,#15435,#15436);
#12313=AXIS2_PLACEMENT_3D('',#18674,#15437,#15438);
#12314=AXIS2_PLACEMENT_3D('',#18675,#15439,#15440);
#12315=AXIS2_PLACEMENT_3D('',#18676,#15441,#15442);
#12316=DIRECTION('',(0.,0.,1.));
#12317=DIRECTION('',(1.,0.,0.));
#12318=DIRECTION('',(0.,0.,-1.));
#12319=DIRECTION('',(-1.,0.,0.));
#12320=DIRECTION('',(-1.,0.,0.));
#12321=DIRECTION('',(0.,1.,0.));
#12322=DIRECTION('',(1.,0.,0.));
#12323=DIRECTION('',(0.,-1.,0.));
#12324=DIRECTION('',(-1.,0.,0.));
#12325=DIRECTION('',(0.,1.,0.));
#12326=DIRECTION('',(1.,0.,0.));
#12327=DIRECTION('',(0.,-1.,0.));
#12328=DIRECTION('',(-1.,0.,0.));
#12329=DIRECTION('',(0.,-1.,0.));
#12330=DIRECTION('',(1.,0.,0.));
#12331=DIRECTION('',(0.,-1.,0.));
#12332=DIRECTION('',(1.,0.,2.00871176004725E-16));
#12333=DIRECTION('',(0.,-1.,0.));
#12334=DIRECTION('',(1.,0.,0.));
#12335=DIRECTION('',(0.,-1.,0.));
#12336=DIRECTION('',(1.,0.,-2.00871176004725E-16));
#12337=DIRECTION('',(0.,-1.,0.));
#12338=DIRECTION('',(1.,0.,0.));
#12339=DIRECTION('',(0.,-1.,0.));
#12340=DIRECTION('',(-1.,0.,0.));
#12341=DIRECTION('',(0.,1.,0.));
#12342=DIRECTION('',(1.,0.,0.));
#12343=DIRECTION('',(0.,-1.,0.));
#12344=DIRECTION('',(-1.,0.,0.));
#12345=DIRECTION('',(0.,1.,0.));
#12346=DIRECTION('',(1.,0.,0.));
#12347=DIRECTION('',(0.,-1.,0.));
#12348=DIRECTION('',(0.,0.,1.));
#12349=DIRECTION('',(1.,0.,0.));
#12350=DIRECTION('',(0.707106781186548,-0.707106781186547,0.));
#12351=DIRECTION('',(0.,-1.,0.));
#12352=DIRECTION('',(1.,0.,0.));
#12353=DIRECTION('',(0.,1.,0.));
#12354=DIRECTION('',(1.,0.,0.));
#12355=DIRECTION('',(0.,0.,-1.));
#12356=DIRECTION('',(-1.,0.,0.));
#12357=DIRECTION('',(-1.,0.,0.));
#12358=DIRECTION('',(0.,1.,0.));
#12359=DIRECTION('',(-0.707106781186548,0.707106781186547,0.));
#12360=DIRECTION('',(-1.,0.,0.));
#12361=DIRECTION('',(0.,1.,0.));
#12362=DIRECTION('',(0.,1.,0.));
#12363=DIRECTION('',(0.,0.,1.));
#12364=DIRECTION('',(0.,0.,1.));
#12365=DIRECTION('',(0.,0.,-1.));
#12366=DIRECTION('',(-1.,0.,0.));
#12367=DIRECTION('',(0.,0.,1.));
#12368=DIRECTION('',(-1.,0.,0.));
#12369=DIRECTION('',(0.,0.,1.));
#12370=DIRECTION('',(1.,0.,0.));
#12371=DIRECTION('',(0.,0.,1.));
#12372=DIRECTION('',(1.,0.,0.));
#12373=DIRECTION('',(0.,0.,-1.));
#12374=DIRECTION('',(0.707106781186547,0.707106781186548,0.));
#12375=DIRECTION('',(-0.707106781186547,0.707106781186548,0.));
#12376=DIRECTION('',(0.,0.,1.));
#12377=DIRECTION('',(0.577350269189626,-0.577350269189626,-0.577350269189626));
#12378=DIRECTION('',(0.,0.,1.));
#12379=DIRECTION('',(-0.707106781186547,0.707106781186548,0.));
#12380=DIRECTION('',(0.707106781186547,0.707106781186548,0.));
#12381=DIRECTION('',(0.707106781186548,0.707106781186547,0.));
#12382=DIRECTION('',(0.,0.,-1.));
#12383=DIRECTION('',(-0.577350269189626,-0.577350269189626,-0.577350269189626));
#12384=DIRECTION('',(0.,0.,-1.));
#12385=DIRECTION('',(0.,1.,0.));
#12386=DIRECTION('',(0.,0.,1.));
#12387=DIRECTION('',(0.,0.,-1.));
#12388=DIRECTION('',(0.,0.,-1.));
#12389=DIRECTION('',(1.,0.,0.));
#12390=DIRECTION('',(6.07077331925392E-16,0.,1.));
#12391=DIRECTION('',(-1.,0.,0.));
#12392=DIRECTION('',(0.,1.,0.));
#12393=DIRECTION('',(0.,0.,1.));
#12394=DIRECTION('',(0.,0.,-1.));
#12395=DIRECTION('',(1.,0.,0.));
#12396=DIRECTION('',(0.,0.,1.));
#12397=DIRECTION('',(0.,1.,0.));
#12398=DIRECTION('',(0.,0.,1.));
#12399=DIRECTION('',(0.,0.,1.));
#12400=DIRECTION('',(-1.,0.,0.));
#12401=DIRECTION('',(0.,0.,-1.));
#12402=DIRECTION('',(-1.,0.,0.));
#12403=DIRECTION('',(0.,0.,1.));
#12404=DIRECTION('',(-1.,0.,0.));
#12405=DIRECTION('',(0.,0.,1.));
#12406=DIRECTION('',(1.,0.,0.));
#12407=DIRECTION('',(-1.,0.,0.));
#12408=DIRECTION('',(0.,1.,0.));
#12409=DIRECTION('',(-1.,0.,0.));
#12410=DIRECTION('',(0.,1.,0.));
#12411=DIRECTION('',(0.,-1.,0.));
#12412=DIRECTION('',(-1.,0.,0.));
#12413=DIRECTION('',(0.,-1.,0.));
#12414=DIRECTION('',(0.,-1.,0.));
#12415=DIRECTION('',(-1.,0.,0.));
#12416=DIRECTION('',(0.,-1.,0.));
#12417=DIRECTION('',(1.,0.,-6.07077331925392E-16));
#12418=DIRECTION('',(-6.07077331925392E-16,0.,-1.));
#12419=DIRECTION('',(0.,-1.,0.));
#12420=DIRECTION('',(0.,0.,1.));
#12421=DIRECTION('',(-1.,0.,0.));
#12422=DIRECTION('',(0.,0.,1.));
#12423=DIRECTION('',(0.,-1.,0.));
#12424=DIRECTION('',(0.,0.,-1.));
#12425=DIRECTION('',(0.,0.,-1.));
#12426=DIRECTION('',(0.,1.,0.));
#12427=DIRECTION('',(0.,0.,1.));
#12428=DIRECTION('',(0.,0.,-1.));
#12429=DIRECTION('',(1.,0.,0.));
#12430=DIRECTION('',(0.,0.,1.));
#12431=DIRECTION('',(0.,0.707106781186548,0.707106781186547));
#12432=DIRECTION('',(0.,0.707106781186548,-0.707106781186547));
#12433=DIRECTION('',(0.,-0.707106781186547,0.707106781186548));
#12434=DIRECTION('',(0.577350269189626,-0.577350269189626,0.577350269189626));
#12435=DIRECTION('',(-1.,0.,0.));
#12436=DIRECTION('',(0.707106781186547,0.707106781186548,0.));
#12437=DIRECTION('',(-0.707106781186547,0.707106781186548,0.));
#12438=DIRECTION('',(0.,0.,1.));
#12439=DIRECTION('',(0.,0.,1.));
#12440=DIRECTION('',(0.,0.707106781186548,-0.707106781186547));
#12441=DIRECTION('',(0.,0.707106781186548,0.707106781186547));
#12442=DIRECTION('',(1.,0.,0.));
#12443=DIRECTION('',(-0.707106781186547,0.707106781186548,0.));
#12444=DIRECTION('',(0.707106781186547,0.707106781186548,0.));
#12445=DIRECTION('',(-0.707106781186548,-0.707106781186547,0.));
#12446=DIRECTION('',(0.,0.,-1.));
#12447=DIRECTION('',(0.707106781186547,0.707106781186548,0.));
#12448=DIRECTION('',(0.,0.,-1.));
#12449=DIRECTION('',(0.,0.,-1.));
#12450=DIRECTION('',(-1.,0.,0.));
#12451=DIRECTION('',(0.,-1.,0.));
#12452=DIRECTION('',(1.,0.,0.));
#12453=DIRECTION('',(-1.,0.,0.));
#12454=DIRECTION('',(0.,0.,1.));
#12455=DIRECTION('',(0.,0.,-1.));
#12456=DIRECTION('',(-1.,0.,0.));
#12457=DIRECTION('',(0.,0.,1.));
#12458=DIRECTION('',(0.,0.,-1.));
#12459=DIRECTION('',(0.,0.,-1.));
#12460=DIRECTION('',(0.,1.,0.));
#12461=DIRECTION('',(0.,0.,1.));
#12462=DIRECTION('',(1.,0.,0.));
#12463=DIRECTION('',(0.,0.,-1.));
#12464=DIRECTION('',(0.,0.,1.));
#12465=DIRECTION('',(0.,0.,-1.));
#12466=DIRECTION('',(1.,0.,0.));
#12467=DIRECTION('',(0.,0.,-1.));
#12468=DIRECTION('',(0.,-1.,0.));
#12469=DIRECTION('',(0.,0.,1.));
#12470=DIRECTION('',(0.,0.,-1.));
#12471=DIRECTION('',(-1.,0.,0.));
#12472=DIRECTION('',(1.,0.,0.));
#12473=DIRECTION('',(0.,1.,0.));
#12474=DIRECTION('',(0.,0.,1.));
#12475=DIRECTION('',(0.,-0.868243142124459,0.496138938356834));
#12476=DIRECTION('',(0.,-0.496138938356834,-0.868243142124459));
#12477=DIRECTION('',(0.,0.496138938356834,0.868243142124459));
#12478=DIRECTION('',(-1.,0.,0.));
#12479=DIRECTION('',(0.,0.496138938356834,0.868243142124459));
#12480=DIRECTION('',(0.,-0.868243142124459,-0.496138938356834));
#12481=DIRECTION('',(0.,0.496138938356834,-0.868243142124459));
#12482=DIRECTION('',(0.,-0.496138938356834,0.868243142124459));
#12483=DIRECTION('',(0.,-0.496138938356834,0.868243142124459));
#12484=DIRECTION('',(-1.,0.,0.));
#12485=DIRECTION('',(0.,-1.,-5.02177940011813E-17));
#12486=DIRECTION('',(0.,5.02177940011813E-17,-1.));
#12487=DIRECTION('',(0.,-5.02177940011813E-17,1.));
#12488=DIRECTION('',(0.,-5.02177940011813E-17,1.));
#12489=DIRECTION('',(1.,0.,0.));
#12490=DIRECTION('',(0.,0.,-1.));
#12491=DIRECTION('',(1.,0.,0.));
#12492=DIRECTION('',(0.,0.,-1.));
#12493=DIRECTION('',(0.,1.,0.));
#12494=DIRECTION('',(0.,0.,1.));
#12495=DIRECTION('',(0.,0.,-1.));
#12496=DIRECTION('',(1.,0.,0.));
#12497=DIRECTION('',(0.,0.,1.));
#12498=DIRECTION('',(1.,0.,0.));
#12499=DIRECTION('',(0.,0.,1.));
#12500=DIRECTION('',(-1.,0.,0.));
#12501=DIRECTION('',(0.,0.,1.));
#12502=DIRECTION('',(-1.,0.,0.));
#12503=DIRECTION('',(0.,0.,-1.));
#12504=DIRECTION('',(0.,1.,0.));
#12505=DIRECTION('',(0.,0.,1.));
#12506=DIRECTION('',(-1.,0.,0.));
#12507=DIRECTION('',(0.,0.,1.));
#12508=DIRECTION('',(-1.,0.,3.41480999208032E-15));
#12509=DIRECTION('',(0.,0.,-1.));
#12510=DIRECTION('',(-1.,0.,0.));
#12511=DIRECTION('',(0.,0.,-1.));
#12512=DIRECTION('',(1.,0.,0.));
#12513=DIRECTION('',(0.,0.,-1.));
#12514=DIRECTION('',(1.,0.,1.70740499604016E-15));
#12515=DIRECTION('',(0.,0.,1.));
#12516=DIRECTION('',(1.,0.,0.));
#12517=DIRECTION('',(0.,0.,-1.));
#12518=DIRECTION('',(-1.,0.,0.));
#12519=DIRECTION('',(0.,1.,0.));
#12520=DIRECTION('',(0.,1.,0.));
#12521=DIRECTION('',(-1.,0.,0.));
#12522=DIRECTION('',(0.,0.,1.));
#12523=DIRECTION('',(0.,1.,0.));
#12524=DIRECTION('',(0.,0.,1.));
#12525=DIRECTION('',(1.,0.,0.));
#12526=DIRECTION('',(0.,1.,0.));
#12527=DIRECTION('',(-1.,0.,0.));
#12528=DIRECTION('',(0.,0.,1.));
#12529=DIRECTION('',(0.,1.,0.));
#12530=DIRECTION('',(0.,0.,1.));
#12531=DIRECTION('',(1.,0.,0.));
#12532=DIRECTION('',(0.,1.,0.));
#12533=DIRECTION('',(1.,0.,0.));
#12534=DIRECTION('',(0.,0.,-1.));
#12535=DIRECTION('',(0.,0.,1.));
#12536=DIRECTION('',(1.,0.,0.));
#12537=DIRECTION('',(1.,0.,0.));
#12538=DIRECTION('',(0.,1.,0.));
#12539=DIRECTION('',(0.,1.,0.));
#12540=DIRECTION('',(-1.,0.,0.));
#12541=DIRECTION('',(0.,0.,1.));
#12542=DIRECTION('',(0.,1.,0.));
#12543=DIRECTION('',(0.,0.,1.));
#12544=DIRECTION('',(-1.70740499604016E-15,0.,1.));
#12545=DIRECTION('',(1.,0.,1.70740499604016E-15));
#12546=DIRECTION('',(0.,1.,0.));
#12547=DIRECTION('',(1.,0.,1.70740499604016E-15));
#12548=DIRECTION('',(1.,0.,0.));
#12549=DIRECTION('',(0.,0.,-1.));
#12550=DIRECTION('',(0.,1.,0.));
#12551=DIRECTION('',(0.,0.,-1.));
#12552=DIRECTION('',(0.,0.,1.));
#12553=DIRECTION('',(1.,0.,0.));
#12554=DIRECTION('',(0.,1.,0.));
#12555=DIRECTION('',(1.,0.,0.));
#12556=DIRECTION('',(1.,0.,0.));
#12557=DIRECTION('',(0.,0.,-1.));
#12558=DIRECTION('',(0.,1.,0.));
#12559=DIRECTION('',(0.,0.,-1.));
#12560=DIRECTION('',(0.,0.,-1.));
#12561=DIRECTION('',(-1.,0.,0.));
#12562=DIRECTION('',(0.,1.,0.));
#12563=DIRECTION('',(-1.,0.,0.));
#12564=DIRECTION('',(1.,0.,0.));
#12565=DIRECTION('',(0.,0.,-1.));
#12566=DIRECTION('',(0.,1.,0.));
#12567=DIRECTION('',(0.,0.,-1.));
#12568=DIRECTION('',(-3.41480999208032E-15,0.,-1.));
#12569=DIRECTION('',(-1.,0.,3.41480999208032E-15));
#12570=DIRECTION('',(0.,1.,0.));
#12571=DIRECTION('',(-1.,0.,3.41480999208032E-15));
#12572=DIRECTION('',(-1.,0.,0.));
#12573=DIRECTION('',(0.,0.,1.));
#12574=DIRECTION('',(0.,1.,0.));
#12575=DIRECTION('',(0.,0.,1.));
#12576=DIRECTION('',(0.,0.,-1.));
#12577=DIRECTION('',(-1.,0.,0.));
#12578=DIRECTION('',(0.,-1.,0.));
#12579=DIRECTION('',(-1.,0.,0.));
#12580=DIRECTION('',(1.,0.,0.));
#12581=DIRECTION('',(0.,0.,-1.));
#12582=DIRECTION('',(0.,1.,0.));
#12583=DIRECTION('',(0.,0.,-1.));
#12584=DIRECTION('',(-1.,0.,0.));
#12585=DIRECTION('',(0.,1.,0.));
#12586=DIRECTION('',(-1.,0.,0.));
#12587=DIRECTION('',(0.,0.,1.));
#12588=DIRECTION('',(0.,1.,0.));
#12589=DIRECTION('',(0.,0.,1.));
#12590=DIRECTION('',(0.,0.,-1.));
#12591=DIRECTION('',(0.,0.,-1.));
#12592=DIRECTION('',(-1.,0.,0.));
#12593=DIRECTION('',(-1.,0.,0.));
#12594=DIRECTION('',(0.,1.,0.));
#12595=DIRECTION('',(0.,1.,0.));
#12596=DIRECTION('',(-1.,0.,0.));
#12597=DIRECTION('',(0.,0.,1.));
#12598=DIRECTION('',(0.,1.,0.));
#12599=DIRECTION('',(0.,0.,1.));
#12600=DIRECTION('',(0.,0.,1.));
#12601=DIRECTION('',(1.,0.,0.));
#12602=DIRECTION('',(0.,1.,0.));
#12603=DIRECTION('',(1.,0.,0.));
#12604=DIRECTION('',(1.,0.,0.));
#12605=DIRECTION('',(0.,0.,-1.));
#12606=DIRECTION('',(0.,1.,0.));
#12607=DIRECTION('',(0.,0.,-1.));
#12608=DIRECTION('',(0.,1.,0.));
#12609=DIRECTION('',(0.,0.,1.));
#12610=DIRECTION('',(1.,0.,0.));
#12611=DIRECTION('',(0.,0.,1.));
#12612=DIRECTION('',(-1.,0.,0.));
#12613=DIRECTION('',(0.,0.,1.));
#12614=DIRECTION('',(0.,-1.,0.));
#12615=DIRECTION('',(0.,0.,1.));
#12616=DIRECTION('',(1.,0.,0.));
#12617=DIRECTION('',(0.,-1.,0.));
#12618=DIRECTION('',(0.,0.,-1.));
#12619=DIRECTION('',(0.,0.,-1.));
#12620=DIRECTION('',(-1.,0.,0.));
#12621=DIRECTION('',(0.,0.,-1.));
#12622=DIRECTION('',(1.,0.,0.));
#12623=DIRECTION('',(0.,0.,-1.));
#12624=DIRECTION('',(0.,0.,-1.));
#12625=DIRECTION('',(0.,-1.,0.));
#12626=DIRECTION('',(0.,1.,0.));
#12627=DIRECTION('',(0.,0.,1.));
#12628=DIRECTION('',(0.,0.,-1.));
#12629=DIRECTION('',(1.,0.,0.));
#12630=DIRECTION('',(-1.,0.,0.));
#12631=DIRECTION('',(0.,0.,1.));
#12632=DIRECTION('',(0.,1.,0.));
#12633=DIRECTION('',(0.,0.,1.));
#12634=DIRECTION('',(1.,0.,0.));
#12635=DIRECTION('',(0.,-1.,0.));
#12636=DIRECTION('',(0.,0.,-1.));
#12637=DIRECTION('',(0.,0.,-1.));
#12638=DIRECTION('',(-1.,0.,0.));
#12639=DIRECTION('',(0.,0.,-1.));
#12640=DIRECTION('',(1.,0.,0.));
#12641=DIRECTION('',(0.,0.,-1.));
#12642=DIRECTION('',(0.,0.,-1.));
#12643=DIRECTION('',(0.,-1.,0.));
#12644=DIRECTION('',(0.,1.,0.));
#12645=DIRECTION('',(0.,0.,1.));
#12646=DIRECTION('',(0.,0.,-1.));
#12647=DIRECTION('',(1.,0.,0.));
#12648=DIRECTION('',(-1.,0.,0.));
#12649=DIRECTION('',(0.,0.,1.));
#12650=DIRECTION('',(0.,1.,0.));
#12651=DIRECTION('',(0.,0.,1.));
#12652=DIRECTION('',(1.,0.,0.));
#12653=DIRECTION('',(0.,-1.,0.));
#12654=DIRECTION('',(0.,0.,-1.));
#12655=DIRECTION('',(0.,0.,-1.));
#12656=DIRECTION('',(-1.,0.,0.));
#12657=DIRECTION('',(0.,0.,-1.));
#12658=DIRECTION('',(1.,0.,0.));
#12659=DIRECTION('',(0.,0.,-1.));
#12660=DIRECTION('',(0.,0.,-1.));
#12661=DIRECTION('',(0.,-1.,0.));
#12662=DIRECTION('',(0.,1.,0.));
#12663=DIRECTION('',(0.,0.,1.));
#12664=DIRECTION('',(0.,0.,-1.));
#12665=DIRECTION('',(1.,0.,0.));
#12666=DIRECTION('',(-1.,0.,0.));
#12667=DIRECTION('',(0.,0.,1.));
#12668=DIRECTION('',(0.,1.,0.));
#12669=DIRECTION('',(0.,0.,1.));
#12670=DIRECTION('',(1.,0.,0.));
#12671=DIRECTION('',(0.,-1.,0.));
#12672=DIRECTION('',(0.,0.,-1.));
#12673=DIRECTION('',(0.,0.,-1.));
#12674=DIRECTION('',(-1.,0.,0.));
#12675=DIRECTION('',(0.,0.,-1.));
#12676=DIRECTION('',(1.,0.,0.));
#12677=DIRECTION('',(0.,0.,-1.));
#12678=DIRECTION('',(0.,0.,-1.));
#12679=DIRECTION('',(0.,-1.,0.));
#12680=DIRECTION('',(0.,1.,0.));
#12681=DIRECTION('',(0.,0.,1.));
#12682=DIRECTION('',(0.,0.,-1.));
#12683=DIRECTION('',(1.,0.,0.));
#12684=DIRECTION('',(-1.,0.,0.));
#12685=DIRECTION('',(0.,0.,1.));
#12686=DIRECTION('',(0.,1.,0.));
#12687=DIRECTION('',(0.,0.,1.));
#12688=DIRECTION('',(1.,0.,0.));
#12689=DIRECTION('',(0.,0.,1.));
#12690=DIRECTION('',(1.,0.,0.));
#12691=DIRECTION('',(1.,0.,0.));
#12692=DIRECTION('',(0.,0.,-1.));
#12693=DIRECTION('',(0.,-2.83856080591677E-17,-1.));
#12694=DIRECTION('',(0.,-1.,0.));
#12695=DIRECTION('',(0.,0.,1.));
#12696=DIRECTION('',(0.,-1.,0.));
#12697=DIRECTION('',(-1.,0.,0.));
#12698=DIRECTION('',(0.,0.,1.));
#12699=DIRECTION('',(0.,2.83856080591677E-17,1.));
#12700=DIRECTION('',(0.,-1.,0.));
#12701=DIRECTION('',(0.,0.,-1.));
#12702=DIRECTION('',(0.,-1.,0.));
#12703=DIRECTION('',(0.,0.,1.));
#12704=DIRECTION('',(1.,0.,0.));
#12705=DIRECTION('',(1.,0.,0.));
#12706=DIRECTION('',(-1.,0.,0.));
#12707=DIRECTION('',(0.,0.,-1.));
#12708=DIRECTION('',(-1.,0.,0.));
#12709=DIRECTION('',(-1.,0.,0.));
#12710=DIRECTION('',(1.,0.,0.));
#12711=DIRECTION('',(0.,1.,0.));
#12712=DIRECTION('',(0.,0.,1.));
#12713=DIRECTION('',(0.,1.,0.));
#12714=DIRECTION('',(1.,0.,0.));
#12715=DIRECTION('',(0.,1.,0.));
#12716=DIRECTION('',(1.,0.,0.));
#12717=DIRECTION('',(0.,1.,0.));
#12718=DIRECTION('',(1.,0.,0.));
#12719=DIRECTION('',(0.,1.,0.));
#12720=DIRECTION('',(1.,0.,0.));
#12721=DIRECTION('',(0.,1.,0.));
#12722=DIRECTION('',(1.,0.,0.));
#12723=DIRECTION('',(0.,1.,0.));
#12724=DIRECTION('',(1.,0.,0.));
#12725=DIRECTION('',(0.,1.,0.));
#12726=DIRECTION('',(1.,0.,0.));
#12727=DIRECTION('',(0.,1.,0.));
#12728=DIRECTION('',(1.,0.,0.));
#12729=DIRECTION('',(0.,1.,0.));
#12730=DIRECTION('',(1.,0.,0.));
#12731=DIRECTION('',(0.,1.,0.));
#12732=DIRECTION('',(1.,0.,0.));
#12733=DIRECTION('',(0.,1.,0.));
#12734=DIRECTION('',(1.,0.,0.));
#12735=DIRECTION('',(0.,1.,0.));
#12736=DIRECTION('',(1.,0.,0.));
#12737=DIRECTION('',(0.,1.,0.));
#12738=DIRECTION('',(1.,0.,0.));
#12739=DIRECTION('',(0.,1.,0.));
#12740=DIRECTION('',(1.,0.,0.));
#12741=DIRECTION('',(0.,1.,0.));
#12742=DIRECTION('',(1.,0.,0.));
#12743=DIRECTION('',(0.,1.,0.));
#12744=DIRECTION('',(1.,0.,0.));
#12745=DIRECTION('',(0.,1.,0.));
#12746=DIRECTION('',(1.,0.,0.));
#12747=DIRECTION('',(0.,1.,0.));
#12748=DIRECTION('',(1.,0.,0.));
#12749=DIRECTION('',(0.,1.,0.));
#12750=DIRECTION('',(1.,0.,0.));
#12751=DIRECTION('',(0.,1.,0.));
#12752=DIRECTION('',(1.,0.,0.));
#12753=DIRECTION('',(0.,1.,0.));
#12754=DIRECTION('',(1.,0.,0.));
#12755=DIRECTION('',(0.,1.,0.));
#12756=DIRECTION('',(1.,0.,0.));
#12757=DIRECTION('',(0.,1.,0.));
#12758=DIRECTION('',(1.,0.,0.));
#12759=DIRECTION('',(0.,1.,0.));
#12760=DIRECTION('',(1.,0.,0.));
#12761=DIRECTION('',(0.,1.,0.));
#12762=DIRECTION('',(1.,0.,0.));
#12763=DIRECTION('',(0.,1.,0.));
#12764=DIRECTION('',(1.,0.,0.));
#12765=DIRECTION('',(0.,1.,0.));
#12766=DIRECTION('',(1.,0.,0.));
#12767=DIRECTION('',(0.,1.,0.));
#12768=DIRECTION('',(1.,0.,0.));
#12769=DIRECTION('',(0.,1.,0.));
#12770=DIRECTION('',(1.,0.,0.));
#12771=DIRECTION('',(0.,1.,0.));
#12772=DIRECTION('',(1.,0.,0.));
#12773=DIRECTION('',(0.,1.,0.));
#12774=DIRECTION('',(1.,0.,0.));
#12775=DIRECTION('',(0.,1.,0.));
#12776=DIRECTION('',(1.,0.,0.));
#12777=DIRECTION('',(0.,1.,0.));
#12778=DIRECTION('',(1.,0.,0.));
#12779=DIRECTION('',(0.,1.,0.));
#12780=DIRECTION('',(1.,0.,0.));
#12781=DIRECTION('',(0.,1.,0.));
#12782=DIRECTION('',(1.,0.,0.));
#12783=DIRECTION('',(0.,1.,0.));
#12784=DIRECTION('',(1.,0.,0.));
#12785=DIRECTION('',(0.,1.,0.));
#12786=DIRECTION('',(1.,0.,0.));
#12787=DIRECTION('',(0.,1.,0.));
#12788=DIRECTION('',(1.,0.,0.));
#12789=DIRECTION('',(0.,1.,0.));
#12790=DIRECTION('',(1.,0.,0.));
#12791=DIRECTION('',(0.,1.,0.));
#12792=DIRECTION('',(1.,0.,0.));
#12793=DIRECTION('',(0.,1.,0.));
#12794=DIRECTION('',(1.,0.,0.));
#12795=DIRECTION('',(0.,1.,0.));
#12796=DIRECTION('',(1.,0.,0.));
#12797=DIRECTION('',(0.,1.,0.));
#12798=DIRECTION('',(1.,0.,0.));
#12799=DIRECTION('',(0.,1.,0.));
#12800=DIRECTION('',(1.,0.,0.));
#12801=DIRECTION('',(0.,1.,0.));
#12802=DIRECTION('',(1.,0.,0.));
#12803=DIRECTION('',(0.,1.,0.));
#12804=DIRECTION('',(1.,0.,0.));
#12805=DIRECTION('',(0.,1.,0.));
#12806=DIRECTION('',(1.,0.,0.));
#12807=DIRECTION('',(0.,1.,0.));
#12808=DIRECTION('',(1.,0.,0.));
#12809=DIRECTION('',(0.,1.,0.));
#12810=DIRECTION('',(1.,0.,0.));
#12811=DIRECTION('',(0.,1.,0.));
#12812=DIRECTION('',(1.,0.,0.));
#12813=DIRECTION('',(0.,-1.,0.));
#12814=DIRECTION('',(0.,0.,-1.));
#12815=DIRECTION('',(0.,1.,0.));
#12816=DIRECTION('',(0.,0.,1.));
#12817=DIRECTION('',(0.,-1.,0.));
#12818=DIRECTION('',(0.,0.,-1.));
#12819=DIRECTION('',(0.,1.,0.));
#12820=DIRECTION('',(0.,0.,1.));
#12821=DIRECTION('',(0.,-1.,0.));
#12822=DIRECTION('',(0.,0.,-1.));
#12823=DIRECTION('',(0.,1.,0.));
#12824=DIRECTION('',(0.,0.,1.));
#12825=DIRECTION('',(0.,-1.,0.));
#12826=DIRECTION('',(0.,0.,-1.));
#12827=DIRECTION('',(0.,1.,0.));
#12828=DIRECTION('',(0.,0.,1.));
#12829=DIRECTION('',(0.,-1.,0.));
#12830=DIRECTION('',(0.,0.,-1.));
#12831=DIRECTION('',(0.,1.,0.));
#12832=DIRECTION('',(0.,0.,1.));
#12833=DIRECTION('',(0.,-1.,0.));
#12834=DIRECTION('',(0.,0.,-1.));
#12835=DIRECTION('',(0.,1.,0.));
#12836=DIRECTION('',(0.,0.,1.));
#12837=DIRECTION('',(0.,-1.,0.));
#12838=DIRECTION('',(0.,0.,-1.));
#12839=DIRECTION('',(0.,1.,0.));
#12840=DIRECTION('',(0.,0.,1.));
#12841=DIRECTION('',(0.,-1.,0.));
#12842=DIRECTION('',(0.,0.,-1.));
#12843=DIRECTION('',(0.,1.,0.));
#12844=DIRECTION('',(0.,0.,1.));
#12845=DIRECTION('',(0.,-1.,0.));
#12846=DIRECTION('',(0.,0.,-1.));
#12847=DIRECTION('',(0.,1.,0.));
#12848=DIRECTION('',(0.,0.,1.));
#12849=DIRECTION('',(0.,-1.,0.));
#12850=DIRECTION('',(0.,0.,-1.));
#12851=DIRECTION('',(0.,1.,0.));
#12852=DIRECTION('',(0.,0.,1.));
#12853=DIRECTION('',(0.,-1.,0.));
#12854=DIRECTION('',(0.,0.,-1.));
#12855=DIRECTION('',(0.,1.,0.));
#12856=DIRECTION('',(0.,0.,1.));
#12857=DIRECTION('',(0.,-1.,0.));
#12858=DIRECTION('',(0.,0.,-1.));
#12859=DIRECTION('',(0.,1.,0.));
#12860=DIRECTION('',(0.,0.,1.));
#12861=DIRECTION('',(0.,-1.,0.));
#12862=DIRECTION('',(0.,0.,-1.));
#12863=DIRECTION('',(0.,1.,0.));
#12864=DIRECTION('',(0.,0.,1.));
#12865=DIRECTION('',(0.,-1.,0.));
#12866=DIRECTION('',(0.,0.,-1.));
#12867=DIRECTION('',(0.,1.,0.));
#12868=DIRECTION('',(0.,0.,1.));
#12869=DIRECTION('',(0.,-1.,0.));
#12870=DIRECTION('',(0.,0.,-1.));
#12871=DIRECTION('',(0.,1.,0.));
#12872=DIRECTION('',(0.,0.,1.));
#12873=DIRECTION('',(0.,-1.,0.));
#12874=DIRECTION('',(0.,0.,-1.));
#12875=DIRECTION('',(0.,1.,0.));
#12876=DIRECTION('',(0.,0.,1.));
#12877=DIRECTION('',(0.,-1.,0.));
#12878=DIRECTION('',(0.,0.,-1.));
#12879=DIRECTION('',(0.,1.,0.));
#12880=DIRECTION('',(0.,0.,1.));
#12881=DIRECTION('',(0.,-1.,0.));
#12882=DIRECTION('',(0.,0.,-1.));
#12883=DIRECTION('',(0.,1.,0.));
#12884=DIRECTION('',(0.,0.,1.));
#12885=DIRECTION('',(0.,-1.,0.));
#12886=DIRECTION('',(0.,0.,-1.));
#12887=DIRECTION('',(0.,1.,0.));
#12888=DIRECTION('',(0.,0.,1.));
#12889=DIRECTION('',(0.,-1.,0.));
#12890=DIRECTION('',(0.,0.,-1.));
#12891=DIRECTION('',(0.,1.,0.));
#12892=DIRECTION('',(0.,0.,1.));
#12893=DIRECTION('',(0.,-1.,0.));
#12894=DIRECTION('',(0.,0.,-1.));
#12895=DIRECTION('',(0.,1.,0.));
#12896=DIRECTION('',(0.,0.,1.));
#12897=DIRECTION('',(0.,-1.,0.));
#12898=DIRECTION('',(0.,0.,-1.));
#12899=DIRECTION('',(0.,1.,0.));
#12900=DIRECTION('',(0.,0.,1.));
#12901=DIRECTION('',(0.,-1.,0.));
#12902=DIRECTION('',(0.,0.,-1.));
#12903=DIRECTION('',(0.,1.,0.));
#12904=DIRECTION('',(0.,0.,1.));
#12905=DIRECTION('',(0.,-1.,0.));
#12906=DIRECTION('',(0.,0.,-1.));
#12907=DIRECTION('',(0.,1.,0.));
#12908=DIRECTION('',(0.,0.,1.));
#12909=DIRECTION('',(0.,-1.,0.));
#12910=DIRECTION('',(0.,0.,-1.));
#12911=DIRECTION('',(0.,1.,0.));
#12912=DIRECTION('',(0.,0.,1.));
#12913=DIRECTION('',(0.,-1.,0.));
#12914=DIRECTION('',(0.,0.,-1.));
#12915=DIRECTION('',(0.,1.,0.));
#12916=DIRECTION('',(0.,0.,1.));
#12917=DIRECTION('',(0.,-1.,0.));
#12918=DIRECTION('',(0.,0.,-1.));
#12919=DIRECTION('',(0.,1.,0.));
#12920=DIRECTION('',(0.,0.,1.));
#12921=DIRECTION('',(0.,-1.,0.));
#12922=DIRECTION('',(0.,0.,-1.));
#12923=DIRECTION('',(0.,1.,0.));
#12924=DIRECTION('',(0.,0.,1.));
#12925=DIRECTION('',(0.,-1.,0.));
#12926=DIRECTION('',(0.,0.,-1.));
#12927=DIRECTION('',(0.,1.,0.));
#12928=DIRECTION('',(0.,0.,1.));
#12929=DIRECTION('',(0.,-1.,0.));
#12930=DIRECTION('',(0.,0.,-1.));
#12931=DIRECTION('',(0.,1.,0.));
#12932=DIRECTION('',(0.,0.,1.));
#12933=DIRECTION('',(0.,-1.,0.));
#12934=DIRECTION('',(0.,0.,-1.));
#12935=DIRECTION('',(0.,1.,0.));
#12936=DIRECTION('',(0.,0.,1.));
#12937=DIRECTION('',(0.,-1.,0.));
#12938=DIRECTION('',(0.,0.,-1.));
#12939=DIRECTION('',(0.,1.,0.));
#12940=DIRECTION('',(0.,0.,1.));
#12941=DIRECTION('',(0.,-1.,0.));
#12942=DIRECTION('',(0.,0.,-1.));
#12943=DIRECTION('',(0.,1.,0.));
#12944=DIRECTION('',(0.,0.,1.));
#12945=DIRECTION('',(0.,-1.,0.));
#12946=DIRECTION('',(0.,0.,-1.));
#12947=DIRECTION('',(0.,1.,0.));
#12948=DIRECTION('',(0.,0.,1.));
#12949=DIRECTION('',(0.,-1.,0.));
#12950=DIRECTION('',(0.,0.,-1.));
#12951=DIRECTION('',(0.,1.,0.));
#12952=DIRECTION('',(0.,0.,1.));
#12953=DIRECTION('',(0.,-1.,0.));
#12954=DIRECTION('',(0.,0.,-1.));
#12955=DIRECTION('',(0.,1.,0.));
#12956=DIRECTION('',(0.,0.,1.));
#12957=DIRECTION('',(0.,-1.,0.));
#12958=DIRECTION('',(0.,0.,-1.));
#12959=DIRECTION('',(0.,1.,0.));
#12960=DIRECTION('',(0.,0.,1.));
#12961=DIRECTION('',(0.,-1.,0.));
#12962=DIRECTION('',(0.,0.,-1.));
#12963=DIRECTION('',(0.,1.,0.));
#12964=DIRECTION('',(0.,0.,1.));
#12965=DIRECTION('',(0.,-1.,0.));
#12966=DIRECTION('',(0.,0.,-1.));
#12967=DIRECTION('',(0.,1.,0.));
#12968=DIRECTION('',(0.,0.,1.));
#12969=DIRECTION('',(0.,-1.,0.));
#12970=DIRECTION('',(0.,0.,-1.));
#12971=DIRECTION('',(0.,1.,0.));
#12972=DIRECTION('',(0.,0.,1.));
#12973=DIRECTION('',(0.,-1.,0.));
#12974=DIRECTION('',(0.,0.,-1.));
#12975=DIRECTION('',(0.,1.,0.));
#12976=DIRECTION('',(0.,0.,1.));
#12977=DIRECTION('',(0.,-1.,0.));
#12978=DIRECTION('',(0.,0.,-1.));
#12979=DIRECTION('',(0.,1.,0.));
#12980=DIRECTION('',(0.,0.,1.));
#12981=DIRECTION('',(0.,-1.,0.));
#12982=DIRECTION('',(0.,0.,-1.));
#12983=DIRECTION('',(0.,1.,0.));
#12984=DIRECTION('',(0.,0.,1.));
#12985=DIRECTION('',(0.,-1.,0.));
#12986=DIRECTION('',(0.,0.,-1.));
#12987=DIRECTION('',(0.,1.,0.));
#12988=DIRECTION('',(0.,0.,1.));
#12989=DIRECTION('',(0.,-1.,0.));
#12990=DIRECTION('',(0.,0.,-1.));
#12991=DIRECTION('',(0.,1.,0.));
#12992=DIRECTION('',(0.,0.,1.));
#12993=DIRECTION('',(0.,-1.,0.));
#12994=DIRECTION('',(0.,0.,-1.));
#12995=DIRECTION('',(0.,1.,0.));
#12996=DIRECTION('',(0.,0.,1.));
#12997=DIRECTION('',(0.,-1.,0.));
#12998=DIRECTION('',(0.,0.,-1.));
#12999=DIRECTION('',(0.,1.,0.));
#13000=DIRECTION('',(0.,0.,1.));
#13001=DIRECTION('',(0.,-1.,0.));
#13002=DIRECTION('',(0.,0.,-1.));
#13003=DIRECTION('',(0.,1.,0.));
#13004=DIRECTION('',(0.,0.,1.));
#13005=DIRECTION('',(0.,-1.,0.));
#13006=DIRECTION('',(0.,0.,-1.));
#13007=DIRECTION('',(0.,1.,0.));
#13008=DIRECTION('',(0.,0.,1.));
#13009=DIRECTION('',(0.,-1.,0.));
#13010=DIRECTION('',(0.,0.,-1.));
#13011=DIRECTION('',(0.,1.,0.));
#13012=DIRECTION('',(0.,0.,1.));
#13013=DIRECTION('',(0.,1.,0.));
#13014=DIRECTION('',(0.,0.,1.));
#13015=DIRECTION('',(0.,1.,0.));
#13016=DIRECTION('',(0.,0.,1.));
#13017=DIRECTION('',(0.,1.,0.));
#13018=DIRECTION('',(0.,0.,1.));
#13019=DIRECTION('',(0.,1.,0.));
#13020=DIRECTION('',(0.,0.,1.));
#13021=DIRECTION('',(0.,1.,0.));
#13022=DIRECTION('',(0.,0.,1.));
#13023=DIRECTION('',(0.,1.,0.));
#13024=DIRECTION('',(0.,0.,1.));
#13025=DIRECTION('',(0.,1.,0.));
#13026=DIRECTION('',(0.,0.,1.));
#13027=DIRECTION('',(0.,1.,0.));
#13028=DIRECTION('',(0.,0.,1.));
#13029=DIRECTION('',(0.,1.,0.));
#13030=DIRECTION('',(0.,0.,1.));
#13031=DIRECTION('',(0.,1.,0.));
#13032=DIRECTION('',(0.,0.,1.));
#13033=DIRECTION('',(0.,1.,0.));
#13034=DIRECTION('',(0.,0.,1.));
#13035=DIRECTION('',(0.,1.,0.));
#13036=DIRECTION('',(0.,0.,1.));
#13037=DIRECTION('',(0.,1.,0.));
#13038=DIRECTION('',(0.,0.,1.));
#13039=DIRECTION('',(0.,1.,0.));
#13040=DIRECTION('',(0.,0.,1.));
#13041=DIRECTION('',(0.,1.,0.));
#13042=DIRECTION('',(0.,0.,1.));
#13043=DIRECTION('',(0.,1.,0.));
#13044=DIRECTION('',(0.,0.,1.));
#13045=DIRECTION('',(0.,1.,0.));
#13046=DIRECTION('',(0.,0.,1.));
#13047=DIRECTION('',(0.,1.,0.));
#13048=DIRECTION('',(0.,0.,1.));
#13049=DIRECTION('',(0.,1.,0.));
#13050=DIRECTION('',(0.,0.,1.));
#13051=DIRECTION('',(0.,1.,0.));
#13052=DIRECTION('',(0.,0.,1.));
#13053=DIRECTION('',(0.,1.,0.));
#13054=DIRECTION('',(0.,0.,1.));
#13055=DIRECTION('',(0.,1.,0.));
#13056=DIRECTION('',(0.,0.,1.));
#13057=DIRECTION('',(0.,1.,0.));
#13058=DIRECTION('',(0.,0.,1.));
#13059=DIRECTION('',(0.,1.,0.));
#13060=DIRECTION('',(0.,0.,1.));
#13061=DIRECTION('',(0.,1.,0.));
#13062=DIRECTION('',(0.,0.,1.));
#13063=DIRECTION('',(0.,1.,0.));
#13064=DIRECTION('',(0.,0.,1.));
#13065=DIRECTION('',(0.,1.,0.));
#13066=DIRECTION('',(0.,0.,1.));
#13067=DIRECTION('',(0.,1.,0.));
#13068=DIRECTION('',(0.,0.,1.));
#13069=DIRECTION('',(0.,1.,0.));
#13070=DIRECTION('',(0.,0.,1.));
#13071=DIRECTION('',(0.,1.,0.));
#13072=DIRECTION('',(0.,0.,1.));
#13073=DIRECTION('',(0.,1.,0.));
#13074=DIRECTION('',(0.,0.,1.));
#13075=DIRECTION('',(0.,1.,0.));
#13076=DIRECTION('',(0.,0.,1.));
#13077=DIRECTION('',(0.,1.,0.));
#13078=DIRECTION('',(0.,0.,1.));
#13079=DIRECTION('',(0.,1.,0.));
#13080=DIRECTION('',(0.,0.,1.));
#13081=DIRECTION('',(0.,1.,0.));
#13082=DIRECTION('',(0.,0.,1.));
#13083=DIRECTION('',(0.,1.,0.));
#13084=DIRECTION('',(0.,0.,1.));
#13085=DIRECTION('',(0.,1.,0.));
#13086=DIRECTION('',(0.,0.,1.));
#13087=DIRECTION('',(0.,1.,0.));
#13088=DIRECTION('',(0.,0.,1.));
#13089=DIRECTION('',(0.,1.,0.));
#13090=DIRECTION('',(0.,0.,1.));
#13091=DIRECTION('',(0.,1.,0.));
#13092=DIRECTION('',(0.,0.,1.));
#13093=DIRECTION('',(0.,1.,0.));
#13094=DIRECTION('',(0.,0.,1.));
#13095=DIRECTION('',(0.,1.,0.));
#13096=DIRECTION('',(0.,0.,1.));
#13097=DIRECTION('',(0.,1.,0.));
#13098=DIRECTION('',(0.,0.,1.));
#13099=DIRECTION('',(0.,1.,0.));
#13100=DIRECTION('',(0.,0.,1.));
#13101=DIRECTION('',(0.,1.,0.));
#13102=DIRECTION('',(0.,0.,1.));
#13103=DIRECTION('',(0.,1.,0.));
#13104=DIRECTION('',(0.,0.,1.));
#13105=DIRECTION('',(0.,1.,0.));
#13106=DIRECTION('',(0.,0.,1.));
#13107=DIRECTION('',(0.,1.,0.));
#13108=DIRECTION('',(0.,0.,1.));
#13109=DIRECTION('',(0.,1.,0.));
#13110=DIRECTION('',(0.,0.,1.));
#13111=DIRECTION('',(0.,1.,0.));
#13112=DIRECTION('',(0.,0.,1.));
#13113=DIRECTION('',(0.,-1.,2.83856080591677E-17));
#13114=DIRECTION('',(0.,-2.83856080591677E-17,-1.));
#13115=DIRECTION('',(0.,0.,1.));
#13116=DIRECTION('',(1.,0.,0.));
#13117=DIRECTION('',(1.,0.,0.));
#13118=DIRECTION('',(0.,0.,-1.));
#13119=DIRECTION('',(0.,-2.83856080591677E-17,1.));
#13120=DIRECTION('',(0.,-1.,0.));
#13121=DIRECTION('',(0.,1.27736034616471E-16,1.));
#13122=DIRECTION('',(0.,-1.,0.));
#13123=DIRECTION('',(-1.,0.,0.));
#13124=DIRECTION('',(0.,0.,1.));
#13125=DIRECTION('',(0.,2.83856080591677E-17,-1.));
#13126=DIRECTION('',(0.,-1.,0.));
#13127=DIRECTION('',(0.,1.27736034616471E-16,1.));
#13128=DIRECTION('',(0.,-1.,0.));
#13129=DIRECTION('',(0.,0.,1.));
#13130=DIRECTION('',(1.,0.,0.));
#13131=DIRECTION('',(-1.,0.,0.));
#13132=DIRECTION('',(1.,0.,0.));
#13133=DIRECTION('',(0.,0.,-1.));
#13134=DIRECTION('',(-1.,0.,0.));
#13135=DIRECTION('',(1.,0.,0.));
#13136=DIRECTION('',(-1.,0.,0.));
#13137=DIRECTION('',(0.,0.,-1.));
#13138=DIRECTION('',(-1.,0.,0.));
#13139=DIRECTION('',(0.,-1.,0.));
#13140=DIRECTION('',(-1.,0.,0.));
#13141=DIRECTION('',(0.,1.,0.));
#13142=DIRECTION('',(1.,0.,0.));
#13143=DIRECTION('',(0.,0.,-1.));
#13144=DIRECTION('',(-1.,0.,0.));
#13145=DIRECTION('',(0.,-1.,0.));
#13146=DIRECTION('',(-1.,0.,0.));
#13147=DIRECTION('',(0.,1.,0.));
#13148=DIRECTION('',(1.,0.,0.));
#13149=DIRECTION('',(0.,0.,-1.));
#13150=DIRECTION('',(-1.,0.,0.));
#13151=DIRECTION('',(0.,-1.,0.));
#13152=DIRECTION('',(-1.,0.,0.));
#13153=DIRECTION('',(0.,1.,0.));
#13154=DIRECTION('',(1.,0.,0.));
#13155=DIRECTION('',(0.,0.,-1.));
#13156=DIRECTION('',(-1.,0.,0.));
#13157=DIRECTION('',(0.,-1.,0.));
#13158=DIRECTION('',(-1.,0.,0.));
#13159=DIRECTION('',(0.,1.,0.));
#13160=DIRECTION('',(1.,0.,0.));
#13161=DIRECTION('',(0.,0.,-1.));
#13162=DIRECTION('',(-1.,0.,0.));
#13163=DIRECTION('',(0.,-1.,0.));
#13164=DIRECTION('',(-1.,0.,0.));
#13165=DIRECTION('',(0.,1.,0.));
#13166=DIRECTION('',(1.,0.,0.));
#13167=DIRECTION('',(0.,0.,-1.));
#13168=DIRECTION('',(-1.,0.,0.));
#13169=DIRECTION('',(0.,-1.,0.));
#13170=DIRECTION('',(-1.,0.,0.));
#13171=DIRECTION('',(0.,1.,0.));
#13172=DIRECTION('',(1.,0.,0.));
#13173=DIRECTION('',(0.,0.,-1.));
#13174=DIRECTION('',(-1.,0.,0.));
#13175=DIRECTION('',(0.,-1.,0.));
#13176=DIRECTION('',(-1.,0.,0.));
#13177=DIRECTION('',(0.,1.,0.));
#13178=DIRECTION('',(1.,0.,0.));
#13179=DIRECTION('',(0.,0.,-1.));
#13180=DIRECTION('',(-1.,0.,0.));
#13181=DIRECTION('',(0.,-1.,0.));
#13182=DIRECTION('',(-1.,0.,0.));
#13183=DIRECTION('',(0.,1.,0.));
#13184=DIRECTION('',(1.,0.,0.));
#13185=DIRECTION('',(0.,0.,-1.));
#13186=DIRECTION('',(-1.,0.,0.));
#13187=DIRECTION('',(0.,-1.,0.));
#13188=DIRECTION('',(-1.,0.,0.));
#13189=DIRECTION('',(0.,1.,0.));
#13190=DIRECTION('',(1.,0.,0.));
#13191=DIRECTION('',(0.,0.,-1.));
#13192=DIRECTION('',(-1.,0.,0.));
#13193=DIRECTION('',(0.,-1.,0.));
#13194=DIRECTION('',(-1.,0.,0.));
#13195=DIRECTION('',(0.,1.,0.));
#13196=DIRECTION('',(1.,0.,0.));
#13197=DIRECTION('',(0.,0.,-1.));
#13198=DIRECTION('',(-1.,0.,0.));
#13199=DIRECTION('',(0.,-1.,0.));
#13200=DIRECTION('',(-1.,0.,0.));
#13201=DIRECTION('',(0.,1.,0.));
#13202=DIRECTION('',(1.,0.,0.));
#13203=DIRECTION('',(0.,0.,-1.));
#13204=DIRECTION('',(-1.,0.,0.));
#13205=DIRECTION('',(0.,-1.,0.));
#13206=DIRECTION('',(-1.,0.,0.));
#13207=DIRECTION('',(0.,1.,0.));
#13208=DIRECTION('',(1.,0.,0.));
#13209=DIRECTION('',(0.,0.,-1.));
#13210=DIRECTION('',(-1.,0.,0.));
#13211=DIRECTION('',(0.,-1.,0.));
#13212=DIRECTION('',(-1.,0.,0.));
#13213=DIRECTION('',(0.,1.,0.));
#13214=DIRECTION('',(1.,0.,0.));
#13215=DIRECTION('',(0.,0.,-1.));
#13216=DIRECTION('',(-1.,0.,0.));
#13217=DIRECTION('',(0.,-1.,0.));
#13218=DIRECTION('',(-1.,0.,0.));
#13219=DIRECTION('',(0.,1.,0.));
#13220=DIRECTION('',(1.,0.,0.));
#13221=DIRECTION('',(0.,0.,-1.));
#13222=DIRECTION('',(-1.,0.,0.));
#13223=DIRECTION('',(0.,-1.,0.));
#13224=DIRECTION('',(-1.,0.,0.));
#13225=DIRECTION('',(0.,1.,0.));
#13226=DIRECTION('',(1.,0.,0.));
#13227=DIRECTION('',(0.,0.,-1.));
#13228=DIRECTION('',(-1.,0.,0.));
#13229=DIRECTION('',(0.,-1.,0.));
#13230=DIRECTION('',(-1.,0.,0.));
#13231=DIRECTION('',(0.,1.,0.));
#13232=DIRECTION('',(1.,0.,0.));
#13233=DIRECTION('',(0.,0.,-1.));
#13234=DIRECTION('',(-1.,0.,0.));
#13235=DIRECTION('',(0.,-1.,0.));
#13236=DIRECTION('',(-1.,0.,0.));
#13237=DIRECTION('',(0.,1.,0.));
#13238=DIRECTION('',(1.,0.,0.));
#13239=DIRECTION('',(0.,0.,-1.));
#13240=DIRECTION('',(-1.,0.,0.));
#13241=DIRECTION('',(0.,-1.,0.));
#13242=DIRECTION('',(-1.,0.,0.));
#13243=DIRECTION('',(0.,1.,0.));
#13244=DIRECTION('',(1.,0.,0.));
#13245=DIRECTION('',(0.,0.,-1.));
#13246=DIRECTION('',(-1.,0.,0.));
#13247=DIRECTION('',(0.,-1.,0.));
#13248=DIRECTION('',(-1.,0.,0.));
#13249=DIRECTION('',(0.,1.,0.));
#13250=DIRECTION('',(1.,0.,0.));
#13251=DIRECTION('',(0.,0.,-1.));
#13252=DIRECTION('',(-1.,0.,0.));
#13253=DIRECTION('',(0.,-1.,0.));
#13254=DIRECTION('',(-1.,0.,0.));
#13255=DIRECTION('',(0.,1.,0.));
#13256=DIRECTION('',(1.,0.,0.));
#13257=DIRECTION('',(0.,0.,-1.));
#13258=DIRECTION('',(-1.,0.,0.));
#13259=DIRECTION('',(0.,-1.,0.));
#13260=DIRECTION('',(-1.,0.,0.));
#13261=DIRECTION('',(0.,1.,0.));
#13262=DIRECTION('',(1.,0.,0.));
#13263=DIRECTION('',(0.,0.,-1.));
#13264=DIRECTION('',(-1.,0.,0.));
#13265=DIRECTION('',(0.,-1.,0.));
#13266=DIRECTION('',(-1.,0.,0.));
#13267=DIRECTION('',(0.,1.,0.));
#13268=DIRECTION('',(1.,0.,0.));
#13269=DIRECTION('',(0.,0.,-1.));
#13270=DIRECTION('',(-1.,0.,0.));
#13271=DIRECTION('',(0.,-1.,0.));
#13272=DIRECTION('',(-1.,0.,0.));
#13273=DIRECTION('',(0.,1.,0.));
#13274=DIRECTION('',(1.,0.,0.));
#13275=DIRECTION('',(0.,0.,-1.));
#13276=DIRECTION('',(-1.,0.,0.));
#13277=DIRECTION('',(0.,-1.,0.));
#13278=DIRECTION('',(-1.,0.,0.));
#13279=DIRECTION('',(0.,1.,0.));
#13280=DIRECTION('',(1.,0.,0.));
#13281=DIRECTION('',(0.,0.,-1.));
#13282=DIRECTION('',(-1.,0.,0.));
#13283=DIRECTION('',(0.,-1.,0.));
#13284=DIRECTION('',(-1.,0.,0.));
#13285=DIRECTION('',(0.,1.,0.));
#13286=DIRECTION('',(1.,0.,0.));
#13287=DIRECTION('',(0.,0.,-1.));
#13288=DIRECTION('',(-1.,0.,0.));
#13289=DIRECTION('',(0.,-1.,0.));
#13290=DIRECTION('',(-1.,0.,0.));
#13291=DIRECTION('',(0.,1.,0.));
#13292=DIRECTION('',(-1.,0.,0.));
#13293=DIRECTION('',(0.,0.,-1.));
#13294=DIRECTION('',(-1.,0.,0.));
#13295=DIRECTION('',(0.,-1.,0.));
#13296=DIRECTION('',(-1.,0.,0.));
#13297=DIRECTION('',(0.,1.,0.));
#13298=DIRECTION('',(-1.,0.,0.));
#13299=DIRECTION('',(0.,0.,-1.));
#13300=DIRECTION('',(-1.,0.,0.));
#13301=DIRECTION('',(0.,-1.,0.));
#13302=DIRECTION('',(-1.,0.,0.));
#13303=DIRECTION('',(0.,1.,0.));
#13304=DIRECTION('',(-1.,0.,0.));
#13305=DIRECTION('',(0.,0.,-1.));
#13306=DIRECTION('',(-1.,0.,0.));
#13307=DIRECTION('',(0.,-1.,0.));
#13308=DIRECTION('',(-1.,0.,0.));
#13309=DIRECTION('',(0.,1.,0.));
#13310=DIRECTION('',(-1.,0.,0.));
#13311=DIRECTION('',(0.,0.,-1.));
#13312=DIRECTION('',(-1.,0.,0.));
#13313=DIRECTION('',(0.,-1.,0.));
#13314=DIRECTION('',(-1.,0.,0.));
#13315=DIRECTION('',(0.,1.,0.));
#13316=DIRECTION('',(-1.,0.,0.));
#13317=DIRECTION('',(0.,0.,-1.));
#13318=DIRECTION('',(-1.,0.,0.));
#13319=DIRECTION('',(0.,-1.,0.));
#13320=DIRECTION('',(-1.,0.,0.));
#13321=DIRECTION('',(0.,1.,0.));
#13322=DIRECTION('',(-1.,0.,0.));
#13323=DIRECTION('',(0.,0.,-1.));
#13324=DIRECTION('',(-1.,0.,0.));
#13325=DIRECTION('',(0.,-1.,0.));
#13326=DIRECTION('',(-1.,0.,0.));
#13327=DIRECTION('',(0.,1.,0.));
#13328=DIRECTION('',(-1.,0.,0.));
#13329=DIRECTION('',(0.,0.,-1.));
#13330=DIRECTION('',(-1.,0.,0.));
#13331=DIRECTION('',(0.,-1.,0.));
#13332=DIRECTION('',(-1.,0.,0.));
#13333=DIRECTION('',(0.,1.,0.));
#13334=DIRECTION('',(-1.,0.,0.));
#13335=DIRECTION('',(0.,0.,-1.));
#13336=DIRECTION('',(-1.,0.,0.));
#13337=DIRECTION('',(0.,-1.,0.));
#13338=DIRECTION('',(-1.,0.,0.));
#13339=DIRECTION('',(0.,1.,0.));
#13340=DIRECTION('',(-1.,0.,0.));
#13341=DIRECTION('',(0.,0.,-1.));
#13342=DIRECTION('',(-1.,0.,0.));
#13343=DIRECTION('',(0.,-1.,0.));
#13344=DIRECTION('',(-1.,0.,0.));
#13345=DIRECTION('',(0.,1.,0.));
#13346=DIRECTION('',(-1.,0.,0.));
#13347=DIRECTION('',(0.,0.,-1.));
#13348=DIRECTION('',(-1.,0.,0.));
#13349=DIRECTION('',(0.,-1.,0.));
#13350=DIRECTION('',(-1.,0.,0.));
#13351=DIRECTION('',(0.,1.,0.));
#13352=DIRECTION('',(-1.,0.,0.));
#13353=DIRECTION('',(0.,0.,-1.));
#13354=DIRECTION('',(-1.,0.,0.));
#13355=DIRECTION('',(0.,-1.,0.));
#13356=DIRECTION('',(-1.,0.,0.));
#13357=DIRECTION('',(0.,1.,0.));
#13358=DIRECTION('',(-1.,0.,0.));
#13359=DIRECTION('',(0.,0.,-1.));
#13360=DIRECTION('',(-1.,0.,0.));
#13361=DIRECTION('',(0.,-1.,0.));
#13362=DIRECTION('',(-1.,0.,0.));
#13363=DIRECTION('',(0.,1.,0.));
#13364=DIRECTION('',(-1.,0.,0.));
#13365=DIRECTION('',(0.,0.,-1.));
#13366=DIRECTION('',(-1.,0.,0.));
#13367=DIRECTION('',(0.,-1.,0.));
#13368=DIRECTION('',(-1.,0.,0.));
#13369=DIRECTION('',(0.,1.,0.));
#13370=DIRECTION('',(-1.,0.,0.));
#13371=DIRECTION('',(0.,0.,-1.));
#13372=DIRECTION('',(-1.,0.,0.));
#13373=DIRECTION('',(0.,-1.,0.));
#13374=DIRECTION('',(-1.,0.,0.));
#13375=DIRECTION('',(0.,1.,0.));
#13376=DIRECTION('',(-1.,0.,0.));
#13377=DIRECTION('',(0.,0.,-1.));
#13378=DIRECTION('',(-1.,0.,0.));
#13379=DIRECTION('',(0.,-1.,0.));
#13380=DIRECTION('',(-1.,0.,0.));
#13381=DIRECTION('',(0.,1.,0.));
#13382=DIRECTION('',(-1.,0.,0.));
#13383=DIRECTION('',(0.,0.,-1.));
#13384=DIRECTION('',(-1.,0.,0.));
#13385=DIRECTION('',(0.,-1.,0.));
#13386=DIRECTION('',(-1.,0.,0.));
#13387=DIRECTION('',(0.,1.,0.));
#13388=DIRECTION('',(-1.,0.,0.));
#13389=DIRECTION('',(0.,0.,-1.));
#13390=DIRECTION('',(-1.,0.,0.));
#13391=DIRECTION('',(0.,-1.,0.));
#13392=DIRECTION('',(-1.,0.,0.));
#13393=DIRECTION('',(0.,1.,0.));
#13394=DIRECTION('',(-1.,0.,0.));
#13395=DIRECTION('',(0.,0.,-1.));
#13396=DIRECTION('',(-1.,0.,0.));
#13397=DIRECTION('',(0.,-1.,0.));
#13398=DIRECTION('',(-1.,0.,0.));
#13399=DIRECTION('',(0.,1.,0.));
#13400=DIRECTION('',(-1.,0.,0.));
#13401=DIRECTION('',(0.,0.,-1.));
#13402=DIRECTION('',(-1.,0.,0.));
#13403=DIRECTION('',(0.,-1.,0.));
#13404=DIRECTION('',(-1.,0.,0.));
#13405=DIRECTION('',(0.,1.,0.));
#13406=DIRECTION('',(-1.,0.,0.));
#13407=DIRECTION('',(0.,0.,-1.));
#13408=DIRECTION('',(-1.,0.,0.));
#13409=DIRECTION('',(0.,-1.,0.));
#13410=DIRECTION('',(-1.,0.,0.));
#13411=DIRECTION('',(0.,1.,0.));
#13412=DIRECTION('',(-1.,0.,0.));
#13413=DIRECTION('',(0.,0.,-1.));
#13414=DIRECTION('',(-1.,0.,0.));
#13415=DIRECTION('',(0.,-1.,0.));
#13416=DIRECTION('',(-1.,0.,0.));
#13417=DIRECTION('',(0.,1.,0.));
#13418=DIRECTION('',(-1.,0.,0.));
#13419=DIRECTION('',(0.,0.,-1.));
#13420=DIRECTION('',(-1.,0.,0.));
#13421=DIRECTION('',(0.,-1.,0.));
#13422=DIRECTION('',(-1.,0.,0.));
#13423=DIRECTION('',(0.,1.,0.));
#13424=DIRECTION('',(-1.,0.,0.));
#13425=DIRECTION('',(0.,0.,-1.));
#13426=DIRECTION('',(-1.,0.,0.));
#13427=DIRECTION('',(0.,-1.,0.));
#13428=DIRECTION('',(-1.,0.,0.));
#13429=DIRECTION('',(0.,1.,0.));
#13430=DIRECTION('',(-1.,0.,0.));
#13431=DIRECTION('',(0.,0.,-1.));
#13432=DIRECTION('',(-1.,0.,0.));
#13433=DIRECTION('',(0.,-1.,0.));
#13434=DIRECTION('',(-1.,0.,0.));
#13435=DIRECTION('',(0.,1.,0.));
#13436=DIRECTION('',(-1.,0.,0.));
#13437=DIRECTION('',(0.,1.,0.));
#13438=DIRECTION('',(0.,0.,1.));
#13439=DIRECTION('',(0.,0.,-1.));
#13440=DIRECTION('',(0.,0.,-1.));
#13441=DIRECTION('',(-1.,0.,0.));
#13442=DIRECTION('',(0.,1.,0.));
#13443=DIRECTION('',(0.,0.,1.));
#13444=DIRECTION('',(0.,0.,-1.));
#13445=DIRECTION('',(0.,0.,-1.));
#13446=DIRECTION('',(-1.,0.,0.));
#13447=DIRECTION('',(0.,1.,0.));
#13448=DIRECTION('',(0.,0.,1.));
#13449=DIRECTION('',(0.,0.,-1.));
#13450=DIRECTION('',(0.,0.,-1.));
#13451=DIRECTION('',(-1.,0.,0.));
#13452=DIRECTION('',(0.,1.,0.));
#13453=DIRECTION('',(0.,0.,1.));
#13454=DIRECTION('',(0.,0.,-1.));
#13455=DIRECTION('',(0.,0.,-1.));
#13456=DIRECTION('',(-1.,0.,0.));
#13457=DIRECTION('',(0.,1.,0.));
#13458=DIRECTION('',(0.,0.,1.));
#13459=DIRECTION('',(0.,0.,-1.));
#13460=DIRECTION('',(0.,0.,-1.));
#13461=DIRECTION('',(-1.,0.,0.));
#13462=DIRECTION('',(0.,1.,0.));
#13463=DIRECTION('',(0.,0.,1.));
#13464=DIRECTION('',(0.,0.,-1.));
#13465=DIRECTION('',(0.,0.,-1.));
#13466=DIRECTION('',(-1.,0.,0.));
#13467=DIRECTION('',(0.,1.,0.));
#13468=DIRECTION('',(0.,0.,1.));
#13469=DIRECTION('',(0.,0.,-1.));
#13470=DIRECTION('',(0.,0.,-1.));
#13471=DIRECTION('',(-1.,0.,0.));
#13472=DIRECTION('',(0.,1.,0.));
#13473=DIRECTION('',(0.,0.,1.));
#13474=DIRECTION('',(0.,0.,-1.));
#13475=DIRECTION('',(0.,0.,-1.));
#13476=DIRECTION('',(-1.,0.,0.));
#13477=DIRECTION('',(0.,1.,0.));
#13478=DIRECTION('',(0.,0.,1.));
#13479=DIRECTION('',(0.,0.,-1.));
#13480=DIRECTION('',(0.,0.,-1.));
#13481=DIRECTION('',(-1.,0.,0.));
#13482=DIRECTION('',(0.,1.,0.));
#13483=DIRECTION('',(0.,0.,1.));
#13484=DIRECTION('',(0.,0.,-1.));
#13485=DIRECTION('',(0.,0.,-1.));
#13486=DIRECTION('',(-1.,0.,0.));
#13487=DIRECTION('',(0.,1.,0.));
#13488=DIRECTION('',(0.,0.,1.));
#13489=DIRECTION('',(0.,0.,-1.));
#13490=DIRECTION('',(0.,0.,-1.));
#13491=DIRECTION('',(-1.,0.,0.));
#13492=DIRECTION('',(0.,1.,0.));
#13493=DIRECTION('',(0.,0.,1.));
#13494=DIRECTION('',(0.,0.,-1.));
#13495=DIRECTION('',(0.,0.,-1.));
#13496=DIRECTION('',(-1.,0.,0.));
#13497=DIRECTION('',(0.,1.,0.));
#13498=DIRECTION('',(0.,0.,1.));
#13499=DIRECTION('',(0.,0.,-1.));
#13500=DIRECTION('',(0.,0.,-1.));
#13501=DIRECTION('',(-1.,0.,0.));
#13502=DIRECTION('',(0.,1.,0.));
#13503=DIRECTION('',(0.,0.,1.));
#13504=DIRECTION('',(0.,0.,-1.));
#13505=DIRECTION('',(0.,0.,-1.));
#13506=DIRECTION('',(-1.,0.,0.));
#13507=DIRECTION('',(0.,1.,0.));
#13508=DIRECTION('',(0.,0.,1.));
#13509=DIRECTION('',(0.,0.,-1.));
#13510=DIRECTION('',(0.,0.,-1.));
#13511=DIRECTION('',(-1.,0.,0.));
#13512=DIRECTION('',(0.,1.,0.));
#13513=DIRECTION('',(0.,0.,1.));
#13514=DIRECTION('',(0.,0.,-1.));
#13515=DIRECTION('',(0.,0.,-1.));
#13516=DIRECTION('',(-1.,0.,0.));
#13517=DIRECTION('',(0.,1.,0.));
#13518=DIRECTION('',(0.,0.,1.));
#13519=DIRECTION('',(0.,0.,-1.));
#13520=DIRECTION('',(0.,0.,-1.));
#13521=DIRECTION('',(-1.,0.,0.));
#13522=DIRECTION('',(0.,1.,0.));
#13523=DIRECTION('',(0.,0.,1.));
#13524=DIRECTION('',(0.,0.,-1.));
#13525=DIRECTION('',(0.,0.,-1.));
#13526=DIRECTION('',(-1.,0.,0.));
#13527=DIRECTION('',(0.,1.,0.));
#13528=DIRECTION('',(0.,0.,1.));
#13529=DIRECTION('',(0.,0.,-1.));
#13530=DIRECTION('',(0.,0.,-1.));
#13531=DIRECTION('',(-1.,0.,0.));
#13532=DIRECTION('',(0.,1.,0.));
#13533=DIRECTION('',(0.,0.,1.));
#13534=DIRECTION('',(0.,0.,-1.));
#13535=DIRECTION('',(0.,0.,-1.));
#13536=DIRECTION('',(-1.,0.,0.));
#13537=DIRECTION('',(0.,1.,0.));
#13538=DIRECTION('',(0.,0.,1.));
#13539=DIRECTION('',(0.,0.,-1.));
#13540=DIRECTION('',(0.,0.,-1.));
#13541=DIRECTION('',(-1.,0.,0.));
#13542=DIRECTION('',(0.,1.,0.));
#13543=DIRECTION('',(0.,0.,1.));
#13544=DIRECTION('',(0.,0.,-1.));
#13545=DIRECTION('',(0.,0.,-1.));
#13546=DIRECTION('',(-1.,0.,0.));
#13547=DIRECTION('',(0.,1.,0.));
#13548=DIRECTION('',(0.,0.,1.));
#13549=DIRECTION('',(0.,0.,-1.));
#13550=DIRECTION('',(0.,0.,-1.));
#13551=DIRECTION('',(-1.,0.,0.));
#13552=DIRECTION('',(0.,1.,0.));
#13553=DIRECTION('',(0.,0.,1.));
#13554=DIRECTION('',(0.,0.,-1.));
#13555=DIRECTION('',(0.,0.,-1.));
#13556=DIRECTION('',(-1.,0.,0.));
#13557=DIRECTION('',(0.,1.,0.));
#13558=DIRECTION('',(0.,0.,1.));
#13559=DIRECTION('',(0.,0.,-1.));
#13560=DIRECTION('',(0.,0.,-1.));
#13561=DIRECTION('',(-1.,0.,0.));
#13562=DIRECTION('',(0.,1.,-1.15054245016184E-17));
#13563=DIRECTION('',(0.,1.15054245016184E-17,1.));
#13564=DIRECTION('',(0.,-1.15054245016184E-17,-1.));
#13565=DIRECTION('',(-1.,0.,0.));
#13566=DIRECTION('',(0.,1.15054245016184E-17,1.));
#13567=DIRECTION('',(0.,1.,-1.15054245016184E-17));
#13568=DIRECTION('',(0.,1.15054245016184E-17,1.));
#13569=DIRECTION('',(0.,-1.15054245016184E-17,-1.));
#13570=DIRECTION('',(-1.,0.,0.));
#13571=DIRECTION('',(0.,1.15054245016184E-17,1.));
#13572=DIRECTION('',(0.,1.,-1.15054245016184E-17));
#13573=DIRECTION('',(0.,1.15054245016184E-17,1.));
#13574=DIRECTION('',(0.,-1.15054245016184E-17,-1.));
#13575=DIRECTION('',(-1.,0.,0.));
#13576=DIRECTION('',(0.,1.15054245016184E-17,1.));
#13577=DIRECTION('',(0.,1.,-1.15054245016184E-17));
#13578=DIRECTION('',(0.,1.15054245016184E-17,1.));
#13579=DIRECTION('',(0.,-1.15054245016184E-17,-1.));
#13580=DIRECTION('',(-1.,0.,0.));
#13581=DIRECTION('',(0.,1.15054245016184E-17,1.));
#13582=DIRECTION('',(0.,1.,-1.15054245016184E-17));
#13583=DIRECTION('',(0.,1.15054245016184E-17,1.));
#13584=DIRECTION('',(0.,-1.15054245016184E-17,-1.));
#13585=DIRECTION('',(-1.,0.,0.));
#13586=DIRECTION('',(0.,1.15054245016184E-17,1.));
#13587=DIRECTION('',(0.,1.,-1.15054245016184E-17));
#13588=DIRECTION('',(0.,1.15054245016184E-17,1.));
#13589=DIRECTION('',(0.,-1.15054245016184E-17,-1.));
#13590=DIRECTION('',(-1.,0.,0.));
#13591=DIRECTION('',(0.,1.15054245016184E-17,1.));
#13592=DIRECTION('',(0.,1.,-1.15054245016184E-17));
#13593=DIRECTION('',(0.,1.15054245016184E-17,1.));
#13594=DIRECTION('',(0.,-1.15054245016184E-17,-1.));
#13595=DIRECTION('',(-1.,0.,0.));
#13596=DIRECTION('',(0.,1.15054245016184E-17,1.));
#13597=DIRECTION('',(0.,1.,-1.15054245016184E-17));
#13598=DIRECTION('',(0.,1.15054245016184E-17,1.));
#13599=DIRECTION('',(0.,-1.15054245016184E-17,-1.));
#13600=DIRECTION('',(-1.,0.,0.));
#13601=DIRECTION('',(0.,1.15054245016184E-17,1.));
#13602=DIRECTION('',(0.,1.,-1.15054245016184E-17));
#13603=DIRECTION('',(0.,1.15054245016184E-17,1.));
#13604=DIRECTION('',(0.,-1.15054245016184E-17,-1.));
#13605=DIRECTION('',(-1.,0.,0.));
#13606=DIRECTION('',(0.,1.15054245016184E-17,1.));
#13607=DIRECTION('',(0.,1.,-1.15054245016184E-17));
#13608=DIRECTION('',(0.,1.15054245016184E-17,1.));
#13609=DIRECTION('',(0.,-1.15054245016184E-17,-1.));
#13610=DIRECTION('',(-1.,0.,0.));
#13611=DIRECTION('',(0.,1.15054245016184E-17,1.));
#13612=DIRECTION('',(0.,1.,-1.15054245016184E-17));
#13613=DIRECTION('',(0.,1.15054245016184E-17,1.));
#13614=DIRECTION('',(0.,-1.15054245016184E-17,-1.));
#13615=DIRECTION('',(-1.,0.,0.));
#13616=DIRECTION('',(0.,1.15054245016184E-17,1.));
#13617=DIRECTION('',(0.,1.,-1.15054245016184E-17));
#13618=DIRECTION('',(0.,1.15054245016184E-17,1.));
#13619=DIRECTION('',(0.,-1.15054245016184E-17,-1.));
#13620=DIRECTION('',(-1.,0.,0.));
#13621=DIRECTION('',(0.,1.15054245016184E-17,1.));
#13622=DIRECTION('',(0.,1.,-1.15054245016184E-17));
#13623=DIRECTION('',(0.,1.15054245016184E-17,1.));
#13624=DIRECTION('',(0.,-1.15054245016184E-17,-1.));
#13625=DIRECTION('',(-1.,0.,0.));
#13626=DIRECTION('',(0.,1.15054245016184E-17,1.));
#13627=DIRECTION('',(0.,1.,-1.15054245016184E-17));
#13628=DIRECTION('',(0.,1.15054245016184E-17,1.));
#13629=DIRECTION('',(0.,-1.15054245016184E-17,-1.));
#13630=DIRECTION('',(-1.,0.,0.));
#13631=DIRECTION('',(0.,1.15054245016184E-17,1.));
#13632=DIRECTION('',(0.,1.,-1.15054245016184E-17));
#13633=DIRECTION('',(0.,1.15054245016184E-17,1.));
#13634=DIRECTION('',(0.,-1.15054245016184E-17,-1.));
#13635=DIRECTION('',(-1.,0.,0.));
#13636=DIRECTION('',(0.,1.15054245016184E-17,1.));
#13637=DIRECTION('',(0.,1.,-1.15054245016184E-17));
#13638=DIRECTION('',(0.,1.15054245016184E-17,1.));
#13639=DIRECTION('',(0.,-1.15054245016184E-17,-1.));
#13640=DIRECTION('',(-1.,0.,0.));
#13641=DIRECTION('',(0.,1.15054245016184E-17,1.));
#13642=DIRECTION('',(0.,1.,-1.15054245016184E-17));
#13643=DIRECTION('',(0.,1.15054245016184E-17,1.));
#13644=DIRECTION('',(0.,-1.15054245016184E-17,-1.));
#13645=DIRECTION('',(-1.,0.,0.));
#13646=DIRECTION('',(0.,1.15054245016184E-17,1.));
#13647=DIRECTION('',(0.,1.,-1.15054245016184E-17));
#13648=DIRECTION('',(0.,1.15054245016184E-17,1.));
#13649=DIRECTION('',(0.,-1.15054245016184E-17,-1.));
#13650=DIRECTION('',(-1.,0.,0.));
#13651=DIRECTION('',(0.,1.15054245016184E-17,1.));
#13652=DIRECTION('',(0.,1.,-1.15054245016184E-17));
#13653=DIRECTION('',(0.,1.15054245016184E-17,1.));
#13654=DIRECTION('',(0.,-1.15054245016184E-17,-1.));
#13655=DIRECTION('',(-1.,0.,0.));
#13656=DIRECTION('',(0.,1.15054245016184E-17,1.));
#13657=DIRECTION('',(0.,1.,-1.15054245016184E-17));
#13658=DIRECTION('',(0.,1.15054245016184E-17,1.));
#13659=DIRECTION('',(0.,-1.15054245016184E-17,-1.));
#13660=DIRECTION('',(-1.,0.,0.));
#13661=DIRECTION('',(0.,1.15054245016184E-17,1.));
#13662=DIRECTION('',(0.,1.,-1.15054245016184E-17));
#13663=DIRECTION('',(0.,1.15054245016184E-17,1.));
#13664=DIRECTION('',(0.,-1.15054245016184E-17,-1.));
#13665=DIRECTION('',(-1.,0.,0.));
#13666=DIRECTION('',(0.,1.15054245016184E-17,1.));
#13667=DIRECTION('',(0.,1.,-1.15054245016184E-17));
#13668=DIRECTION('',(0.,1.15054245016184E-17,1.));
#13669=DIRECTION('',(0.,-1.15054245016184E-17,-1.));
#13670=DIRECTION('',(-1.,0.,0.));
#13671=DIRECTION('',(0.,1.15054245016184E-17,1.));
#13672=DIRECTION('',(0.,1.,-1.15054245016184E-17));
#13673=DIRECTION('',(0.,1.15054245016184E-17,1.));
#13674=DIRECTION('',(0.,-1.15054245016184E-17,-1.));
#13675=DIRECTION('',(-1.,0.,0.));
#13676=DIRECTION('',(0.,1.15054245016184E-17,1.));
#13677=DIRECTION('',(0.,1.,-1.15054245016184E-17));
#13678=DIRECTION('',(0.,1.15054245016184E-17,1.));
#13679=DIRECTION('',(0.,-1.15054245016184E-17,-1.));
#13680=DIRECTION('',(-1.,0.,0.));
#13681=DIRECTION('',(0.,1.15054245016184E-17,1.));
#13682=DIRECTION('',(0.,1.,-1.15054245016184E-17));
#13683=DIRECTION('',(0.,1.15054245016184E-17,1.));
#13684=DIRECTION('',(0.,-1.15054245016184E-17,-1.));
#13685=DIRECTION('',(-1.,0.,0.));
#13686=DIRECTION('',(0.,1.15054245016184E-17,1.));
#13687=DIRECTION('',(0.,0.,1.));
#13688=DIRECTION('',(1.,0.,0.));
#13689=DIRECTION('',(-1.,0.,0.));
#13690=DIRECTION('',(0.,1.,0.));
#13691=DIRECTION('',(-1.,0.,0.));
#13692=DIRECTION('',(0.,-1.,0.));
#13693=DIRECTION('',(0.,0.,1.));
#13694=DIRECTION('',(1.,0.,0.));
#13695=DIRECTION('',(-1.,0.,0.));
#13696=DIRECTION('',(0.,1.,0.));
#13697=DIRECTION('',(-1.,0.,0.));
#13698=DIRECTION('',(0.,-1.,0.));
#13699=DIRECTION('',(0.,0.,1.));
#13700=DIRECTION('',(1.,0.,0.));
#13701=DIRECTION('',(-1.,0.,0.));
#13702=DIRECTION('',(0.,1.,0.));
#13703=DIRECTION('',(-1.,0.,0.));
#13704=DIRECTION('',(0.,-1.,0.));
#13705=DIRECTION('',(0.,0.,1.));
#13706=DIRECTION('',(1.,0.,0.));
#13707=DIRECTION('',(-1.,0.,0.));
#13708=DIRECTION('',(0.,1.,0.));
#13709=DIRECTION('',(-1.,0.,0.));
#13710=DIRECTION('',(0.,-1.,0.));
#13711=DIRECTION('',(0.,0.,1.));
#13712=DIRECTION('',(1.,0.,0.));
#13713=DIRECTION('',(-1.,0.,0.));
#13714=DIRECTION('',(0.,1.,0.));
#13715=DIRECTION('',(-1.,0.,0.));
#13716=DIRECTION('',(0.,-1.,0.));
#13717=DIRECTION('',(0.,0.,1.));
#13718=DIRECTION('',(1.,0.,0.));
#13719=DIRECTION('',(-1.,0.,0.));
#13720=DIRECTION('',(0.,1.,0.));
#13721=DIRECTION('',(-1.,0.,0.));
#13722=DIRECTION('',(0.,-1.,0.));
#13723=DIRECTION('',(0.,0.,1.));
#13724=DIRECTION('',(1.,0.,0.));
#13725=DIRECTION('',(-1.,0.,0.));
#13726=DIRECTION('',(0.,1.,0.));
#13727=DIRECTION('',(-1.,0.,0.));
#13728=DIRECTION('',(0.,-1.,0.));
#13729=DIRECTION('',(0.,0.,1.));
#13730=DIRECTION('',(1.,0.,0.));
#13731=DIRECTION('',(-1.,0.,0.));
#13732=DIRECTION('',(0.,1.,0.));
#13733=DIRECTION('',(-1.,0.,0.));
#13734=DIRECTION('',(0.,-1.,0.));
#13735=DIRECTION('',(0.,0.,1.));
#13736=DIRECTION('',(1.,0.,0.));
#13737=DIRECTION('',(-1.,0.,0.));
#13738=DIRECTION('',(0.,1.,0.));
#13739=DIRECTION('',(-1.,0.,0.));
#13740=DIRECTION('',(0.,-1.,0.));
#13741=DIRECTION('',(0.,0.,1.));
#13742=DIRECTION('',(1.,0.,0.));
#13743=DIRECTION('',(-1.,0.,0.));
#13744=DIRECTION('',(0.,1.,0.));
#13745=DIRECTION('',(-1.,0.,0.));
#13746=DIRECTION('',(0.,-1.,0.));
#13747=DIRECTION('',(0.,0.,1.));
#13748=DIRECTION('',(1.,0.,0.));
#13749=DIRECTION('',(-1.,0.,0.));
#13750=DIRECTION('',(0.,1.,0.));
#13751=DIRECTION('',(-1.,0.,0.));
#13752=DIRECTION('',(0.,-1.,0.));
#13753=DIRECTION('',(0.,0.,1.));
#13754=DIRECTION('',(1.,0.,0.));
#13755=DIRECTION('',(-1.,0.,0.));
#13756=DIRECTION('',(0.,1.,0.));
#13757=DIRECTION('',(-1.,0.,0.));
#13758=DIRECTION('',(0.,-1.,0.));
#13759=DIRECTION('',(0.,0.,1.));
#13760=DIRECTION('',(1.,0.,0.));
#13761=DIRECTION('',(-1.,0.,0.));
#13762=DIRECTION('',(0.,1.,0.));
#13763=DIRECTION('',(-1.,0.,0.));
#13764=DIRECTION('',(0.,-1.,0.));
#13765=DIRECTION('',(0.,0.,1.));
#13766=DIRECTION('',(1.,0.,0.));
#13767=DIRECTION('',(-1.,0.,0.));
#13768=DIRECTION('',(0.,1.,0.));
#13769=DIRECTION('',(-1.,0.,0.));
#13770=DIRECTION('',(0.,-1.,0.));
#13771=DIRECTION('',(0.,0.,1.));
#13772=DIRECTION('',(1.,0.,0.));
#13773=DIRECTION('',(-1.,0.,0.));
#13774=DIRECTION('',(0.,1.,0.));
#13775=DIRECTION('',(-1.,0.,0.));
#13776=DIRECTION('',(0.,-1.,0.));
#13777=DIRECTION('',(0.,0.,1.));
#13778=DIRECTION('',(1.,0.,0.));
#13779=DIRECTION('',(-1.,0.,0.));
#13780=DIRECTION('',(0.,1.,0.));
#13781=DIRECTION('',(-1.,0.,0.));
#13782=DIRECTION('',(0.,-1.,0.));
#13783=DIRECTION('',(0.,0.,1.));
#13784=DIRECTION('',(1.,0.,0.));
#13785=DIRECTION('',(-1.,0.,0.));
#13786=DIRECTION('',(0.,1.,0.));
#13787=DIRECTION('',(-1.,0.,0.));
#13788=DIRECTION('',(0.,-1.,0.));
#13789=DIRECTION('',(0.,0.,1.));
#13790=DIRECTION('',(1.,0.,0.));
#13791=DIRECTION('',(-1.,0.,0.));
#13792=DIRECTION('',(0.,1.,0.));
#13793=DIRECTION('',(-1.,0.,0.));
#13794=DIRECTION('',(0.,-1.,0.));
#13795=DIRECTION('',(0.,0.,1.));
#13796=DIRECTION('',(1.,0.,0.));
#13797=DIRECTION('',(-1.,0.,0.));
#13798=DIRECTION('',(0.,1.,0.));
#13799=DIRECTION('',(-1.,0.,0.));
#13800=DIRECTION('',(0.,-1.,0.));
#13801=DIRECTION('',(0.,0.,1.));
#13802=DIRECTION('',(1.,0.,0.));
#13803=DIRECTION('',(-1.,0.,0.));
#13804=DIRECTION('',(0.,1.,0.));
#13805=DIRECTION('',(-1.,0.,0.));
#13806=DIRECTION('',(0.,-1.,0.));
#13807=DIRECTION('',(0.,0.,1.));
#13808=DIRECTION('',(1.,0.,0.));
#13809=DIRECTION('',(-1.,0.,0.));
#13810=DIRECTION('',(0.,1.,0.));
#13811=DIRECTION('',(-1.,0.,0.));
#13812=DIRECTION('',(0.,-1.,0.));
#13813=DIRECTION('',(0.,0.,1.));
#13814=DIRECTION('',(1.,0.,0.));
#13815=DIRECTION('',(-1.,0.,0.));
#13816=DIRECTION('',(0.,1.,0.));
#13817=DIRECTION('',(-1.,0.,0.));
#13818=DIRECTION('',(0.,-1.,0.));
#13819=DIRECTION('',(0.,0.,1.));
#13820=DIRECTION('',(1.,0.,0.));
#13821=DIRECTION('',(-1.,0.,0.));
#13822=DIRECTION('',(0.,1.,0.));
#13823=DIRECTION('',(-1.,0.,0.));
#13824=DIRECTION('',(0.,-1.,0.));
#13825=DIRECTION('',(0.,0.,1.));
#13826=DIRECTION('',(1.,0.,0.));
#13827=DIRECTION('',(-1.,0.,0.));
#13828=DIRECTION('',(0.,1.,0.));
#13829=DIRECTION('',(-1.,0.,0.));
#13830=DIRECTION('',(0.,-1.,0.));
#13831=DIRECTION('',(0.,0.,1.));
#13832=DIRECTION('',(1.,0.,0.));
#13833=DIRECTION('',(-1.,0.,0.));
#13834=DIRECTION('',(0.,1.,0.));
#13835=DIRECTION('',(-1.,0.,0.));
#13836=DIRECTION('',(0.,-1.,0.));
#13837=DIRECTION('',(-1.,0.,0.));
#13838=DIRECTION('',(0.,0.,1.));
#13839=DIRECTION('',(1.,0.,0.));
#13840=DIRECTION('',(0.,0.,-1.));
#13841=DIRECTION('',(-1.,0.,0.));
#13842=DIRECTION('',(0.,0.,1.));
#13843=DIRECTION('',(-1.,0.,0.));
#13844=DIRECTION('',(0.,0.,1.));
#13845=DIRECTION('',(1.,0.,0.));
#13846=DIRECTION('',(0.,0.,-1.));
#13847=DIRECTION('',(-1.,0.,0.));
#13848=DIRECTION('',(0.,0.,1.));
#13849=DIRECTION('',(-1.,0.,0.));
#13850=DIRECTION('',(0.,0.,1.));
#13851=DIRECTION('',(1.,0.,0.));
#13852=DIRECTION('',(0.,0.,-1.));
#13853=DIRECTION('',(-1.,0.,0.));
#13854=DIRECTION('',(0.,0.,1.));
#13855=DIRECTION('',(-1.,0.,0.));
#13856=DIRECTION('',(0.,0.,1.));
#13857=DIRECTION('',(1.,0.,0.));
#13858=DIRECTION('',(0.,0.,-1.));
#13859=DIRECTION('',(-1.,0.,0.));
#13860=DIRECTION('',(0.,0.,1.));
#13861=DIRECTION('',(-1.,0.,0.));
#13862=DIRECTION('',(0.,0.,1.));
#13863=DIRECTION('',(1.,0.,0.));
#13864=DIRECTION('',(0.,0.,-1.));
#13865=DIRECTION('',(-1.,0.,0.));
#13866=DIRECTION('',(0.,0.,1.));
#13867=DIRECTION('',(-1.,0.,0.));
#13868=DIRECTION('',(0.,0.,1.));
#13869=DIRECTION('',(1.,0.,0.));
#13870=DIRECTION('',(0.,0.,-1.));
#13871=DIRECTION('',(-1.,0.,0.));
#13872=DIRECTION('',(0.,0.,1.));
#13873=DIRECTION('',(-1.,0.,0.));
#13874=DIRECTION('',(0.,0.,1.));
#13875=DIRECTION('',(1.,0.,0.));
#13876=DIRECTION('',(0.,0.,-1.));
#13877=DIRECTION('',(-1.,0.,0.));
#13878=DIRECTION('',(0.,0.,1.));
#13879=DIRECTION('',(-1.,0.,0.));
#13880=DIRECTION('',(0.,0.,1.));
#13881=DIRECTION('',(1.,0.,0.));
#13882=DIRECTION('',(0.,0.,-1.));
#13883=DIRECTION('',(-1.,0.,0.));
#13884=DIRECTION('',(0.,0.,1.));
#13885=DIRECTION('',(-1.,0.,0.));
#13886=DIRECTION('',(0.,0.,1.));
#13887=DIRECTION('',(1.,0.,0.));
#13888=DIRECTION('',(0.,0.,-1.));
#13889=DIRECTION('',(-1.,0.,0.));
#13890=DIRECTION('',(0.,0.,1.));
#13891=DIRECTION('',(-1.,0.,0.));
#13892=DIRECTION('',(0.,0.,1.));
#13893=DIRECTION('',(1.,0.,0.));
#13894=DIRECTION('',(0.,0.,-1.));
#13895=DIRECTION('',(-1.,0.,0.));
#13896=DIRECTION('',(0.,0.,1.));
#13897=DIRECTION('',(-1.,0.,0.));
#13898=DIRECTION('',(0.,0.,1.));
#13899=DIRECTION('',(1.,0.,0.));
#13900=DIRECTION('',(0.,0.,-1.));
#13901=DIRECTION('',(-1.,0.,0.));
#13902=DIRECTION('',(0.,0.,1.));
#13903=DIRECTION('',(-1.,0.,0.));
#13904=DIRECTION('',(0.,0.,1.));
#13905=DIRECTION('',(1.,0.,0.));
#13906=DIRECTION('',(0.,0.,-1.));
#13907=DIRECTION('',(-1.,0.,0.));
#13908=DIRECTION('',(0.,0.,1.));
#13909=DIRECTION('',(-1.,0.,0.));
#13910=DIRECTION('',(0.,0.,1.));
#13911=DIRECTION('',(1.,0.,0.));
#13912=DIRECTION('',(0.,0.,-1.));
#13913=DIRECTION('',(-1.,0.,0.));
#13914=DIRECTION('',(0.,0.,1.));
#13915=DIRECTION('',(-1.,0.,0.));
#13916=DIRECTION('',(0.,0.,1.));
#13917=DIRECTION('',(1.,0.,0.));
#13918=DIRECTION('',(0.,0.,-1.));
#13919=DIRECTION('',(-1.,0.,0.));
#13920=DIRECTION('',(0.,0.,1.));
#13921=DIRECTION('',(-1.,0.,0.));
#13922=DIRECTION('',(0.,0.,1.));
#13923=DIRECTION('',(1.,0.,0.));
#13924=DIRECTION('',(0.,0.,-1.));
#13925=DIRECTION('',(-1.,0.,0.));
#13926=DIRECTION('',(0.,0.,1.));
#13927=DIRECTION('',(-1.,0.,0.));
#13928=DIRECTION('',(0.,0.,1.));
#13929=DIRECTION('',(1.,0.,0.));
#13930=DIRECTION('',(0.,0.,-1.));
#13931=DIRECTION('',(-1.,0.,0.));
#13932=DIRECTION('',(0.,0.,1.));
#13933=DIRECTION('',(-1.,0.,0.));
#13934=DIRECTION('',(0.,0.,1.));
#13935=DIRECTION('',(1.,0.,0.));
#13936=DIRECTION('',(0.,0.,-1.));
#13937=DIRECTION('',(-1.,0.,0.));
#13938=DIRECTION('',(0.,0.,1.));
#13939=DIRECTION('',(-1.,0.,0.));
#13940=DIRECTION('',(0.,0.,1.));
#13941=DIRECTION('',(1.,0.,0.));
#13942=DIRECTION('',(0.,0.,-1.));
#13943=DIRECTION('',(-1.,0.,0.));
#13944=DIRECTION('',(0.,0.,1.));
#13945=DIRECTION('',(-1.,0.,0.));
#13946=DIRECTION('',(0.,0.,1.));
#13947=DIRECTION('',(1.,0.,0.));
#13948=DIRECTION('',(0.,0.,-1.));
#13949=DIRECTION('',(-1.,0.,0.));
#13950=DIRECTION('',(0.,0.,1.));
#13951=DIRECTION('',(-1.,0.,0.));
#13952=DIRECTION('',(0.,0.,1.));
#13953=DIRECTION('',(1.,0.,0.));
#13954=DIRECTION('',(0.,0.,-1.));
#13955=DIRECTION('',(-1.,0.,0.));
#13956=DIRECTION('',(0.,0.,1.));
#13957=DIRECTION('',(-1.,0.,0.));
#13958=DIRECTION('',(0.,0.,1.));
#13959=DIRECTION('',(1.,0.,0.));
#13960=DIRECTION('',(0.,0.,-1.));
#13961=DIRECTION('',(-1.,0.,0.));
#13962=DIRECTION('',(0.,0.,1.));
#13963=DIRECTION('',(-1.,0.,0.));
#13964=DIRECTION('',(0.,0.,1.));
#13965=DIRECTION('',(1.,0.,0.));
#13966=DIRECTION('',(0.,0.,-1.));
#13967=DIRECTION('',(-1.,0.,0.));
#13968=DIRECTION('',(0.,0.,1.));
#13969=DIRECTION('',(-1.,0.,0.));
#13970=DIRECTION('',(0.,0.,1.));
#13971=DIRECTION('',(1.,0.,0.));
#13972=DIRECTION('',(0.,0.,-1.));
#13973=DIRECTION('',(-1.,0.,0.));
#13974=DIRECTION('',(0.,0.,1.));
#13975=DIRECTION('',(-1.,0.,0.));
#13976=DIRECTION('',(0.,0.,1.));
#13977=DIRECTION('',(1.,0.,0.));
#13978=DIRECTION('',(0.,0.,-1.));
#13979=DIRECTION('',(-1.,0.,0.));
#13980=DIRECTION('',(0.,0.,1.));
#13981=DIRECTION('',(-1.,0.,0.));
#13982=DIRECTION('',(0.,0.,1.));
#13983=DIRECTION('',(1.,0.,0.));
#13984=DIRECTION('',(0.,0.,-1.));
#13985=DIRECTION('',(-1.,0.,0.));
#13986=DIRECTION('',(0.,0.,1.));
#13987=DIRECTION('',(0.,1.,0.));
#13988=DIRECTION('',(0.,0.,1.));
#13989=DIRECTION('',(0.,0.,-1.));
#13990=DIRECTION('',(-1.,0.,0.));
#13991=DIRECTION('',(0.,0.,1.));
#13992=DIRECTION('',(0.,1.,0.));
#13993=DIRECTION('',(0.,0.,1.));
#13994=DIRECTION('',(0.,0.,-1.));
#13995=DIRECTION('',(-1.,0.,0.));
#13996=DIRECTION('',(0.,0.,1.));
#13997=DIRECTION('',(0.,1.,0.));
#13998=DIRECTION('',(0.,0.,1.));
#13999=DIRECTION('',(0.,0.,-1.));
#14000=DIRECTION('',(-1.,0.,0.));
#14001=DIRECTION('',(0.,0.,1.));
#14002=DIRECTION('',(0.,1.,0.));
#14003=DIRECTION('',(0.,0.,1.));
#14004=DIRECTION('',(0.,0.,-1.));
#14005=DIRECTION('',(-1.,0.,0.));
#14006=DIRECTION('',(0.,0.,1.));
#14007=DIRECTION('',(0.,1.,0.));
#14008=DIRECTION('',(0.,0.,1.));
#14009=DIRECTION('',(0.,0.,-1.));
#14010=DIRECTION('',(-1.,0.,0.));
#14011=DIRECTION('',(0.,0.,1.));
#14012=DIRECTION('',(0.,1.,0.));
#14013=DIRECTION('',(0.,0.,1.));
#14014=DIRECTION('',(0.,0.,-1.));
#14015=DIRECTION('',(-1.,0.,0.));
#14016=DIRECTION('',(0.,0.,1.));
#14017=DIRECTION('',(0.,1.,0.));
#14018=DIRECTION('',(0.,0.,1.));
#14019=DIRECTION('',(0.,0.,-1.));
#14020=DIRECTION('',(-1.,0.,0.));
#14021=DIRECTION('',(0.,0.,1.));
#14022=DIRECTION('',(0.,1.,0.));
#14023=DIRECTION('',(0.,0.,1.));
#14024=DIRECTION('',(0.,0.,-1.));
#14025=DIRECTION('',(-1.,0.,0.));
#14026=DIRECTION('',(0.,0.,1.));
#14027=DIRECTION('',(0.,1.,0.));
#14028=DIRECTION('',(0.,0.,1.));
#14029=DIRECTION('',(0.,0.,-1.));
#14030=DIRECTION('',(-1.,0.,0.));
#14031=DIRECTION('',(0.,0.,1.));
#14032=DIRECTION('',(0.,1.,0.));
#14033=DIRECTION('',(0.,0.,1.));
#14034=DIRECTION('',(0.,0.,-1.));
#14035=DIRECTION('',(-1.,0.,0.));
#14036=DIRECTION('',(0.,0.,1.));
#14037=DIRECTION('',(0.,1.,0.));
#14038=DIRECTION('',(0.,0.,1.));
#14039=DIRECTION('',(0.,0.,-1.));
#14040=DIRECTION('',(-1.,0.,0.));
#14041=DIRECTION('',(0.,0.,1.));
#14042=DIRECTION('',(0.,1.,0.));
#14043=DIRECTION('',(0.,0.,1.));
#14044=DIRECTION('',(0.,0.,-1.));
#14045=DIRECTION('',(-1.,0.,0.));
#14046=DIRECTION('',(0.,0.,1.));
#14047=DIRECTION('',(0.,1.,0.));
#14048=DIRECTION('',(0.,0.,1.));
#14049=DIRECTION('',(0.,0.,-1.));
#14050=DIRECTION('',(-1.,0.,0.));
#14051=DIRECTION('',(0.,0.,1.));
#14052=DIRECTION('',(0.,1.,0.));
#14053=DIRECTION('',(0.,0.,1.));
#14054=DIRECTION('',(0.,0.,-1.));
#14055=DIRECTION('',(-1.,0.,0.));
#14056=DIRECTION('',(0.,0.,1.));
#14057=DIRECTION('',(0.,1.,0.));
#14058=DIRECTION('',(0.,0.,1.));
#14059=DIRECTION('',(0.,0.,-1.));
#14060=DIRECTION('',(-1.,0.,0.));
#14061=DIRECTION('',(0.,0.,1.));
#14062=DIRECTION('',(0.,1.,0.));
#14063=DIRECTION('',(0.,0.,1.));
#14064=DIRECTION('',(0.,0.,-1.));
#14065=DIRECTION('',(-1.,0.,0.));
#14066=DIRECTION('',(0.,0.,1.));
#14067=DIRECTION('',(0.,1.,0.));
#14068=DIRECTION('',(0.,0.,1.));
#14069=DIRECTION('',(0.,0.,-1.));
#14070=DIRECTION('',(-1.,0.,0.));
#14071=DIRECTION('',(0.,0.,1.));
#14072=DIRECTION('',(0.,1.,0.));
#14073=DIRECTION('',(0.,0.,1.));
#14074=DIRECTION('',(0.,0.,-1.));
#14075=DIRECTION('',(-1.,0.,0.));
#14076=DIRECTION('',(0.,0.,1.));
#14077=DIRECTION('',(0.,1.,0.));
#14078=DIRECTION('',(0.,0.,1.));
#14079=DIRECTION('',(0.,0.,-1.));
#14080=DIRECTION('',(-1.,0.,0.));
#14081=DIRECTION('',(0.,0.,1.));
#14082=DIRECTION('',(0.,1.,0.));
#14083=DIRECTION('',(0.,0.,1.));
#14084=DIRECTION('',(0.,0.,-1.));
#14085=DIRECTION('',(-1.,0.,0.));
#14086=DIRECTION('',(0.,0.,1.));
#14087=DIRECTION('',(0.,1.,0.));
#14088=DIRECTION('',(0.,0.,1.));
#14089=DIRECTION('',(0.,0.,-1.));
#14090=DIRECTION('',(-1.,0.,0.));
#14091=DIRECTION('',(0.,0.,1.));
#14092=DIRECTION('',(0.,1.,0.));
#14093=DIRECTION('',(0.,0.,1.));
#14094=DIRECTION('',(0.,0.,-1.));
#14095=DIRECTION('',(-1.,0.,0.));
#14096=DIRECTION('',(0.,0.,1.));
#14097=DIRECTION('',(0.,1.,0.));
#14098=DIRECTION('',(0.,0.,1.));
#14099=DIRECTION('',(0.,0.,-1.));
#14100=DIRECTION('',(-1.,0.,0.));
#14101=DIRECTION('',(0.,0.,1.));
#14102=DIRECTION('',(0.,1.,0.));
#14103=DIRECTION('',(0.,0.,1.));
#14104=DIRECTION('',(0.,0.,-1.));
#14105=DIRECTION('',(-1.,0.,0.));
#14106=DIRECTION('',(0.,0.,1.));
#14107=DIRECTION('',(0.,1.,0.));
#14108=DIRECTION('',(0.,0.,1.));
#14109=DIRECTION('',(0.,0.,-1.));
#14110=DIRECTION('',(-1.,0.,0.));
#14111=DIRECTION('',(0.,0.,1.));
#14112=DIRECTION('',(0.,-1.,0.));
#14113=DIRECTION('',(0.,0.,-1.));
#14114=DIRECTION('',(-1.,0.,0.));
#14115=DIRECTION('',(0.,0.,1.));
#14116=DIRECTION('',(0.,0.,-1.));
#14117=DIRECTION('',(0.,-1.,0.));
#14118=DIRECTION('',(0.,0.,-1.));
#14119=DIRECTION('',(-1.,0.,0.));
#14120=DIRECTION('',(0.,0.,1.));
#14121=DIRECTION('',(0.,0.,-1.));
#14122=DIRECTION('',(0.,-1.,0.));
#14123=DIRECTION('',(0.,0.,-1.));
#14124=DIRECTION('',(-1.,0.,0.));
#14125=DIRECTION('',(0.,0.,1.));
#14126=DIRECTION('',(0.,0.,-1.));
#14127=DIRECTION('',(0.,-1.,0.));
#14128=DIRECTION('',(0.,0.,-1.));
#14129=DIRECTION('',(-1.,0.,0.));
#14130=DIRECTION('',(0.,0.,1.));
#14131=DIRECTION('',(0.,0.,-1.));
#14132=DIRECTION('',(0.,-1.,0.));
#14133=DIRECTION('',(0.,0.,-1.));
#14134=DIRECTION('',(-1.,0.,0.));
#14135=DIRECTION('',(0.,0.,1.));
#14136=DIRECTION('',(0.,0.,-1.));
#14137=DIRECTION('',(0.,-1.,0.));
#14138=DIRECTION('',(0.,0.,-1.));
#14139=DIRECTION('',(-1.,0.,0.));
#14140=DIRECTION('',(0.,0.,1.));
#14141=DIRECTION('',(0.,0.,-1.));
#14142=DIRECTION('',(0.,-1.,0.));
#14143=DIRECTION('',(0.,0.,-1.));
#14144=DIRECTION('',(-1.,0.,0.));
#14145=DIRECTION('',(0.,0.,1.));
#14146=DIRECTION('',(0.,0.,-1.));
#14147=DIRECTION('',(0.,-1.,0.));
#14148=DIRECTION('',(0.,0.,-1.));
#14149=DIRECTION('',(-1.,0.,0.));
#14150=DIRECTION('',(0.,0.,1.));
#14151=DIRECTION('',(0.,0.,-1.));
#14152=DIRECTION('',(0.,-1.,0.));
#14153=DIRECTION('',(0.,0.,-1.));
#14154=DIRECTION('',(-1.,0.,0.));
#14155=DIRECTION('',(0.,0.,1.));
#14156=DIRECTION('',(0.,0.,-1.));
#14157=DIRECTION('',(0.,-1.,0.));
#14158=DIRECTION('',(0.,0.,-1.));
#14159=DIRECTION('',(-1.,0.,0.));
#14160=DIRECTION('',(0.,0.,1.));
#14161=DIRECTION('',(0.,0.,-1.));
#14162=DIRECTION('',(0.,-1.,0.));
#14163=DIRECTION('',(0.,0.,-1.));
#14164=DIRECTION('',(-1.,0.,0.));
#14165=DIRECTION('',(0.,0.,1.));
#14166=DIRECTION('',(0.,0.,-1.));
#14167=DIRECTION('',(0.,-1.,0.));
#14168=DIRECTION('',(0.,0.,-1.));
#14169=DIRECTION('',(-1.,0.,0.));
#14170=DIRECTION('',(0.,0.,1.));
#14171=DIRECTION('',(0.,0.,-1.));
#14172=DIRECTION('',(0.,-1.,0.));
#14173=DIRECTION('',(0.,0.,-1.));
#14174=DIRECTION('',(-1.,0.,0.));
#14175=DIRECTION('',(0.,0.,1.));
#14176=DIRECTION('',(0.,0.,-1.));
#14177=DIRECTION('',(0.,-1.,0.));
#14178=DIRECTION('',(0.,0.,-1.));
#14179=DIRECTION('',(-1.,0.,0.));
#14180=DIRECTION('',(0.,0.,1.));
#14181=DIRECTION('',(0.,0.,-1.));
#14182=DIRECTION('',(0.,-1.,0.));
#14183=DIRECTION('',(0.,0.,-1.));
#14184=DIRECTION('',(-1.,0.,0.));
#14185=DIRECTION('',(0.,0.,1.));
#14186=DIRECTION('',(0.,0.,-1.));
#14187=DIRECTION('',(0.,-1.,0.));
#14188=DIRECTION('',(0.,0.,-1.));
#14189=DIRECTION('',(-1.,0.,0.));
#14190=DIRECTION('',(0.,0.,1.));
#14191=DIRECTION('',(0.,0.,-1.));
#14192=DIRECTION('',(0.,-1.,0.));
#14193=DIRECTION('',(0.,0.,-1.));
#14194=DIRECTION('',(-1.,0.,0.));
#14195=DIRECTION('',(0.,0.,1.));
#14196=DIRECTION('',(0.,0.,-1.));
#14197=DIRECTION('',(0.,-1.,0.));
#14198=DIRECTION('',(0.,0.,-1.));
#14199=DIRECTION('',(-1.,0.,0.));
#14200=DIRECTION('',(0.,0.,1.));
#14201=DIRECTION('',(0.,0.,-1.));
#14202=DIRECTION('',(0.,-1.,0.));
#14203=DIRECTION('',(0.,0.,-1.));
#14204=DIRECTION('',(-1.,0.,0.));
#14205=DIRECTION('',(0.,0.,1.));
#14206=DIRECTION('',(0.,0.,-1.));
#14207=DIRECTION('',(0.,-1.,0.));
#14208=DIRECTION('',(0.,0.,-1.));
#14209=DIRECTION('',(-1.,0.,0.));
#14210=DIRECTION('',(0.,0.,1.));
#14211=DIRECTION('',(0.,0.,-1.));
#14212=DIRECTION('',(0.,-1.,0.));
#14213=DIRECTION('',(0.,0.,-1.));
#14214=DIRECTION('',(-1.,0.,0.));
#14215=DIRECTION('',(0.,0.,1.));
#14216=DIRECTION('',(0.,0.,-1.));
#14217=DIRECTION('',(0.,-1.,0.));
#14218=DIRECTION('',(0.,0.,-1.));
#14219=DIRECTION('',(-1.,0.,0.));
#14220=DIRECTION('',(0.,0.,1.));
#14221=DIRECTION('',(0.,0.,-1.));
#14222=DIRECTION('',(0.,-1.,0.));
#14223=DIRECTION('',(0.,0.,-1.));
#14224=DIRECTION('',(-1.,0.,0.));
#14225=DIRECTION('',(0.,0.,1.));
#14226=DIRECTION('',(0.,0.,-1.));
#14227=DIRECTION('',(0.,-1.,0.));
#14228=DIRECTION('',(0.,0.,-1.));
#14229=DIRECTION('',(-1.,0.,0.));
#14230=DIRECTION('',(0.,0.,1.));
#14231=DIRECTION('',(0.,0.,-1.));
#14232=DIRECTION('',(0.,-1.,0.));
#14233=DIRECTION('',(0.,0.,-1.));
#14234=DIRECTION('',(-1.,0.,0.));
#14235=DIRECTION('',(0.,0.,1.));
#14236=DIRECTION('',(0.,0.,-1.));
#14237=DIRECTION('',(-1.,0.,0.));
#14238=DIRECTION('',(0.,0.,1.));
#14239=DIRECTION('',(1.,0.,0.));
#14240=DIRECTION('',(0.,0.,-1.));
#14241=DIRECTION('',(-1.,0.,0.));
#14242=DIRECTION('',(0.,0.,1.));
#14243=DIRECTION('',(-1.,0.,0.));
#14244=DIRECTION('',(-1.,0.,0.));
#14245=DIRECTION('',(0.,0.,1.));
#14246=DIRECTION('',(1.,0.,0.));
#14247=DIRECTION('',(0.,0.,-1.));
#14248=DIRECTION('',(-1.,0.,0.));
#14249=DIRECTION('',(0.,0.,1.));
#14250=DIRECTION('',(-1.,0.,0.));
#14251=DIRECTION('',(-1.,0.,0.));
#14252=DIRECTION('',(0.,0.,1.));
#14253=DIRECTION('',(1.,0.,0.));
#14254=DIRECTION('',(0.,0.,-1.));
#14255=DIRECTION('',(-1.,0.,0.));
#14256=DIRECTION('',(0.,0.,1.));
#14257=DIRECTION('',(-1.,0.,0.));
#14258=DIRECTION('',(-1.,0.,0.));
#14259=DIRECTION('',(0.,0.,1.));
#14260=DIRECTION('',(1.,0.,0.));
#14261=DIRECTION('',(0.,0.,-1.));
#14262=DIRECTION('',(-1.,0.,0.));
#14263=DIRECTION('',(0.,0.,1.));
#14264=DIRECTION('',(-1.,0.,0.));
#14265=DIRECTION('',(-1.,0.,0.));
#14266=DIRECTION('',(0.,0.,1.));
#14267=DIRECTION('',(1.,0.,0.));
#14268=DIRECTION('',(0.,0.,-1.));
#14269=DIRECTION('',(-1.,0.,0.));
#14270=DIRECTION('',(0.,0.,1.));
#14271=DIRECTION('',(-1.,0.,0.));
#14272=DIRECTION('',(-1.,0.,0.));
#14273=DIRECTION('',(0.,0.,1.));
#14274=DIRECTION('',(1.,0.,0.));
#14275=DIRECTION('',(0.,0.,-1.));
#14276=DIRECTION('',(-1.,0.,0.));
#14277=DIRECTION('',(0.,0.,1.));
#14278=DIRECTION('',(-1.,0.,0.));
#14279=DIRECTION('',(-1.,0.,0.));
#14280=DIRECTION('',(0.,0.,1.));
#14281=DIRECTION('',(1.,0.,0.));
#14282=DIRECTION('',(0.,0.,-1.));
#14283=DIRECTION('',(-1.,0.,0.));
#14284=DIRECTION('',(0.,0.,1.));
#14285=DIRECTION('',(-1.,0.,0.));
#14286=DIRECTION('',(-1.,0.,0.));
#14287=DIRECTION('',(0.,0.,1.));
#14288=DIRECTION('',(1.,0.,0.));
#14289=DIRECTION('',(0.,0.,-1.));
#14290=DIRECTION('',(-1.,0.,0.));
#14291=DIRECTION('',(0.,0.,1.));
#14292=DIRECTION('',(-1.,0.,0.));
#14293=DIRECTION('',(-1.,0.,0.));
#14294=DIRECTION('',(0.,0.,1.));
#14295=DIRECTION('',(1.,0.,0.));
#14296=DIRECTION('',(0.,0.,-1.));
#14297=DIRECTION('',(-1.,0.,0.));
#14298=DIRECTION('',(0.,0.,1.));
#14299=DIRECTION('',(-1.,0.,0.));
#14300=DIRECTION('',(-1.,0.,0.));
#14301=DIRECTION('',(0.,0.,1.));
#14302=DIRECTION('',(1.,0.,0.));
#14303=DIRECTION('',(0.,0.,-1.));
#14304=DIRECTION('',(-1.,0.,0.));
#14305=DIRECTION('',(0.,0.,1.));
#14306=DIRECTION('',(-1.,0.,0.));
#14307=DIRECTION('',(-1.,0.,0.));
#14308=DIRECTION('',(0.,0.,1.));
#14309=DIRECTION('',(1.,0.,0.));
#14310=DIRECTION('',(0.,0.,-1.));
#14311=DIRECTION('',(-1.,0.,0.));
#14312=DIRECTION('',(0.,0.,1.));
#14313=DIRECTION('',(-1.,0.,0.));
#14314=DIRECTION('',(-1.,0.,0.));
#14315=DIRECTION('',(0.,0.,1.));
#14316=DIRECTION('',(1.,0.,0.));
#14317=DIRECTION('',(0.,0.,-1.));
#14318=DIRECTION('',(-1.,0.,0.));
#14319=DIRECTION('',(0.,0.,1.));
#14320=DIRECTION('',(-1.,0.,0.));
#14321=DIRECTION('',(-1.,0.,0.));
#14322=DIRECTION('',(0.,0.,1.));
#14323=DIRECTION('',(1.,0.,0.));
#14324=DIRECTION('',(0.,0.,-1.));
#14325=DIRECTION('',(-1.,0.,0.));
#14326=DIRECTION('',(0.,0.,1.));
#14327=DIRECTION('',(-1.,0.,0.));
#14328=DIRECTION('',(-1.,0.,0.));
#14329=DIRECTION('',(0.,0.,1.));
#14330=DIRECTION('',(1.,0.,0.));
#14331=DIRECTION('',(0.,0.,-1.));
#14332=DIRECTION('',(-1.,0.,0.));
#14333=DIRECTION('',(0.,0.,1.));
#14334=DIRECTION('',(-1.,0.,0.));
#14335=DIRECTION('',(-1.,0.,0.));
#14336=DIRECTION('',(0.,0.,1.));
#14337=DIRECTION('',(1.,0.,0.));
#14338=DIRECTION('',(0.,0.,-1.));
#14339=DIRECTION('',(-1.,0.,0.));
#14340=DIRECTION('',(0.,0.,1.));
#14341=DIRECTION('',(-1.,0.,0.));
#14342=DIRECTION('',(-1.,0.,0.));
#14343=DIRECTION('',(0.,0.,1.));
#14344=DIRECTION('',(1.,0.,0.));
#14345=DIRECTION('',(0.,0.,-1.));
#14346=DIRECTION('',(-1.,0.,0.));
#14347=DIRECTION('',(0.,0.,1.));
#14348=DIRECTION('',(-1.,0.,0.));
#14349=DIRECTION('',(-1.,0.,0.));
#14350=DIRECTION('',(0.,0.,1.));
#14351=DIRECTION('',(1.,0.,0.));
#14352=DIRECTION('',(0.,0.,-1.));
#14353=DIRECTION('',(-1.,0.,0.));
#14354=DIRECTION('',(0.,0.,1.));
#14355=DIRECTION('',(-1.,0.,0.));
#14356=DIRECTION('',(-1.,0.,0.));
#14357=DIRECTION('',(0.,0.,1.));
#14358=DIRECTION('',(1.,0.,0.));
#14359=DIRECTION('',(0.,0.,-1.));
#14360=DIRECTION('',(-1.,0.,0.));
#14361=DIRECTION('',(0.,0.,1.));
#14362=DIRECTION('',(-1.,0.,0.));
#14363=DIRECTION('',(-1.,0.,0.));
#14364=DIRECTION('',(0.,0.,1.));
#14365=DIRECTION('',(1.,0.,0.));
#14366=DIRECTION('',(0.,0.,-1.));
#14367=DIRECTION('',(-1.,0.,0.));
#14368=DIRECTION('',(0.,0.,1.));
#14369=DIRECTION('',(-1.,0.,0.));
#14370=DIRECTION('',(-1.,0.,0.));
#14371=DIRECTION('',(0.,0.,1.));
#14372=DIRECTION('',(1.,0.,0.));
#14373=DIRECTION('',(0.,0.,-1.));
#14374=DIRECTION('',(-1.,0.,0.));
#14375=DIRECTION('',(0.,0.,1.));
#14376=DIRECTION('',(-1.,0.,0.));
#14377=DIRECTION('',(-1.,0.,0.));
#14378=DIRECTION('',(0.,0.,1.));
#14379=DIRECTION('',(1.,0.,0.));
#14380=DIRECTION('',(0.,0.,-1.));
#14381=DIRECTION('',(-1.,0.,0.));
#14382=DIRECTION('',(0.,0.,1.));
#14383=DIRECTION('',(-1.,0.,0.));
#14384=DIRECTION('',(-1.,0.,0.));
#14385=DIRECTION('',(0.,0.,1.));
#14386=DIRECTION('',(1.,0.,0.));
#14387=DIRECTION('',(0.,0.,-1.));
#14388=DIRECTION('',(-1.,0.,0.));
#14389=DIRECTION('',(0.,0.,1.));
#14390=DIRECTION('',(-1.,0.,0.));
#14391=DIRECTION('',(-1.,0.,0.));
#14392=DIRECTION('',(0.,0.,1.));
#14393=DIRECTION('',(1.,0.,0.));
#14394=DIRECTION('',(0.,0.,-1.));
#14395=DIRECTION('',(-1.,0.,0.));
#14396=DIRECTION('',(0.,0.,1.));
#14397=DIRECTION('',(-1.,0.,0.));
#14398=DIRECTION('',(-1.,0.,0.));
#14399=DIRECTION('',(0.,0.,1.));
#14400=DIRECTION('',(1.,0.,0.));
#14401=DIRECTION('',(0.,0.,-1.));
#14402=DIRECTION('',(-1.,0.,0.));
#14403=DIRECTION('',(0.,0.,1.));
#14404=DIRECTION('',(-1.,0.,0.));
#14405=DIRECTION('',(-1.,0.,0.));
#14406=DIRECTION('',(0.,0.,1.));
#14407=DIRECTION('',(1.,0.,0.));
#14408=DIRECTION('',(0.,0.,-1.));
#14409=DIRECTION('',(-1.,0.,0.));
#14410=DIRECTION('',(0.,0.,1.));
#14411=DIRECTION('',(-1.,0.,0.));
#14412=DIRECTION('',(0.,0.,-1.));
#14413=DIRECTION('',(-1.,0.,0.));
#14414=DIRECTION('',(-1.,0.,0.));
#14415=DIRECTION('',(0.,-1.,0.));
#14416=DIRECTION('',(0.,1.,0.));
#14417=DIRECTION('',(0.,0.,-1.));
#14418=DIRECTION('',(-1.,0.,0.));
#14419=DIRECTION('',(-1.,0.,0.));
#14420=DIRECTION('',(0.,-1.,0.));
#14421=DIRECTION('',(0.,1.,0.));
#14422=DIRECTION('',(0.,0.,-1.));
#14423=DIRECTION('',(-1.,0.,0.));
#14424=DIRECTION('',(-1.,0.,0.));
#14425=DIRECTION('',(0.,-1.,0.));
#14426=DIRECTION('',(0.,1.,0.));
#14427=DIRECTION('',(0.,0.,-1.));
#14428=DIRECTION('',(-1.,0.,0.));
#14429=DIRECTION('',(-1.,0.,0.));
#14430=DIRECTION('',(0.,-1.,0.));
#14431=DIRECTION('',(0.,1.,0.));
#14432=DIRECTION('',(0.,0.,-1.));
#14433=DIRECTION('',(-1.,0.,0.));
#14434=DIRECTION('',(-1.,0.,0.));
#14435=DIRECTION('',(0.,-1.,0.));
#14436=DIRECTION('',(0.,1.,0.));
#14437=DIRECTION('',(0.,0.,-1.));
#14438=DIRECTION('',(-1.,0.,0.));
#14439=DIRECTION('',(-1.,0.,0.));
#14440=DIRECTION('',(0.,-1.,0.));
#14441=DIRECTION('',(0.,1.,0.));
#14442=DIRECTION('',(0.,0.,-1.));
#14443=DIRECTION('',(-1.,0.,0.));
#14444=DIRECTION('',(-1.,0.,0.));
#14445=DIRECTION('',(0.,-1.,0.));
#14446=DIRECTION('',(0.,1.,0.));
#14447=DIRECTION('',(0.,0.,-1.));
#14448=DIRECTION('',(-1.,0.,0.));
#14449=DIRECTION('',(-1.,0.,0.));
#14450=DIRECTION('',(0.,-1.,0.));
#14451=DIRECTION('',(0.,1.,0.));
#14452=DIRECTION('',(0.,0.,-1.));
#14453=DIRECTION('',(-1.,0.,0.));
#14454=DIRECTION('',(-1.,0.,0.));
#14455=DIRECTION('',(0.,-1.,0.));
#14456=DIRECTION('',(0.,1.,0.));
#14457=DIRECTION('',(0.,0.,-1.));
#14458=DIRECTION('',(-1.,0.,0.));
#14459=DIRECTION('',(-1.,0.,0.));
#14460=DIRECTION('',(0.,-1.,0.));
#14461=DIRECTION('',(0.,1.,0.));
#14462=DIRECTION('',(0.,0.,-1.));
#14463=DIRECTION('',(-1.,0.,0.));
#14464=DIRECTION('',(-1.,0.,0.));
#14465=DIRECTION('',(0.,-1.,0.));
#14466=DIRECTION('',(0.,1.,0.));
#14467=DIRECTION('',(0.,0.,-1.));
#14468=DIRECTION('',(-1.,0.,0.));
#14469=DIRECTION('',(-1.,0.,0.));
#14470=DIRECTION('',(0.,-1.,0.));
#14471=DIRECTION('',(0.,1.,0.));
#14472=DIRECTION('',(0.,0.,-1.));
#14473=DIRECTION('',(-1.,0.,0.));
#14474=DIRECTION('',(-1.,0.,0.));
#14475=DIRECTION('',(0.,-1.,0.));
#14476=DIRECTION('',(0.,1.,0.));
#14477=DIRECTION('',(0.,0.,-1.));
#14478=DIRECTION('',(-1.,0.,0.));
#14479=DIRECTION('',(-1.,0.,0.));
#14480=DIRECTION('',(0.,-1.,0.));
#14481=DIRECTION('',(0.,1.,0.));
#14482=DIRECTION('',(0.,0.,-1.));
#14483=DIRECTION('',(-1.,0.,0.));
#14484=DIRECTION('',(-1.,0.,0.));
#14485=DIRECTION('',(0.,-1.,0.));
#14486=DIRECTION('',(0.,1.,0.));
#14487=DIRECTION('',(0.,0.,-1.));
#14488=DIRECTION('',(-1.,0.,0.));
#14489=DIRECTION('',(-1.,0.,0.));
#14490=DIRECTION('',(0.,-1.,0.));
#14491=DIRECTION('',(0.,1.,0.));
#14492=DIRECTION('',(0.,0.,-1.));
#14493=DIRECTION('',(-1.,0.,0.));
#14494=DIRECTION('',(-1.,0.,0.));
#14495=DIRECTION('',(0.,-1.,0.));
#14496=DIRECTION('',(0.,1.,0.));
#14497=DIRECTION('',(0.,0.,-1.));
#14498=DIRECTION('',(-1.,0.,0.));
#14499=DIRECTION('',(-1.,0.,0.));
#14500=DIRECTION('',(0.,-1.,0.));
#14501=DIRECTION('',(0.,1.,0.));
#14502=DIRECTION('',(0.,0.,-1.));
#14503=DIRECTION('',(-1.,0.,0.));
#14504=DIRECTION('',(-1.,0.,0.));
#14505=DIRECTION('',(0.,-1.,0.));
#14506=DIRECTION('',(0.,1.,0.));
#14507=DIRECTION('',(0.,0.,-1.));
#14508=DIRECTION('',(-1.,0.,0.));
#14509=DIRECTION('',(-1.,0.,0.));
#14510=DIRECTION('',(0.,-1.,0.));
#14511=DIRECTION('',(0.,1.,0.));
#14512=DIRECTION('',(0.,0.,-1.));
#14513=DIRECTION('',(-1.,0.,0.));
#14514=DIRECTION('',(-1.,0.,0.));
#14515=DIRECTION('',(0.,-1.,0.));
#14516=DIRECTION('',(0.,1.,0.));
#14517=DIRECTION('',(0.,0.,-1.));
#14518=DIRECTION('',(-1.,0.,0.));
#14519=DIRECTION('',(-1.,0.,0.));
#14520=DIRECTION('',(0.,-1.,0.));
#14521=DIRECTION('',(0.,1.,0.));
#14522=DIRECTION('',(0.,0.,-1.));
#14523=DIRECTION('',(-1.,0.,0.));
#14524=DIRECTION('',(-1.,0.,0.));
#14525=DIRECTION('',(0.,-1.,0.));
#14526=DIRECTION('',(0.,1.,0.));
#14527=DIRECTION('',(0.,0.,-1.));
#14528=DIRECTION('',(-1.,0.,0.));
#14529=DIRECTION('',(-1.,0.,0.));
#14530=DIRECTION('',(0.,-1.,0.));
#14531=DIRECTION('',(0.,1.,0.));
#14532=DIRECTION('',(0.,0.,-1.));
#14533=DIRECTION('',(-1.,0.,0.));
#14534=DIRECTION('',(-1.,0.,0.));
#14535=DIRECTION('',(0.,-1.,0.));
#14536=DIRECTION('',(0.,1.,0.));
#14537=DIRECTION('',(0.,0.,1.));
#14538=DIRECTION('',(1.,0.,0.));
#14539=DIRECTION('',(-1.,0.,0.));
#14540=DIRECTION('',(0.,1.,0.));
#14541=DIRECTION('',(-1.,0.,0.));
#14542=DIRECTION('',(0.,-1.,0.));
#14543=DIRECTION('',(0.,0.,1.));
#14544=DIRECTION('',(1.,0.,0.));
#14545=DIRECTION('',(-1.,0.,0.));
#14546=DIRECTION('',(0.,1.,0.));
#14547=DIRECTION('',(-1.,0.,0.));
#14548=DIRECTION('',(0.,-1.,0.));
#14549=DIRECTION('',(0.,0.,1.));
#14550=DIRECTION('',(1.,0.,0.));
#14551=DIRECTION('',(-1.,0.,0.));
#14552=DIRECTION('',(0.,1.,0.));
#14553=DIRECTION('',(-1.,0.,0.));
#14554=DIRECTION('',(0.,-1.,0.));
#14555=DIRECTION('',(0.,0.,1.));
#14556=DIRECTION('',(1.,0.,0.));
#14557=DIRECTION('',(-1.,0.,0.));
#14558=DIRECTION('',(0.,1.,0.));
#14559=DIRECTION('',(-1.,0.,0.));
#14560=DIRECTION('',(0.,-1.,0.));
#14561=DIRECTION('',(0.,0.,1.));
#14562=DIRECTION('',(1.,0.,0.));
#14563=DIRECTION('',(-1.,0.,0.));
#14564=DIRECTION('',(0.,1.,0.));
#14565=DIRECTION('',(-1.,0.,0.));
#14566=DIRECTION('',(0.,-1.,0.));
#14567=DIRECTION('',(0.,0.,1.));
#14568=DIRECTION('',(1.,0.,0.));
#14569=DIRECTION('',(-1.,0.,0.));
#14570=DIRECTION('',(0.,1.,0.));
#14571=DIRECTION('',(-1.,0.,0.));
#14572=DIRECTION('',(0.,-1.,0.));
#14573=DIRECTION('',(0.,0.,1.));
#14574=DIRECTION('',(1.,0.,0.));
#14575=DIRECTION('',(-1.,0.,0.));
#14576=DIRECTION('',(0.,1.,0.));
#14577=DIRECTION('',(-1.,0.,0.));
#14578=DIRECTION('',(0.,-1.,0.));
#14579=DIRECTION('',(0.,0.,1.));
#14580=DIRECTION('',(1.,0.,0.));
#14581=DIRECTION('',(-1.,0.,0.));
#14582=DIRECTION('',(0.,1.,0.));
#14583=DIRECTION('',(-1.,0.,0.));
#14584=DIRECTION('',(0.,-1.,0.));
#14585=DIRECTION('',(0.,0.,1.));
#14586=DIRECTION('',(1.,0.,0.));
#14587=DIRECTION('',(-1.,0.,0.));
#14588=DIRECTION('',(0.,1.,0.));
#14589=DIRECTION('',(-1.,0.,0.));
#14590=DIRECTION('',(0.,-1.,0.));
#14591=DIRECTION('',(0.,0.,1.));
#14592=DIRECTION('',(1.,0.,0.));
#14593=DIRECTION('',(-1.,0.,0.));
#14594=DIRECTION('',(0.,1.,0.));
#14595=DIRECTION('',(-1.,0.,0.));
#14596=DIRECTION('',(0.,-1.,0.));
#14597=DIRECTION('',(0.,0.,1.));
#14598=DIRECTION('',(1.,0.,0.));
#14599=DIRECTION('',(-1.,0.,0.));
#14600=DIRECTION('',(0.,1.,0.));
#14601=DIRECTION('',(-1.,0.,0.));
#14602=DIRECTION('',(0.,-1.,0.));
#14603=DIRECTION('',(0.,0.,1.));
#14604=DIRECTION('',(1.,0.,0.));
#14605=DIRECTION('',(-1.,0.,0.));
#14606=DIRECTION('',(0.,1.,0.));
#14607=DIRECTION('',(-1.,0.,0.));
#14608=DIRECTION('',(0.,-1.,0.));
#14609=DIRECTION('',(0.,0.,1.));
#14610=DIRECTION('',(1.,0.,0.));
#14611=DIRECTION('',(-1.,0.,0.));
#14612=DIRECTION('',(0.,1.,0.));
#14613=DIRECTION('',(-1.,0.,0.));
#14614=DIRECTION('',(0.,-1.,0.));
#14615=DIRECTION('',(0.,0.,1.));
#14616=DIRECTION('',(1.,0.,0.));
#14617=DIRECTION('',(-1.,0.,0.));
#14618=DIRECTION('',(0.,1.,0.));
#14619=DIRECTION('',(-1.,0.,0.));
#14620=DIRECTION('',(0.,-1.,0.));
#14621=DIRECTION('',(0.,0.,1.));
#14622=DIRECTION('',(1.,0.,0.));
#14623=DIRECTION('',(-1.,0.,0.));
#14624=DIRECTION('',(0.,1.,0.));
#14625=DIRECTION('',(-1.,0.,0.));
#14626=DIRECTION('',(0.,-1.,0.));
#14627=DIRECTION('',(0.,0.,1.));
#14628=DIRECTION('',(1.,0.,0.));
#14629=DIRECTION('',(-1.,0.,0.));
#14630=DIRECTION('',(0.,1.,0.));
#14631=DIRECTION('',(-1.,0.,0.));
#14632=DIRECTION('',(0.,-1.,0.));
#14633=DIRECTION('',(0.,0.,1.));
#14634=DIRECTION('',(1.,0.,0.));
#14635=DIRECTION('',(-1.,0.,0.));
#14636=DIRECTION('',(0.,1.,0.));
#14637=DIRECTION('',(-1.,0.,0.));
#14638=DIRECTION('',(0.,-1.,0.));
#14639=DIRECTION('',(0.,0.,1.));
#14640=DIRECTION('',(1.,0.,0.));
#14641=DIRECTION('',(-1.,0.,0.));
#14642=DIRECTION('',(0.,1.,0.));
#14643=DIRECTION('',(-1.,0.,0.));
#14644=DIRECTION('',(0.,-1.,0.));
#14645=DIRECTION('',(0.,0.,1.));
#14646=DIRECTION('',(1.,0.,0.));
#14647=DIRECTION('',(-1.,0.,0.));
#14648=DIRECTION('',(0.,1.,0.));
#14649=DIRECTION('',(-1.,0.,0.));
#14650=DIRECTION('',(0.,-1.,0.));
#14651=DIRECTION('',(0.,0.,1.));
#14652=DIRECTION('',(1.,0.,0.));
#14653=DIRECTION('',(-1.,0.,0.));
#14654=DIRECTION('',(0.,1.,0.));
#14655=DIRECTION('',(-1.,0.,0.));
#14656=DIRECTION('',(0.,-1.,0.));
#14657=DIRECTION('',(0.,0.,1.));
#14658=DIRECTION('',(1.,0.,0.));
#14659=DIRECTION('',(-1.,0.,0.));
#14660=DIRECTION('',(0.,1.,0.));
#14661=DIRECTION('',(-1.,0.,0.));
#14662=DIRECTION('',(0.,-1.,0.));
#14663=DIRECTION('',(0.,0.,1.));
#14664=DIRECTION('',(1.,0.,0.));
#14665=DIRECTION('',(-1.,0.,0.));
#14666=DIRECTION('',(0.,1.,0.));
#14667=DIRECTION('',(-1.,0.,0.));
#14668=DIRECTION('',(0.,-1.,0.));
#14669=DIRECTION('',(0.,0.,1.));
#14670=DIRECTION('',(1.,0.,0.));
#14671=DIRECTION('',(-1.,0.,0.));
#14672=DIRECTION('',(0.,1.,0.));
#14673=DIRECTION('',(-1.,0.,0.));
#14674=DIRECTION('',(0.,-1.,0.));
#14675=DIRECTION('',(0.,0.,1.));
#14676=DIRECTION('',(1.,0.,0.));
#14677=DIRECTION('',(-1.,0.,0.));
#14678=DIRECTION('',(0.,1.,0.));
#14679=DIRECTION('',(-1.,0.,0.));
#14680=DIRECTION('',(0.,-1.,0.));
#14681=DIRECTION('',(0.,0.,1.));
#14682=DIRECTION('',(1.,0.,0.));
#14683=DIRECTION('',(-1.,0.,0.));
#14684=DIRECTION('',(0.,1.,0.));
#14685=DIRECTION('',(-1.,0.,0.));
#14686=DIRECTION('',(0.,-1.,0.));
#14687=DIRECTION('',(-1.,0.,0.));
#14688=DIRECTION('',(0.,0.,1.));
#14689=DIRECTION('',(1.,0.,0.));
#14690=DIRECTION('',(0.,0.,-1.));
#14691=DIRECTION('',(-1.,0.,0.));
#14692=DIRECTION('',(0.,0.,1.));
#14693=DIRECTION('',(-1.,0.,0.));
#14694=DIRECTION('',(0.,0.,1.));
#14695=DIRECTION('',(1.,0.,0.));
#14696=DIRECTION('',(0.,0.,-1.));
#14697=DIRECTION('',(-1.,0.,0.));
#14698=DIRECTION('',(0.,0.,1.));
#14699=DIRECTION('',(-1.,0.,0.));
#14700=DIRECTION('',(0.,0.,1.));
#14701=DIRECTION('',(1.,0.,0.));
#14702=DIRECTION('',(0.,0.,-1.));
#14703=DIRECTION('',(-1.,0.,0.));
#14704=DIRECTION('',(0.,0.,1.));
#14705=DIRECTION('',(-1.,0.,0.));
#14706=DIRECTION('',(0.,0.,1.));
#14707=DIRECTION('',(1.,0.,0.));
#14708=DIRECTION('',(0.,0.,-1.));
#14709=DIRECTION('',(-1.,0.,0.));
#14710=DIRECTION('',(0.,0.,1.));
#14711=DIRECTION('',(-1.,0.,0.));
#14712=DIRECTION('',(0.,0.,1.));
#14713=DIRECTION('',(1.,0.,0.));
#14714=DIRECTION('',(0.,0.,-1.));
#14715=DIRECTION('',(-1.,0.,0.));
#14716=DIRECTION('',(0.,0.,1.));
#14717=DIRECTION('',(-1.,0.,0.));
#14718=DIRECTION('',(0.,0.,1.));
#14719=DIRECTION('',(1.,0.,0.));
#14720=DIRECTION('',(0.,0.,-1.));
#14721=DIRECTION('',(-1.,0.,0.));
#14722=DIRECTION('',(0.,0.,1.));
#14723=DIRECTION('',(-1.,0.,0.));
#14724=DIRECTION('',(0.,0.,1.));
#14725=DIRECTION('',(1.,0.,0.));
#14726=DIRECTION('',(0.,0.,-1.));
#14727=DIRECTION('',(-1.,0.,0.));
#14728=DIRECTION('',(0.,0.,1.));
#14729=DIRECTION('',(-1.,0.,0.));
#14730=DIRECTION('',(0.,0.,1.));
#14731=DIRECTION('',(1.,0.,0.));
#14732=DIRECTION('',(0.,0.,-1.));
#14733=DIRECTION('',(-1.,0.,0.));
#14734=DIRECTION('',(0.,0.,1.));
#14735=DIRECTION('',(-1.,0.,0.));
#14736=DIRECTION('',(0.,0.,1.));
#14737=DIRECTION('',(1.,0.,0.));
#14738=DIRECTION('',(0.,0.,-1.));
#14739=DIRECTION('',(-1.,0.,0.));
#14740=DIRECTION('',(0.,0.,1.));
#14741=DIRECTION('',(-1.,0.,0.));
#14742=DIRECTION('',(0.,0.,1.));
#14743=DIRECTION('',(1.,0.,0.));
#14744=DIRECTION('',(0.,0.,-1.));
#14745=DIRECTION('',(-1.,0.,0.));
#14746=DIRECTION('',(0.,0.,1.));
#14747=DIRECTION('',(-1.,0.,0.));
#14748=DIRECTION('',(0.,0.,1.));
#14749=DIRECTION('',(1.,0.,0.));
#14750=DIRECTION('',(0.,0.,-1.));
#14751=DIRECTION('',(-1.,0.,0.));
#14752=DIRECTION('',(0.,0.,1.));
#14753=DIRECTION('',(-1.,0.,0.));
#14754=DIRECTION('',(0.,0.,1.));
#14755=DIRECTION('',(1.,0.,0.));
#14756=DIRECTION('',(0.,0.,-1.));
#14757=DIRECTION('',(-1.,0.,0.));
#14758=DIRECTION('',(0.,0.,1.));
#14759=DIRECTION('',(-1.,0.,0.));
#14760=DIRECTION('',(0.,0.,1.));
#14761=DIRECTION('',(1.,0.,0.));
#14762=DIRECTION('',(0.,0.,-1.));
#14763=DIRECTION('',(-1.,0.,0.));
#14764=DIRECTION('',(0.,0.,1.));
#14765=DIRECTION('',(-1.,0.,0.));
#14766=DIRECTION('',(0.,0.,1.));
#14767=DIRECTION('',(1.,0.,0.));
#14768=DIRECTION('',(0.,0.,-1.));
#14769=DIRECTION('',(-1.,0.,0.));
#14770=DIRECTION('',(0.,0.,1.));
#14771=DIRECTION('',(-1.,0.,0.));
#14772=DIRECTION('',(0.,0.,1.));
#14773=DIRECTION('',(1.,0.,0.));
#14774=DIRECTION('',(0.,0.,-1.));
#14775=DIRECTION('',(-1.,0.,0.));
#14776=DIRECTION('',(0.,0.,1.));
#14777=DIRECTION('',(-1.,0.,0.));
#14778=DIRECTION('',(0.,0.,1.));
#14779=DIRECTION('',(1.,0.,0.));
#14780=DIRECTION('',(0.,0.,-1.));
#14781=DIRECTION('',(-1.,0.,0.));
#14782=DIRECTION('',(0.,0.,1.));
#14783=DIRECTION('',(-1.,0.,0.));
#14784=DIRECTION('',(0.,0.,1.));
#14785=DIRECTION('',(1.,0.,0.));
#14786=DIRECTION('',(0.,0.,-1.));
#14787=DIRECTION('',(-1.,0.,0.));
#14788=DIRECTION('',(0.,0.,1.));
#14789=DIRECTION('',(-1.,0.,0.));
#14790=DIRECTION('',(0.,0.,1.));
#14791=DIRECTION('',(1.,0.,0.));
#14792=DIRECTION('',(0.,0.,-1.));
#14793=DIRECTION('',(-1.,0.,0.));
#14794=DIRECTION('',(0.,0.,1.));
#14795=DIRECTION('',(-1.,0.,0.));
#14796=DIRECTION('',(0.,0.,1.));
#14797=DIRECTION('',(1.,0.,0.));
#14798=DIRECTION('',(0.,0.,-1.));
#14799=DIRECTION('',(-1.,0.,0.));
#14800=DIRECTION('',(0.,0.,1.));
#14801=DIRECTION('',(-1.,0.,0.));
#14802=DIRECTION('',(0.,0.,1.));
#14803=DIRECTION('',(1.,0.,0.));
#14804=DIRECTION('',(0.,0.,-1.));
#14805=DIRECTION('',(-1.,0.,0.));
#14806=DIRECTION('',(0.,0.,1.));
#14807=DIRECTION('',(-1.,0.,0.));
#14808=DIRECTION('',(0.,0.,1.));
#14809=DIRECTION('',(1.,0.,0.));
#14810=DIRECTION('',(0.,0.,-1.));
#14811=DIRECTION('',(-1.,0.,0.));
#14812=DIRECTION('',(0.,0.,1.));
#14813=DIRECTION('',(-1.,0.,0.));
#14814=DIRECTION('',(0.,0.,1.));
#14815=DIRECTION('',(1.,0.,0.));
#14816=DIRECTION('',(0.,0.,-1.));
#14817=DIRECTION('',(-1.,0.,0.));
#14818=DIRECTION('',(0.,0.,1.));
#14819=DIRECTION('',(-1.,0.,0.));
#14820=DIRECTION('',(0.,0.,1.));
#14821=DIRECTION('',(1.,0.,0.));
#14822=DIRECTION('',(0.,0.,-1.));
#14823=DIRECTION('',(-1.,0.,0.));
#14824=DIRECTION('',(0.,0.,1.));
#14825=DIRECTION('',(-1.,0.,0.));
#14826=DIRECTION('',(0.,0.,1.));
#14827=DIRECTION('',(1.,0.,0.));
#14828=DIRECTION('',(0.,0.,-1.));
#14829=DIRECTION('',(-1.,0.,0.));
#14830=DIRECTION('',(0.,0.,1.));
#14831=DIRECTION('',(-1.,0.,0.));
#14832=DIRECTION('',(0.,0.,1.));
#14833=DIRECTION('',(1.,0.,0.));
#14834=DIRECTION('',(0.,0.,-1.));
#14835=DIRECTION('',(-1.,0.,0.));
#14836=DIRECTION('',(0.,0.,1.));
#14837=DIRECTION('',(0.,0.,-1.));
#14838=DIRECTION('',(-1.,0.,0.));
#14839=DIRECTION('',(-1.,0.,0.));
#14840=DIRECTION('',(0.,-1.,0.));
#14841=DIRECTION('',(-1.,0.,0.));
#14842=DIRECTION('',(0.,1.,0.));
#14843=DIRECTION('',(0.,0.,-1.));
#14844=DIRECTION('',(-1.,0.,0.));
#14845=DIRECTION('',(-1.,0.,0.));
#14846=DIRECTION('',(0.,-1.,0.));
#14847=DIRECTION('',(-1.,0.,0.));
#14848=DIRECTION('',(0.,1.,0.));
#14849=DIRECTION('',(0.,0.,-1.));
#14850=DIRECTION('',(-1.,0.,0.));
#14851=DIRECTION('',(-1.,0.,0.));
#14852=DIRECTION('',(0.,-1.,0.));
#14853=DIRECTION('',(-1.,0.,0.));
#14854=DIRECTION('',(0.,1.,0.));
#14855=DIRECTION('',(0.,0.,-1.));
#14856=DIRECTION('',(-1.,0.,0.));
#14857=DIRECTION('',(-1.,0.,0.));
#14858=DIRECTION('',(0.,-1.,0.));
#14859=DIRECTION('',(-1.,0.,0.));
#14860=DIRECTION('',(0.,1.,0.));
#14861=DIRECTION('',(0.,0.,-1.));
#14862=DIRECTION('',(-1.,0.,0.));
#14863=DIRECTION('',(-1.,0.,0.));
#14864=DIRECTION('',(0.,-1.,0.));
#14865=DIRECTION('',(-1.,0.,0.));
#14866=DIRECTION('',(0.,1.,0.));
#14867=DIRECTION('',(0.,0.,-1.));
#14868=DIRECTION('',(-1.,0.,0.));
#14869=DIRECTION('',(-1.,0.,0.));
#14870=DIRECTION('',(0.,-1.,0.));
#14871=DIRECTION('',(-1.,0.,0.));
#14872=DIRECTION('',(0.,1.,0.));
#14873=DIRECTION('',(0.,0.,-1.));
#14874=DIRECTION('',(-1.,0.,0.));
#14875=DIRECTION('',(-1.,0.,0.));
#14876=DIRECTION('',(0.,-1.,0.));
#14877=DIRECTION('',(-1.,0.,0.));
#14878=DIRECTION('',(0.,1.,0.));
#14879=DIRECTION('',(0.,0.,-1.));
#14880=DIRECTION('',(-1.,0.,0.));
#14881=DIRECTION('',(-1.,0.,0.));
#14882=DIRECTION('',(0.,-1.,0.));
#14883=DIRECTION('',(-1.,0.,0.));
#14884=DIRECTION('',(0.,1.,0.));
#14885=DIRECTION('',(0.,0.,-1.));
#14886=DIRECTION('',(-1.,0.,0.));
#14887=DIRECTION('',(-1.,0.,0.));
#14888=DIRECTION('',(0.,-1.,0.));
#14889=DIRECTION('',(-1.,0.,0.));
#14890=DIRECTION('',(0.,1.,0.));
#14891=DIRECTION('',(0.,0.,-1.));
#14892=DIRECTION('',(-1.,0.,0.));
#14893=DIRECTION('',(-1.,0.,0.));
#14894=DIRECTION('',(0.,-1.,0.));
#14895=DIRECTION('',(-1.,0.,0.));
#14896=DIRECTION('',(0.,1.,0.));
#14897=DIRECTION('',(0.,0.,-1.));
#14898=DIRECTION('',(-1.,0.,0.));
#14899=DIRECTION('',(-1.,0.,0.));
#14900=DIRECTION('',(0.,-1.,0.));
#14901=DIRECTION('',(-1.,0.,0.));
#14902=DIRECTION('',(0.,1.,0.));
#14903=DIRECTION('',(0.,0.,-1.));
#14904=DIRECTION('',(-1.,0.,0.));
#14905=DIRECTION('',(-1.,0.,0.));
#14906=DIRECTION('',(0.,-1.,0.));
#14907=DIRECTION('',(-1.,0.,0.));
#14908=DIRECTION('',(0.,1.,0.));
#14909=DIRECTION('',(0.,0.,-1.));
#14910=DIRECTION('',(-1.,0.,0.));
#14911=DIRECTION('',(-1.,0.,0.));
#14912=DIRECTION('',(0.,-1.,0.));
#14913=DIRECTION('',(-1.,0.,0.));
#14914=DIRECTION('',(0.,1.,0.));
#14915=DIRECTION('',(0.,0.,-1.));
#14916=DIRECTION('',(-1.,0.,0.));
#14917=DIRECTION('',(-1.,0.,0.));
#14918=DIRECTION('',(0.,-1.,0.));
#14919=DIRECTION('',(-1.,0.,0.));
#14920=DIRECTION('',(0.,1.,0.));
#14921=DIRECTION('',(0.,0.,-1.));
#14922=DIRECTION('',(-1.,0.,0.));
#14923=DIRECTION('',(-1.,0.,0.));
#14924=DIRECTION('',(0.,-1.,0.));
#14925=DIRECTION('',(-1.,0.,0.));
#14926=DIRECTION('',(0.,1.,0.));
#14927=DIRECTION('',(0.,0.,-1.));
#14928=DIRECTION('',(-1.,0.,0.));
#14929=DIRECTION('',(-1.,0.,0.));
#14930=DIRECTION('',(0.,-1.,0.));
#14931=DIRECTION('',(-1.,0.,0.));
#14932=DIRECTION('',(0.,1.,0.));
#14933=DIRECTION('',(0.,0.,-1.));
#14934=DIRECTION('',(-1.,0.,0.));
#14935=DIRECTION('',(-1.,0.,0.));
#14936=DIRECTION('',(0.,-1.,0.));
#14937=DIRECTION('',(-1.,0.,0.));
#14938=DIRECTION('',(0.,1.,0.));
#14939=DIRECTION('',(0.,0.,-1.));
#14940=DIRECTION('',(-1.,0.,0.));
#14941=DIRECTION('',(-1.,0.,0.));
#14942=DIRECTION('',(0.,-1.,0.));
#14943=DIRECTION('',(-1.,0.,0.));
#14944=DIRECTION('',(0.,1.,0.));
#14945=DIRECTION('',(0.,0.,-1.));
#14946=DIRECTION('',(-1.,0.,0.));
#14947=DIRECTION('',(-1.,0.,0.));
#14948=DIRECTION('',(0.,-1.,0.));
#14949=DIRECTION('',(-1.,0.,0.));
#14950=DIRECTION('',(0.,1.,0.));
#14951=DIRECTION('',(0.,0.,-1.));
#14952=DIRECTION('',(-1.,0.,0.));
#14953=DIRECTION('',(-1.,0.,0.));
#14954=DIRECTION('',(0.,-1.,0.));
#14955=DIRECTION('',(-1.,0.,0.));
#14956=DIRECTION('',(0.,1.,0.));
#14957=DIRECTION('',(0.,0.,-1.));
#14958=DIRECTION('',(-1.,0.,0.));
#14959=DIRECTION('',(-1.,0.,0.));
#14960=DIRECTION('',(0.,-1.,0.));
#14961=DIRECTION('',(-1.,0.,0.));
#14962=DIRECTION('',(0.,1.,0.));
#14963=DIRECTION('',(0.,0.,-1.));
#14964=DIRECTION('',(-1.,0.,0.));
#14965=DIRECTION('',(-1.,0.,0.));
#14966=DIRECTION('',(0.,-1.,0.));
#14967=DIRECTION('',(-1.,0.,0.));
#14968=DIRECTION('',(0.,1.,0.));
#14969=DIRECTION('',(0.,0.,-1.));
#14970=DIRECTION('',(-1.,0.,0.));
#14971=DIRECTION('',(-1.,0.,0.));
#14972=DIRECTION('',(0.,-1.,0.));
#14973=DIRECTION('',(-1.,0.,0.));
#14974=DIRECTION('',(0.,1.,0.));
#14975=DIRECTION('',(0.,0.,-1.));
#14976=DIRECTION('',(-1.,0.,0.));
#14977=DIRECTION('',(-1.,0.,0.));
#14978=DIRECTION('',(0.,-1.,0.));
#14979=DIRECTION('',(-1.,0.,0.));
#14980=DIRECTION('',(0.,1.,0.));
#14981=DIRECTION('',(0.,0.,-1.));
#14982=DIRECTION('',(-1.,0.,0.));
#14983=DIRECTION('',(-1.,0.,0.));
#14984=DIRECTION('',(0.,-1.,0.));
#14985=DIRECTION('',(-1.,0.,0.));
#14986=DIRECTION('',(0.,1.,0.));
#14987=DIRECTION('',(-1.,0.,0.));
#14988=DIRECTION('',(0.,0.,1.));
#14989=DIRECTION('',(1.,0.,0.));
#14990=DIRECTION('',(0.,0.,-1.));
#14991=DIRECTION('',(-1.,0.,0.));
#14992=DIRECTION('',(0.,0.,1.));
#14993=DIRECTION('',(-1.,0.,0.));
#14994=DIRECTION('',(0.,0.,1.));
#14995=DIRECTION('',(1.,0.,0.));
#14996=DIRECTION('',(0.,0.,-1.));
#14997=DIRECTION('',(-1.,0.,0.));
#14998=DIRECTION('',(0.,0.,1.));
#14999=DIRECTION('',(-1.,0.,0.));
#15000=DIRECTION('',(0.,0.,1.));
#15001=DIRECTION('',(1.,0.,0.));
#15002=DIRECTION('',(0.,0.,-1.));
#15003=DIRECTION('',(-1.,0.,0.));
#15004=DIRECTION('',(0.,0.,1.));
#15005=DIRECTION('',(-1.,0.,0.));
#15006=DIRECTION('',(0.,0.,1.));
#15007=DIRECTION('',(1.,0.,0.));
#15008=DIRECTION('',(0.,0.,-1.));
#15009=DIRECTION('',(-1.,0.,0.));
#15010=DIRECTION('',(0.,0.,1.));
#15011=DIRECTION('',(-1.,0.,0.));
#15012=DIRECTION('',(0.,0.,1.));
#15013=DIRECTION('',(1.,0.,0.));
#15014=DIRECTION('',(0.,0.,-1.));
#15015=DIRECTION('',(-1.,0.,0.));
#15016=DIRECTION('',(0.,0.,1.));
#15017=DIRECTION('',(-1.,0.,0.));
#15018=DIRECTION('',(0.,0.,1.));
#15019=DIRECTION('',(1.,0.,0.));
#15020=DIRECTION('',(0.,0.,-1.));
#15021=DIRECTION('',(-1.,0.,0.));
#15022=DIRECTION('',(0.,0.,1.));
#15023=DIRECTION('',(-1.,0.,0.));
#15024=DIRECTION('',(0.,0.,1.));
#15025=DIRECTION('',(1.,0.,0.));
#15026=DIRECTION('',(0.,0.,-1.));
#15027=DIRECTION('',(-1.,0.,0.));
#15028=DIRECTION('',(0.,0.,1.));
#15029=DIRECTION('',(-1.,0.,0.));
#15030=DIRECTION('',(0.,0.,1.));
#15031=DIRECTION('',(1.,0.,0.));
#15032=DIRECTION('',(0.,0.,-1.));
#15033=DIRECTION('',(-1.,0.,0.));
#15034=DIRECTION('',(0.,0.,1.));
#15035=DIRECTION('',(-1.,0.,0.));
#15036=DIRECTION('',(0.,0.,1.));
#15037=DIRECTION('',(1.,0.,0.));
#15038=DIRECTION('',(0.,0.,-1.));
#15039=DIRECTION('',(-1.,0.,0.));
#15040=DIRECTION('',(0.,0.,1.));
#15041=DIRECTION('',(-1.,0.,0.));
#15042=DIRECTION('',(0.,0.,1.));
#15043=DIRECTION('',(1.,0.,0.));
#15044=DIRECTION('',(0.,0.,-1.));
#15045=DIRECTION('',(-1.,0.,0.));
#15046=DIRECTION('',(0.,0.,1.));
#15047=DIRECTION('',(-1.,0.,0.));
#15048=DIRECTION('',(0.,0.,1.));
#15049=DIRECTION('',(1.,0.,0.));
#15050=DIRECTION('',(0.,0.,-1.));
#15051=DIRECTION('',(-1.,0.,0.));
#15052=DIRECTION('',(0.,0.,1.));
#15053=DIRECTION('',(-1.,0.,0.));
#15054=DIRECTION('',(0.,0.,1.));
#15055=DIRECTION('',(1.,0.,0.));
#15056=DIRECTION('',(0.,0.,-1.));
#15057=DIRECTION('',(-1.,0.,0.));
#15058=DIRECTION('',(0.,0.,1.));
#15059=DIRECTION('',(-1.,0.,0.));
#15060=DIRECTION('',(0.,0.,1.));
#15061=DIRECTION('',(1.,0.,0.));
#15062=DIRECTION('',(0.,0.,-1.));
#15063=DIRECTION('',(-1.,0.,0.));
#15064=DIRECTION('',(0.,0.,1.));
#15065=DIRECTION('',(-1.,0.,0.));
#15066=DIRECTION('',(0.,0.,1.));
#15067=DIRECTION('',(1.,0.,0.));
#15068=DIRECTION('',(0.,0.,-1.));
#15069=DIRECTION('',(-1.,0.,0.));
#15070=DIRECTION('',(0.,0.,1.));
#15071=DIRECTION('',(-1.,0.,0.));
#15072=DIRECTION('',(0.,0.,1.));
#15073=DIRECTION('',(1.,0.,0.));
#15074=DIRECTION('',(0.,0.,-1.));
#15075=DIRECTION('',(-1.,0.,0.));
#15076=DIRECTION('',(0.,0.,1.));
#15077=DIRECTION('',(-1.,0.,0.));
#15078=DIRECTION('',(0.,0.,1.));
#15079=DIRECTION('',(1.,0.,0.));
#15080=DIRECTION('',(0.,0.,-1.));
#15081=DIRECTION('',(-1.,0.,0.));
#15082=DIRECTION('',(0.,0.,1.));
#15083=DIRECTION('',(-1.,0.,0.));
#15084=DIRECTION('',(0.,0.,1.));
#15085=DIRECTION('',(1.,0.,0.));
#15086=DIRECTION('',(0.,0.,-1.));
#15087=DIRECTION('',(-1.,0.,0.));
#15088=DIRECTION('',(0.,0.,1.));
#15089=DIRECTION('',(-1.,0.,0.));
#15090=DIRECTION('',(0.,0.,1.));
#15091=DIRECTION('',(1.,0.,0.));
#15092=DIRECTION('',(0.,0.,-1.));
#15093=DIRECTION('',(-1.,0.,0.));
#15094=DIRECTION('',(0.,0.,1.));
#15095=DIRECTION('',(-1.,0.,0.));
#15096=DIRECTION('',(0.,0.,1.));
#15097=DIRECTION('',(1.,0.,0.));
#15098=DIRECTION('',(0.,0.,-1.));
#15099=DIRECTION('',(-1.,0.,0.));
#15100=DIRECTION('',(0.,0.,1.));
#15101=DIRECTION('',(-1.,0.,0.));
#15102=DIRECTION('',(0.,0.,1.));
#15103=DIRECTION('',(1.,0.,0.));
#15104=DIRECTION('',(0.,0.,-1.));
#15105=DIRECTION('',(-1.,0.,0.));
#15106=DIRECTION('',(0.,0.,1.));
#15107=DIRECTION('',(-1.,0.,0.));
#15108=DIRECTION('',(0.,0.,1.));
#15109=DIRECTION('',(1.,0.,0.));
#15110=DIRECTION('',(0.,0.,-1.));
#15111=DIRECTION('',(-1.,0.,0.));
#15112=DIRECTION('',(0.,0.,1.));
#15113=DIRECTION('',(-1.,0.,0.));
#15114=DIRECTION('',(0.,0.,1.));
#15115=DIRECTION('',(1.,0.,0.));
#15116=DIRECTION('',(0.,0.,-1.));
#15117=DIRECTION('',(-1.,0.,0.));
#15118=DIRECTION('',(0.,0.,1.));
#15119=DIRECTION('',(-1.,0.,0.));
#15120=DIRECTION('',(0.,0.,1.));
#15121=DIRECTION('',(1.,0.,0.));
#15122=DIRECTION('',(0.,0.,-1.));
#15123=DIRECTION('',(-1.,0.,0.));
#15124=DIRECTION('',(0.,0.,1.));
#15125=DIRECTION('',(-1.,0.,0.));
#15126=DIRECTION('',(0.,0.,1.));
#15127=DIRECTION('',(1.,0.,0.));
#15128=DIRECTION('',(0.,0.,-1.));
#15129=DIRECTION('',(-1.,0.,0.));
#15130=DIRECTION('',(0.,0.,1.));
#15131=DIRECTION('',(-1.,0.,0.));
#15132=DIRECTION('',(0.,0.,1.));
#15133=DIRECTION('',(1.,0.,0.));
#15134=DIRECTION('',(0.,0.,-1.));
#15135=DIRECTION('',(-1.,0.,0.));
#15136=DIRECTION('',(0.,0.,1.));
#15137=DIRECTION('',(0.,-1.,-6.40276873515062E-16));
#15138=DIRECTION('',(0.,6.40276873515062E-16,-1.));
#15139=DIRECTION('',(0.,0.,-1.));
#15140=DIRECTION('',(0.,0.,-1.));
#15141=DIRECTION('',(0.,0.,-1.));
#15142=DIRECTION('',(0.,0.,-1.));
#15143=DIRECTION('',(0.,0.,-1.));
#15144=DIRECTION('',(0.,0.,-1.));
#15145=DIRECTION('',(0.,0.,-1.));
#15146=DIRECTION('',(0.,0.,-1.));
#15147=DIRECTION('',(0.,0.,-1.));
#15148=DIRECTION('',(0.,0.,-1.));
#15149=DIRECTION('',(0.,0.,-1.));
#15150=DIRECTION('',(0.,0.,-1.));
#15151=DIRECTION('',(0.,0.,-1.));
#15152=DIRECTION('',(0.,0.,-1.));
#15153=DIRECTION('',(0.,0.,-1.));
#15154=DIRECTION('',(0.,0.,-1.));
#15155=DIRECTION('',(0.,0.,-1.));
#15156=DIRECTION('',(0.,0.,-1.));
#15157=DIRECTION('',(0.,0.,-1.));
#15158=DIRECTION('',(0.,0.,-1.));
#15159=DIRECTION('',(0.,0.,-1.));
#15160=DIRECTION('',(0.,0.,-1.));
#15161=DIRECTION('',(0.,0.,-1.));
#15162=DIRECTION('',(0.,0.,-1.));
#15163=DIRECTION('',(0.,0.,-1.));
#15164=DIRECTION('',(0.,0.,-1.));
#15165=DIRECTION('',(0.,0.,-1.));
#15166=DIRECTION('',(0.,0.,-1.));
#15167=DIRECTION('',(0.,0.,-1.));
#15168=DIRECTION('',(0.,0.,-1.));
#15169=DIRECTION('',(0.,0.,-1.));
#15170=DIRECTION('',(0.,0.,-1.));
#15171=DIRECTION('',(0.,0.,-1.));
#15172=DIRECTION('',(0.,0.,-1.));
#15173=DIRECTION('',(0.,0.,-1.));
#15174=DIRECTION('',(0.,0.,-1.));
#15175=DIRECTION('',(0.,0.,-1.));
#15176=DIRECTION('',(0.,0.,-1.));
#15177=DIRECTION('',(0.,0.,-1.));
#15178=DIRECTION('',(0.,0.,-1.));
#15179=DIRECTION('',(0.,0.,-1.));
#15180=DIRECTION('',(0.,0.,-1.));
#15181=DIRECTION('',(0.,0.,-1.));
#15182=DIRECTION('',(0.,0.,-1.));
#15183=DIRECTION('',(0.,0.,-1.));
#15184=DIRECTION('',(0.,0.,-1.));
#15185=DIRECTION('',(0.,0.,-1.));
#15186=DIRECTION('',(0.,0.,-1.));
#15187=DIRECTION('',(0.,0.,-1.));
#15188=DIRECTION('',(0.,0.,-1.));
#15189=DIRECTION('',(0.,0.,-1.));
#15190=DIRECTION('',(0.,0.,-1.));
#15191=DIRECTION('',(0.,0.,-1.));
#15192=DIRECTION('',(0.,0.,-1.));
#15193=DIRECTION('',(0.,0.,-1.));
#15194=DIRECTION('',(0.,0.,-1.));
#15195=DIRECTION('',(0.,0.,-1.));
#15196=DIRECTION('',(0.,0.,-1.));
#15197=DIRECTION('',(0.,0.,-1.));
#15198=DIRECTION('',(0.,0.,-1.));
#15199=DIRECTION('',(0.,0.,-1.));
#15200=DIRECTION('',(0.,0.,-1.));
#15201=DIRECTION('',(0.,0.,-1.));
#15202=DIRECTION('',(0.,0.,-1.));
#15203=DIRECTION('',(0.,0.,-1.));
#15204=DIRECTION('',(0.,0.,-1.));
#15205=DIRECTION('',(0.,0.,-1.));
#15206=DIRECTION('',(0.,0.,-1.));
#15207=DIRECTION('',(0.,0.,-1.));
#15208=DIRECTION('',(0.,0.,-1.));
#15209=DIRECTION('',(0.,0.,-1.));
#15210=DIRECTION('',(0.,0.,-1.));
#15211=DIRECTION('',(0.,0.,-1.));
#15212=DIRECTION('',(0.,0.,-1.));
#15213=DIRECTION('',(0.,0.,-1.));
#15214=DIRECTION('',(0.,0.,-1.));
#15215=DIRECTION('',(0.,0.,-1.));
#15216=DIRECTION('',(0.,0.,-1.));
#15217=DIRECTION('',(0.,0.,-1.));
#15218=DIRECTION('',(0.,0.,-1.));
#15219=DIRECTION('',(0.,0.,-1.));
#15220=DIRECTION('',(0.,0.,-1.));
#15221=DIRECTION('',(0.,0.,-1.));
#15222=DIRECTION('',(0.,0.,-1.));
#15223=DIRECTION('',(0.,0.,-1.));
#15224=DIRECTION('',(0.,0.,-1.));
#15225=DIRECTION('',(0.,0.,-1.));
#15226=DIRECTION('',(0.,0.,-1.));
#15227=DIRECTION('',(0.,0.,-1.));
#15228=DIRECTION('',(0.,0.,-1.));
#15229=DIRECTION('',(0.,0.,-1.));
#15230=DIRECTION('',(0.,0.,-1.));
#15231=DIRECTION('',(0.,0.,-1.));
#15232=DIRECTION('',(0.,0.,-1.));
#15233=DIRECTION('',(0.,0.,-1.));
#15234=DIRECTION('',(0.,0.,-1.));
#15235=DIRECTION('',(0.,0.,-1.));
#15236=DIRECTION('',(0.,0.,-1.));
#15237=DIRECTION('',(0.,0.,-1.));
#15238=DIRECTION('',(0.,0.,-1.));
#15239=DIRECTION('',(-1.,0.,0.));
#15240=DIRECTION('',(0.,0.,1.));
#15241=DIRECTION('',(-1.,0.,0.));
#15242=DIRECTION('',(0.,0.,1.));
#15243=DIRECTION('',(1.,0.,0.));
#15244=DIRECTION('',(0.,0.,-1.));
#15245=DIRECTION('',(-1.,0.,0.));
#15246=DIRECTION('',(0.,0.,1.));
#15247=DIRECTION('',(1.,0.,0.));
#15248=DIRECTION('',(0.,0.,-1.));
#15249=DIRECTION('',(-1.,0.,0.));
#15250=DIRECTION('',(0.,0.,1.));
#15251=DIRECTION('',(1.,0.,0.));
#15252=DIRECTION('',(0.,0.,-1.));
#15253=DIRECTION('',(-1.,0.,0.));
#15254=DIRECTION('',(0.,0.,1.));
#15255=DIRECTION('',(1.,0.,0.));
#15256=DIRECTION('',(0.,0.,-1.));
#15257=DIRECTION('',(-1.,0.,0.));
#15258=DIRECTION('',(0.,0.,1.));
#15259=DIRECTION('',(1.,0.,0.));
#15260=DIRECTION('',(0.,0.,-1.));
#15261=DIRECTION('',(-1.,0.,0.));
#15262=DIRECTION('',(0.,0.,1.));
#15263=DIRECTION('',(1.,0.,0.));
#15264=DIRECTION('',(0.,0.,-1.));
#15265=DIRECTION('',(-1.,0.,0.));
#15266=DIRECTION('',(0.,0.,1.));
#15267=DIRECTION('',(1.,0.,0.));
#15268=DIRECTION('',(0.,0.,-1.));
#15269=DIRECTION('',(-1.,0.,0.));
#15270=DIRECTION('',(0.,0.,1.));
#15271=DIRECTION('',(1.,0.,0.));
#15272=DIRECTION('',(0.,0.,-1.));
#15273=DIRECTION('',(-1.,0.,0.));
#15274=DIRECTION('',(0.,0.,1.));
#15275=DIRECTION('',(1.,0.,0.));
#15276=DIRECTION('',(0.,0.,-1.));
#15277=DIRECTION('',(-1.,0.,0.));
#15278=DIRECTION('',(0.,0.,1.));
#15279=DIRECTION('',(1.,0.,0.));
#15280=DIRECTION('',(0.,0.,-1.));
#15281=DIRECTION('',(-1.,0.,0.));
#15282=DIRECTION('',(0.,0.,1.));
#15283=DIRECTION('',(1.,0.,0.));
#15284=DIRECTION('',(0.,0.,-1.));
#15285=DIRECTION('',(-1.,0.,0.));
#15286=DIRECTION('',(0.,0.,1.));
#15287=DIRECTION('',(1.,0.,0.));
#15288=DIRECTION('',(0.,0.,-1.));
#15289=DIRECTION('',(-1.,0.,0.));
#15290=DIRECTION('',(0.,0.,1.));
#15291=DIRECTION('',(1.,0.,0.));
#15292=DIRECTION('',(0.,0.,-1.));
#15293=DIRECTION('',(-1.,0.,0.));
#15294=DIRECTION('',(0.,0.,1.));
#15295=DIRECTION('',(1.,0.,0.));
#15296=DIRECTION('',(0.,0.,-1.));
#15297=DIRECTION('',(-1.,0.,0.));
#15298=DIRECTION('',(0.,0.,1.));
#15299=DIRECTION('',(1.,0.,0.));
#15300=DIRECTION('',(0.,0.,-1.));
#15301=DIRECTION('',(-1.,0.,0.));
#15302=DIRECTION('',(0.,0.,1.));
#15303=DIRECTION('',(1.,0.,0.));
#15304=DIRECTION('',(0.,0.,-1.));
#15305=DIRECTION('',(-1.,0.,0.));
#15306=DIRECTION('',(0.,0.,1.));
#15307=DIRECTION('',(1.,0.,0.));
#15308=DIRECTION('',(0.,0.,-1.));
#15309=DIRECTION('',(-1.,0.,0.));
#15310=DIRECTION('',(0.,0.,1.));
#15311=DIRECTION('',(1.,0.,0.));
#15312=DIRECTION('',(0.,0.,-1.));
#15313=DIRECTION('',(-1.,0.,0.));
#15314=DIRECTION('',(0.,0.,1.));
#15315=DIRECTION('',(1.,0.,0.));
#15316=DIRECTION('',(0.,0.,-1.));
#15317=DIRECTION('',(-1.,0.,0.));
#15318=DIRECTION('',(0.,0.,1.));
#15319=DIRECTION('',(1.,0.,0.));
#15320=DIRECTION('',(0.,0.,-1.));
#15321=DIRECTION('',(-1.,0.,0.));
#15322=DIRECTION('',(0.,0.,1.));
#15323=DIRECTION('',(1.,0.,0.));
#15324=DIRECTION('',(0.,0.,-1.));
#15325=DIRECTION('',(-1.,0.,0.));
#15326=DIRECTION('',(0.,0.,1.));
#15327=DIRECTION('',(1.,0.,0.));
#15328=DIRECTION('',(0.,0.,-1.));
#15329=DIRECTION('',(-1.,0.,0.));
#15330=DIRECTION('',(0.,0.,1.));
#15331=DIRECTION('',(1.,0.,0.));
#15332=DIRECTION('',(0.,0.,-1.));
#15333=DIRECTION('',(-1.,0.,0.));
#15334=DIRECTION('',(0.,0.,1.));
#15335=DIRECTION('',(1.,0.,0.));
#15336=DIRECTION('',(0.,0.,-1.));
#15337=DIRECTION('',(1.,0.,0.));
#15338=DIRECTION('',(0.,0.,-1.));
#15339=DIRECTION('',(-1.,0.,0.));
#15340=DIRECTION('',(0.,0.,1.));
#15341=DIRECTION('',(1.,0.,0.));
#15342=DIRECTION('',(0.,0.,-1.));
#15343=DIRECTION('',(-1.,0.,0.));
#15344=DIRECTION('',(0.,0.,1.));
#15345=DIRECTION('',(1.,0.,0.));
#15346=DIRECTION('',(0.,0.,-1.));
#15347=DIRECTION('',(-1.,0.,0.));
#15348=DIRECTION('',(0.,0.,1.));
#15349=DIRECTION('',(1.,0.,0.));
#15350=DIRECTION('',(0.,0.,-1.));
#15351=DIRECTION('',(-1.,0.,0.));
#15352=DIRECTION('',(0.,0.,1.));
#15353=DIRECTION('',(1.,0.,0.));
#15354=DIRECTION('',(0.,0.,-1.));
#15355=DIRECTION('',(-1.,0.,0.));
#15356=DIRECTION('',(0.,0.,1.));
#15357=DIRECTION('',(1.,0.,0.));
#15358=DIRECTION('',(0.,0.,-1.));
#15359=DIRECTION('',(-1.,0.,0.));
#15360=DIRECTION('',(0.,0.,1.));
#15361=DIRECTION('',(1.,0.,0.));
#15362=DIRECTION('',(0.,0.,-1.));
#15363=DIRECTION('',(-1.,0.,0.));
#15364=DIRECTION('',(0.,0.,1.));
#15365=DIRECTION('',(1.,0.,0.));
#15366=DIRECTION('',(0.,0.,-1.));
#15367=DIRECTION('',(-1.,0.,0.));
#15368=DIRECTION('',(0.,0.,1.));
#15369=DIRECTION('',(1.,0.,0.));
#15370=DIRECTION('',(0.,0.,-1.));
#15371=DIRECTION('',(-1.,0.,0.));
#15372=DIRECTION('',(0.,0.,1.));
#15373=DIRECTION('',(1.,0.,0.));
#15374=DIRECTION('',(0.,0.,-1.));
#15375=DIRECTION('',(-1.,0.,0.));
#15376=DIRECTION('',(0.,0.,1.));
#15377=DIRECTION('',(1.,0.,0.));
#15378=DIRECTION('',(0.,0.,-1.));
#15379=DIRECTION('',(-1.,0.,0.));
#15380=DIRECTION('',(0.,0.,1.));
#15381=DIRECTION('',(1.,0.,0.));
#15382=DIRECTION('',(0.,0.,-1.));
#15383=DIRECTION('',(-1.,0.,0.));
#15384=DIRECTION('',(0.,0.,1.));
#15385=DIRECTION('',(1.,0.,0.));
#15386=DIRECTION('',(0.,0.,-1.));
#15387=DIRECTION('',(-1.,0.,0.));
#15388=DIRECTION('',(0.,0.,1.));
#15389=DIRECTION('',(1.,0.,0.));
#15390=DIRECTION('',(0.,0.,-1.));
#15391=DIRECTION('',(-1.,0.,0.));
#15392=DIRECTION('',(0.,0.,1.));
#15393=DIRECTION('',(1.,0.,0.));
#15394=DIRECTION('',(0.,0.,-1.));
#15395=DIRECTION('',(-1.,0.,0.));
#15396=DIRECTION('',(0.,0.,1.));
#15397=DIRECTION('',(1.,0.,0.));
#15398=DIRECTION('',(0.,0.,-1.));
#15399=DIRECTION('',(-1.,0.,0.));
#15400=DIRECTION('',(0.,0.,1.));
#15401=DIRECTION('',(1.,0.,0.));
#15402=DIRECTION('',(0.,0.,-1.));
#15403=DIRECTION('',(-1.,0.,0.));
#15404=DIRECTION('',(0.,0.,1.));
#15405=DIRECTION('',(1.,0.,0.));
#15406=DIRECTION('',(0.,0.,-1.));
#15407=DIRECTION('',(-1.,0.,0.));
#15408=DIRECTION('',(0.,0.,1.));
#15409=DIRECTION('',(1.,0.,0.));
#15410=DIRECTION('',(0.,0.,-1.));
#15411=DIRECTION('',(-1.,0.,0.));
#15412=DIRECTION('',(0.,0.,1.));
#15413=DIRECTION('',(1.,0.,0.));
#15414=DIRECTION('',(0.,0.,-1.));
#15415=DIRECTION('',(-1.,0.,0.));
#15416=DIRECTION('',(0.,0.,1.));
#15417=DIRECTION('',(1.,0.,0.));
#15418=DIRECTION('',(0.,0.,-1.));
#15419=DIRECTION('',(-1.,0.,0.));
#15420=DIRECTION('',(0.,0.,1.));
#15421=DIRECTION('',(1.,0.,0.));
#15422=DIRECTION('',(0.,0.,-1.));
#15423=DIRECTION('',(-1.,0.,0.));
#15424=DIRECTION('',(0.,0.,1.));
#15425=DIRECTION('',(1.,0.,0.));
#15426=DIRECTION('',(0.,0.,-1.));
#15427=DIRECTION('',(-1.,0.,0.));
#15428=DIRECTION('',(0.,0.,1.));
#15429=DIRECTION('',(1.,0.,0.));
#15430=DIRECTION('',(0.,0.,-1.));
#15431=DIRECTION('',(-1.,0.,0.));
#15432=DIRECTION('',(0.,0.,1.));
#15433=DIRECTION('',(1.,0.,0.));
#15434=DIRECTION('',(0.,0.,-1.));
#15435=DIRECTION('',(-1.,0.,0.));
#15436=DIRECTION('',(0.,0.,1.));
#15437=DIRECTION('',(1.,0.,0.));
#15438=DIRECTION('',(0.,0.,-1.));
#15439=DIRECTION('',(0.,1.,2.83856080591677E-17));
#15440=DIRECTION('',(0.,-2.83856080591677E-17,1.));
#15441=DIRECTION('',(0.,0.,1.));
#15442=DIRECTION('',(1.,0.,0.));
#15443=CARTESIAN_POINT('',(0.,0.,0.));
#15444=CARTESIAN_POINT('',(-0.7565,0.22,0.1125));
#15445=CARTESIAN_POINT('',(0.707,0.0895,0.1125));
#15446=CARTESIAN_POINT('',(0.707,0.0895,0.1125));
#15447=CARTESIAN_POINT('',(0.697,0.0895,0.1125));
#15448=CARTESIAN_POINT('',(0.707,0.0645,0.1125));
#15449=CARTESIAN_POINT('',(0.707,0.0645,0.1125));
#15450=CARTESIAN_POINT('',(0.697,0.0645,0.1125));
#15451=CARTESIAN_POINT('',(0.697,0.0645,0.1125));
#15452=CARTESIAN_POINT('',(0.697,0.0895,0.1125));
#15453=CARTESIAN_POINT('',(-0.697,0.0895,0.1125));
#15454=CARTESIAN_POINT('',(-0.697,0.0895,0.1125));
#15455=CARTESIAN_POINT('',(-0.707,0.0895,0.1125));
#15456=CARTESIAN_POINT('',(-0.697,0.0645,0.1125));
#15457=CARTESIAN_POINT('',(-0.697,0.0645,0.1125));
#15458=CARTESIAN_POINT('',(-0.707,0.0645,0.1125));
#15459=CARTESIAN_POINT('',(-0.707,0.0645,0.1125));
#15460=CARTESIAN_POINT('',(-0.707,0.0895,0.1125));
#15461=CARTESIAN_POINT('',(0.6375,0.06,0.1125));
#15462=CARTESIAN_POINT('',(0.6375,0.06,0.1125));
#15463=CARTESIAN_POINT('',(-0.6375,0.06,0.1125));
#15464=CARTESIAN_POINT('',(0.6375,0.06,0.1125));
#15465=CARTESIAN_POINT('',(0.6375,8.53702498020082E-18,0.1125));
#15466=CARTESIAN_POINT('',(-0.7565,0.,0.1125));
#15467=CARTESIAN_POINT('',(0.7375,2.77555756156289E-17,0.1125));
#15468=CARTESIAN_POINT('',(0.7375,0.24,0.1125));
#15469=CARTESIAN_POINT('',(0.7375,0.24,0.1125));
#15470=CARTESIAN_POINT('',(0.6525,0.24,0.1125));
#15471=CARTESIAN_POINT('',(0.6525,0.24,0.1125));
#15472=CARTESIAN_POINT('',(0.6525,0.24,0.1125));
#15473=CARTESIAN_POINT('',(0.6525,0.22,0.1125));
#15474=CARTESIAN_POINT('',(-0.7565,0.22,0.1125));
#15475=CARTESIAN_POINT('',(-0.6525,0.22,0.1125));
#15476=CARTESIAN_POINT('',(-0.6525,0.24,0.1125));
#15477=CARTESIAN_POINT('',(-0.6525,0.24,0.1125));
#15478=CARTESIAN_POINT('',(-0.7375,0.24,0.1125));
#15479=CARTESIAN_POINT('',(-0.7375,0.24,0.1125));
#15480=CARTESIAN_POINT('',(-0.7375,0.24,0.1125));
#15481=CARTESIAN_POINT('',(-0.7375,2.77555756156289E-17,0.1125));
#15482=CARTESIAN_POINT('',(-0.7565,0.,0.1125));
#15483=CARTESIAN_POINT('',(-0.6375,0.,0.1125));
#15484=CARTESIAN_POINT('',(-0.6375,0.06,0.1125));
#15485=CARTESIAN_POINT('',(-0.697,0.1785,0.1125));
#15486=CARTESIAN_POINT('',(-0.697,0.1785,0.1125));
#15487=CARTESIAN_POINT('',(-0.707,0.1785,0.1125));
#15488=CARTESIAN_POINT('',(-0.697,0.1535,0.1125));
#15489=CARTESIAN_POINT('',(-0.697,0.1535,0.1125));
#15490=CARTESIAN_POINT('',(-0.707,0.1535,0.1125));
#15491=CARTESIAN_POINT('',(-0.707,0.1535,0.1125));
#15492=CARTESIAN_POINT('',(-0.707,0.1785,0.1125));
#15493=CARTESIAN_POINT('',(0.707,0.1785,0.1125));
#15494=CARTESIAN_POINT('',(0.707,0.1785,0.1125));
#15495=CARTESIAN_POINT('',(0.697,0.1785,0.1125));
#15496=CARTESIAN_POINT('',(0.707,0.1535,0.1125));
#15497=CARTESIAN_POINT('',(0.707,0.1535,0.1125));
#15498=CARTESIAN_POINT('',(0.697,0.1535,0.1125));
#15499=CARTESIAN_POINT('',(0.697,0.1535,0.1125));
#15500=CARTESIAN_POINT('',(0.697,0.1785,0.1125));
#15501=CARTESIAN_POINT('',(-0.6975,0.124,0.0425));
#15502=CARTESIAN_POINT('',(-0.6375,0.205,0.0425));
#15503=CARTESIAN_POINT('',(-0.6525,0.22,0.0425));
#15504=CARTESIAN_POINT('',(-0.6375,0.205,0.0425));
#15505=CARTESIAN_POINT('',(-0.6375,0.124,0.0425));
#15506=CARTESIAN_POINT('',(-0.6375,0.124,0.0425));
#15507=CARTESIAN_POINT('',(-0.6975,0.124,0.0425));
#15508=CARTESIAN_POINT('',(-0.6975,0.124,0.0425));
#15509=CARTESIAN_POINT('',(-0.6975,0.124,0.0425));
#15510=CARTESIAN_POINT('',(-0.6975,0.22,0.0425));
#15511=CARTESIAN_POINT('',(-0.6975,0.22,0.0425));
#15512=CARTESIAN_POINT('',(0.6975,0.124,-0.0425));
#15513=CARTESIAN_POINT('',(0.6975,0.124,-0.0425));
#15514=CARTESIAN_POINT('',(-0.6375,0.124,-0.0425));
#15515=CARTESIAN_POINT('',(-0.6975,0.124,-0.0425));
#15516=CARTESIAN_POINT('',(-0.6375,0.124,-0.0425));
#15517=CARTESIAN_POINT('',(-0.6375,0.205,-0.0425));
#15518=CARTESIAN_POINT('',(-0.6375,0.205,-0.0425));
#15519=CARTESIAN_POINT('',(-0.6525,0.22,-0.0425));
#15520=CARTESIAN_POINT('',(0.6975,0.22,-0.0425));
#15521=CARTESIAN_POINT('',(-0.6975,0.22,-0.0425));
#15522=CARTESIAN_POINT('',(-0.6975,0.124,-0.0425));
#15523=CARTESIAN_POINT('',(0.,0.124,0.));
#15524=CARTESIAN_POINT('',(-0.6375,0.124,0.));
#15525=CARTESIAN_POINT('',(-0.6975,0.124,-0.0425));
#15526=CARTESIAN_POINT('',(-0.6975,0.124,-0.0825));
#15527=CARTESIAN_POINT('',(-0.6975,0.124,-0.0825));
#15528=CARTESIAN_POINT('',(-0.7075,0.124,-0.0825));
#15529=CARTESIAN_POINT('',(-0.7075,0.124,-0.0825));
#15530=CARTESIAN_POINT('',(-0.7075,0.124,-0.0425));
#15531=CARTESIAN_POINT('',(-0.7075,0.124,-0.0425));
#15532=CARTESIAN_POINT('',(-0.7275,0.124,-0.0425));
#15533=CARTESIAN_POINT('',(-0.7275,0.124,-0.0425));
#15534=CARTESIAN_POINT('',(-0.7275,0.124,0.0425));
#15535=CARTESIAN_POINT('',(-0.7275,0.124,0.0425));
#15536=CARTESIAN_POINT('',(-0.7075,0.124,0.0425));
#15537=CARTESIAN_POINT('',(-0.7075,0.124,0.0425));
#15538=CARTESIAN_POINT('',(-0.7075,0.124,0.0825));
#15539=CARTESIAN_POINT('',(-0.7075,0.124,0.0825));
#15540=CARTESIAN_POINT('',(-0.6975,0.124,0.0825));
#15541=CARTESIAN_POINT('',(-0.6975,0.124,0.0825));
#15542=CARTESIAN_POINT('',(-0.6375,0.205,-0.0675));
#15543=CARTESIAN_POINT('',(-0.6525,0.22,-0.0675));
#15544=CARTESIAN_POINT('',(-0.6525,0.22,0.0825));
#15545=CARTESIAN_POINT('',(-0.6375,0.205,0.0675));
#15546=CARTESIAN_POINT('',(-0.6375,0.205,0.0675));
#15547=CARTESIAN_POINT('',(-0.6375,0.205,-0.0675));
#15548=CARTESIAN_POINT('',(0.6375,0.205,0.0675));
#15549=CARTESIAN_POINT('',(0.6375,0.205,0.0425));
#15550=CARTESIAN_POINT('',(0.6375,0.205,0.0425));
#15551=CARTESIAN_POINT('',(0.6525,0.22,0.0425));
#15552=CARTESIAN_POINT('',(0.6375,0.205,0.0675));
#15553=CARTESIAN_POINT('',(0.6375,0.205,0.0675));
#15554=CARTESIAN_POINT('',(0.6375,0.205,0.0675));
#15555=CARTESIAN_POINT('',(0.6525,0.22,0.0825));
#15556=CARTESIAN_POINT('',(0.6525,0.22,0.0675));
#15557=CARTESIAN_POINT('',(0.,0.,0.));
#15558=CARTESIAN_POINT('',(-0.6375,0.,0.1125));
#15559=CARTESIAN_POINT('',(-0.6375,0.,-0.1125));
#15560=CARTESIAN_POINT('',(-0.7375,2.77555756156289E-17,0.1425));
#15561=CARTESIAN_POINT('',(-0.7375,2.77555756156289E-17,0.1425));
#15562=CARTESIAN_POINT('',(-0.7565,2.77555756156289E-17,0.1425));
#15563=CARTESIAN_POINT('',(-0.7565,2.77555756156289E-17,0.1425));
#15564=CARTESIAN_POINT('',(-0.7565,0.,-0.1125));
#15565=CARTESIAN_POINT('',(-0.7565,0.,-0.1125));
#15566=CARTESIAN_POINT('',(0.7315,0.,-0.1125));
#15567=CARTESIAN_POINT('',(0.,0.22,0.));
#15568=CARTESIAN_POINT('',(0.6525,0.22,0.));
#15569=CARTESIAN_POINT('',(-0.6375,0.22,0.0825));
#15570=CARTESIAN_POINT('',(-0.6525,0.22,0.));
#15571=CARTESIAN_POINT('',(0.,0.22,0.));
#15572=CARTESIAN_POINT('',(0.5275,0.22,-0.0875));
#15573=CARTESIAN_POINT('',(0.5275,0.22,-0.0875));
#15574=CARTESIAN_POINT('',(0.5275,0.22,-0.0825));
#15575=CARTESIAN_POINT('',(0.6525,0.22,-0.0875));
#15576=CARTESIAN_POINT('',(0.6525,0.22,-0.0875));
#15577=CARTESIAN_POINT('',(0.6525,0.22,0.));
#15578=CARTESIAN_POINT('',(0.6525,0.22,-0.1125));
#15579=CARTESIAN_POINT('',(0.7315,0.22,-0.1125));
#15580=CARTESIAN_POINT('',(-0.6525,0.22,-0.1125));
#15581=CARTESIAN_POINT('',(-0.6525,0.22,0.));
#15582=CARTESIAN_POINT('',(-0.6525,0.22,-0.0825));
#15583=CARTESIAN_POINT('',(0.6375,0.22,-0.0825));
#15584=CARTESIAN_POINT('',(0.7315,0.22,-0.1125));
#15585=CARTESIAN_POINT('',(0.7315,0.,-0.1125));
#15586=CARTESIAN_POINT('',(0.7565,2.77555756156289E-17,-0.1125));
#15587=CARTESIAN_POINT('',(0.6375,0.,-0.1125));
#15588=CARTESIAN_POINT('',(0.6375,0.,-0.1125));
#15589=CARTESIAN_POINT('',(0.6375,0.06,-0.1125));
#15590=CARTESIAN_POINT('',(0.6375,0.06,-0.1125));
#15591=CARTESIAN_POINT('',(-0.6375,0.06,-0.1125));
#15592=CARTESIAN_POINT('',(-0.6375,0.,-0.1125));
#15593=CARTESIAN_POINT('',(-0.7565,0.22,-0.1125));
#15594=CARTESIAN_POINT('',(-0.7565,0.24,-0.1125));
#15595=CARTESIAN_POINT('',(-0.6525,0.24,-0.1125));
#15596=CARTESIAN_POINT('',(-0.6525,0.24,-0.1125));
#15597=CARTESIAN_POINT('',(-0.6525,0.24,-0.1125));
#15598=CARTESIAN_POINT('',(0.6525,0.24,-0.1125));
#15599=CARTESIAN_POINT('',(0.6525,0.24,-0.1125));
#15600=CARTESIAN_POINT('',(0.7565,0.24,-0.1125));
#15601=CARTESIAN_POINT('',(0.7565,0.24,-0.1125));
#15602=CARTESIAN_POINT('',(0.7565,0.24,-0.1125));
#15603=CARTESIAN_POINT('',(-0.7565,0.22,-0.1125));
#15604=CARTESIAN_POINT('',(-0.7565,0.24,0.1425));
#15605=CARTESIAN_POINT('',(-0.7565,0.24,0.1425));
#15606=CARTESIAN_POINT('',(-0.7565,0.24,-0.1125));
#15607=CARTESIAN_POINT('',(0.7565,0.22,0.0875));
#15608=CARTESIAN_POINT('',(0.7565,0.24,0.1425));
#15609=CARTESIAN_POINT('',(0.7565,0.24,0.1425));
#15610=CARTESIAN_POINT('',(0.7565,2.77555756156289E-17,0.1425));
#15611=CARTESIAN_POINT('',(0.7565,0.,0.0875));
#15612=CARTESIAN_POINT('',(0.7565,0.24,0.1425));
#15613=CARTESIAN_POINT('',(0.,0.,0.));
#15614=CARTESIAN_POINT('',(0.6375,0.,0.1125));
#15615=CARTESIAN_POINT('',(0.7375,2.77555756156289E-17,0.1425));
#15616=CARTESIAN_POINT('',(0.7375,2.77555756156289E-17,0.1425));
#15617=CARTESIAN_POINT('',(0.7375,2.77555756156289E-17,0.1125));
#15618=CARTESIAN_POINT('',(0.6375,0.205,-0.0675));
#15619=CARTESIAN_POINT('',(0.5275,0.205,-0.0675));
#15620=CARTESIAN_POINT('',(0.5275,0.205,-0.0675));
#15621=CARTESIAN_POINT('',(-0.6375,0.205,-0.0675));
#15622=CARTESIAN_POINT('',(-0.6375,0.205,-0.0675));
#15623=CARTESIAN_POINT('',(0.6375,0.205,-0.0675));
#15624=CARTESIAN_POINT('',(-0.6375,0.205,-0.0675));
#15625=CARTESIAN_POINT('',(-0.6375,0.205,-0.0675));
#15626=CARTESIAN_POINT('',(-0.6525,0.22,-0.0675));
#15627=CARTESIAN_POINT('',(-0.6375,0.205,0.0675));
#15628=CARTESIAN_POINT('',(-0.6375,0.205,0.0675));
#15629=CARTESIAN_POINT('',(0.6375,0.205,0.0675));
#15630=CARTESIAN_POINT('',(0.6375,0.205,-0.0425));
#15631=CARTESIAN_POINT('',(0.6525,0.22,-0.0425));
#15632=CARTESIAN_POINT('',(0.6375,0.205,-0.0425));
#15633=CARTESIAN_POINT('',(0.6525,0.22,0.));
#15634=CARTESIAN_POINT('',(0.6375,0.205,-0.0875));
#15635=CARTESIAN_POINT('',(0.6375,0.205,-0.0875));
#15636=CARTESIAN_POINT('',(0.6375,0.205,0.0675));
#15637=CARTESIAN_POINT('',(-0.7565,0.24,0.1425));
#15638=CARTESIAN_POINT('',(-0.7375,0.24,0.1425));
#15639=CARTESIAN_POINT('',(-0.7375,0.24,0.1425));
#15640=CARTESIAN_POINT('',(-0.7565,0.24,0.1425));
#15641=CARTESIAN_POINT('',(-0.7375,0.24,0.1425));
#15642=CARTESIAN_POINT('',(-0.7375,0.24,0.1425));
#15643=CARTESIAN_POINT('',(-0.6525,0.24,0.1125));
#15644=CARTESIAN_POINT('',(-0.6525,0.24,0.1125));
#15645=CARTESIAN_POINT('',(-0.6525,0.22,0.1125));
#15646=CARTESIAN_POINT('',(0.,0.24,0.));
#15647=CARTESIAN_POINT('',(0.6525,0.24,-0.1125));
#15648=CARTESIAN_POINT('',(0.6525,0.24,-0.1125));
#15649=CARTESIAN_POINT('',(0.6525,0.22,0.0675));
#15650=CARTESIAN_POINT('',(0.7375,0.24,0.1125));
#15651=CARTESIAN_POINT('',(0.7375,0.24,0.1425));
#15652=CARTESIAN_POINT('',(0.7375,0.24,0.1425));
#15653=CARTESIAN_POINT('',(0.7375,0.24,0.1125));
#15654=CARTESIAN_POINT('',(0.7375,0.24,0.1425));
#15655=CARTESIAN_POINT('',(0.7375,0.24,0.1425));
#15656=CARTESIAN_POINT('',(0.,0.24,0.));
#15657=CARTESIAN_POINT('',(0.6375,0.02,0.0425));
#15658=CARTESIAN_POINT('',(-0.6375,0.02,0.0425));
#15659=CARTESIAN_POINT('',(-0.6375,0.02,0.0425));
#15660=CARTESIAN_POINT('',(0.6375,0.02,0.0425));
#15661=CARTESIAN_POINT('',(0.6375,0.02,0.0425));
#15662=CARTESIAN_POINT('',(0.6375,0.02,0.0425));
#15663=CARTESIAN_POINT('',(0.6375,0.06,-0.1125));
#15664=CARTESIAN_POINT('',(-0.6375,0.06,-0.1125));
#15665=CARTESIAN_POINT('',(-0.6375,0.02,-0.0425));
#15666=CARTESIAN_POINT('',(0.6375,0.06,-0.1125));
#15667=CARTESIAN_POINT('',(0.6375,0.02,-0.0425));
#15668=CARTESIAN_POINT('',(0.6375,0.02,-0.0425));
#15669=CARTESIAN_POINT('',(0.6375,0.02,-0.0425));
#15670=CARTESIAN_POINT('',(-0.6375,0.02,-0.0425));
#15671=CARTESIAN_POINT('',(0.6375,0.02,-0.0425));
#15672=CARTESIAN_POINT('',(0.6375,0.,0.));
#15673=CARTESIAN_POINT('',(-0.6375,0.,0.));
#15674=CARTESIAN_POINT('',(0.,0.22,0.));
#15675=CARTESIAN_POINT('',(-0.6975,0.22,0.0825));
#15676=CARTESIAN_POINT('',(-0.6975,0.22,0.0825));
#15677=CARTESIAN_POINT('',(-0.7075,0.22,0.0825));
#15678=CARTESIAN_POINT('',(-0.7075,0.22,0.0825));
#15679=CARTESIAN_POINT('',(-0.7075,0.22,0.0425));
#15680=CARTESIAN_POINT('',(-0.7075,0.22,0.0425));
#15681=CARTESIAN_POINT('',(-0.7275,0.22,0.0425));
#15682=CARTESIAN_POINT('',(-0.7275,0.22,0.0425));
#15683=CARTESIAN_POINT('',(-0.7275,0.22,-0.0425));
#15684=CARTESIAN_POINT('',(-0.7275,0.22,-0.0425));
#15685=CARTESIAN_POINT('',(-0.7075,0.22,-0.0425));
#15686=CARTESIAN_POINT('',(-0.7075,0.22,-0.0425));
#15687=CARTESIAN_POINT('',(-0.7075,0.22,-0.0825));
#15688=CARTESIAN_POINT('',(-0.7075,0.22,-0.0825));
#15689=CARTESIAN_POINT('',(-0.6975,0.22,-0.0825));
#15690=CARTESIAN_POINT('',(-0.6975,0.22,-0.0825));
#15691=CARTESIAN_POINT('',(-0.6975,0.22,-0.0425));
#15692=CARTESIAN_POINT('',(0.,0.22,0.));
#15693=CARTESIAN_POINT('',(0.6975,0.22,-0.0425));
#15694=CARTESIAN_POINT('',(0.6975,0.22,-0.0425));
#15695=CARTESIAN_POINT('',(0.6975,0.22,-0.0825));
#15696=CARTESIAN_POINT('',(0.6975,0.22,-0.0825));
#15697=CARTESIAN_POINT('',(0.7075,0.22,-0.0825));
#15698=CARTESIAN_POINT('',(0.7075,0.22,-0.0825));
#15699=CARTESIAN_POINT('',(0.7075,0.22,-0.0425));
#15700=CARTESIAN_POINT('',(0.7075,0.22,-0.0425));
#15701=CARTESIAN_POINT('',(0.7275,0.22,-0.0425));
#15702=CARTESIAN_POINT('',(0.7275,0.22,-0.0425));
#15703=CARTESIAN_POINT('',(0.7275,0.22,0.0425));
#15704=CARTESIAN_POINT('',(0.7275,0.22,0.0425));
#15705=CARTESIAN_POINT('',(0.7075,0.22,0.0425));
#15706=CARTESIAN_POINT('',(0.7075,0.22,0.0425));
#15707=CARTESIAN_POINT('',(0.7075,0.22,0.0825));
#15708=CARTESIAN_POINT('',(0.7075,0.22,0.0825));
#15709=CARTESIAN_POINT('',(0.6975,0.22,0.0825));
#15710=CARTESIAN_POINT('',(0.6975,0.22,0.0825));
#15711=CARTESIAN_POINT('',(0.6975,0.22,0.0425));
#15712=CARTESIAN_POINT('',(0.6975,0.22,0.0425));
#15713=CARTESIAN_POINT('',(-0.6975,0.22,0.0425));
#15714=CARTESIAN_POINT('',(-0.7075,0.124,-0.0425));
#15715=CARTESIAN_POINT('',(-0.7275,0.124,-0.0425));
#15716=CARTESIAN_POINT('',(-0.7075,0.124,-0.0425));
#15717=CARTESIAN_POINT('',(-0.7275,0.124,-0.0425));
#15718=CARTESIAN_POINT('',(-0.7275,0.124,0.0425));
#15719=CARTESIAN_POINT('',(-0.7275,0.124,0.0425));
#15720=CARTESIAN_POINT('',(-0.7075,0.124,0.0425));
#15721=CARTESIAN_POINT('',(-0.7075,0.124,0.0425));
#15722=CARTESIAN_POINT('',(-0.7075,0.124,0.0825));
#15723=CARTESIAN_POINT('',(-0.7075,0.124,0.0825));
#15724=CARTESIAN_POINT('',(-0.6975,0.124,0.0825));
#15725=CARTESIAN_POINT('',(-0.6975,0.124,0.0825));
#15726=CARTESIAN_POINT('',(-0.6975,0.124,0.0425));
#15727=CARTESIAN_POINT('',(-0.6975,0.124,0.0425));
#15728=CARTESIAN_POINT('',(0.6375,0.124,0.0425));
#15729=CARTESIAN_POINT('',(0.6975,0.124,0.0425));
#15730=CARTESIAN_POINT('',(0.6375,0.124,0.0425));
#15731=CARTESIAN_POINT('',(0.6975,0.124,0.0425));
#15732=CARTESIAN_POINT('',(0.6975,0.124,0.0425));
#15733=CARTESIAN_POINT('',(0.6975,0.124,0.0825));
#15734=CARTESIAN_POINT('',(0.6975,0.124,0.0825));
#15735=CARTESIAN_POINT('',(0.6975,0.124,0.0425));
#15736=CARTESIAN_POINT('',(0.6975,0.124,0.0825));
#15737=CARTESIAN_POINT('',(0.7075,0.124,0.0825));
#15738=CARTESIAN_POINT('',(0.7075,0.124,0.0825));
#15739=CARTESIAN_POINT('',(0.6975,0.124,0.0825));
#15740=CARTESIAN_POINT('',(0.7075,0.124,0.0825));
#15741=CARTESIAN_POINT('',(0.7075,0.124,0.0425));
#15742=CARTESIAN_POINT('',(0.7075,0.124,0.0425));
#15743=CARTESIAN_POINT('',(0.7075,0.124,0.0825));
#15744=CARTESIAN_POINT('',(0.7075,0.124,0.0425));
#15745=CARTESIAN_POINT('',(0.7275,0.124,0.0425));
#15746=CARTESIAN_POINT('',(0.7275,0.124,0.0425));
#15747=CARTESIAN_POINT('',(0.7075,0.124,0.0425));
#15748=CARTESIAN_POINT('',(0.7275,0.124,0.0425));
#15749=CARTESIAN_POINT('',(0.7275,0.124,-0.0425));
#15750=CARTESIAN_POINT('',(0.7275,0.124,-0.0425));
#15751=CARTESIAN_POINT('',(0.7275,0.124,0.0425));
#15752=CARTESIAN_POINT('',(0.7275,0.124,-0.0425));
#15753=CARTESIAN_POINT('',(0.7075,0.124,-0.0425));
#15754=CARTESIAN_POINT('',(0.7075,0.124,-0.0425));
#15755=CARTESIAN_POINT('',(0.7275,0.124,-0.0425));
#15756=CARTESIAN_POINT('',(0.7075,0.124,-0.0425));
#15757=CARTESIAN_POINT('',(0.7075,0.124,-0.0825));
#15758=CARTESIAN_POINT('',(0.7075,0.124,-0.0825));
#15759=CARTESIAN_POINT('',(0.7075,0.124,-0.0425));
#15760=CARTESIAN_POINT('',(0.7075,0.124,-0.0825));
#15761=CARTESIAN_POINT('',(0.6975,0.124,-0.0825));
#15762=CARTESIAN_POINT('',(0.6975,0.124,-0.0825));
#15763=CARTESIAN_POINT('',(0.7075,0.124,-0.0825));
#15764=CARTESIAN_POINT('',(0.6975,0.124,-0.0825));
#15765=CARTESIAN_POINT('',(0.6975,0.124,-0.0425));
#15766=CARTESIAN_POINT('',(0.6975,0.124,-0.0425));
#15767=CARTESIAN_POINT('',(0.6975,0.124,-0.0825));
#15768=CARTESIAN_POINT('',(0.6975,0.124,-0.0425));
#15769=CARTESIAN_POINT('',(0.6375,0.124,-0.0425));
#15770=CARTESIAN_POINT('',(0.6375,0.124,-0.0425));
#15771=CARTESIAN_POINT('',(0.6975,0.124,-0.0425));
#15772=CARTESIAN_POINT('',(-0.6975,0.124,-0.0425));
#15773=CARTESIAN_POINT('',(-0.6975,0.124,-0.0825));
#15774=CARTESIAN_POINT('',(-0.6975,0.124,-0.0825));
#15775=CARTESIAN_POINT('',(-0.7075,0.124,-0.0825));
#15776=CARTESIAN_POINT('',(-0.7075,0.124,-0.0825));
#15777=CARTESIAN_POINT('',(0.,0.124,0.));
#15778=CARTESIAN_POINT('',(0.6375,0.124,0.));
#15779=CARTESIAN_POINT('',(0.6375,0.0565,-0.0675));
#15780=CARTESIAN_POINT('',(0.6375,0.0565,-0.0675));
#15781=CARTESIAN_POINT('',(0.5275,0.0565,-0.0675));
#15782=CARTESIAN_POINT('',(-0.6375,0.0565,-0.0675));
#15783=CARTESIAN_POINT('',(0.5275,0.0565,-0.0675));
#15784=CARTESIAN_POINT('',(-0.6375,0.0565,-0.0675));
#15785=CARTESIAN_POINT('',(-0.6375,0.0565,-0.0675));
#15786=CARTESIAN_POINT('',(-0.6375,0.0565,0.0675));
#15787=CARTESIAN_POINT('',(-0.6375,0.0565,0.0675));
#15788=CARTESIAN_POINT('',(-0.6375,0.0565,-0.0675));
#15789=CARTESIAN_POINT('',(-0.6375,0.0565,0.0675));
#15790=CARTESIAN_POINT('',(0.6375,0.0565,0.0675));
#15791=CARTESIAN_POINT('',(0.6375,0.0565,0.0675));
#15792=CARTESIAN_POINT('',(-0.6375,0.0565,0.0675));
#15793=CARTESIAN_POINT('',(0.6375,0.0565,0.0675));
#15794=CARTESIAN_POINT('',(0.6375,0.0565,-0.0875));
#15795=CARTESIAN_POINT('',(0.6375,0.0565,-0.0875));
#15796=CARTESIAN_POINT('',(0.6375,0.0565,0.0675));
#15797=CARTESIAN_POINT('',(0.,0.0565,0.));
#15798=CARTESIAN_POINT('',(0.5275,0.0565,-0.0875));
#15799=CARTESIAN_POINT('',(0.5275,0.0565,-0.0875));
#15800=CARTESIAN_POINT('',(0.5275,0.0565,-0.0875));
#15801=CARTESIAN_POINT('',(0.5275,0.22,-0.0875));
#15802=CARTESIAN_POINT('',(0.5275,0.22,-0.0875));
#15803=CARTESIAN_POINT('',(0.,0.,-0.0875));
#15804=CARTESIAN_POINT('',(-0.697,0.0895,0.2165));
#15805=CARTESIAN_POINT('',(-0.707,0.0895,0.2165));
#15806=CARTESIAN_POINT('',(-0.707,0.0895,0.2165));
#15807=CARTESIAN_POINT('',(-0.697,0.0895,0.2165));
#15808=CARTESIAN_POINT('',(-0.697,0.0895,0.2165));
#15809=CARTESIAN_POINT('',(-0.697,0.0895,0.2165));
#15810=CARTESIAN_POINT('',(-0.707,0.0895,0.2165));
#15811=CARTESIAN_POINT('',(-0.707,0.0645,0.2165));
#15812=CARTESIAN_POINT('',(-0.707,0.0645,0.2165));
#15813=CARTESIAN_POINT('',(-0.707,0.0895,0.2165));
#15814=CARTESIAN_POINT('',(-0.707,0.0645,0.2165));
#15815=CARTESIAN_POINT('',(-0.697,0.0645,0.2165));
#15816=CARTESIAN_POINT('',(-0.697,0.0645,0.2165));
#15817=CARTESIAN_POINT('',(-0.707,0.0645,0.2165));
#15818=CARTESIAN_POINT('',(-0.697,0.0645,0.2165));
#15819=CARTESIAN_POINT('',(-0.697,0.0645,0.2165));
#15820=CARTESIAN_POINT('',(0.,0.,0.2165));
#15821=CARTESIAN_POINT('',(-0.697,0.1785,0.2165));
#15822=CARTESIAN_POINT('',(-0.707,0.1785,0.2165));
#15823=CARTESIAN_POINT('',(-0.707,0.1785,0.2165));
#15824=CARTESIAN_POINT('',(-0.697,0.1785,0.2165));
#15825=CARTESIAN_POINT('',(-0.697,0.1785,0.2165));
#15826=CARTESIAN_POINT('',(-0.697,0.1785,0.2165));
#15827=CARTESIAN_POINT('',(-0.707,0.1785,0.2165));
#15828=CARTESIAN_POINT('',(-0.707,0.1535,0.2165));
#15829=CARTESIAN_POINT('',(-0.707,0.1535,0.2165));
#15830=CARTESIAN_POINT('',(-0.707,0.1785,0.2165));
#15831=CARTESIAN_POINT('',(-0.707,0.1535,0.2165));
#15832=CARTESIAN_POINT('',(-0.697,0.1535,0.2165));
#15833=CARTESIAN_POINT('',(-0.697,0.1535,0.2165));
#15834=CARTESIAN_POINT('',(-0.707,0.1535,0.2165));
#15835=CARTESIAN_POINT('',(-0.697,0.1535,0.2165));
#15836=CARTESIAN_POINT('',(-0.697,0.1535,0.2165));
#15837=CARTESIAN_POINT('',(0.,0.,0.2165));
#15838=CARTESIAN_POINT('',(0.707,0.0895,0.2165));
#15839=CARTESIAN_POINT('',(0.697,0.0895,0.2165));
#15840=CARTESIAN_POINT('',(0.697,0.0895,0.2165));
#15841=CARTESIAN_POINT('',(0.707,0.0895,0.2165));
#15842=CARTESIAN_POINT('',(0.707,0.0895,0.2165));
#15843=CARTESIAN_POINT('',(0.707,0.0895,0.2165));
#15844=CARTESIAN_POINT('',(0.697,0.0895,0.2165));
#15845=CARTESIAN_POINT('',(0.697,0.0645,0.2165));
#15846=CARTESIAN_POINT('',(0.697,0.0645,0.2165));
#15847=CARTESIAN_POINT('',(0.697,0.0895,0.2165));
#15848=CARTESIAN_POINT('',(0.697,0.0645,0.2165));
#15849=CARTESIAN_POINT('',(0.707,0.0645,0.2165));
#15850=CARTESIAN_POINT('',(0.707,0.0645,0.2165));
#15851=CARTESIAN_POINT('',(0.697,0.0645,0.2165));
#15852=CARTESIAN_POINT('',(0.707,0.0645,0.2165));
#15853=CARTESIAN_POINT('',(0.707,0.0645,0.2165));
#15854=CARTESIAN_POINT('',(0.,0.,0.2165));
#15855=CARTESIAN_POINT('',(0.707,0.1785,0.2165));
#15856=CARTESIAN_POINT('',(0.697,0.1785,0.2165));
#15857=CARTESIAN_POINT('',(0.697,0.1785,0.2165));
#15858=CARTESIAN_POINT('',(0.707,0.1785,0.2165));
#15859=CARTESIAN_POINT('',(0.707,0.1785,0.2165));
#15860=CARTESIAN_POINT('',(0.707,0.1785,0.2165));
#15861=CARTESIAN_POINT('',(0.697,0.1785,0.2165));
#15862=CARTESIAN_POINT('',(0.697,0.1535,0.2165));
#15863=CARTESIAN_POINT('',(0.697,0.1535,0.2165));
#15864=CARTESIAN_POINT('',(0.697,0.1785,0.2165));
#15865=CARTESIAN_POINT('',(0.697,0.1535,0.2165));
#15866=CARTESIAN_POINT('',(0.707,0.1535,0.2165));
#15867=CARTESIAN_POINT('',(0.707,0.1535,0.2165));
#15868=CARTESIAN_POINT('',(0.697,0.1535,0.2165));
#15869=CARTESIAN_POINT('',(0.707,0.1535,0.2165));
#15870=CARTESIAN_POINT('',(0.707,0.1535,0.2165));
#15871=CARTESIAN_POINT('',(0.,0.,0.2165));
#15872=CARTESIAN_POINT('',(0.,0.,0.));
#15873=CARTESIAN_POINT('',(-0.625,0.,-0.0425));
#15874=CARTESIAN_POINT('',(-0.625,0.0324999999999994,-0.0425));
#15875=CARTESIAN_POINT('',(-0.625,0.0324999999999994,0.0425));
#15876=CARTESIAN_POINT('',(-0.625,0.0324999999999994,-0.0425));
#15877=CARTESIAN_POINT('',(-0.625,0.,0.0425));
#15878=CARTESIAN_POINT('',(-0.625,0.035,0.0425));
#15879=CARTESIAN_POINT('',(-0.625,0.035,-0.2));
#15880=CARTESIAN_POINT('',(-0.625,0.035,-0.0425));
#15881=CARTESIAN_POINT('',(-0.625,0.,-0.0425));
#15882=CARTESIAN_POINT('',(0.625,0.,0.0425));
#15883=CARTESIAN_POINT('',(0.625,0.0324999999999994,0.0425));
#15884=CARTESIAN_POINT('',(0.625,0.0324999999999994,-0.0425));
#15885=CARTESIAN_POINT('',(0.625,0.0324999999999994,0.0425));
#15886=CARTESIAN_POINT('',(0.625,0.,-0.0425));
#15887=CARTESIAN_POINT('',(0.625,0.035,-0.0425));
#15888=CARTESIAN_POINT('',(0.625,0.035,0.2));
#15889=CARTESIAN_POINT('',(0.625,0.035,0.0425));
#15890=CARTESIAN_POINT('',(0.625,0.,0.0425));
#15891=CARTESIAN_POINT('',(0.625,0.,-0.0425));
#15892=CARTESIAN_POINT('',(0.625,0.0324999999999994,-0.0425));
#15893=CARTESIAN_POINT('',(0.625,0.035,-0.0425));
#15894=CARTESIAN_POINT('',(-0.625,0.,0.0425));
#15895=CARTESIAN_POINT('',(-0.625,0.0324999999999994,0.0425));
#15896=CARTESIAN_POINT('',(-0.625,0.035,0.0425));
#15897=CARTESIAN_POINT('',(0.,0.035,0.));
#15898=CARTESIAN_POINT('',(-0.6,0.035,0.025));
#15899=CARTESIAN_POINT('',(-0.591,0.035,0.025));
#15900=CARTESIAN_POINT('',(-0.6,0.035,-0.025));
#15901=CARTESIAN_POINT('',(-0.591,0.035,-0.025));
#15902=CARTESIAN_POINT('',(-0.55,0.035,0.025));
#15903=CARTESIAN_POINT('',(-0.541,0.035,0.025));
#15904=CARTESIAN_POINT('',(-0.55,0.035,-0.025));
#15905=CARTESIAN_POINT('',(-0.541,0.035,-0.025));
#15906=CARTESIAN_POINT('',(-0.5,0.035,0.025));
#15907=CARTESIAN_POINT('',(-0.491,0.035,0.025));
#15908=CARTESIAN_POINT('',(-0.5,0.035,-0.025));
#15909=CARTESIAN_POINT('',(-0.491,0.035,-0.025));
#15910=CARTESIAN_POINT('',(-0.45,0.035,0.025));
#15911=CARTESIAN_POINT('',(-0.441,0.035,0.025));
#15912=CARTESIAN_POINT('',(-0.45,0.035,-0.025));
#15913=CARTESIAN_POINT('',(-0.441,0.035,-0.025));
#15914=CARTESIAN_POINT('',(-0.4,0.035,0.025));
#15915=CARTESIAN_POINT('',(-0.391,0.035,0.025));
#15916=CARTESIAN_POINT('',(-0.4,0.035,-0.025));
#15917=CARTESIAN_POINT('',(-0.391,0.035,-0.025));
#15918=CARTESIAN_POINT('',(-0.35,0.035,0.025));
#15919=CARTESIAN_POINT('',(-0.341,0.035,0.025));
#15920=CARTESIAN_POINT('',(-0.35,0.035,-0.025));
#15921=CARTESIAN_POINT('',(-0.341,0.035,-0.025));
#15922=CARTESIAN_POINT('',(-0.3,0.035,0.025));
#15923=CARTESIAN_POINT('',(-0.291,0.035,0.025));
#15924=CARTESIAN_POINT('',(-0.3,0.035,-0.025));
#15925=CARTESIAN_POINT('',(-0.291,0.035,-0.025));
#15926=CARTESIAN_POINT('',(-0.25,0.035,0.025));
#15927=CARTESIAN_POINT('',(-0.241,0.035,0.025));
#15928=CARTESIAN_POINT('',(-0.25,0.035,-0.025));
#15929=CARTESIAN_POINT('',(-0.241,0.035,-0.025));
#15930=CARTESIAN_POINT('',(-0.2,0.035,0.025));
#15931=CARTESIAN_POINT('',(-0.191,0.035,0.025));
#15932=CARTESIAN_POINT('',(-0.2,0.035,-0.025));
#15933=CARTESIAN_POINT('',(-0.191,0.035,-0.025));
#15934=CARTESIAN_POINT('',(-0.15,0.035,0.025));
#15935=CARTESIAN_POINT('',(-0.141,0.035,0.025));
#15936=CARTESIAN_POINT('',(-0.15,0.035,-0.025));
#15937=CARTESIAN_POINT('',(-0.141,0.035,-0.025));
#15938=CARTESIAN_POINT('',(-0.1,0.035,0.025));
#15939=CARTESIAN_POINT('',(-0.0910000000000001,0.035,0.025));
#15940=CARTESIAN_POINT('',(-0.1,0.035,-0.025));
#15941=CARTESIAN_POINT('',(-0.0910000000000001,0.035,-0.025));
#15942=CARTESIAN_POINT('',(-0.0500000000000001,0.035,0.025));
#15943=CARTESIAN_POINT('',(-0.0410000000000001,0.035,0.025));
#15944=CARTESIAN_POINT('',(-0.0500000000000001,0.035,-0.025));
#15945=CARTESIAN_POINT('',(-0.0410000000000001,0.035,-0.025));
#15946=CARTESIAN_POINT('',(-6.93889390390723E-17,0.035,0.025));
#15947=CARTESIAN_POINT('',(0.00899999999999993,0.035,0.025));
#15948=CARTESIAN_POINT('',(-6.93889390390723E-17,0.035,-0.025));
#15949=CARTESIAN_POINT('',(0.00899999999999993,0.035,-0.025));
#15950=CARTESIAN_POINT('',(0.0499999999999999,0.035,0.025));
#15951=CARTESIAN_POINT('',(0.0589999999999999,0.035,0.025));
#15952=CARTESIAN_POINT('',(0.0499999999999999,0.035,-0.025));
#15953=CARTESIAN_POINT('',(0.0589999999999999,0.035,-0.025));
#15954=CARTESIAN_POINT('',(0.0999999999999999,0.035,0.025));
#15955=CARTESIAN_POINT('',(0.109,0.035,0.025));
#15956=CARTESIAN_POINT('',(0.0999999999999999,0.035,-0.025));
#15957=CARTESIAN_POINT('',(0.109,0.035,-0.025));
#15958=CARTESIAN_POINT('',(0.15,0.035,0.025));
#15959=CARTESIAN_POINT('',(0.159,0.035,0.025));
#15960=CARTESIAN_POINT('',(0.15,0.035,-0.025));
#15961=CARTESIAN_POINT('',(0.159,0.035,-0.025));
#15962=CARTESIAN_POINT('',(0.2,0.035,0.025));
#15963=CARTESIAN_POINT('',(0.209,0.035,0.025));
#15964=CARTESIAN_POINT('',(0.2,0.035,-0.025));
#15965=CARTESIAN_POINT('',(0.209,0.035,-0.025));
#15966=CARTESIAN_POINT('',(0.25,0.035,0.025));
#15967=CARTESIAN_POINT('',(0.259,0.035,0.025));
#15968=CARTESIAN_POINT('',(0.25,0.035,-0.025));
#15969=CARTESIAN_POINT('',(0.259,0.035,-0.025));
#15970=CARTESIAN_POINT('',(0.3,0.035,0.025));
#15971=CARTESIAN_POINT('',(0.309,0.035,0.025));
#15972=CARTESIAN_POINT('',(0.3,0.035,-0.025));
#15973=CARTESIAN_POINT('',(0.309,0.035,-0.025));
#15974=CARTESIAN_POINT('',(0.35,0.035,0.025));
#15975=CARTESIAN_POINT('',(0.359,0.035,0.025));
#15976=CARTESIAN_POINT('',(0.35,0.035,-0.025));
#15977=CARTESIAN_POINT('',(0.359,0.035,-0.025));
#15978=CARTESIAN_POINT('',(0.4,0.035,0.025));
#15979=CARTESIAN_POINT('',(0.409,0.035,0.025));
#15980=CARTESIAN_POINT('',(0.4,0.035,-0.025));
#15981=CARTESIAN_POINT('',(0.409,0.035,-0.025));
#15982=CARTESIAN_POINT('',(0.45,0.035,0.025));
#15983=CARTESIAN_POINT('',(0.459,0.035,0.025));
#15984=CARTESIAN_POINT('',(0.45,0.035,-0.025));
#15985=CARTESIAN_POINT('',(0.459,0.035,-0.025));
#15986=CARTESIAN_POINT('',(0.5,0.035,0.025));
#15987=CARTESIAN_POINT('',(0.509,0.035,0.025));
#15988=CARTESIAN_POINT('',(0.5,0.035,-0.025));
#15989=CARTESIAN_POINT('',(0.509,0.035,-0.025));
#15990=CARTESIAN_POINT('',(0.55,0.035,0.025));
#15991=CARTESIAN_POINT('',(0.559,0.035,0.025));
#15992=CARTESIAN_POINT('',(0.55,0.035,-0.025));
#15993=CARTESIAN_POINT('',(0.559,0.035,-0.025));
#15994=CARTESIAN_POINT('',(0.6,0.035,0.025));
#15995=CARTESIAN_POINT('',(0.609,0.035,0.025));
#15996=CARTESIAN_POINT('',(0.6,0.035,-0.025));
#15997=CARTESIAN_POINT('',(0.609,0.035,-0.025));
#15998=CARTESIAN_POINT('',(0.6,0.255,-0.025));
#15999=CARTESIAN_POINT('',(0.6,0.1955,-0.025));
#16000=CARTESIAN_POINT('',(0.6,0.1955,-0.016));
#16001=CARTESIAN_POINT('',(0.6,0.255,0.025));
#16002=CARTESIAN_POINT('',(0.6,0.1955,0.025));
#16003=CARTESIAN_POINT('',(0.6,0.1955,0.034));
#16004=CARTESIAN_POINT('',(0.55,0.255,-0.025));
#16005=CARTESIAN_POINT('',(0.55,0.1955,-0.025));
#16006=CARTESIAN_POINT('',(0.55,0.1955,-0.016));
#16007=CARTESIAN_POINT('',(0.55,0.255,0.025));
#16008=CARTESIAN_POINT('',(0.55,0.1955,0.025));
#16009=CARTESIAN_POINT('',(0.55,0.1955,0.034));
#16010=CARTESIAN_POINT('',(0.5,0.255,-0.025));
#16011=CARTESIAN_POINT('',(0.5,0.1955,-0.025));
#16012=CARTESIAN_POINT('',(0.5,0.1955,-0.016));
#16013=CARTESIAN_POINT('',(0.5,0.255,0.025));
#16014=CARTESIAN_POINT('',(0.5,0.1955,0.025));
#16015=CARTESIAN_POINT('',(0.5,0.1955,0.034));
#16016=CARTESIAN_POINT('',(0.45,0.255,-0.025));
#16017=CARTESIAN_POINT('',(0.45,0.1955,-0.025));
#16018=CARTESIAN_POINT('',(0.45,0.1955,-0.016));
#16019=CARTESIAN_POINT('',(0.45,0.255,0.025));
#16020=CARTESIAN_POINT('',(0.45,0.1955,0.025));
#16021=CARTESIAN_POINT('',(0.45,0.1955,0.034));
#16022=CARTESIAN_POINT('',(0.4,0.255,-0.025));
#16023=CARTESIAN_POINT('',(0.4,0.1955,-0.025));
#16024=CARTESIAN_POINT('',(0.4,0.1955,-0.016));
#16025=CARTESIAN_POINT('',(0.4,0.255,0.025));
#16026=CARTESIAN_POINT('',(0.4,0.1955,0.025));
#16027=CARTESIAN_POINT('',(0.4,0.1955,0.034));
#16028=CARTESIAN_POINT('',(0.35,0.255,-0.025));
#16029=CARTESIAN_POINT('',(0.35,0.1955,-0.025));
#16030=CARTESIAN_POINT('',(0.35,0.1955,-0.016));
#16031=CARTESIAN_POINT('',(0.35,0.255,0.025));
#16032=CARTESIAN_POINT('',(0.35,0.1955,0.025));
#16033=CARTESIAN_POINT('',(0.35,0.1955,0.034));
#16034=CARTESIAN_POINT('',(0.3,0.255,-0.025));
#16035=CARTESIAN_POINT('',(0.3,0.1955,-0.025));
#16036=CARTESIAN_POINT('',(0.3,0.1955,-0.016));
#16037=CARTESIAN_POINT('',(0.3,0.255,0.025));
#16038=CARTESIAN_POINT('',(0.3,0.1955,0.025));
#16039=CARTESIAN_POINT('',(0.3,0.1955,0.034));
#16040=CARTESIAN_POINT('',(0.25,0.255,-0.025));
#16041=CARTESIAN_POINT('',(0.25,0.1955,-0.025));
#16042=CARTESIAN_POINT('',(0.25,0.1955,-0.016));
#16043=CARTESIAN_POINT('',(0.25,0.255,0.025));
#16044=CARTESIAN_POINT('',(0.25,0.1955,0.025));
#16045=CARTESIAN_POINT('',(0.25,0.1955,0.034));
#16046=CARTESIAN_POINT('',(0.2,0.255,-0.025));
#16047=CARTESIAN_POINT('',(0.2,0.1955,-0.025));
#16048=CARTESIAN_POINT('',(0.2,0.1955,-0.016));
#16049=CARTESIAN_POINT('',(0.2,0.255,0.025));
#16050=CARTESIAN_POINT('',(0.2,0.1955,0.025));
#16051=CARTESIAN_POINT('',(0.2,0.1955,0.034));
#16052=CARTESIAN_POINT('',(0.15,0.255,-0.025));
#16053=CARTESIAN_POINT('',(0.15,0.1955,-0.025));
#16054=CARTESIAN_POINT('',(0.15,0.1955,-0.016));
#16055=CARTESIAN_POINT('',(0.15,0.255,0.025));
#16056=CARTESIAN_POINT('',(0.15,0.1955,0.025));
#16057=CARTESIAN_POINT('',(0.15,0.1955,0.034));
#16058=CARTESIAN_POINT('',(0.0999999999999999,0.255,-0.025));
#16059=CARTESIAN_POINT('',(0.0999999999999999,0.1955,-0.025));
#16060=CARTESIAN_POINT('',(0.0999999999999999,0.1955,-0.016));
#16061=CARTESIAN_POINT('',(0.0999999999999999,0.255,0.025));
#16062=CARTESIAN_POINT('',(0.0999999999999999,0.1955,0.025));
#16063=CARTESIAN_POINT('',(0.0999999999999999,0.1955,0.034));
#16064=CARTESIAN_POINT('',(0.0499999999999999,0.255,-0.025));
#16065=CARTESIAN_POINT('',(0.0499999999999999,0.1955,-0.025));
#16066=CARTESIAN_POINT('',(0.0499999999999999,0.1955,-0.016));
#16067=CARTESIAN_POINT('',(0.0499999999999999,0.255,0.025));
#16068=CARTESIAN_POINT('',(0.0499999999999999,0.1955,0.025));
#16069=CARTESIAN_POINT('',(0.0499999999999999,0.1955,0.034));
#16070=CARTESIAN_POINT('',(-6.93889390390723E-17,0.255,-0.025));
#16071=CARTESIAN_POINT('',(-6.93889390390723E-17,0.1955,-0.025));
#16072=CARTESIAN_POINT('',(-6.93889390390723E-17,0.1955,-0.016));
#16073=CARTESIAN_POINT('',(-6.93889390390723E-17,0.255,0.025));
#16074=CARTESIAN_POINT('',(-6.93889390390723E-17,0.1955,0.025));
#16075=CARTESIAN_POINT('',(-6.93889390390723E-17,0.1955,0.034));
#16076=CARTESIAN_POINT('',(-0.0500000000000001,0.255,-0.025));
#16077=CARTESIAN_POINT('',(-0.0500000000000001,0.1955,-0.025));
#16078=CARTESIAN_POINT('',(-0.0500000000000001,0.1955,-0.016));
#16079=CARTESIAN_POINT('',(-0.0500000000000001,0.255,0.025));
#16080=CARTESIAN_POINT('',(-0.0500000000000001,0.1955,0.025));
#16081=CARTESIAN_POINT('',(-0.0500000000000001,0.1955,0.034));
#16082=CARTESIAN_POINT('',(-0.1,0.255,-0.025));
#16083=CARTESIAN_POINT('',(-0.1,0.1955,-0.025));
#16084=CARTESIAN_POINT('',(-0.1,0.1955,-0.016));
#16085=CARTESIAN_POINT('',(-0.1,0.255,0.025));
#16086=CARTESIAN_POINT('',(-0.1,0.1955,0.025));
#16087=CARTESIAN_POINT('',(-0.1,0.1955,0.034));
#16088=CARTESIAN_POINT('',(-0.15,0.255,-0.025));
#16089=CARTESIAN_POINT('',(-0.15,0.1955,-0.025));
#16090=CARTESIAN_POINT('',(-0.15,0.1955,-0.016));
#16091=CARTESIAN_POINT('',(-0.15,0.255,0.025));
#16092=CARTESIAN_POINT('',(-0.15,0.1955,0.025));
#16093=CARTESIAN_POINT('',(-0.15,0.1955,0.034));
#16094=CARTESIAN_POINT('',(-0.2,0.255,-0.025));
#16095=CARTESIAN_POINT('',(-0.2,0.1955,-0.025));
#16096=CARTESIAN_POINT('',(-0.2,0.1955,-0.016));
#16097=CARTESIAN_POINT('',(-0.2,0.255,0.025));
#16098=CARTESIAN_POINT('',(-0.2,0.1955,0.025));
#16099=CARTESIAN_POINT('',(-0.2,0.1955,0.034));
#16100=CARTESIAN_POINT('',(-0.25,0.255,-0.025));
#16101=CARTESIAN_POINT('',(-0.25,0.1955,-0.025));
#16102=CARTESIAN_POINT('',(-0.25,0.1955,-0.016));
#16103=CARTESIAN_POINT('',(-0.25,0.255,0.025));
#16104=CARTESIAN_POINT('',(-0.25,0.1955,0.025));
#16105=CARTESIAN_POINT('',(-0.25,0.1955,0.034));
#16106=CARTESIAN_POINT('',(-0.3,0.255,-0.025));
#16107=CARTESIAN_POINT('',(-0.3,0.1955,-0.025));
#16108=CARTESIAN_POINT('',(-0.3,0.1955,-0.016));
#16109=CARTESIAN_POINT('',(-0.3,0.255,0.025));
#16110=CARTESIAN_POINT('',(-0.3,0.1955,0.025));
#16111=CARTESIAN_POINT('',(-0.3,0.1955,0.034));
#16112=CARTESIAN_POINT('',(-0.35,0.255,-0.025));
#16113=CARTESIAN_POINT('',(-0.35,0.1955,-0.025));
#16114=CARTESIAN_POINT('',(-0.35,0.1955,-0.016));
#16115=CARTESIAN_POINT('',(-0.35,0.255,0.025));
#16116=CARTESIAN_POINT('',(-0.35,0.1955,0.025));
#16117=CARTESIAN_POINT('',(-0.35,0.1955,0.034));
#16118=CARTESIAN_POINT('',(-0.4,0.255,-0.025));
#16119=CARTESIAN_POINT('',(-0.4,0.1955,-0.025));
#16120=CARTESIAN_POINT('',(-0.4,0.1955,-0.016));
#16121=CARTESIAN_POINT('',(-0.4,0.255,0.025));
#16122=CARTESIAN_POINT('',(-0.4,0.1955,0.025));
#16123=CARTESIAN_POINT('',(-0.4,0.1955,0.034));
#16124=CARTESIAN_POINT('',(-0.45,0.255,-0.025));
#16125=CARTESIAN_POINT('',(-0.45,0.1955,-0.025));
#16126=CARTESIAN_POINT('',(-0.45,0.1955,-0.016));
#16127=CARTESIAN_POINT('',(-0.45,0.255,0.025));
#16128=CARTESIAN_POINT('',(-0.45,0.1955,0.025));
#16129=CARTESIAN_POINT('',(-0.45,0.1955,0.034));
#16130=CARTESIAN_POINT('',(-0.5,0.255,-0.025));
#16131=CARTESIAN_POINT('',(-0.5,0.1955,-0.025));
#16132=CARTESIAN_POINT('',(-0.5,0.1955,-0.016));
#16133=CARTESIAN_POINT('',(-0.5,0.255,0.025));
#16134=CARTESIAN_POINT('',(-0.5,0.1955,0.025));
#16135=CARTESIAN_POINT('',(-0.5,0.1955,0.034));
#16136=CARTESIAN_POINT('',(-0.55,0.255,-0.025));
#16137=CARTESIAN_POINT('',(-0.55,0.1955,-0.025));
#16138=CARTESIAN_POINT('',(-0.55,0.1955,-0.016));
#16139=CARTESIAN_POINT('',(-0.55,0.255,0.025));
#16140=CARTESIAN_POINT('',(-0.55,0.1955,0.025));
#16141=CARTESIAN_POINT('',(-0.55,0.1955,0.034));
#16142=CARTESIAN_POINT('',(-0.6,0.255,-0.025));
#16143=CARTESIAN_POINT('',(-0.6,0.1955,-0.025));
#16144=CARTESIAN_POINT('',(-0.6,0.1955,-0.016));
#16145=CARTESIAN_POINT('',(-0.6,0.255,0.025));
#16146=CARTESIAN_POINT('',(-0.6,0.1955,0.025));
#16147=CARTESIAN_POINT('',(-0.6,0.1955,0.034));
#16148=CARTESIAN_POINT('',(0.,0.1955,0.));
#16149=CARTESIAN_POINT('',(0.,0.1955,0.));
#16150=CARTESIAN_POINT('',(0.,0.1955,0.));
#16151=CARTESIAN_POINT('',(0.,0.1955,0.));
#16152=CARTESIAN_POINT('',(0.,0.1955,0.));
#16153=CARTESIAN_POINT('',(0.,0.1955,0.));
#16154=CARTESIAN_POINT('',(0.,0.1955,0.));
#16155=CARTESIAN_POINT('',(0.,0.1955,0.));
#16156=CARTESIAN_POINT('',(0.,0.1955,0.));
#16157=CARTESIAN_POINT('',(0.,0.1955,0.));
#16158=CARTESIAN_POINT('',(0.,0.1955,0.));
#16159=CARTESIAN_POINT('',(0.,0.1955,0.));
#16160=CARTESIAN_POINT('',(0.,0.1955,0.));
#16161=CARTESIAN_POINT('',(0.,0.1955,0.));
#16162=CARTESIAN_POINT('',(0.,0.1955,0.));
#16163=CARTESIAN_POINT('',(0.,0.1955,0.));
#16164=CARTESIAN_POINT('',(0.,0.1955,0.));
#16165=CARTESIAN_POINT('',(0.,0.1955,0.));
#16166=CARTESIAN_POINT('',(0.,0.1955,0.));
#16167=CARTESIAN_POINT('',(0.,0.1955,0.));
#16168=CARTESIAN_POINT('',(0.,0.1955,0.));
#16169=CARTESIAN_POINT('',(0.,0.1955,0.));
#16170=CARTESIAN_POINT('',(0.,0.1955,0.));
#16171=CARTESIAN_POINT('',(0.,0.1955,0.));
#16172=CARTESIAN_POINT('',(0.,0.1955,0.));
#16173=CARTESIAN_POINT('',(0.,0.1955,0.));
#16174=CARTESIAN_POINT('',(0.,0.1955,0.));
#16175=CARTESIAN_POINT('',(0.,0.1955,0.));
#16176=CARTESIAN_POINT('',(0.,0.1955,0.));
#16177=CARTESIAN_POINT('',(0.,0.1955,0.));
#16178=CARTESIAN_POINT('',(0.,0.1955,0.));
#16179=CARTESIAN_POINT('',(0.,0.1955,0.));
#16180=CARTESIAN_POINT('',(0.,0.1955,0.));
#16181=CARTESIAN_POINT('',(0.,0.1955,0.));
#16182=CARTESIAN_POINT('',(0.,0.1955,0.));
#16183=CARTESIAN_POINT('',(0.,0.1955,0.));
#16184=CARTESIAN_POINT('',(0.,0.1955,0.));
#16185=CARTESIAN_POINT('',(0.,0.1955,0.));
#16186=CARTESIAN_POINT('',(0.,0.1955,0.));
#16187=CARTESIAN_POINT('',(0.,0.1955,0.));
#16188=CARTESIAN_POINT('',(0.,0.1955,0.));
#16189=CARTESIAN_POINT('',(0.,0.1955,0.));
#16190=CARTESIAN_POINT('',(0.,0.1955,0.));
#16191=CARTESIAN_POINT('',(0.,0.1955,0.));
#16192=CARTESIAN_POINT('',(0.,0.1955,0.));
#16193=CARTESIAN_POINT('',(0.,0.1955,0.));
#16194=CARTESIAN_POINT('',(0.,0.1955,0.));
#16195=CARTESIAN_POINT('',(0.,0.1955,0.));
#16196=CARTESIAN_POINT('',(0.,0.1955,0.));
#16197=CARTESIAN_POINT('',(0.,0.1955,0.));
#16198=CARTESIAN_POINT('',(50.,0.0324999999999989,-20.));
#16199=CARTESIAN_POINT('',(0.,0.,0.));
#16200=CARTESIAN_POINT('',(-0.625,0.,-0.0425));
#16201=CARTESIAN_POINT('',(-0.625,0.0324999999999994,-0.0425));
#16202=CARTESIAN_POINT('',(-0.625,0.0324999999999994,-0.0425));
#16203=CARTESIAN_POINT('',(-0.625,0.0324999999999994,0.0425));
#16204=CARTESIAN_POINT('',(-0.625,0.,-0.0425));
#16205=CARTESIAN_POINT('',(-0.625,0.03,-0.0425));
#16206=CARTESIAN_POINT('',(-0.625,0.03,0.03));
#16207=CARTESIAN_POINT('',(-0.625,0.03,0.0425));
#16208=CARTESIAN_POINT('',(-0.625,0.,0.0425));
#16209=CARTESIAN_POINT('',(0.625,0.,0.0425));
#16210=CARTESIAN_POINT('',(0.625,0.0324999999999994,0.0425));
#16211=CARTESIAN_POINT('',(0.625,0.0324999999999994,0.0425));
#16212=CARTESIAN_POINT('',(0.625,0.0324999999999994,-0.0425));
#16213=CARTESIAN_POINT('',(0.625,0.,0.0425));
#16214=CARTESIAN_POINT('',(0.625,0.03,0.0425));
#16215=CARTESIAN_POINT('',(0.625,0.03,0.03));
#16216=CARTESIAN_POINT('',(0.625,0.03,-0.0425));
#16217=CARTESIAN_POINT('',(0.625,0.,-0.0425));
#16218=CARTESIAN_POINT('',(0.625,0.,-0.0425));
#16219=CARTESIAN_POINT('',(0.625,0.0324999999999994,-0.0425));
#16220=CARTESIAN_POINT('',(0.625,0.03,-0.0425));
#16221=CARTESIAN_POINT('',(-0.625,0.,0.0425));
#16222=CARTESIAN_POINT('',(-0.625,0.0324999999999994,0.0425));
#16223=CARTESIAN_POINT('',(-0.625,0.03,0.0425));
#16224=CARTESIAN_POINT('',(-0.625,0.,0.2205));
#16225=CARTESIAN_POINT('',(0.607,0.03,0.2205));
#16226=CARTESIAN_POINT('',(0.607,-0.09,0.2205));
#16227=CARTESIAN_POINT('',(0.607,-0.1,0.2205));
#16228=CARTESIAN_POINT('',(0.625,-0.09,0.2205));
#16229=CARTESIAN_POINT('',(0.593,-0.09,0.2205));
#16230=CARTESIAN_POINT('',(0.593,-0.1,0.2205));
#16231=CARTESIAN_POINT('',(0.593,-0.1,0.2205));
#16232=CARTESIAN_POINT('',(-0.625,-0.1,0.2205));
#16233=CARTESIAN_POINT('',(-0.625,0.,0.2205));
#16234=CARTESIAN_POINT('',(0.557,0.03,0.2205));
#16235=CARTESIAN_POINT('',(0.557,-0.09,0.2205));
#16236=CARTESIAN_POINT('',(0.557,-0.1,0.2205));
#16237=CARTESIAN_POINT('',(0.625,-0.09,0.2205));
#16238=CARTESIAN_POINT('',(0.543,-0.09,0.2205));
#16239=CARTESIAN_POINT('',(0.543,-0.1,0.2205));
#16240=CARTESIAN_POINT('',(0.543,-0.1,0.2205));
#16241=CARTESIAN_POINT('',(-0.625,-0.1,0.2205));
#16242=CARTESIAN_POINT('',(-0.625,0.,0.2205));
#16243=CARTESIAN_POINT('',(0.507,0.03,0.2205));
#16244=CARTESIAN_POINT('',(0.507,-0.09,0.2205));
#16245=CARTESIAN_POINT('',(0.507,-0.1,0.2205));
#16246=CARTESIAN_POINT('',(0.625,-0.09,0.2205));
#16247=CARTESIAN_POINT('',(0.493,-0.09,0.2205));
#16248=CARTESIAN_POINT('',(0.493,-0.1,0.2205));
#16249=CARTESIAN_POINT('',(0.493,-0.1,0.2205));
#16250=CARTESIAN_POINT('',(-0.625,-0.1,0.2205));
#16251=CARTESIAN_POINT('',(-0.625,0.,0.2205));
#16252=CARTESIAN_POINT('',(0.457,0.03,0.2205));
#16253=CARTESIAN_POINT('',(0.457,-0.09,0.2205));
#16254=CARTESIAN_POINT('',(0.457,-0.1,0.2205));
#16255=CARTESIAN_POINT('',(0.625,-0.09,0.2205));
#16256=CARTESIAN_POINT('',(0.443,-0.09,0.2205));
#16257=CARTESIAN_POINT('',(0.443,-0.1,0.2205));
#16258=CARTESIAN_POINT('',(0.443,-0.1,0.2205));
#16259=CARTESIAN_POINT('',(-0.625,-0.1,0.2205));
#16260=CARTESIAN_POINT('',(-0.625,0.,0.2205));
#16261=CARTESIAN_POINT('',(0.407,0.03,0.2205));
#16262=CARTESIAN_POINT('',(0.407,-0.09,0.2205));
#16263=CARTESIAN_POINT('',(0.407,-0.1,0.2205));
#16264=CARTESIAN_POINT('',(0.625,-0.09,0.2205));
#16265=CARTESIAN_POINT('',(0.393,-0.09,0.2205));
#16266=CARTESIAN_POINT('',(0.393,-0.1,0.2205));
#16267=CARTESIAN_POINT('',(0.393,-0.1,0.2205));
#16268=CARTESIAN_POINT('',(-0.625,-0.1,0.2205));
#16269=CARTESIAN_POINT('',(-0.625,0.,0.2205));
#16270=CARTESIAN_POINT('',(0.357,0.03,0.2205));
#16271=CARTESIAN_POINT('',(0.357,-0.09,0.2205));
#16272=CARTESIAN_POINT('',(0.357,-0.1,0.2205));
#16273=CARTESIAN_POINT('',(0.625,-0.09,0.2205));
#16274=CARTESIAN_POINT('',(0.343,-0.09,0.2205));
#16275=CARTESIAN_POINT('',(0.343,-0.1,0.2205));
#16276=CARTESIAN_POINT('',(0.343,-0.1,0.2205));
#16277=CARTESIAN_POINT('',(-0.625,-0.1,0.2205));
#16278=CARTESIAN_POINT('',(-0.625,0.,0.2205));
#16279=CARTESIAN_POINT('',(0.307,0.03,0.2205));
#16280=CARTESIAN_POINT('',(0.307,-0.09,0.2205));
#16281=CARTESIAN_POINT('',(0.307,-0.1,0.2205));
#16282=CARTESIAN_POINT('',(0.625,-0.09,0.2205));
#16283=CARTESIAN_POINT('',(0.293,-0.09,0.2205));
#16284=CARTESIAN_POINT('',(0.293,-0.1,0.2205));
#16285=CARTESIAN_POINT('',(0.293,-0.1,0.2205));
#16286=CARTESIAN_POINT('',(-0.625,-0.1,0.2205));
#16287=CARTESIAN_POINT('',(-0.625,0.,0.2205));
#16288=CARTESIAN_POINT('',(0.257,0.03,0.2205));
#16289=CARTESIAN_POINT('',(0.257,-0.09,0.2205));
#16290=CARTESIAN_POINT('',(0.257,-0.1,0.2205));
#16291=CARTESIAN_POINT('',(0.625,-0.09,0.2205));
#16292=CARTESIAN_POINT('',(0.243,-0.09,0.2205));
#16293=CARTESIAN_POINT('',(0.243,-0.1,0.2205));
#16294=CARTESIAN_POINT('',(0.243,-0.1,0.2205));
#16295=CARTESIAN_POINT('',(-0.625,-0.1,0.2205));
#16296=CARTESIAN_POINT('',(-0.625,0.,0.2205));
#16297=CARTESIAN_POINT('',(0.207,0.03,0.2205));
#16298=CARTESIAN_POINT('',(0.207,-0.09,0.2205));
#16299=CARTESIAN_POINT('',(0.207,-0.1,0.2205));
#16300=CARTESIAN_POINT('',(0.625,-0.09,0.2205));
#16301=CARTESIAN_POINT('',(0.193,-0.09,0.2205));
#16302=CARTESIAN_POINT('',(0.193,-0.1,0.2205));
#16303=CARTESIAN_POINT('',(0.193,-0.1,0.2205));
#16304=CARTESIAN_POINT('',(-0.625,-0.1,0.2205));
#16305=CARTESIAN_POINT('',(-0.625,0.,0.2205));
#16306=CARTESIAN_POINT('',(0.157,0.03,0.2205));
#16307=CARTESIAN_POINT('',(0.157,-0.09,0.2205));
#16308=CARTESIAN_POINT('',(0.157,-0.1,0.2205));
#16309=CARTESIAN_POINT('',(0.625,-0.09,0.2205));
#16310=CARTESIAN_POINT('',(0.143,-0.09,0.2205));
#16311=CARTESIAN_POINT('',(0.143,-0.1,0.2205));
#16312=CARTESIAN_POINT('',(0.143,-0.1,0.2205));
#16313=CARTESIAN_POINT('',(-0.625,-0.1,0.2205));
#16314=CARTESIAN_POINT('',(-0.625,0.,0.2205));
#16315=CARTESIAN_POINT('',(0.107,0.03,0.2205));
#16316=CARTESIAN_POINT('',(0.107,-0.09,0.2205));
#16317=CARTESIAN_POINT('',(0.107,-0.1,0.2205));
#16318=CARTESIAN_POINT('',(0.625,-0.09,0.2205));
#16319=CARTESIAN_POINT('',(0.093,-0.09,0.2205));
#16320=CARTESIAN_POINT('',(0.093,-0.1,0.2205));
#16321=CARTESIAN_POINT('',(0.093,-0.1,0.2205));
#16322=CARTESIAN_POINT('',(-0.625,-0.1,0.2205));
#16323=CARTESIAN_POINT('',(-0.625,0.,0.2205));
#16324=CARTESIAN_POINT('',(0.057,0.03,0.2205));
#16325=CARTESIAN_POINT('',(0.057,-0.09,0.2205));
#16326=CARTESIAN_POINT('',(0.057,-0.1,0.2205));
#16327=CARTESIAN_POINT('',(0.625,-0.09,0.2205));
#16328=CARTESIAN_POINT('',(0.043,-0.09,0.2205));
#16329=CARTESIAN_POINT('',(0.043,-0.1,0.2205));
#16330=CARTESIAN_POINT('',(0.043,-0.1,0.2205));
#16331=CARTESIAN_POINT('',(-0.625,-0.1,0.2205));
#16332=CARTESIAN_POINT('',(-0.625,0.,0.2205));
#16333=CARTESIAN_POINT('',(0.00699999999999999,0.03,0.2205));
#16334=CARTESIAN_POINT('',(0.00699999999999999,-0.09,0.2205));
#16335=CARTESIAN_POINT('',(0.00699999999999999,-0.1,0.2205));
#16336=CARTESIAN_POINT('',(0.625,-0.09,0.2205));
#16337=CARTESIAN_POINT('',(-0.00699999999999996,-0.09,0.2205));
#16338=CARTESIAN_POINT('',(-0.00699999999999996,-0.1,0.2205));
#16339=CARTESIAN_POINT('',(-0.00699999999999996,-0.1,0.2205));
#16340=CARTESIAN_POINT('',(-0.625,-0.1,0.2205));
#16341=CARTESIAN_POINT('',(-0.625,0.,0.2205));
#16342=CARTESIAN_POINT('',(-0.043,0.03,0.2205));
#16343=CARTESIAN_POINT('',(-0.043,-0.09,0.2205));
#16344=CARTESIAN_POINT('',(-0.043,-0.1,0.2205));
#16345=CARTESIAN_POINT('',(0.625,-0.09,0.2205));
#16346=CARTESIAN_POINT('',(-0.057,-0.09,0.2205));
#16347=CARTESIAN_POINT('',(-0.057,-0.1,0.2205));
#16348=CARTESIAN_POINT('',(-0.057,-0.1,0.2205));
#16349=CARTESIAN_POINT('',(-0.625,-0.1,0.2205));
#16350=CARTESIAN_POINT('',(-0.625,0.,0.2205));
#16351=CARTESIAN_POINT('',(-0.093,0.03,0.2205));
#16352=CARTESIAN_POINT('',(-0.093,-0.09,0.2205));
#16353=CARTESIAN_POINT('',(-0.093,-0.1,0.2205));
#16354=CARTESIAN_POINT('',(0.625,-0.09,0.2205));
#16355=CARTESIAN_POINT('',(-0.107,-0.09,0.2205));
#16356=CARTESIAN_POINT('',(-0.107,-0.1,0.2205));
#16357=CARTESIAN_POINT('',(-0.107,-0.1,0.2205));
#16358=CARTESIAN_POINT('',(-0.625,-0.1,0.2205));
#16359=CARTESIAN_POINT('',(-0.625,0.,0.2205));
#16360=CARTESIAN_POINT('',(-0.143,0.03,0.2205));
#16361=CARTESIAN_POINT('',(-0.143,-0.09,0.2205));
#16362=CARTESIAN_POINT('',(-0.143,-0.1,0.2205));
#16363=CARTESIAN_POINT('',(0.625,-0.09,0.2205));
#16364=CARTESIAN_POINT('',(-0.157,-0.09,0.2205));
#16365=CARTESIAN_POINT('',(-0.157,-0.1,0.2205));
#16366=CARTESIAN_POINT('',(-0.157,-0.1,0.2205));
#16367=CARTESIAN_POINT('',(-0.625,-0.1,0.2205));
#16368=CARTESIAN_POINT('',(-0.625,0.,0.2205));
#16369=CARTESIAN_POINT('',(-0.193,0.03,0.2205));
#16370=CARTESIAN_POINT('',(-0.193,-0.09,0.2205));
#16371=CARTESIAN_POINT('',(-0.193,-0.1,0.2205));
#16372=CARTESIAN_POINT('',(0.625,-0.09,0.2205));
#16373=CARTESIAN_POINT('',(-0.207,-0.09,0.2205));
#16374=CARTESIAN_POINT('',(-0.207,-0.1,0.2205));
#16375=CARTESIAN_POINT('',(-0.207,-0.1,0.2205));
#16376=CARTESIAN_POINT('',(-0.625,-0.1,0.2205));
#16377=CARTESIAN_POINT('',(-0.625,0.,0.2205));
#16378=CARTESIAN_POINT('',(-0.243,0.03,0.2205));
#16379=CARTESIAN_POINT('',(-0.243,-0.09,0.2205));
#16380=CARTESIAN_POINT('',(-0.243,-0.1,0.2205));
#16381=CARTESIAN_POINT('',(0.625,-0.09,0.2205));
#16382=CARTESIAN_POINT('',(-0.257,-0.09,0.2205));
#16383=CARTESIAN_POINT('',(-0.257,-0.1,0.2205));
#16384=CARTESIAN_POINT('',(-0.257,-0.1,0.2205));
#16385=CARTESIAN_POINT('',(-0.625,-0.1,0.2205));
#16386=CARTESIAN_POINT('',(-0.625,0.,0.2205));
#16387=CARTESIAN_POINT('',(-0.293,0.03,0.2205));
#16388=CARTESIAN_POINT('',(-0.293,-0.09,0.2205));
#16389=CARTESIAN_POINT('',(-0.293,-0.1,0.2205));
#16390=CARTESIAN_POINT('',(0.625,-0.09,0.2205));
#16391=CARTESIAN_POINT('',(-0.307,-0.09,0.2205));
#16392=CARTESIAN_POINT('',(-0.307,-0.1,0.2205));
#16393=CARTESIAN_POINT('',(-0.307,-0.1,0.2205));
#16394=CARTESIAN_POINT('',(-0.625,-0.1,0.2205));
#16395=CARTESIAN_POINT('',(-0.625,0.,0.2205));
#16396=CARTESIAN_POINT('',(-0.343,0.03,0.2205));
#16397=CARTESIAN_POINT('',(-0.343,-0.09,0.2205));
#16398=CARTESIAN_POINT('',(-0.343,-0.1,0.2205));
#16399=CARTESIAN_POINT('',(0.625,-0.09,0.2205));
#16400=CARTESIAN_POINT('',(-0.357,-0.09,0.2205));
#16401=CARTESIAN_POINT('',(-0.357,-0.1,0.2205));
#16402=CARTESIAN_POINT('',(-0.357,-0.1,0.2205));
#16403=CARTESIAN_POINT('',(-0.625,-0.1,0.2205));
#16404=CARTESIAN_POINT('',(-0.625,0.,0.2205));
#16405=CARTESIAN_POINT('',(-0.393,0.03,0.2205));
#16406=CARTESIAN_POINT('',(-0.393,-0.09,0.2205));
#16407=CARTESIAN_POINT('',(-0.393,-0.1,0.2205));
#16408=CARTESIAN_POINT('',(0.625,-0.09,0.2205));
#16409=CARTESIAN_POINT('',(-0.407,-0.09,0.2205));
#16410=CARTESIAN_POINT('',(-0.407,-0.1,0.2205));
#16411=CARTESIAN_POINT('',(-0.407,-0.1,0.2205));
#16412=CARTESIAN_POINT('',(-0.625,-0.1,0.2205));
#16413=CARTESIAN_POINT('',(-0.625,0.,0.2205));
#16414=CARTESIAN_POINT('',(-0.443,0.03,0.2205));
#16415=CARTESIAN_POINT('',(-0.443,-0.09,0.2205));
#16416=CARTESIAN_POINT('',(-0.443,-0.1,0.2205));
#16417=CARTESIAN_POINT('',(0.625,-0.09,0.2205));
#16418=CARTESIAN_POINT('',(-0.457,-0.09,0.2205));
#16419=CARTESIAN_POINT('',(-0.457,-0.1,0.2205));
#16420=CARTESIAN_POINT('',(-0.457,-0.1,0.2205));
#16421=CARTESIAN_POINT('',(-0.625,-0.1,0.2205));
#16422=CARTESIAN_POINT('',(-0.625,0.,0.2205));
#16423=CARTESIAN_POINT('',(-0.493,0.03,0.2205));
#16424=CARTESIAN_POINT('',(-0.493,-0.09,0.2205));
#16425=CARTESIAN_POINT('',(-0.493,-0.1,0.2205));
#16426=CARTESIAN_POINT('',(0.625,-0.09,0.2205));
#16427=CARTESIAN_POINT('',(-0.507,-0.09,0.2205));
#16428=CARTESIAN_POINT('',(-0.507,-0.1,0.2205));
#16429=CARTESIAN_POINT('',(-0.507,-0.1,0.2205));
#16430=CARTESIAN_POINT('',(-0.625,-0.1,0.2205));
#16431=CARTESIAN_POINT('',(-0.625,0.,0.2205));
#16432=CARTESIAN_POINT('',(-0.543,0.03,0.2205));
#16433=CARTESIAN_POINT('',(-0.543,-0.09,0.2205));
#16434=CARTESIAN_POINT('',(-0.543,-0.1,0.2205));
#16435=CARTESIAN_POINT('',(0.625,-0.09,0.2205));
#16436=CARTESIAN_POINT('',(-0.557,-0.09,0.2205));
#16437=CARTESIAN_POINT('',(-0.557,-0.1,0.2205));
#16438=CARTESIAN_POINT('',(-0.557,-0.1,0.2205));
#16439=CARTESIAN_POINT('',(-0.625,-0.1,0.2205));
#16440=CARTESIAN_POINT('',(-0.625,0.,0.2205));
#16441=CARTESIAN_POINT('',(-0.593,0.03,0.2205));
#16442=CARTESIAN_POINT('',(-0.593,-0.09,0.2205));
#16443=CARTESIAN_POINT('',(-0.593,-0.1,0.2205));
#16444=CARTESIAN_POINT('',(0.625,-0.09,0.2205));
#16445=CARTESIAN_POINT('',(-0.607,-0.09,0.2205));
#16446=CARTESIAN_POINT('',(-0.607,-0.1,0.2205));
#16447=CARTESIAN_POINT('',(-0.607,-0.1,0.2205));
#16448=CARTESIAN_POINT('',(-0.625,-0.1,0.2205));
#16449=CARTESIAN_POINT('',(-0.625,0.,0.2205));
#16450=CARTESIAN_POINT('',(0.607,0.03,0.2205));
#16451=CARTESIAN_POINT('',(0.607,-0.015,0.2205));
#16452=CARTESIAN_POINT('',(0.607,-0.025,0.2205));
#16453=CARTESIAN_POINT('',(0.625,-0.015,0.2205));
#16454=CARTESIAN_POINT('',(0.593,-0.015,0.2205));
#16455=CARTESIAN_POINT('',(0.593,-0.1,0.2205));
#16456=CARTESIAN_POINT('',(0.593,-0.025,0.2205));
#16457=CARTESIAN_POINT('',(0.625,-0.025,0.2205));
#16458=CARTESIAN_POINT('',(-0.625,0.,0.2205));
#16459=CARTESIAN_POINT('',(0.557,0.03,0.2205));
#16460=CARTESIAN_POINT('',(0.557,-0.015,0.2205));
#16461=CARTESIAN_POINT('',(0.557,-0.025,0.2205));
#16462=CARTESIAN_POINT('',(0.625,-0.015,0.2205));
#16463=CARTESIAN_POINT('',(0.543,-0.015,0.2205));
#16464=CARTESIAN_POINT('',(0.543,-0.1,0.2205));
#16465=CARTESIAN_POINT('',(0.543,-0.025,0.2205));
#16466=CARTESIAN_POINT('',(0.625,-0.025,0.2205));
#16467=CARTESIAN_POINT('',(-0.625,0.,0.2205));
#16468=CARTESIAN_POINT('',(0.507,0.03,0.2205));
#16469=CARTESIAN_POINT('',(0.507,-0.015,0.2205));
#16470=CARTESIAN_POINT('',(0.507,-0.025,0.2205));
#16471=CARTESIAN_POINT('',(0.625,-0.015,0.2205));
#16472=CARTESIAN_POINT('',(0.493,-0.015,0.2205));
#16473=CARTESIAN_POINT('',(0.493,-0.1,0.2205));
#16474=CARTESIAN_POINT('',(0.493,-0.025,0.2205));
#16475=CARTESIAN_POINT('',(0.625,-0.025,0.2205));
#16476=CARTESIAN_POINT('',(-0.625,0.,0.2205));
#16477=CARTESIAN_POINT('',(0.457,0.03,0.2205));
#16478=CARTESIAN_POINT('',(0.457,-0.015,0.2205));
#16479=CARTESIAN_POINT('',(0.457,-0.025,0.2205));
#16480=CARTESIAN_POINT('',(0.625,-0.015,0.2205));
#16481=CARTESIAN_POINT('',(0.443,-0.015,0.2205));
#16482=CARTESIAN_POINT('',(0.443,-0.1,0.2205));
#16483=CARTESIAN_POINT('',(0.443,-0.025,0.2205));
#16484=CARTESIAN_POINT('',(0.625,-0.025,0.2205));
#16485=CARTESIAN_POINT('',(-0.625,0.,0.2205));
#16486=CARTESIAN_POINT('',(0.407,0.03,0.2205));
#16487=CARTESIAN_POINT('',(0.407,-0.015,0.2205));
#16488=CARTESIAN_POINT('',(0.407,-0.025,0.2205));
#16489=CARTESIAN_POINT('',(0.625,-0.015,0.2205));
#16490=CARTESIAN_POINT('',(0.393,-0.015,0.2205));
#16491=CARTESIAN_POINT('',(0.393,-0.1,0.2205));
#16492=CARTESIAN_POINT('',(0.393,-0.025,0.2205));
#16493=CARTESIAN_POINT('',(0.625,-0.025,0.2205));
#16494=CARTESIAN_POINT('',(-0.625,0.,0.2205));
#16495=CARTESIAN_POINT('',(0.357,0.03,0.2205));
#16496=CARTESIAN_POINT('',(0.357,-0.015,0.2205));
#16497=CARTESIAN_POINT('',(0.357,-0.025,0.2205));
#16498=CARTESIAN_POINT('',(0.625,-0.015,0.2205));
#16499=CARTESIAN_POINT('',(0.343,-0.015,0.2205));
#16500=CARTESIAN_POINT('',(0.343,-0.1,0.2205));
#16501=CARTESIAN_POINT('',(0.343,-0.025,0.2205));
#16502=CARTESIAN_POINT('',(0.625,-0.025,0.2205));
#16503=CARTESIAN_POINT('',(-0.625,0.,0.2205));
#16504=CARTESIAN_POINT('',(0.307,0.03,0.2205));
#16505=CARTESIAN_POINT('',(0.307,-0.015,0.2205));
#16506=CARTESIAN_POINT('',(0.307,-0.025,0.2205));
#16507=CARTESIAN_POINT('',(0.625,-0.015,0.2205));
#16508=CARTESIAN_POINT('',(0.293,-0.015,0.2205));
#16509=CARTESIAN_POINT('',(0.293,-0.1,0.2205));
#16510=CARTESIAN_POINT('',(0.293,-0.025,0.2205));
#16511=CARTESIAN_POINT('',(0.625,-0.025,0.2205));
#16512=CARTESIAN_POINT('',(-0.625,0.,0.2205));
#16513=CARTESIAN_POINT('',(0.257,0.03,0.2205));
#16514=CARTESIAN_POINT('',(0.257,-0.015,0.2205));
#16515=CARTESIAN_POINT('',(0.257,-0.025,0.2205));
#16516=CARTESIAN_POINT('',(0.625,-0.015,0.2205));
#16517=CARTESIAN_POINT('',(0.243,-0.015,0.2205));
#16518=CARTESIAN_POINT('',(0.243,-0.1,0.2205));
#16519=CARTESIAN_POINT('',(0.243,-0.025,0.2205));
#16520=CARTESIAN_POINT('',(0.625,-0.025,0.2205));
#16521=CARTESIAN_POINT('',(-0.625,0.,0.2205));
#16522=CARTESIAN_POINT('',(0.207,0.03,0.2205));
#16523=CARTESIAN_POINT('',(0.207,-0.015,0.2205));
#16524=CARTESIAN_POINT('',(0.207,-0.025,0.2205));
#16525=CARTESIAN_POINT('',(0.625,-0.015,0.2205));
#16526=CARTESIAN_POINT('',(0.193,-0.015,0.2205));
#16527=CARTESIAN_POINT('',(0.193,-0.1,0.2205));
#16528=CARTESIAN_POINT('',(0.193,-0.025,0.2205));
#16529=CARTESIAN_POINT('',(0.625,-0.025,0.2205));
#16530=CARTESIAN_POINT('',(-0.625,0.,0.2205));
#16531=CARTESIAN_POINT('',(0.157,0.03,0.2205));
#16532=CARTESIAN_POINT('',(0.157,-0.015,0.2205));
#16533=CARTESIAN_POINT('',(0.157,-0.025,0.2205));
#16534=CARTESIAN_POINT('',(0.625,-0.015,0.2205));
#16535=CARTESIAN_POINT('',(0.143,-0.015,0.2205));
#16536=CARTESIAN_POINT('',(0.143,-0.1,0.2205));
#16537=CARTESIAN_POINT('',(0.143,-0.025,0.2205));
#16538=CARTESIAN_POINT('',(0.625,-0.025,0.2205));
#16539=CARTESIAN_POINT('',(-0.625,0.,0.2205));
#16540=CARTESIAN_POINT('',(0.107,0.03,0.2205));
#16541=CARTESIAN_POINT('',(0.107,-0.015,0.2205));
#16542=CARTESIAN_POINT('',(0.107,-0.025,0.2205));
#16543=CARTESIAN_POINT('',(0.625,-0.015,0.2205));
#16544=CARTESIAN_POINT('',(0.093,-0.015,0.2205));
#16545=CARTESIAN_POINT('',(0.093,-0.1,0.2205));
#16546=CARTESIAN_POINT('',(0.093,-0.025,0.2205));
#16547=CARTESIAN_POINT('',(0.625,-0.025,0.2205));
#16548=CARTESIAN_POINT('',(-0.625,0.,0.2205));
#16549=CARTESIAN_POINT('',(0.057,0.03,0.2205));
#16550=CARTESIAN_POINT('',(0.057,-0.015,0.2205));
#16551=CARTESIAN_POINT('',(0.057,-0.025,0.2205));
#16552=CARTESIAN_POINT('',(0.625,-0.015,0.2205));
#16553=CARTESIAN_POINT('',(0.043,-0.015,0.2205));
#16554=CARTESIAN_POINT('',(0.043,-0.1,0.2205));
#16555=CARTESIAN_POINT('',(0.043,-0.025,0.2205));
#16556=CARTESIAN_POINT('',(0.625,-0.025,0.2205));
#16557=CARTESIAN_POINT('',(-0.625,0.,0.2205));
#16558=CARTESIAN_POINT('',(0.00699999999999999,0.03,0.2205));
#16559=CARTESIAN_POINT('',(0.00699999999999999,-0.015,0.2205));
#16560=CARTESIAN_POINT('',(0.00699999999999999,-0.025,0.2205));
#16561=CARTESIAN_POINT('',(0.625,-0.015,0.2205));
#16562=CARTESIAN_POINT('',(-0.00699999999999996,-0.015,0.2205));
#16563=CARTESIAN_POINT('',(-0.00699999999999996,-0.1,0.2205));
#16564=CARTESIAN_POINT('',(-0.00699999999999996,-0.025,0.2205));
#16565=CARTESIAN_POINT('',(0.625,-0.025,0.2205));
#16566=CARTESIAN_POINT('',(-0.625,0.,0.2205));
#16567=CARTESIAN_POINT('',(-0.043,0.03,0.2205));
#16568=CARTESIAN_POINT('',(-0.043,-0.015,0.2205));
#16569=CARTESIAN_POINT('',(-0.043,-0.025,0.2205));
#16570=CARTESIAN_POINT('',(0.625,-0.015,0.2205));
#16571=CARTESIAN_POINT('',(-0.057,-0.015,0.2205));
#16572=CARTESIAN_POINT('',(-0.057,-0.1,0.2205));
#16573=CARTESIAN_POINT('',(-0.057,-0.025,0.2205));
#16574=CARTESIAN_POINT('',(0.625,-0.025,0.2205));
#16575=CARTESIAN_POINT('',(-0.625,0.,0.2205));
#16576=CARTESIAN_POINT('',(-0.093,0.03,0.2205));
#16577=CARTESIAN_POINT('',(-0.093,-0.015,0.2205));
#16578=CARTESIAN_POINT('',(-0.093,-0.025,0.2205));
#16579=CARTESIAN_POINT('',(0.625,-0.015,0.2205));
#16580=CARTESIAN_POINT('',(-0.107,-0.015,0.2205));
#16581=CARTESIAN_POINT('',(-0.107,-0.1,0.2205));
#16582=CARTESIAN_POINT('',(-0.107,-0.025,0.2205));
#16583=CARTESIAN_POINT('',(0.625,-0.025,0.2205));
#16584=CARTESIAN_POINT('',(-0.625,0.,0.2205));
#16585=CARTESIAN_POINT('',(-0.143,0.03,0.2205));
#16586=CARTESIAN_POINT('',(-0.143,-0.015,0.2205));
#16587=CARTESIAN_POINT('',(-0.143,-0.025,0.2205));
#16588=CARTESIAN_POINT('',(0.625,-0.015,0.2205));
#16589=CARTESIAN_POINT('',(-0.157,-0.015,0.2205));
#16590=CARTESIAN_POINT('',(-0.157,-0.1,0.2205));
#16591=CARTESIAN_POINT('',(-0.157,-0.025,0.2205));
#16592=CARTESIAN_POINT('',(0.625,-0.025,0.2205));
#16593=CARTESIAN_POINT('',(-0.625,0.,0.2205));
#16594=CARTESIAN_POINT('',(-0.193,0.03,0.2205));
#16595=CARTESIAN_POINT('',(-0.193,-0.015,0.2205));
#16596=CARTESIAN_POINT('',(-0.193,-0.025,0.2205));
#16597=CARTESIAN_POINT('',(0.625,-0.015,0.2205));
#16598=CARTESIAN_POINT('',(-0.207,-0.015,0.2205));
#16599=CARTESIAN_POINT('',(-0.207,-0.1,0.2205));
#16600=CARTESIAN_POINT('',(-0.207,-0.025,0.2205));
#16601=CARTESIAN_POINT('',(0.625,-0.025,0.2205));
#16602=CARTESIAN_POINT('',(-0.625,0.,0.2205));
#16603=CARTESIAN_POINT('',(-0.243,0.03,0.2205));
#16604=CARTESIAN_POINT('',(-0.243,-0.015,0.2205));
#16605=CARTESIAN_POINT('',(-0.243,-0.025,0.2205));
#16606=CARTESIAN_POINT('',(0.625,-0.015,0.2205));
#16607=CARTESIAN_POINT('',(-0.257,-0.015,0.2205));
#16608=CARTESIAN_POINT('',(-0.257,-0.1,0.2205));
#16609=CARTESIAN_POINT('',(-0.257,-0.025,0.2205));
#16610=CARTESIAN_POINT('',(0.625,-0.025,0.2205));
#16611=CARTESIAN_POINT('',(-0.625,0.,0.2205));
#16612=CARTESIAN_POINT('',(-0.293,0.03,0.2205));
#16613=CARTESIAN_POINT('',(-0.293,-0.015,0.2205));
#16614=CARTESIAN_POINT('',(-0.293,-0.025,0.2205));
#16615=CARTESIAN_POINT('',(0.625,-0.015,0.2205));
#16616=CARTESIAN_POINT('',(-0.307,-0.015,0.2205));
#16617=CARTESIAN_POINT('',(-0.307,-0.1,0.2205));
#16618=CARTESIAN_POINT('',(-0.307,-0.025,0.2205));
#16619=CARTESIAN_POINT('',(0.625,-0.025,0.2205));
#16620=CARTESIAN_POINT('',(-0.625,0.,0.2205));
#16621=CARTESIAN_POINT('',(-0.343,0.03,0.2205));
#16622=CARTESIAN_POINT('',(-0.343,-0.015,0.2205));
#16623=CARTESIAN_POINT('',(-0.343,-0.025,0.2205));
#16624=CARTESIAN_POINT('',(0.625,-0.015,0.2205));
#16625=CARTESIAN_POINT('',(-0.357,-0.015,0.2205));
#16626=CARTESIAN_POINT('',(-0.357,-0.1,0.2205));
#16627=CARTESIAN_POINT('',(-0.357,-0.025,0.2205));
#16628=CARTESIAN_POINT('',(0.625,-0.025,0.2205));
#16629=CARTESIAN_POINT('',(-0.625,0.,0.2205));
#16630=CARTESIAN_POINT('',(-0.393,0.03,0.2205));
#16631=CARTESIAN_POINT('',(-0.393,-0.015,0.2205));
#16632=CARTESIAN_POINT('',(-0.393,-0.025,0.2205));
#16633=CARTESIAN_POINT('',(0.625,-0.015,0.2205));
#16634=CARTESIAN_POINT('',(-0.407,-0.015,0.2205));
#16635=CARTESIAN_POINT('',(-0.407,-0.1,0.2205));
#16636=CARTESIAN_POINT('',(-0.407,-0.025,0.2205));
#16637=CARTESIAN_POINT('',(0.625,-0.025,0.2205));
#16638=CARTESIAN_POINT('',(-0.625,0.,0.2205));
#16639=CARTESIAN_POINT('',(-0.443,0.03,0.2205));
#16640=CARTESIAN_POINT('',(-0.443,-0.015,0.2205));
#16641=CARTESIAN_POINT('',(-0.443,-0.025,0.2205));
#16642=CARTESIAN_POINT('',(0.625,-0.015,0.2205));
#16643=CARTESIAN_POINT('',(-0.457,-0.015,0.2205));
#16644=CARTESIAN_POINT('',(-0.457,-0.1,0.2205));
#16645=CARTESIAN_POINT('',(-0.457,-0.025,0.2205));
#16646=CARTESIAN_POINT('',(0.625,-0.025,0.2205));
#16647=CARTESIAN_POINT('',(-0.625,0.,0.2205));
#16648=CARTESIAN_POINT('',(-0.493,0.03,0.2205));
#16649=CARTESIAN_POINT('',(-0.493,-0.015,0.2205));
#16650=CARTESIAN_POINT('',(-0.493,-0.025,0.2205));
#16651=CARTESIAN_POINT('',(0.625,-0.015,0.2205));
#16652=CARTESIAN_POINT('',(-0.507,-0.015,0.2205));
#16653=CARTESIAN_POINT('',(-0.507,-0.1,0.2205));
#16654=CARTESIAN_POINT('',(-0.507,-0.025,0.2205));
#16655=CARTESIAN_POINT('',(0.625,-0.025,0.2205));
#16656=CARTESIAN_POINT('',(-0.625,0.,0.2205));
#16657=CARTESIAN_POINT('',(-0.543,0.03,0.2205));
#16658=CARTESIAN_POINT('',(-0.543,-0.015,0.2205));
#16659=CARTESIAN_POINT('',(-0.543,-0.025,0.2205));
#16660=CARTESIAN_POINT('',(0.625,-0.015,0.2205));
#16661=CARTESIAN_POINT('',(-0.557,-0.015,0.2205));
#16662=CARTESIAN_POINT('',(-0.557,-0.1,0.2205));
#16663=CARTESIAN_POINT('',(-0.557,-0.025,0.2205));
#16664=CARTESIAN_POINT('',(0.625,-0.025,0.2205));
#16665=CARTESIAN_POINT('',(-0.625,0.,0.2205));
#16666=CARTESIAN_POINT('',(-0.593,0.03,0.2205));
#16667=CARTESIAN_POINT('',(-0.593,-0.015,0.2205));
#16668=CARTESIAN_POINT('',(-0.593,-0.025,0.2205));
#16669=CARTESIAN_POINT('',(0.625,-0.015,0.2205));
#16670=CARTESIAN_POINT('',(-0.607,-0.015,0.2205));
#16671=CARTESIAN_POINT('',(-0.607,-0.1,0.2205));
#16672=CARTESIAN_POINT('',(-0.607,-0.025,0.2205));
#16673=CARTESIAN_POINT('',(0.625,-0.025,0.2205));
#16674=CARTESIAN_POINT('',(0.,-0.1,0.));
#16675=CARTESIAN_POINT('',(0.607,-0.1,0.2205));
#16676=CARTESIAN_POINT('',(0.607,-0.1,-0.02));
#16677=CARTESIAN_POINT('',(0.593,-0.1,0.2205));
#16678=CARTESIAN_POINT('',(0.593,-0.1,-0.02));
#16679=CARTESIAN_POINT('',(0.625,-0.1,-0.02));
#16680=CARTESIAN_POINT('',(0.,-0.1,0.));
#16681=CARTESIAN_POINT('',(0.557,-0.1,0.2205));
#16682=CARTESIAN_POINT('',(0.557,-0.1,-0.02));
#16683=CARTESIAN_POINT('',(0.543,-0.1,0.2205));
#16684=CARTESIAN_POINT('',(0.543,-0.1,-0.02));
#16685=CARTESIAN_POINT('',(0.625,-0.1,-0.02));
#16686=CARTESIAN_POINT('',(0.,-0.1,0.));
#16687=CARTESIAN_POINT('',(0.507,-0.1,0.2205));
#16688=CARTESIAN_POINT('',(0.507,-0.1,-0.02));
#16689=CARTESIAN_POINT('',(0.493,-0.1,0.2205));
#16690=CARTESIAN_POINT('',(0.493,-0.1,-0.02));
#16691=CARTESIAN_POINT('',(0.625,-0.1,-0.02));
#16692=CARTESIAN_POINT('',(0.,-0.1,0.));
#16693=CARTESIAN_POINT('',(0.457,-0.1,0.2205));
#16694=CARTESIAN_POINT('',(0.457,-0.1,-0.02));
#16695=CARTESIAN_POINT('',(0.443,-0.1,0.2205));
#16696=CARTESIAN_POINT('',(0.443,-0.1,-0.02));
#16697=CARTESIAN_POINT('',(0.625,-0.1,-0.02));
#16698=CARTESIAN_POINT('',(0.,-0.1,0.));
#16699=CARTESIAN_POINT('',(0.407,-0.1,0.2205));
#16700=CARTESIAN_POINT('',(0.407,-0.1,-0.02));
#16701=CARTESIAN_POINT('',(0.393,-0.1,0.2205));
#16702=CARTESIAN_POINT('',(0.393,-0.1,-0.02));
#16703=CARTESIAN_POINT('',(0.625,-0.1,-0.02));
#16704=CARTESIAN_POINT('',(0.,-0.1,0.));
#16705=CARTESIAN_POINT('',(0.357,-0.1,0.2205));
#16706=CARTESIAN_POINT('',(0.357,-0.1,-0.02));
#16707=CARTESIAN_POINT('',(0.343,-0.1,0.2205));
#16708=CARTESIAN_POINT('',(0.343,-0.1,-0.02));
#16709=CARTESIAN_POINT('',(0.625,-0.1,-0.02));
#16710=CARTESIAN_POINT('',(0.,-0.1,0.));
#16711=CARTESIAN_POINT('',(0.307,-0.1,0.2205));
#16712=CARTESIAN_POINT('',(0.307,-0.1,-0.02));
#16713=CARTESIAN_POINT('',(0.293,-0.1,0.2205));
#16714=CARTESIAN_POINT('',(0.293,-0.1,-0.02));
#16715=CARTESIAN_POINT('',(0.625,-0.1,-0.02));
#16716=CARTESIAN_POINT('',(0.,-0.1,0.));
#16717=CARTESIAN_POINT('',(0.257,-0.1,0.2205));
#16718=CARTESIAN_POINT('',(0.257,-0.1,-0.02));
#16719=CARTESIAN_POINT('',(0.243,-0.1,0.2205));
#16720=CARTESIAN_POINT('',(0.243,-0.1,-0.02));
#16721=CARTESIAN_POINT('',(0.625,-0.1,-0.02));
#16722=CARTESIAN_POINT('',(0.,-0.1,0.));
#16723=CARTESIAN_POINT('',(0.207,-0.1,0.2205));
#16724=CARTESIAN_POINT('',(0.207,-0.1,-0.02));
#16725=CARTESIAN_POINT('',(0.193,-0.1,0.2205));
#16726=CARTESIAN_POINT('',(0.193,-0.1,-0.02));
#16727=CARTESIAN_POINT('',(0.625,-0.1,-0.02));
#16728=CARTESIAN_POINT('',(0.,-0.1,0.));
#16729=CARTESIAN_POINT('',(0.157,-0.1,0.2205));
#16730=CARTESIAN_POINT('',(0.157,-0.1,-0.02));
#16731=CARTESIAN_POINT('',(0.143,-0.1,0.2205));
#16732=CARTESIAN_POINT('',(0.143,-0.1,-0.02));
#16733=CARTESIAN_POINT('',(0.625,-0.1,-0.02));
#16734=CARTESIAN_POINT('',(0.,-0.1,0.));
#16735=CARTESIAN_POINT('',(0.107,-0.1,0.2205));
#16736=CARTESIAN_POINT('',(0.107,-0.1,-0.02));
#16737=CARTESIAN_POINT('',(0.093,-0.1,0.2205));
#16738=CARTESIAN_POINT('',(0.0930000000000001,-0.1,-0.02));
#16739=CARTESIAN_POINT('',(0.625,-0.1,-0.02));
#16740=CARTESIAN_POINT('',(0.,-0.1,0.));
#16741=CARTESIAN_POINT('',(0.057,-0.1,0.2205));
#16742=CARTESIAN_POINT('',(0.057,-0.1,-0.02));
#16743=CARTESIAN_POINT('',(0.043,-0.1,0.2205));
#16744=CARTESIAN_POINT('',(0.0430000000000001,-0.1,-0.02));
#16745=CARTESIAN_POINT('',(0.625,-0.1,-0.02));
#16746=CARTESIAN_POINT('',(0.,-0.1,0.));
#16747=CARTESIAN_POINT('',(0.00699999999999999,-0.1,0.2205));
#16748=CARTESIAN_POINT('',(0.00699999999999995,-0.1,-0.02));
#16749=CARTESIAN_POINT('',(-0.00699999999999996,-0.1,0.2205));
#16750=CARTESIAN_POINT('',(-0.00699999999999995,-0.1,-0.02));
#16751=CARTESIAN_POINT('',(0.625,-0.1,-0.02));
#16752=CARTESIAN_POINT('',(0.,-0.1,0.));
#16753=CARTESIAN_POINT('',(-0.043,-0.1,0.2205));
#16754=CARTESIAN_POINT('',(-0.0430000000000001,-0.1,-0.02));
#16755=CARTESIAN_POINT('',(-0.057,-0.1,0.2205));
#16756=CARTESIAN_POINT('',(-0.057,-0.1,-0.02));
#16757=CARTESIAN_POINT('',(0.625,-0.1,-0.02));
#16758=CARTESIAN_POINT('',(0.,-0.1,0.));
#16759=CARTESIAN_POINT('',(-0.093,-0.1,0.2205));
#16760=CARTESIAN_POINT('',(-0.0930000000000001,-0.1,-0.02));
#16761=CARTESIAN_POINT('',(-0.107,-0.1,0.2205));
#16762=CARTESIAN_POINT('',(-0.107,-0.1,-0.02));
#16763=CARTESIAN_POINT('',(0.625,-0.1,-0.02));
#16764=CARTESIAN_POINT('',(0.,-0.1,0.));
#16765=CARTESIAN_POINT('',(-0.143,-0.1,0.2205));
#16766=CARTESIAN_POINT('',(-0.143,-0.1,-0.02));
#16767=CARTESIAN_POINT('',(-0.157,-0.1,0.2205));
#16768=CARTESIAN_POINT('',(-0.157,-0.1,-0.02));
#16769=CARTESIAN_POINT('',(0.625,-0.1,-0.02));
#16770=CARTESIAN_POINT('',(0.,-0.1,0.));
#16771=CARTESIAN_POINT('',(-0.193,-0.1,0.2205));
#16772=CARTESIAN_POINT('',(-0.193,-0.1,-0.02));
#16773=CARTESIAN_POINT('',(-0.207,-0.1,0.2205));
#16774=CARTESIAN_POINT('',(-0.207,-0.1,-0.02));
#16775=CARTESIAN_POINT('',(0.625,-0.1,-0.02));
#16776=CARTESIAN_POINT('',(0.,-0.1,0.));
#16777=CARTESIAN_POINT('',(-0.243,-0.1,0.2205));
#16778=CARTESIAN_POINT('',(-0.243,-0.1,-0.02));
#16779=CARTESIAN_POINT('',(-0.257,-0.1,0.2205));
#16780=CARTESIAN_POINT('',(-0.257,-0.1,-0.02));
#16781=CARTESIAN_POINT('',(0.625,-0.1,-0.02));
#16782=CARTESIAN_POINT('',(0.,-0.1,0.));
#16783=CARTESIAN_POINT('',(-0.293,-0.1,0.2205));
#16784=CARTESIAN_POINT('',(-0.293,-0.1,-0.02));
#16785=CARTESIAN_POINT('',(-0.307,-0.1,0.2205));
#16786=CARTESIAN_POINT('',(-0.307,-0.1,-0.02));
#16787=CARTESIAN_POINT('',(0.625,-0.1,-0.02));
#16788=CARTESIAN_POINT('',(0.,-0.1,0.));
#16789=CARTESIAN_POINT('',(-0.343,-0.1,0.2205));
#16790=CARTESIAN_POINT('',(-0.343,-0.1,-0.02));
#16791=CARTESIAN_POINT('',(-0.357,-0.1,0.2205));
#16792=CARTESIAN_POINT('',(-0.357,-0.1,-0.02));
#16793=CARTESIAN_POINT('',(0.625,-0.1,-0.02));
#16794=CARTESIAN_POINT('',(0.,-0.1,0.));
#16795=CARTESIAN_POINT('',(-0.393,-0.1,0.2205));
#16796=CARTESIAN_POINT('',(-0.393,-0.1,-0.02));
#16797=CARTESIAN_POINT('',(-0.407,-0.1,0.2205));
#16798=CARTESIAN_POINT('',(-0.407,-0.1,-0.02));
#16799=CARTESIAN_POINT('',(0.625,-0.1,-0.02));
#16800=CARTESIAN_POINT('',(0.,-0.1,0.));
#16801=CARTESIAN_POINT('',(-0.443,-0.1,0.2205));
#16802=CARTESIAN_POINT('',(-0.443,-0.1,-0.02));
#16803=CARTESIAN_POINT('',(-0.457,-0.1,0.2205));
#16804=CARTESIAN_POINT('',(-0.457,-0.1,-0.02));
#16805=CARTESIAN_POINT('',(0.625,-0.1,-0.02));
#16806=CARTESIAN_POINT('',(0.,-0.1,0.));
#16807=CARTESIAN_POINT('',(-0.493,-0.1,0.2205));
#16808=CARTESIAN_POINT('',(-0.493,-0.1,-0.02));
#16809=CARTESIAN_POINT('',(-0.507,-0.1,0.2205));
#16810=CARTESIAN_POINT('',(-0.507,-0.1,-0.02));
#16811=CARTESIAN_POINT('',(0.625,-0.1,-0.02));
#16812=CARTESIAN_POINT('',(0.,-0.1,0.));
#16813=CARTESIAN_POINT('',(-0.543,-0.1,0.2205));
#16814=CARTESIAN_POINT('',(-0.543,-0.1,-0.02));
#16815=CARTESIAN_POINT('',(-0.557,-0.1,0.2205));
#16816=CARTESIAN_POINT('',(-0.557,-0.1,-0.02));
#16817=CARTESIAN_POINT('',(0.625,-0.1,-0.02));
#16818=CARTESIAN_POINT('',(0.,-0.1,0.));
#16819=CARTESIAN_POINT('',(-0.593,-0.1,0.2205));
#16820=CARTESIAN_POINT('',(-0.593,-0.1,-0.02));
#16821=CARTESIAN_POINT('',(-0.607,-0.1,0.2205));
#16822=CARTESIAN_POINT('',(-0.607,-0.1,-0.02));
#16823=CARTESIAN_POINT('',(0.625,-0.1,-0.02));
#16824=CARTESIAN_POINT('',(0.625,-0.015,0.2205));
#16825=CARTESIAN_POINT('',(0.607,-0.015,0.2205));
#16826=CARTESIAN_POINT('',(0.607,-0.015,0.035));
#16827=CARTESIAN_POINT('',(0.625,-0.015,0.035));
#16828=CARTESIAN_POINT('',(0.593,-0.015,0.035));
#16829=CARTESIAN_POINT('',(0.593,-0.015,0.2205));
#16830=CARTESIAN_POINT('',(0.625,-0.015,0.2205));
#16831=CARTESIAN_POINT('',(0.557,-0.015,0.2205));
#16832=CARTESIAN_POINT('',(0.557,-0.015,0.035));
#16833=CARTESIAN_POINT('',(0.625,-0.015,0.035));
#16834=CARTESIAN_POINT('',(0.543,-0.015,0.035));
#16835=CARTESIAN_POINT('',(0.543,-0.015,0.2205));
#16836=CARTESIAN_POINT('',(0.625,-0.015,0.2205));
#16837=CARTESIAN_POINT('',(0.507,-0.015,0.2205));
#16838=CARTESIAN_POINT('',(0.507,-0.015,0.035));
#16839=CARTESIAN_POINT('',(0.625,-0.015,0.035));
#16840=CARTESIAN_POINT('',(0.493,-0.015,0.035));
#16841=CARTESIAN_POINT('',(0.493,-0.015,0.2205));
#16842=CARTESIAN_POINT('',(0.625,-0.015,0.2205));
#16843=CARTESIAN_POINT('',(0.457,-0.015,0.2205));
#16844=CARTESIAN_POINT('',(0.457,-0.015,0.035));
#16845=CARTESIAN_POINT('',(0.625,-0.015,0.035));
#16846=CARTESIAN_POINT('',(0.443,-0.015,0.035));
#16847=CARTESIAN_POINT('',(0.443,-0.015,0.2205));
#16848=CARTESIAN_POINT('',(0.625,-0.015,0.2205));
#16849=CARTESIAN_POINT('',(0.407,-0.015,0.2205));
#16850=CARTESIAN_POINT('',(0.407,-0.015,0.035));
#16851=CARTESIAN_POINT('',(0.625,-0.015,0.035));
#16852=CARTESIAN_POINT('',(0.393,-0.015,0.035));
#16853=CARTESIAN_POINT('',(0.393,-0.015,0.2205));
#16854=CARTESIAN_POINT('',(0.625,-0.015,0.2205));
#16855=CARTESIAN_POINT('',(0.357,-0.015,0.2205));
#16856=CARTESIAN_POINT('',(0.357,-0.015,0.035));
#16857=CARTESIAN_POINT('',(0.625,-0.015,0.035));
#16858=CARTESIAN_POINT('',(0.343,-0.015,0.035));
#16859=CARTESIAN_POINT('',(0.343,-0.015,0.2205));
#16860=CARTESIAN_POINT('',(0.625,-0.015,0.2205));
#16861=CARTESIAN_POINT('',(0.307,-0.015,0.2205));
#16862=CARTESIAN_POINT('',(0.307,-0.015,0.035));
#16863=CARTESIAN_POINT('',(0.625,-0.015,0.035));
#16864=CARTESIAN_POINT('',(0.293,-0.015,0.035));
#16865=CARTESIAN_POINT('',(0.293,-0.015,0.2205));
#16866=CARTESIAN_POINT('',(0.625,-0.015,0.2205));
#16867=CARTESIAN_POINT('',(0.257,-0.015,0.2205));
#16868=CARTESIAN_POINT('',(0.257,-0.015,0.035));
#16869=CARTESIAN_POINT('',(0.625,-0.015,0.035));
#16870=CARTESIAN_POINT('',(0.243,-0.015,0.035));
#16871=CARTESIAN_POINT('',(0.243,-0.015,0.2205));
#16872=CARTESIAN_POINT('',(0.625,-0.015,0.2205));
#16873=CARTESIAN_POINT('',(0.207,-0.015,0.2205));
#16874=CARTESIAN_POINT('',(0.207,-0.015,0.035));
#16875=CARTESIAN_POINT('',(0.625,-0.015,0.035));
#16876=CARTESIAN_POINT('',(0.193,-0.015,0.035));
#16877=CARTESIAN_POINT('',(0.193,-0.015,0.2205));
#16878=CARTESIAN_POINT('',(0.625,-0.015,0.2205));
#16879=CARTESIAN_POINT('',(0.157,-0.015,0.2205));
#16880=CARTESIAN_POINT('',(0.157,-0.015,0.035));
#16881=CARTESIAN_POINT('',(0.625,-0.015,0.035));
#16882=CARTESIAN_POINT('',(0.143,-0.015,0.035));
#16883=CARTESIAN_POINT('',(0.143,-0.015,0.2205));
#16884=CARTESIAN_POINT('',(0.625,-0.015,0.2205));
#16885=CARTESIAN_POINT('',(0.107,-0.015,0.2205));
#16886=CARTESIAN_POINT('',(0.107,-0.015,0.035));
#16887=CARTESIAN_POINT('',(0.625,-0.015,0.035));
#16888=CARTESIAN_POINT('',(0.0930000000000001,-0.015,0.035));
#16889=CARTESIAN_POINT('',(0.0930000000000001,-0.015,0.2205));
#16890=CARTESIAN_POINT('',(0.625,-0.015,0.2205));
#16891=CARTESIAN_POINT('',(0.057,-0.015,0.2205));
#16892=CARTESIAN_POINT('',(0.057,-0.015,0.035));
#16893=CARTESIAN_POINT('',(0.625,-0.015,0.035));
#16894=CARTESIAN_POINT('',(0.0430000000000001,-0.015,0.035));
#16895=CARTESIAN_POINT('',(0.0430000000000001,-0.015,0.2205));
#16896=CARTESIAN_POINT('',(0.625,-0.015,0.2205));
#16897=CARTESIAN_POINT('',(0.00699999999999995,-0.015,0.2205));
#16898=CARTESIAN_POINT('',(0.00699999999999995,-0.015,0.035));
#16899=CARTESIAN_POINT('',(0.625,-0.015,0.035));
#16900=CARTESIAN_POINT('',(-0.00699999999999995,-0.015,0.035));
#16901=CARTESIAN_POINT('',(-0.00699999999999995,-0.015,0.2205));
#16902=CARTESIAN_POINT('',(0.625,-0.015,0.2205));
#16903=CARTESIAN_POINT('',(-0.0430000000000001,-0.015,0.2205));
#16904=CARTESIAN_POINT('',(-0.0430000000000001,-0.015,0.035));
#16905=CARTESIAN_POINT('',(0.625,-0.015,0.035));
#16906=CARTESIAN_POINT('',(-0.057,-0.015,0.035));
#16907=CARTESIAN_POINT('',(-0.057,-0.015,0.2205));
#16908=CARTESIAN_POINT('',(0.625,-0.015,0.2205));
#16909=CARTESIAN_POINT('',(-0.0930000000000001,-0.015,0.2205));
#16910=CARTESIAN_POINT('',(-0.0930000000000001,-0.015,0.035));
#16911=CARTESIAN_POINT('',(0.625,-0.015,0.035));
#16912=CARTESIAN_POINT('',(-0.107,-0.015,0.035));
#16913=CARTESIAN_POINT('',(-0.107,-0.015,0.2205));
#16914=CARTESIAN_POINT('',(0.625,-0.015,0.2205));
#16915=CARTESIAN_POINT('',(-0.143,-0.015,0.2205));
#16916=CARTESIAN_POINT('',(-0.143,-0.015,0.035));
#16917=CARTESIAN_POINT('',(0.625,-0.015,0.035));
#16918=CARTESIAN_POINT('',(-0.157,-0.015,0.035));
#16919=CARTESIAN_POINT('',(-0.157,-0.015,0.2205));
#16920=CARTESIAN_POINT('',(0.625,-0.015,0.2205));
#16921=CARTESIAN_POINT('',(-0.193,-0.015,0.2205));
#16922=CARTESIAN_POINT('',(-0.193,-0.015,0.035));
#16923=CARTESIAN_POINT('',(0.625,-0.015,0.035));
#16924=CARTESIAN_POINT('',(-0.207,-0.015,0.035));
#16925=CARTESIAN_POINT('',(-0.207,-0.015,0.2205));
#16926=CARTESIAN_POINT('',(0.625,-0.015,0.2205));
#16927=CARTESIAN_POINT('',(-0.243,-0.015,0.2205));
#16928=CARTESIAN_POINT('',(-0.243,-0.015,0.035));
#16929=CARTESIAN_POINT('',(0.625,-0.015,0.035));
#16930=CARTESIAN_POINT('',(-0.257,-0.015,0.035));
#16931=CARTESIAN_POINT('',(-0.257,-0.015,0.2205));
#16932=CARTESIAN_POINT('',(0.625,-0.015,0.2205));
#16933=CARTESIAN_POINT('',(-0.293,-0.015,0.2205));
#16934=CARTESIAN_POINT('',(-0.293,-0.015,0.035));
#16935=CARTESIAN_POINT('',(0.625,-0.015,0.035));
#16936=CARTESIAN_POINT('',(-0.307,-0.015,0.035));
#16937=CARTESIAN_POINT('',(-0.307,-0.015,0.2205));
#16938=CARTESIAN_POINT('',(0.625,-0.015,0.2205));
#16939=CARTESIAN_POINT('',(-0.343,-0.015,0.2205));
#16940=CARTESIAN_POINT('',(-0.343,-0.015,0.035));
#16941=CARTESIAN_POINT('',(0.625,-0.015,0.035));
#16942=CARTESIAN_POINT('',(-0.357,-0.015,0.035));
#16943=CARTESIAN_POINT('',(-0.357,-0.015,0.2205));
#16944=CARTESIAN_POINT('',(0.625,-0.015,0.2205));
#16945=CARTESIAN_POINT('',(-0.393,-0.015,0.2205));
#16946=CARTESIAN_POINT('',(-0.393,-0.015,0.035));
#16947=CARTESIAN_POINT('',(0.625,-0.015,0.035));
#16948=CARTESIAN_POINT('',(-0.407,-0.015,0.035));
#16949=CARTESIAN_POINT('',(-0.407,-0.015,0.2205));
#16950=CARTESIAN_POINT('',(0.625,-0.015,0.2205));
#16951=CARTESIAN_POINT('',(-0.443,-0.015,0.2205));
#16952=CARTESIAN_POINT('',(-0.443,-0.015,0.035));
#16953=CARTESIAN_POINT('',(0.625,-0.015,0.035));
#16954=CARTESIAN_POINT('',(-0.457,-0.015,0.035));
#16955=CARTESIAN_POINT('',(-0.457,-0.015,0.2205));
#16956=CARTESIAN_POINT('',(0.625,-0.015,0.2205));
#16957=CARTESIAN_POINT('',(-0.493,-0.015,0.2205));
#16958=CARTESIAN_POINT('',(-0.493,-0.015,0.035));
#16959=CARTESIAN_POINT('',(0.625,-0.015,0.035));
#16960=CARTESIAN_POINT('',(-0.507,-0.015,0.035));
#16961=CARTESIAN_POINT('',(-0.507,-0.015,0.2205));
#16962=CARTESIAN_POINT('',(0.625,-0.015,0.2205));
#16963=CARTESIAN_POINT('',(-0.543,-0.015,0.2205));
#16964=CARTESIAN_POINT('',(-0.543,-0.015,0.035));
#16965=CARTESIAN_POINT('',(0.625,-0.015,0.035));
#16966=CARTESIAN_POINT('',(-0.557,-0.015,0.035));
#16967=CARTESIAN_POINT('',(-0.557,-0.015,0.2205));
#16968=CARTESIAN_POINT('',(0.625,-0.015,0.2205));
#16969=CARTESIAN_POINT('',(-0.593,-0.015,0.2205));
#16970=CARTESIAN_POINT('',(-0.593,-0.015,0.035));
#16971=CARTESIAN_POINT('',(0.625,-0.015,0.035));
#16972=CARTESIAN_POINT('',(-0.607,-0.015,0.035));
#16973=CARTESIAN_POINT('',(-0.607,-0.015,0.2205));
#16974=CARTESIAN_POINT('',(0.625,-0.01,0.03));
#16975=CARTESIAN_POINT('',(0.625,-0.01,0.03));
#16976=CARTESIAN_POINT('',(0.607,-0.01,0.03));
#16977=CARTESIAN_POINT('',(0.593,-0.01,0.03));
#16978=CARTESIAN_POINT('',(0.607,-0.01,0.03));
#16979=CARTESIAN_POINT('',(0.607,0.03,0.03));
#16980=CARTESIAN_POINT('',(0.625,0.03,0.03));
#16981=CARTESIAN_POINT('',(0.593,0.03,0.03));
#16982=CARTESIAN_POINT('',(0.593,-0.01,0.03));
#16983=CARTESIAN_POINT('',(0.625,-0.01,0.03));
#16984=CARTESIAN_POINT('',(0.625,-0.01,0.03));
#16985=CARTESIAN_POINT('',(0.557,-0.01,0.03));
#16986=CARTESIAN_POINT('',(0.543,-0.01,0.03));
#16987=CARTESIAN_POINT('',(0.557,-0.01,0.03));
#16988=CARTESIAN_POINT('',(0.557,0.03,0.03));
#16989=CARTESIAN_POINT('',(0.625,0.03,0.03));
#16990=CARTESIAN_POINT('',(0.543,0.03,0.03));
#16991=CARTESIAN_POINT('',(0.543,-0.01,0.03));
#16992=CARTESIAN_POINT('',(0.625,-0.01,0.03));
#16993=CARTESIAN_POINT('',(0.625,-0.01,0.03));
#16994=CARTESIAN_POINT('',(0.507,-0.01,0.03));
#16995=CARTESIAN_POINT('',(0.493,-0.01,0.03));
#16996=CARTESIAN_POINT('',(0.507,-0.01,0.03));
#16997=CARTESIAN_POINT('',(0.507,0.03,0.03));
#16998=CARTESIAN_POINT('',(0.625,0.03,0.03));
#16999=CARTESIAN_POINT('',(0.493,0.03,0.03));
#17000=CARTESIAN_POINT('',(0.493,-0.01,0.03));
#17001=CARTESIAN_POINT('',(0.625,-0.01,0.03));
#17002=CARTESIAN_POINT('',(0.625,-0.01,0.03));
#17003=CARTESIAN_POINT('',(0.457,-0.01,0.03));
#17004=CARTESIAN_POINT('',(0.443,-0.01,0.03));
#17005=CARTESIAN_POINT('',(0.457,-0.01,0.03));
#17006=CARTESIAN_POINT('',(0.457,0.03,0.03));
#17007=CARTESIAN_POINT('',(0.625,0.03,0.03));
#17008=CARTESIAN_POINT('',(0.443,0.03,0.03));
#17009=CARTESIAN_POINT('',(0.443,-0.01,0.03));
#17010=CARTESIAN_POINT('',(0.625,-0.01,0.03));
#17011=CARTESIAN_POINT('',(0.625,-0.01,0.03));
#17012=CARTESIAN_POINT('',(0.407,-0.01,0.03));
#17013=CARTESIAN_POINT('',(0.393,-0.01,0.03));
#17014=CARTESIAN_POINT('',(0.407,-0.01,0.03));
#17015=CARTESIAN_POINT('',(0.407,0.03,0.03));
#17016=CARTESIAN_POINT('',(0.625,0.03,0.03));
#17017=CARTESIAN_POINT('',(0.393,0.03,0.03));
#17018=CARTESIAN_POINT('',(0.393,-0.01,0.03));
#17019=CARTESIAN_POINT('',(0.625,-0.01,0.03));
#17020=CARTESIAN_POINT('',(0.625,-0.01,0.03));
#17021=CARTESIAN_POINT('',(0.357,-0.01,0.03));
#17022=CARTESIAN_POINT('',(0.343,-0.01,0.03));
#17023=CARTESIAN_POINT('',(0.357,-0.01,0.03));
#17024=CARTESIAN_POINT('',(0.357,0.03,0.03));
#17025=CARTESIAN_POINT('',(0.625,0.03,0.03));
#17026=CARTESIAN_POINT('',(0.343,0.03,0.03));
#17027=CARTESIAN_POINT('',(0.343,-0.01,0.03));
#17028=CARTESIAN_POINT('',(0.625,-0.01,0.03));
#17029=CARTESIAN_POINT('',(0.625,-0.01,0.03));
#17030=CARTESIAN_POINT('',(0.307,-0.01,0.03));
#17031=CARTESIAN_POINT('',(0.293,-0.01,0.03));
#17032=CARTESIAN_POINT('',(0.307,-0.01,0.03));
#17033=CARTESIAN_POINT('',(0.307,0.03,0.03));
#17034=CARTESIAN_POINT('',(0.625,0.03,0.03));
#17035=CARTESIAN_POINT('',(0.293,0.03,0.03));
#17036=CARTESIAN_POINT('',(0.293,-0.01,0.03));
#17037=CARTESIAN_POINT('',(0.625,-0.01,0.03));
#17038=CARTESIAN_POINT('',(0.625,-0.01,0.03));
#17039=CARTESIAN_POINT('',(0.257,-0.01,0.03));
#17040=CARTESIAN_POINT('',(0.243,-0.01,0.03));
#17041=CARTESIAN_POINT('',(0.257,-0.01,0.03));
#17042=CARTESIAN_POINT('',(0.257,0.03,0.03));
#17043=CARTESIAN_POINT('',(0.625,0.03,0.03));
#17044=CARTESIAN_POINT('',(0.243,0.03,0.03));
#17045=CARTESIAN_POINT('',(0.243,-0.01,0.03));
#17046=CARTESIAN_POINT('',(0.625,-0.01,0.03));
#17047=CARTESIAN_POINT('',(0.625,-0.01,0.03));
#17048=CARTESIAN_POINT('',(0.207,-0.01,0.03));
#17049=CARTESIAN_POINT('',(0.193,-0.01,0.03));
#17050=CARTESIAN_POINT('',(0.207,-0.01,0.03));
#17051=CARTESIAN_POINT('',(0.207,0.03,0.03));
#17052=CARTESIAN_POINT('',(0.625,0.03,0.03));
#17053=CARTESIAN_POINT('',(0.193,0.03,0.03));
#17054=CARTESIAN_POINT('',(0.193,-0.01,0.03));
#17055=CARTESIAN_POINT('',(0.625,-0.01,0.03));
#17056=CARTESIAN_POINT('',(0.625,-0.01,0.03));
#17057=CARTESIAN_POINT('',(0.157,-0.01,0.03));
#17058=CARTESIAN_POINT('',(0.143,-0.01,0.03));
#17059=CARTESIAN_POINT('',(0.157,-0.01,0.03));
#17060=CARTESIAN_POINT('',(0.157,0.03,0.03));
#17061=CARTESIAN_POINT('',(0.625,0.03,0.03));
#17062=CARTESIAN_POINT('',(0.143,0.03,0.03));
#17063=CARTESIAN_POINT('',(0.143,-0.01,0.03));
#17064=CARTESIAN_POINT('',(0.625,-0.01,0.03));
#17065=CARTESIAN_POINT('',(0.625,-0.01,0.03));
#17066=CARTESIAN_POINT('',(0.107,-0.01,0.03));
#17067=CARTESIAN_POINT('',(0.0930000000000001,-0.01,0.03));
#17068=CARTESIAN_POINT('',(0.107,-0.01,0.03));
#17069=CARTESIAN_POINT('',(0.107,0.03,0.03));
#17070=CARTESIAN_POINT('',(0.625,0.03,0.03));
#17071=CARTESIAN_POINT('',(0.093,0.03,0.03));
#17072=CARTESIAN_POINT('',(0.0930000000000001,-0.01,0.03));
#17073=CARTESIAN_POINT('',(0.625,-0.01,0.03));
#17074=CARTESIAN_POINT('',(0.625,-0.01,0.03));
#17075=CARTESIAN_POINT('',(0.057,-0.01,0.03));
#17076=CARTESIAN_POINT('',(0.0430000000000001,-0.01,0.03));
#17077=CARTESIAN_POINT('',(0.057,-0.01,0.03));
#17078=CARTESIAN_POINT('',(0.057,0.03,0.03));
#17079=CARTESIAN_POINT('',(0.625,0.03,0.03));
#17080=CARTESIAN_POINT('',(0.043,0.03,0.03));
#17081=CARTESIAN_POINT('',(0.0430000000000001,-0.01,0.03));
#17082=CARTESIAN_POINT('',(0.625,-0.01,0.03));
#17083=CARTESIAN_POINT('',(0.625,-0.01,0.03));
#17084=CARTESIAN_POINT('',(0.00699999999999995,-0.01,0.03));
#17085=CARTESIAN_POINT('',(-0.00699999999999995,-0.01,0.03));
#17086=CARTESIAN_POINT('',(0.00699999999999995,-0.01,0.03));
#17087=CARTESIAN_POINT('',(0.00699999999999999,0.03,0.03));
#17088=CARTESIAN_POINT('',(0.625,0.03,0.03));
#17089=CARTESIAN_POINT('',(-0.00699999999999996,0.03,0.03));
#17090=CARTESIAN_POINT('',(-0.00699999999999995,-0.01,0.03));
#17091=CARTESIAN_POINT('',(0.625,-0.01,0.03));
#17092=CARTESIAN_POINT('',(0.625,-0.01,0.03));
#17093=CARTESIAN_POINT('',(-0.0430000000000001,-0.01,0.03));
#17094=CARTESIAN_POINT('',(-0.057,-0.01,0.03));
#17095=CARTESIAN_POINT('',(-0.0430000000000001,-0.01,0.03));
#17096=CARTESIAN_POINT('',(-0.043,0.03,0.03));
#17097=CARTESIAN_POINT('',(0.625,0.03,0.03));
#17098=CARTESIAN_POINT('',(-0.057,0.03,0.03));
#17099=CARTESIAN_POINT('',(-0.057,-0.01,0.03));
#17100=CARTESIAN_POINT('',(0.625,-0.01,0.03));
#17101=CARTESIAN_POINT('',(0.625,-0.01,0.03));
#17102=CARTESIAN_POINT('',(-0.0930000000000001,-0.01,0.03));
#17103=CARTESIAN_POINT('',(-0.107,-0.01,0.03));
#17104=CARTESIAN_POINT('',(-0.0930000000000001,-0.01,0.03));
#17105=CARTESIAN_POINT('',(-0.093,0.03,0.03));
#17106=CARTESIAN_POINT('',(0.625,0.03,0.03));
#17107=CARTESIAN_POINT('',(-0.107,0.03,0.03));
#17108=CARTESIAN_POINT('',(-0.107,-0.01,0.03));
#17109=CARTESIAN_POINT('',(0.625,-0.01,0.03));
#17110=CARTESIAN_POINT('',(0.625,-0.01,0.03));
#17111=CARTESIAN_POINT('',(-0.143,-0.01,0.03));
#17112=CARTESIAN_POINT('',(-0.157,-0.01,0.03));
#17113=CARTESIAN_POINT('',(-0.143,-0.01,0.03));
#17114=CARTESIAN_POINT('',(-0.143,0.03,0.03));
#17115=CARTESIAN_POINT('',(0.625,0.03,0.03));
#17116=CARTESIAN_POINT('',(-0.157,0.03,0.03));
#17117=CARTESIAN_POINT('',(-0.157,-0.01,0.03));
#17118=CARTESIAN_POINT('',(0.625,-0.01,0.03));
#17119=CARTESIAN_POINT('',(0.625,-0.01,0.03));
#17120=CARTESIAN_POINT('',(-0.193,-0.01,0.03));
#17121=CARTESIAN_POINT('',(-0.207,-0.01,0.03));
#17122=CARTESIAN_POINT('',(-0.193,-0.01,0.03));
#17123=CARTESIAN_POINT('',(-0.193,0.03,0.03));
#17124=CARTESIAN_POINT('',(0.625,0.03,0.03));
#17125=CARTESIAN_POINT('',(-0.207,0.03,0.03));
#17126=CARTESIAN_POINT('',(-0.207,-0.01,0.03));
#17127=CARTESIAN_POINT('',(0.625,-0.01,0.03));
#17128=CARTESIAN_POINT('',(0.625,-0.01,0.03));
#17129=CARTESIAN_POINT('',(-0.243,-0.01,0.03));
#17130=CARTESIAN_POINT('',(-0.257,-0.01,0.03));
#17131=CARTESIAN_POINT('',(-0.243,-0.01,0.03));
#17132=CARTESIAN_POINT('',(-0.243,0.03,0.03));
#17133=CARTESIAN_POINT('',(0.625,0.03,0.03));
#17134=CARTESIAN_POINT('',(-0.257,0.03,0.03));
#17135=CARTESIAN_POINT('',(-0.257,-0.01,0.03));
#17136=CARTESIAN_POINT('',(0.625,-0.01,0.03));
#17137=CARTESIAN_POINT('',(0.625,-0.01,0.03));
#17138=CARTESIAN_POINT('',(-0.293,-0.01,0.03));
#17139=CARTESIAN_POINT('',(-0.307,-0.01,0.03));
#17140=CARTESIAN_POINT('',(-0.293,-0.01,0.03));
#17141=CARTESIAN_POINT('',(-0.293,0.03,0.03));
#17142=CARTESIAN_POINT('',(0.625,0.03,0.03));
#17143=CARTESIAN_POINT('',(-0.307,0.03,0.03));
#17144=CARTESIAN_POINT('',(-0.307,-0.01,0.03));
#17145=CARTESIAN_POINT('',(0.625,-0.01,0.03));
#17146=CARTESIAN_POINT('',(0.625,-0.01,0.03));
#17147=CARTESIAN_POINT('',(-0.343,-0.01,0.03));
#17148=CARTESIAN_POINT('',(-0.357,-0.01,0.03));
#17149=CARTESIAN_POINT('',(-0.343,-0.01,0.03));
#17150=CARTESIAN_POINT('',(-0.343,0.03,0.03));
#17151=CARTESIAN_POINT('',(0.625,0.03,0.03));
#17152=CARTESIAN_POINT('',(-0.357,0.03,0.03));
#17153=CARTESIAN_POINT('',(-0.357,-0.01,0.03));
#17154=CARTESIAN_POINT('',(0.625,-0.01,0.03));
#17155=CARTESIAN_POINT('',(0.625,-0.01,0.03));
#17156=CARTESIAN_POINT('',(-0.393,-0.01,0.03));
#17157=CARTESIAN_POINT('',(-0.407,-0.01,0.03));
#17158=CARTESIAN_POINT('',(-0.393,-0.01,0.03));
#17159=CARTESIAN_POINT('',(-0.393,0.03,0.03));
#17160=CARTESIAN_POINT('',(0.625,0.03,0.03));
#17161=CARTESIAN_POINT('',(-0.407,0.03,0.03));
#17162=CARTESIAN_POINT('',(-0.407,-0.01,0.03));
#17163=CARTESIAN_POINT('',(0.625,-0.01,0.03));
#17164=CARTESIAN_POINT('',(0.625,-0.01,0.03));
#17165=CARTESIAN_POINT('',(-0.443,-0.01,0.03));
#17166=CARTESIAN_POINT('',(-0.457,-0.01,0.03));
#17167=CARTESIAN_POINT('',(-0.443,-0.01,0.03));
#17168=CARTESIAN_POINT('',(-0.443,0.03,0.03));
#17169=CARTESIAN_POINT('',(0.625,0.03,0.03));
#17170=CARTESIAN_POINT('',(-0.457,0.03,0.03));
#17171=CARTESIAN_POINT('',(-0.457,-0.01,0.03));
#17172=CARTESIAN_POINT('',(0.625,-0.01,0.03));
#17173=CARTESIAN_POINT('',(0.625,-0.01,0.03));
#17174=CARTESIAN_POINT('',(-0.493,-0.01,0.03));
#17175=CARTESIAN_POINT('',(-0.507,-0.01,0.03));
#17176=CARTESIAN_POINT('',(-0.493,-0.01,0.03));
#17177=CARTESIAN_POINT('',(-0.493,0.03,0.03));
#17178=CARTESIAN_POINT('',(0.625,0.03,0.03));
#17179=CARTESIAN_POINT('',(-0.507,0.03,0.03));
#17180=CARTESIAN_POINT('',(-0.507,-0.01,0.03));
#17181=CARTESIAN_POINT('',(0.625,-0.01,0.03));
#17182=CARTESIAN_POINT('',(0.625,-0.01,0.03));
#17183=CARTESIAN_POINT('',(-0.543,-0.01,0.03));
#17184=CARTESIAN_POINT('',(-0.557,-0.01,0.03));
#17185=CARTESIAN_POINT('',(-0.543,-0.01,0.03));
#17186=CARTESIAN_POINT('',(-0.543,0.03,0.03));
#17187=CARTESIAN_POINT('',(0.625,0.03,0.03));
#17188=CARTESIAN_POINT('',(-0.557,0.03,0.03));
#17189=CARTESIAN_POINT('',(-0.557,-0.01,0.03));
#17190=CARTESIAN_POINT('',(0.625,-0.01,0.03));
#17191=CARTESIAN_POINT('',(0.625,-0.01,0.03));
#17192=CARTESIAN_POINT('',(-0.593,-0.01,0.03));
#17193=CARTESIAN_POINT('',(-0.607,-0.01,0.03));
#17194=CARTESIAN_POINT('',(-0.593,-0.01,0.03));
#17195=CARTESIAN_POINT('',(-0.593,0.03,0.03));
#17196=CARTESIAN_POINT('',(0.625,0.03,0.03));
#17197=CARTESIAN_POINT('',(-0.607,0.03,0.03));
#17198=CARTESIAN_POINT('',(-0.607,-0.01,0.03));
#17199=CARTESIAN_POINT('',(0.625,-0.01,0.035));
#17200=CARTESIAN_POINT('',(0.607,-0.01,0.035));
#17201=CARTESIAN_POINT('',(0.593,-0.01,0.035));
#17202=CARTESIAN_POINT('',(0.625,-0.01,0.035));
#17203=CARTESIAN_POINT('',(0.557,-0.01,0.035));
#17204=CARTESIAN_POINT('',(0.543,-0.01,0.035));
#17205=CARTESIAN_POINT('',(0.625,-0.01,0.035));
#17206=CARTESIAN_POINT('',(0.507,-0.01,0.035));
#17207=CARTESIAN_POINT('',(0.493,-0.01,0.035));
#17208=CARTESIAN_POINT('',(0.625,-0.01,0.035));
#17209=CARTESIAN_POINT('',(0.457,-0.01,0.035));
#17210=CARTESIAN_POINT('',(0.443,-0.01,0.035));
#17211=CARTESIAN_POINT('',(0.625,-0.01,0.035));
#17212=CARTESIAN_POINT('',(0.407,-0.01,0.035));
#17213=CARTESIAN_POINT('',(0.393,-0.01,0.035));
#17214=CARTESIAN_POINT('',(0.625,-0.01,0.035));
#17215=CARTESIAN_POINT('',(0.357,-0.01,0.035));
#17216=CARTESIAN_POINT('',(0.343,-0.01,0.035));
#17217=CARTESIAN_POINT('',(0.625,-0.01,0.035));
#17218=CARTESIAN_POINT('',(0.307,-0.01,0.035));
#17219=CARTESIAN_POINT('',(0.293,-0.01,0.035));
#17220=CARTESIAN_POINT('',(0.625,-0.01,0.035));
#17221=CARTESIAN_POINT('',(0.257,-0.01,0.035));
#17222=CARTESIAN_POINT('',(0.243,-0.01,0.035));
#17223=CARTESIAN_POINT('',(0.625,-0.01,0.035));
#17224=CARTESIAN_POINT('',(0.207,-0.01,0.035));
#17225=CARTESIAN_POINT('',(0.193,-0.01,0.035));
#17226=CARTESIAN_POINT('',(0.625,-0.01,0.035));
#17227=CARTESIAN_POINT('',(0.157,-0.01,0.035));
#17228=CARTESIAN_POINT('',(0.143,-0.01,0.035));
#17229=CARTESIAN_POINT('',(0.625,-0.01,0.035));
#17230=CARTESIAN_POINT('',(0.107,-0.01,0.035));
#17231=CARTESIAN_POINT('',(0.0930000000000001,-0.01,0.035));
#17232=CARTESIAN_POINT('',(0.625,-0.01,0.035));
#17233=CARTESIAN_POINT('',(0.057,-0.01,0.035));
#17234=CARTESIAN_POINT('',(0.0430000000000001,-0.01,0.035));
#17235=CARTESIAN_POINT('',(0.625,-0.01,0.035));
#17236=CARTESIAN_POINT('',(0.00699999999999995,-0.01,0.035));
#17237=CARTESIAN_POINT('',(-0.00699999999999995,-0.01,0.035));
#17238=CARTESIAN_POINT('',(0.625,-0.01,0.035));
#17239=CARTESIAN_POINT('',(-0.0430000000000001,-0.01,0.035));
#17240=CARTESIAN_POINT('',(-0.057,-0.01,0.035));
#17241=CARTESIAN_POINT('',(0.625,-0.01,0.035));
#17242=CARTESIAN_POINT('',(-0.0930000000000001,-0.01,0.035));
#17243=CARTESIAN_POINT('',(-0.107,-0.01,0.035));
#17244=CARTESIAN_POINT('',(0.625,-0.01,0.035));
#17245=CARTESIAN_POINT('',(-0.143,-0.01,0.035));
#17246=CARTESIAN_POINT('',(-0.157,-0.01,0.035));
#17247=CARTESIAN_POINT('',(0.625,-0.01,0.035));
#17248=CARTESIAN_POINT('',(-0.193,-0.01,0.035));
#17249=CARTESIAN_POINT('',(-0.207,-0.01,0.035));
#17250=CARTESIAN_POINT('',(0.625,-0.01,0.035));
#17251=CARTESIAN_POINT('',(-0.243,-0.01,0.035));
#17252=CARTESIAN_POINT('',(-0.257,-0.01,0.035));
#17253=CARTESIAN_POINT('',(0.625,-0.01,0.035));
#17254=CARTESIAN_POINT('',(-0.293,-0.01,0.035));
#17255=CARTESIAN_POINT('',(-0.307,-0.01,0.035));
#17256=CARTESIAN_POINT('',(0.625,-0.01,0.035));
#17257=CARTESIAN_POINT('',(-0.343,-0.01,0.035));
#17258=CARTESIAN_POINT('',(-0.357,-0.01,0.035));
#17259=CARTESIAN_POINT('',(0.625,-0.01,0.035));
#17260=CARTESIAN_POINT('',(-0.393,-0.01,0.035));
#17261=CARTESIAN_POINT('',(-0.407,-0.01,0.035));
#17262=CARTESIAN_POINT('',(0.625,-0.01,0.035));
#17263=CARTESIAN_POINT('',(-0.443,-0.01,0.035));
#17264=CARTESIAN_POINT('',(-0.457,-0.01,0.035));
#17265=CARTESIAN_POINT('',(0.625,-0.01,0.035));
#17266=CARTESIAN_POINT('',(-0.493,-0.01,0.035));
#17267=CARTESIAN_POINT('',(-0.507,-0.01,0.035));
#17268=CARTESIAN_POINT('',(0.625,-0.01,0.035));
#17269=CARTESIAN_POINT('',(-0.543,-0.01,0.035));
#17270=CARTESIAN_POINT('',(-0.557,-0.01,0.035));
#17271=CARTESIAN_POINT('',(0.625,-0.01,0.035));
#17272=CARTESIAN_POINT('',(-0.593,-0.01,0.035));
#17273=CARTESIAN_POINT('',(-0.607,-0.01,0.035));
#17274=CARTESIAN_POINT('',(0.625,-0.09,0.2205));
#17275=CARTESIAN_POINT('',(0.607,-0.09,0.2205));
#17276=CARTESIAN_POINT('',(0.607,-0.09,-0.015));
#17277=CARTESIAN_POINT('',(0.625,-0.09,-0.015));
#17278=CARTESIAN_POINT('',(0.593,-0.09,-0.015));
#17279=CARTESIAN_POINT('',(0.593,-0.09,0.2205));
#17280=CARTESIAN_POINT('',(0.625,-0.09,0.2205));
#17281=CARTESIAN_POINT('',(0.557,-0.09,0.2205));
#17282=CARTESIAN_POINT('',(0.557,-0.09,-0.015));
#17283=CARTESIAN_POINT('',(0.625,-0.09,-0.015));
#17284=CARTESIAN_POINT('',(0.543,-0.09,-0.015));
#17285=CARTESIAN_POINT('',(0.543,-0.09,0.2205));
#17286=CARTESIAN_POINT('',(0.625,-0.09,0.2205));
#17287=CARTESIAN_POINT('',(0.507,-0.09,0.2205));
#17288=CARTESIAN_POINT('',(0.507,-0.09,-0.015));
#17289=CARTESIAN_POINT('',(0.625,-0.09,-0.015));
#17290=CARTESIAN_POINT('',(0.493,-0.09,-0.015));
#17291=CARTESIAN_POINT('',(0.493,-0.09,0.2205));
#17292=CARTESIAN_POINT('',(0.625,-0.09,0.2205));
#17293=CARTESIAN_POINT('',(0.457,-0.09,0.2205));
#17294=CARTESIAN_POINT('',(0.457,-0.09,-0.015));
#17295=CARTESIAN_POINT('',(0.625,-0.09,-0.015));
#17296=CARTESIAN_POINT('',(0.443,-0.09,-0.015));
#17297=CARTESIAN_POINT('',(0.443,-0.09,0.2205));
#17298=CARTESIAN_POINT('',(0.625,-0.09,0.2205));
#17299=CARTESIAN_POINT('',(0.407,-0.09,0.2205));
#17300=CARTESIAN_POINT('',(0.407,-0.09,-0.015));
#17301=CARTESIAN_POINT('',(0.625,-0.09,-0.015));
#17302=CARTESIAN_POINT('',(0.393,-0.09,-0.015));
#17303=CARTESIAN_POINT('',(0.393,-0.09,0.2205));
#17304=CARTESIAN_POINT('',(0.625,-0.09,0.2205));
#17305=CARTESIAN_POINT('',(0.357,-0.09,0.2205));
#17306=CARTESIAN_POINT('',(0.357,-0.09,-0.015));
#17307=CARTESIAN_POINT('',(0.625,-0.09,-0.015));
#17308=CARTESIAN_POINT('',(0.343,-0.09,-0.015));
#17309=CARTESIAN_POINT('',(0.343,-0.09,0.2205));
#17310=CARTESIAN_POINT('',(0.625,-0.09,0.2205));
#17311=CARTESIAN_POINT('',(0.307,-0.09,0.2205));
#17312=CARTESIAN_POINT('',(0.307,-0.09,-0.015));
#17313=CARTESIAN_POINT('',(0.625,-0.09,-0.015));
#17314=CARTESIAN_POINT('',(0.293,-0.09,-0.015));
#17315=CARTESIAN_POINT('',(0.293,-0.09,0.2205));
#17316=CARTESIAN_POINT('',(0.625,-0.09,0.2205));
#17317=CARTESIAN_POINT('',(0.257,-0.09,0.2205));
#17318=CARTESIAN_POINT('',(0.257,-0.09,-0.015));
#17319=CARTESIAN_POINT('',(0.625,-0.09,-0.015));
#17320=CARTESIAN_POINT('',(0.243,-0.09,-0.015));
#17321=CARTESIAN_POINT('',(0.243,-0.09,0.2205));
#17322=CARTESIAN_POINT('',(0.625,-0.09,0.2205));
#17323=CARTESIAN_POINT('',(0.207,-0.09,0.2205));
#17324=CARTESIAN_POINT('',(0.207,-0.09,-0.015));
#17325=CARTESIAN_POINT('',(0.625,-0.09,-0.015));
#17326=CARTESIAN_POINT('',(0.193,-0.09,-0.015));
#17327=CARTESIAN_POINT('',(0.193,-0.09,0.2205));
#17328=CARTESIAN_POINT('',(0.625,-0.09,0.2205));
#17329=CARTESIAN_POINT('',(0.157,-0.09,0.2205));
#17330=CARTESIAN_POINT('',(0.157,-0.09,-0.015));
#17331=CARTESIAN_POINT('',(0.625,-0.09,-0.015));
#17332=CARTESIAN_POINT('',(0.143,-0.09,-0.015));
#17333=CARTESIAN_POINT('',(0.143,-0.09,0.2205));
#17334=CARTESIAN_POINT('',(0.625,-0.09,0.2205));
#17335=CARTESIAN_POINT('',(0.107,-0.09,0.2205));
#17336=CARTESIAN_POINT('',(0.107,-0.09,-0.015));
#17337=CARTESIAN_POINT('',(0.625,-0.09,-0.015));
#17338=CARTESIAN_POINT('',(0.0930000000000001,-0.09,-0.015));
#17339=CARTESIAN_POINT('',(0.0930000000000001,-0.09,0.2205));
#17340=CARTESIAN_POINT('',(0.625,-0.09,0.2205));
#17341=CARTESIAN_POINT('',(0.057,-0.09,0.2205));
#17342=CARTESIAN_POINT('',(0.057,-0.09,-0.015));
#17343=CARTESIAN_POINT('',(0.625,-0.09,-0.015));
#17344=CARTESIAN_POINT('',(0.0430000000000001,-0.09,-0.015));
#17345=CARTESIAN_POINT('',(0.0430000000000001,-0.09,0.2205));
#17346=CARTESIAN_POINT('',(0.625,-0.09,0.2205));
#17347=CARTESIAN_POINT('',(0.00699999999999995,-0.09,0.2205));
#17348=CARTESIAN_POINT('',(0.00699999999999995,-0.09,-0.015));
#17349=CARTESIAN_POINT('',(0.625,-0.09,-0.015));
#17350=CARTESIAN_POINT('',(-0.00699999999999995,-0.09,-0.015));
#17351=CARTESIAN_POINT('',(-0.00699999999999995,-0.09,0.2205));
#17352=CARTESIAN_POINT('',(0.625,-0.09,0.2205));
#17353=CARTESIAN_POINT('',(-0.0430000000000001,-0.09,0.2205));
#17354=CARTESIAN_POINT('',(-0.0430000000000001,-0.09,-0.015));
#17355=CARTESIAN_POINT('',(0.625,-0.09,-0.015));
#17356=CARTESIAN_POINT('',(-0.057,-0.09,-0.015));
#17357=CARTESIAN_POINT('',(-0.057,-0.09,0.2205));
#17358=CARTESIAN_POINT('',(0.625,-0.09,0.2205));
#17359=CARTESIAN_POINT('',(-0.0930000000000001,-0.09,0.2205));
#17360=CARTESIAN_POINT('',(-0.0930000000000001,-0.09,-0.015));
#17361=CARTESIAN_POINT('',(0.625,-0.09,-0.015));
#17362=CARTESIAN_POINT('',(-0.107,-0.09,-0.015));
#17363=CARTESIAN_POINT('',(-0.107,-0.09,0.2205));
#17364=CARTESIAN_POINT('',(0.625,-0.09,0.2205));
#17365=CARTESIAN_POINT('',(-0.143,-0.09,0.2205));
#17366=CARTESIAN_POINT('',(-0.143,-0.09,-0.015));
#17367=CARTESIAN_POINT('',(0.625,-0.09,-0.015));
#17368=CARTESIAN_POINT('',(-0.157,-0.09,-0.015));
#17369=CARTESIAN_POINT('',(-0.157,-0.09,0.2205));
#17370=CARTESIAN_POINT('',(0.625,-0.09,0.2205));
#17371=CARTESIAN_POINT('',(-0.193,-0.09,0.2205));
#17372=CARTESIAN_POINT('',(-0.193,-0.09,-0.015));
#17373=CARTESIAN_POINT('',(0.625,-0.09,-0.015));
#17374=CARTESIAN_POINT('',(-0.207,-0.09,-0.015));
#17375=CARTESIAN_POINT('',(-0.207,-0.09,0.2205));
#17376=CARTESIAN_POINT('',(0.625,-0.09,0.2205));
#17377=CARTESIAN_POINT('',(-0.243,-0.09,0.2205));
#17378=CARTESIAN_POINT('',(-0.243,-0.09,-0.015));
#17379=CARTESIAN_POINT('',(0.625,-0.09,-0.015));
#17380=CARTESIAN_POINT('',(-0.257,-0.09,-0.015));
#17381=CARTESIAN_POINT('',(-0.257,-0.09,0.2205));
#17382=CARTESIAN_POINT('',(0.625,-0.09,0.2205));
#17383=CARTESIAN_POINT('',(-0.293,-0.09,0.2205));
#17384=CARTESIAN_POINT('',(-0.293,-0.09,-0.015));
#17385=CARTESIAN_POINT('',(0.625,-0.09,-0.015));
#17386=CARTESIAN_POINT('',(-0.307,-0.09,-0.015));
#17387=CARTESIAN_POINT('',(-0.307,-0.09,0.2205));
#17388=CARTESIAN_POINT('',(0.625,-0.09,0.2205));
#17389=CARTESIAN_POINT('',(-0.343,-0.09,0.2205));
#17390=CARTESIAN_POINT('',(-0.343,-0.09,-0.015));
#17391=CARTESIAN_POINT('',(0.625,-0.09,-0.015));
#17392=CARTESIAN_POINT('',(-0.357,-0.09,-0.015));
#17393=CARTESIAN_POINT('',(-0.357,-0.09,0.2205));
#17394=CARTESIAN_POINT('',(0.625,-0.09,0.2205));
#17395=CARTESIAN_POINT('',(-0.393,-0.09,0.2205));
#17396=CARTESIAN_POINT('',(-0.393,-0.09,-0.015));
#17397=CARTESIAN_POINT('',(0.625,-0.09,-0.015));
#17398=CARTESIAN_POINT('',(-0.407,-0.09,-0.015));
#17399=CARTESIAN_POINT('',(-0.407,-0.09,0.2205));
#17400=CARTESIAN_POINT('',(0.625,-0.09,0.2205));
#17401=CARTESIAN_POINT('',(-0.443,-0.09,0.2205));
#17402=CARTESIAN_POINT('',(-0.443,-0.09,-0.015));
#17403=CARTESIAN_POINT('',(0.625,-0.09,-0.015));
#17404=CARTESIAN_POINT('',(-0.457,-0.09,-0.015));
#17405=CARTESIAN_POINT('',(-0.457,-0.09,0.2205));
#17406=CARTESIAN_POINT('',(0.625,-0.09,0.2205));
#17407=CARTESIAN_POINT('',(-0.493,-0.09,0.2205));
#17408=CARTESIAN_POINT('',(-0.493,-0.09,-0.015));
#17409=CARTESIAN_POINT('',(0.625,-0.09,-0.015));
#17410=CARTESIAN_POINT('',(-0.507,-0.09,-0.015));
#17411=CARTESIAN_POINT('',(-0.507,-0.09,0.2205));
#17412=CARTESIAN_POINT('',(0.625,-0.09,0.2205));
#17413=CARTESIAN_POINT('',(-0.543,-0.09,0.2205));
#17414=CARTESIAN_POINT('',(-0.543,-0.09,-0.015));
#17415=CARTESIAN_POINT('',(0.625,-0.09,-0.015));
#17416=CARTESIAN_POINT('',(-0.557,-0.09,-0.015));
#17417=CARTESIAN_POINT('',(-0.557,-0.09,0.2205));
#17418=CARTESIAN_POINT('',(0.625,-0.09,0.2205));
#17419=CARTESIAN_POINT('',(-0.593,-0.09,0.2205));
#17420=CARTESIAN_POINT('',(-0.593,-0.09,-0.015));
#17421=CARTESIAN_POINT('',(0.625,-0.09,-0.015));
#17422=CARTESIAN_POINT('',(-0.607,-0.09,-0.015));
#17423=CARTESIAN_POINT('',(-0.607,-0.09,0.2205));
#17424=CARTESIAN_POINT('',(0.625,-0.025,0.03));
#17425=CARTESIAN_POINT('',(0.625,-0.025,0.03));
#17426=CARTESIAN_POINT('',(0.607,-0.025,0.03));
#17427=CARTESIAN_POINT('',(0.593,-0.025,0.03));
#17428=CARTESIAN_POINT('',(0.607,-0.025,0.03));
#17429=CARTESIAN_POINT('',(0.593,-0.025,0.03));
#17430=CARTESIAN_POINT('',(0.625,-0.025,0.03));
#17431=CARTESIAN_POINT('',(0.625,-0.025,0.03));
#17432=CARTESIAN_POINT('',(0.557,-0.025,0.03));
#17433=CARTESIAN_POINT('',(0.543,-0.025,0.03));
#17434=CARTESIAN_POINT('',(0.557,-0.025,0.03));
#17435=CARTESIAN_POINT('',(0.543,-0.025,0.03));
#17436=CARTESIAN_POINT('',(0.625,-0.025,0.03));
#17437=CARTESIAN_POINT('',(0.625,-0.025,0.03));
#17438=CARTESIAN_POINT('',(0.507,-0.025,0.03));
#17439=CARTESIAN_POINT('',(0.493,-0.025,0.03));
#17440=CARTESIAN_POINT('',(0.507,-0.025,0.03));
#17441=CARTESIAN_POINT('',(0.493,-0.025,0.03));
#17442=CARTESIAN_POINT('',(0.625,-0.025,0.03));
#17443=CARTESIAN_POINT('',(0.625,-0.025,0.03));
#17444=CARTESIAN_POINT('',(0.457,-0.025,0.03));
#17445=CARTESIAN_POINT('',(0.443,-0.025,0.03));
#17446=CARTESIAN_POINT('',(0.457,-0.025,0.03));
#17447=CARTESIAN_POINT('',(0.443,-0.025,0.03));
#17448=CARTESIAN_POINT('',(0.625,-0.025,0.03));
#17449=CARTESIAN_POINT('',(0.625,-0.025,0.03));
#17450=CARTESIAN_POINT('',(0.407,-0.025,0.03));
#17451=CARTESIAN_POINT('',(0.393,-0.025,0.03));
#17452=CARTESIAN_POINT('',(0.407,-0.025,0.03));
#17453=CARTESIAN_POINT('',(0.393,-0.025,0.03));
#17454=CARTESIAN_POINT('',(0.625,-0.025,0.03));
#17455=CARTESIAN_POINT('',(0.625,-0.025,0.03));
#17456=CARTESIAN_POINT('',(0.357,-0.025,0.03));
#17457=CARTESIAN_POINT('',(0.343,-0.025,0.03));
#17458=CARTESIAN_POINT('',(0.357,-0.025,0.03));
#17459=CARTESIAN_POINT('',(0.343,-0.025,0.03));
#17460=CARTESIAN_POINT('',(0.625,-0.025,0.03));
#17461=CARTESIAN_POINT('',(0.625,-0.025,0.03));
#17462=CARTESIAN_POINT('',(0.307,-0.025,0.03));
#17463=CARTESIAN_POINT('',(0.293,-0.025,0.03));
#17464=CARTESIAN_POINT('',(0.307,-0.025,0.03));
#17465=CARTESIAN_POINT('',(0.293,-0.025,0.03));
#17466=CARTESIAN_POINT('',(0.625,-0.025,0.03));
#17467=CARTESIAN_POINT('',(0.625,-0.025,0.03));
#17468=CARTESIAN_POINT('',(0.257,-0.025,0.03));
#17469=CARTESIAN_POINT('',(0.243,-0.025,0.03));
#17470=CARTESIAN_POINT('',(0.257,-0.025,0.03));
#17471=CARTESIAN_POINT('',(0.243,-0.025,0.03));
#17472=CARTESIAN_POINT('',(0.625,-0.025,0.03));
#17473=CARTESIAN_POINT('',(0.625,-0.025,0.03));
#17474=CARTESIAN_POINT('',(0.207,-0.025,0.03));
#17475=CARTESIAN_POINT('',(0.193,-0.025,0.03));
#17476=CARTESIAN_POINT('',(0.207,-0.025,0.03));
#17477=CARTESIAN_POINT('',(0.193,-0.025,0.03));
#17478=CARTESIAN_POINT('',(0.625,-0.025,0.03));
#17479=CARTESIAN_POINT('',(0.625,-0.025,0.03));
#17480=CARTESIAN_POINT('',(0.157,-0.025,0.03));
#17481=CARTESIAN_POINT('',(0.143,-0.025,0.03));
#17482=CARTESIAN_POINT('',(0.157,-0.025,0.03));
#17483=CARTESIAN_POINT('',(0.143,-0.025,0.03));
#17484=CARTESIAN_POINT('',(0.625,-0.025,0.03));
#17485=CARTESIAN_POINT('',(0.625,-0.025,0.03));
#17486=CARTESIAN_POINT('',(0.107,-0.025,0.03));
#17487=CARTESIAN_POINT('',(0.0930000000000001,-0.025,0.03));
#17488=CARTESIAN_POINT('',(0.107,-0.025,0.03));
#17489=CARTESIAN_POINT('',(0.0930000000000001,-0.025,0.03));
#17490=CARTESIAN_POINT('',(0.625,-0.025,0.03));
#17491=CARTESIAN_POINT('',(0.625,-0.025,0.03));
#17492=CARTESIAN_POINT('',(0.057,-0.025,0.03));
#17493=CARTESIAN_POINT('',(0.0430000000000001,-0.025,0.03));
#17494=CARTESIAN_POINT('',(0.057,-0.025,0.03));
#17495=CARTESIAN_POINT('',(0.0430000000000001,-0.025,0.03));
#17496=CARTESIAN_POINT('',(0.625,-0.025,0.03));
#17497=CARTESIAN_POINT('',(0.625,-0.025,0.03));
#17498=CARTESIAN_POINT('',(0.00699999999999995,-0.025,0.03));
#17499=CARTESIAN_POINT('',(-0.00699999999999995,-0.025,0.03));
#17500=CARTESIAN_POINT('',(0.00699999999999995,-0.025,0.03));
#17501=CARTESIAN_POINT('',(-0.00699999999999995,-0.025,0.03));
#17502=CARTESIAN_POINT('',(0.625,-0.025,0.03));
#17503=CARTESIAN_POINT('',(0.625,-0.025,0.03));
#17504=CARTESIAN_POINT('',(-0.0430000000000001,-0.025,0.03));
#17505=CARTESIAN_POINT('',(-0.057,-0.025,0.03));
#17506=CARTESIAN_POINT('',(-0.0430000000000001,-0.025,0.03));
#17507=CARTESIAN_POINT('',(-0.057,-0.025,0.03));
#17508=CARTESIAN_POINT('',(0.625,-0.025,0.03));
#17509=CARTESIAN_POINT('',(0.625,-0.025,0.03));
#17510=CARTESIAN_POINT('',(-0.0930000000000001,-0.025,0.03));
#17511=CARTESIAN_POINT('',(-0.107,-0.025,0.03));
#17512=CARTESIAN_POINT('',(-0.0930000000000001,-0.025,0.03));
#17513=CARTESIAN_POINT('',(-0.107,-0.025,0.03));
#17514=CARTESIAN_POINT('',(0.625,-0.025,0.03));
#17515=CARTESIAN_POINT('',(0.625,-0.025,0.03));
#17516=CARTESIAN_POINT('',(-0.143,-0.025,0.03));
#17517=CARTESIAN_POINT('',(-0.157,-0.025,0.03));
#17518=CARTESIAN_POINT('',(-0.143,-0.025,0.03));
#17519=CARTESIAN_POINT('',(-0.157,-0.025,0.03));
#17520=CARTESIAN_POINT('',(0.625,-0.025,0.03));
#17521=CARTESIAN_POINT('',(0.625,-0.025,0.03));
#17522=CARTESIAN_POINT('',(-0.193,-0.025,0.03));
#17523=CARTESIAN_POINT('',(-0.207,-0.025,0.03));
#17524=CARTESIAN_POINT('',(-0.193,-0.025,0.03));
#17525=CARTESIAN_POINT('',(-0.207,-0.025,0.03));
#17526=CARTESIAN_POINT('',(0.625,-0.025,0.03));
#17527=CARTESIAN_POINT('',(0.625,-0.025,0.03));
#17528=CARTESIAN_POINT('',(-0.243,-0.025,0.03));
#17529=CARTESIAN_POINT('',(-0.257,-0.025,0.03));
#17530=CARTESIAN_POINT('',(-0.243,-0.025,0.03));
#17531=CARTESIAN_POINT('',(-0.257,-0.025,0.03));
#17532=CARTESIAN_POINT('',(0.625,-0.025,0.03));
#17533=CARTESIAN_POINT('',(0.625,-0.025,0.03));
#17534=CARTESIAN_POINT('',(-0.293,-0.025,0.03));
#17535=CARTESIAN_POINT('',(-0.307,-0.025,0.03));
#17536=CARTESIAN_POINT('',(-0.293,-0.025,0.03));
#17537=CARTESIAN_POINT('',(-0.307,-0.025,0.03));
#17538=CARTESIAN_POINT('',(0.625,-0.025,0.03));
#17539=CARTESIAN_POINT('',(0.625,-0.025,0.03));
#17540=CARTESIAN_POINT('',(-0.343,-0.025,0.03));
#17541=CARTESIAN_POINT('',(-0.357,-0.025,0.03));
#17542=CARTESIAN_POINT('',(-0.343,-0.025,0.03));
#17543=CARTESIAN_POINT('',(-0.357,-0.025,0.03));
#17544=CARTESIAN_POINT('',(0.625,-0.025,0.03));
#17545=CARTESIAN_POINT('',(0.625,-0.025,0.03));
#17546=CARTESIAN_POINT('',(-0.393,-0.025,0.03));
#17547=CARTESIAN_POINT('',(-0.407,-0.025,0.03));
#17548=CARTESIAN_POINT('',(-0.393,-0.025,0.03));
#17549=CARTESIAN_POINT('',(-0.407,-0.025,0.03));
#17550=CARTESIAN_POINT('',(0.625,-0.025,0.03));
#17551=CARTESIAN_POINT('',(0.625,-0.025,0.03));
#17552=CARTESIAN_POINT('',(-0.443,-0.025,0.03));
#17553=CARTESIAN_POINT('',(-0.457,-0.025,0.03));
#17554=CARTESIAN_POINT('',(-0.443,-0.025,0.03));
#17555=CARTESIAN_POINT('',(-0.457,-0.025,0.03));
#17556=CARTESIAN_POINT('',(0.625,-0.025,0.03));
#17557=CARTESIAN_POINT('',(0.625,-0.025,0.03));
#17558=CARTESIAN_POINT('',(-0.493,-0.025,0.03));
#17559=CARTESIAN_POINT('',(-0.507,-0.025,0.03));
#17560=CARTESIAN_POINT('',(-0.493,-0.025,0.03));
#17561=CARTESIAN_POINT('',(-0.507,-0.025,0.03));
#17562=CARTESIAN_POINT('',(0.625,-0.025,0.03));
#17563=CARTESIAN_POINT('',(0.625,-0.025,0.03));
#17564=CARTESIAN_POINT('',(-0.543,-0.025,0.03));
#17565=CARTESIAN_POINT('',(-0.557,-0.025,0.03));
#17566=CARTESIAN_POINT('',(-0.543,-0.025,0.03));
#17567=CARTESIAN_POINT('',(-0.557,-0.025,0.03));
#17568=CARTESIAN_POINT('',(0.625,-0.025,0.03));
#17569=CARTESIAN_POINT('',(0.625,-0.025,0.03));
#17570=CARTESIAN_POINT('',(-0.593,-0.025,0.03));
#17571=CARTESIAN_POINT('',(-0.607,-0.025,0.03));
#17572=CARTESIAN_POINT('',(-0.593,-0.025,0.03));
#17573=CARTESIAN_POINT('',(-0.607,-0.025,0.03));
#17574=CARTESIAN_POINT('',(0.625,-0.015,0.03));
#17575=CARTESIAN_POINT('',(0.607,-0.015,0.03));
#17576=CARTESIAN_POINT('',(0.607,-0.015,0.02));
#17577=CARTESIAN_POINT('',(0.593,-0.015,0.03));
#17578=CARTESIAN_POINT('',(0.593,-0.015,0.02));
#17579=CARTESIAN_POINT('',(0.625,-0.015,0.02));
#17580=CARTESIAN_POINT('',(0.625,-0.015,0.03));
#17581=CARTESIAN_POINT('',(0.557,-0.015,0.03));
#17582=CARTESIAN_POINT('',(0.557,-0.015,0.02));
#17583=CARTESIAN_POINT('',(0.543,-0.015,0.03));
#17584=CARTESIAN_POINT('',(0.543,-0.015,0.02));
#17585=CARTESIAN_POINT('',(0.625,-0.015,0.02));
#17586=CARTESIAN_POINT('',(0.625,-0.015,0.03));
#17587=CARTESIAN_POINT('',(0.507,-0.015,0.03));
#17588=CARTESIAN_POINT('',(0.507,-0.015,0.02));
#17589=CARTESIAN_POINT('',(0.493,-0.015,0.03));
#17590=CARTESIAN_POINT('',(0.493,-0.015,0.02));
#17591=CARTESIAN_POINT('',(0.625,-0.015,0.02));
#17592=CARTESIAN_POINT('',(0.625,-0.015,0.03));
#17593=CARTESIAN_POINT('',(0.457,-0.015,0.03));
#17594=CARTESIAN_POINT('',(0.457,-0.015,0.02));
#17595=CARTESIAN_POINT('',(0.443,-0.015,0.03));
#17596=CARTESIAN_POINT('',(0.443,-0.015,0.02));
#17597=CARTESIAN_POINT('',(0.625,-0.015,0.02));
#17598=CARTESIAN_POINT('',(0.625,-0.015,0.03));
#17599=CARTESIAN_POINT('',(0.407,-0.015,0.03));
#17600=CARTESIAN_POINT('',(0.407,-0.015,0.02));
#17601=CARTESIAN_POINT('',(0.393,-0.015,0.03));
#17602=CARTESIAN_POINT('',(0.393,-0.015,0.02));
#17603=CARTESIAN_POINT('',(0.625,-0.015,0.02));
#17604=CARTESIAN_POINT('',(0.625,-0.015,0.03));
#17605=CARTESIAN_POINT('',(0.357,-0.015,0.03));
#17606=CARTESIAN_POINT('',(0.357,-0.015,0.02));
#17607=CARTESIAN_POINT('',(0.343,-0.015,0.03));
#17608=CARTESIAN_POINT('',(0.343,-0.015,0.02));
#17609=CARTESIAN_POINT('',(0.625,-0.015,0.02));
#17610=CARTESIAN_POINT('',(0.625,-0.015,0.03));
#17611=CARTESIAN_POINT('',(0.307,-0.015,0.03));
#17612=CARTESIAN_POINT('',(0.307,-0.015,0.02));
#17613=CARTESIAN_POINT('',(0.293,-0.015,0.03));
#17614=CARTESIAN_POINT('',(0.293,-0.015,0.02));
#17615=CARTESIAN_POINT('',(0.625,-0.015,0.02));
#17616=CARTESIAN_POINT('',(0.625,-0.015,0.03));
#17617=CARTESIAN_POINT('',(0.257,-0.015,0.03));
#17618=CARTESIAN_POINT('',(0.257,-0.015,0.02));
#17619=CARTESIAN_POINT('',(0.243,-0.015,0.03));
#17620=CARTESIAN_POINT('',(0.243,-0.015,0.02));
#17621=CARTESIAN_POINT('',(0.625,-0.015,0.02));
#17622=CARTESIAN_POINT('',(0.625,-0.015,0.03));
#17623=CARTESIAN_POINT('',(0.207,-0.015,0.03));
#17624=CARTESIAN_POINT('',(0.207,-0.015,0.02));
#17625=CARTESIAN_POINT('',(0.193,-0.015,0.03));
#17626=CARTESIAN_POINT('',(0.193,-0.015,0.02));
#17627=CARTESIAN_POINT('',(0.625,-0.015,0.02));
#17628=CARTESIAN_POINT('',(0.625,-0.015,0.03));
#17629=CARTESIAN_POINT('',(0.157,-0.015,0.03));
#17630=CARTESIAN_POINT('',(0.157,-0.015,0.02));
#17631=CARTESIAN_POINT('',(0.143,-0.015,0.03));
#17632=CARTESIAN_POINT('',(0.143,-0.015,0.02));
#17633=CARTESIAN_POINT('',(0.625,-0.015,0.02));
#17634=CARTESIAN_POINT('',(0.625,-0.015,0.03));
#17635=CARTESIAN_POINT('',(0.107,-0.015,0.03));
#17636=CARTESIAN_POINT('',(0.107,-0.015,0.02));
#17637=CARTESIAN_POINT('',(0.0930000000000001,-0.015,0.03));
#17638=CARTESIAN_POINT('',(0.0930000000000001,-0.015,0.02));
#17639=CARTESIAN_POINT('',(0.625,-0.015,0.02));
#17640=CARTESIAN_POINT('',(0.625,-0.015,0.03));
#17641=CARTESIAN_POINT('',(0.057,-0.015,0.03));
#17642=CARTESIAN_POINT('',(0.057,-0.015,0.02));
#17643=CARTESIAN_POINT('',(0.0430000000000001,-0.015,0.03));
#17644=CARTESIAN_POINT('',(0.0430000000000001,-0.015,0.02));
#17645=CARTESIAN_POINT('',(0.625,-0.015,0.02));
#17646=CARTESIAN_POINT('',(0.625,-0.015,0.03));
#17647=CARTESIAN_POINT('',(0.00699999999999995,-0.015,0.03));
#17648=CARTESIAN_POINT('',(0.00699999999999995,-0.015,0.02));
#17649=CARTESIAN_POINT('',(-0.00699999999999995,-0.015,0.03));
#17650=CARTESIAN_POINT('',(-0.00699999999999995,-0.015,0.02));
#17651=CARTESIAN_POINT('',(0.625,-0.015,0.02));
#17652=CARTESIAN_POINT('',(0.625,-0.015,0.03));
#17653=CARTESIAN_POINT('',(-0.0430000000000001,-0.015,0.03));
#17654=CARTESIAN_POINT('',(-0.0430000000000001,-0.015,0.02));
#17655=CARTESIAN_POINT('',(-0.057,-0.015,0.03));
#17656=CARTESIAN_POINT('',(-0.057,-0.015,0.02));
#17657=CARTESIAN_POINT('',(0.625,-0.015,0.02));
#17658=CARTESIAN_POINT('',(0.625,-0.015,0.03));
#17659=CARTESIAN_POINT('',(-0.0930000000000001,-0.015,0.03));
#17660=CARTESIAN_POINT('',(-0.0930000000000001,-0.015,0.02));
#17661=CARTESIAN_POINT('',(-0.107,-0.015,0.03));
#17662=CARTESIAN_POINT('',(-0.107,-0.015,0.02));
#17663=CARTESIAN_POINT('',(0.625,-0.015,0.02));
#17664=CARTESIAN_POINT('',(0.625,-0.015,0.03));
#17665=CARTESIAN_POINT('',(-0.143,-0.015,0.03));
#17666=CARTESIAN_POINT('',(-0.143,-0.015,0.02));
#17667=CARTESIAN_POINT('',(-0.157,-0.015,0.03));
#17668=CARTESIAN_POINT('',(-0.157,-0.015,0.02));
#17669=CARTESIAN_POINT('',(0.625,-0.015,0.02));
#17670=CARTESIAN_POINT('',(0.625,-0.015,0.03));
#17671=CARTESIAN_POINT('',(-0.193,-0.015,0.03));
#17672=CARTESIAN_POINT('',(-0.193,-0.015,0.02));
#17673=CARTESIAN_POINT('',(-0.207,-0.015,0.03));
#17674=CARTESIAN_POINT('',(-0.207,-0.015,0.02));
#17675=CARTESIAN_POINT('',(0.625,-0.015,0.02));
#17676=CARTESIAN_POINT('',(0.625,-0.015,0.03));
#17677=CARTESIAN_POINT('',(-0.243,-0.015,0.03));
#17678=CARTESIAN_POINT('',(-0.243,-0.015,0.02));
#17679=CARTESIAN_POINT('',(-0.257,-0.015,0.03));
#17680=CARTESIAN_POINT('',(-0.257,-0.015,0.02));
#17681=CARTESIAN_POINT('',(0.625,-0.015,0.02));
#17682=CARTESIAN_POINT('',(0.625,-0.015,0.03));
#17683=CARTESIAN_POINT('',(-0.293,-0.015,0.03));
#17684=CARTESIAN_POINT('',(-0.293,-0.015,0.02));
#17685=CARTESIAN_POINT('',(-0.307,-0.015,0.03));
#17686=CARTESIAN_POINT('',(-0.307,-0.015,0.02));
#17687=CARTESIAN_POINT('',(0.625,-0.015,0.02));
#17688=CARTESIAN_POINT('',(0.625,-0.015,0.03));
#17689=CARTESIAN_POINT('',(-0.343,-0.015,0.03));
#17690=CARTESIAN_POINT('',(-0.343,-0.015,0.02));
#17691=CARTESIAN_POINT('',(-0.357,-0.015,0.03));
#17692=CARTESIAN_POINT('',(-0.357,-0.015,0.02));
#17693=CARTESIAN_POINT('',(0.625,-0.015,0.02));
#17694=CARTESIAN_POINT('',(0.625,-0.015,0.03));
#17695=CARTESIAN_POINT('',(-0.393,-0.015,0.03));
#17696=CARTESIAN_POINT('',(-0.393,-0.015,0.02));
#17697=CARTESIAN_POINT('',(-0.407,-0.015,0.03));
#17698=CARTESIAN_POINT('',(-0.407,-0.015,0.02));
#17699=CARTESIAN_POINT('',(0.625,-0.015,0.02));
#17700=CARTESIAN_POINT('',(0.625,-0.015,0.03));
#17701=CARTESIAN_POINT('',(-0.443,-0.015,0.03));
#17702=CARTESIAN_POINT('',(-0.443,-0.015,0.02));
#17703=CARTESIAN_POINT('',(-0.457,-0.015,0.03));
#17704=CARTESIAN_POINT('',(-0.457,-0.015,0.02));
#17705=CARTESIAN_POINT('',(0.625,-0.015,0.02));
#17706=CARTESIAN_POINT('',(0.625,-0.015,0.03));
#17707=CARTESIAN_POINT('',(-0.493,-0.015,0.03));
#17708=CARTESIAN_POINT('',(-0.493,-0.015,0.02));
#17709=CARTESIAN_POINT('',(-0.507,-0.015,0.03));
#17710=CARTESIAN_POINT('',(-0.507,-0.015,0.02));
#17711=CARTESIAN_POINT('',(0.625,-0.015,0.02));
#17712=CARTESIAN_POINT('',(0.625,-0.015,0.03));
#17713=CARTESIAN_POINT('',(-0.543,-0.015,0.03));
#17714=CARTESIAN_POINT('',(-0.543,-0.015,0.02));
#17715=CARTESIAN_POINT('',(-0.557,-0.015,0.03));
#17716=CARTESIAN_POINT('',(-0.557,-0.015,0.02));
#17717=CARTESIAN_POINT('',(0.625,-0.015,0.02));
#17718=CARTESIAN_POINT('',(0.625,-0.015,0.03));
#17719=CARTESIAN_POINT('',(-0.593,-0.015,0.03));
#17720=CARTESIAN_POINT('',(-0.593,-0.015,0.02));
#17721=CARTESIAN_POINT('',(-0.607,-0.015,0.03));
#17722=CARTESIAN_POINT('',(-0.607,-0.015,0.02));
#17723=CARTESIAN_POINT('',(0.625,-0.015,0.02));
#17724=CARTESIAN_POINT('',(0.625,0.03,0.02));
#17725=CARTESIAN_POINT('',(0.625,0.03,0.02));
#17726=CARTESIAN_POINT('',(0.607,0.03,0.02));
#17727=CARTESIAN_POINT('',(0.593,0.03,0.02));
#17728=CARTESIAN_POINT('',(0.607,0.03,0.02));
#17729=CARTESIAN_POINT('',(0.593,0.03,0.02));
#17730=CARTESIAN_POINT('',(0.625,0.03,0.02));
#17731=CARTESIAN_POINT('',(0.625,0.03,0.02));
#17732=CARTESIAN_POINT('',(0.557,0.03,0.02));
#17733=CARTESIAN_POINT('',(0.543,0.03,0.02));
#17734=CARTESIAN_POINT('',(0.557,0.03,0.02));
#17735=CARTESIAN_POINT('',(0.543,0.03,0.02));
#17736=CARTESIAN_POINT('',(0.625,0.03,0.02));
#17737=CARTESIAN_POINT('',(0.625,0.03,0.02));
#17738=CARTESIAN_POINT('',(0.507,0.03,0.02));
#17739=CARTESIAN_POINT('',(0.493,0.03,0.02));
#17740=CARTESIAN_POINT('',(0.507,0.03,0.02));
#17741=CARTESIAN_POINT('',(0.493,0.03,0.02));
#17742=CARTESIAN_POINT('',(0.625,0.03,0.02));
#17743=CARTESIAN_POINT('',(0.625,0.03,0.02));
#17744=CARTESIAN_POINT('',(0.457,0.03,0.02));
#17745=CARTESIAN_POINT('',(0.443,0.03,0.02));
#17746=CARTESIAN_POINT('',(0.457,0.03,0.02));
#17747=CARTESIAN_POINT('',(0.443,0.03,0.02));
#17748=CARTESIAN_POINT('',(0.625,0.03,0.02));
#17749=CARTESIAN_POINT('',(0.625,0.03,0.02));
#17750=CARTESIAN_POINT('',(0.407,0.03,0.02));
#17751=CARTESIAN_POINT('',(0.393,0.03,0.02));
#17752=CARTESIAN_POINT('',(0.407,0.03,0.02));
#17753=CARTESIAN_POINT('',(0.393,0.03,0.02));
#17754=CARTESIAN_POINT('',(0.625,0.03,0.02));
#17755=CARTESIAN_POINT('',(0.625,0.03,0.02));
#17756=CARTESIAN_POINT('',(0.357,0.03,0.02));
#17757=CARTESIAN_POINT('',(0.343,0.03,0.02));
#17758=CARTESIAN_POINT('',(0.357,0.03,0.02));
#17759=CARTESIAN_POINT('',(0.343,0.03,0.02));
#17760=CARTESIAN_POINT('',(0.625,0.03,0.02));
#17761=CARTESIAN_POINT('',(0.625,0.03,0.02));
#17762=CARTESIAN_POINT('',(0.307,0.03,0.02));
#17763=CARTESIAN_POINT('',(0.293,0.03,0.02));
#17764=CARTESIAN_POINT('',(0.307,0.03,0.02));
#17765=CARTESIAN_POINT('',(0.293,0.03,0.02));
#17766=CARTESIAN_POINT('',(0.625,0.03,0.02));
#17767=CARTESIAN_POINT('',(0.625,0.03,0.02));
#17768=CARTESIAN_POINT('',(0.257,0.03,0.02));
#17769=CARTESIAN_POINT('',(0.243,0.03,0.02));
#17770=CARTESIAN_POINT('',(0.257,0.03,0.02));
#17771=CARTESIAN_POINT('',(0.243,0.03,0.02));
#17772=CARTESIAN_POINT('',(0.625,0.03,0.02));
#17773=CARTESIAN_POINT('',(0.625,0.03,0.02));
#17774=CARTESIAN_POINT('',(0.207,0.03,0.02));
#17775=CARTESIAN_POINT('',(0.193,0.03,0.02));
#17776=CARTESIAN_POINT('',(0.207,0.03,0.02));
#17777=CARTESIAN_POINT('',(0.193,0.03,0.02));
#17778=CARTESIAN_POINT('',(0.625,0.03,0.02));
#17779=CARTESIAN_POINT('',(0.625,0.03,0.02));
#17780=CARTESIAN_POINT('',(0.157,0.03,0.02));
#17781=CARTESIAN_POINT('',(0.143,0.03,0.02));
#17782=CARTESIAN_POINT('',(0.157,0.03,0.02));
#17783=CARTESIAN_POINT('',(0.143,0.03,0.02));
#17784=CARTESIAN_POINT('',(0.625,0.03,0.02));
#17785=CARTESIAN_POINT('',(0.625,0.03,0.02));
#17786=CARTESIAN_POINT('',(0.107,0.03,0.02));
#17787=CARTESIAN_POINT('',(0.093,0.03,0.02));
#17788=CARTESIAN_POINT('',(0.107,0.03,0.02));
#17789=CARTESIAN_POINT('',(0.0930000000000001,0.03,0.02));
#17790=CARTESIAN_POINT('',(0.625,0.03,0.02));
#17791=CARTESIAN_POINT('',(0.625,0.03,0.02));
#17792=CARTESIAN_POINT('',(0.057,0.03,0.02));
#17793=CARTESIAN_POINT('',(0.043,0.03,0.02));
#17794=CARTESIAN_POINT('',(0.057,0.03,0.02));
#17795=CARTESIAN_POINT('',(0.0430000000000001,0.03,0.02));
#17796=CARTESIAN_POINT('',(0.625,0.03,0.02));
#17797=CARTESIAN_POINT('',(0.625,0.03,0.02));
#17798=CARTESIAN_POINT('',(0.00699999999999999,0.03,0.02));
#17799=CARTESIAN_POINT('',(-0.00699999999999996,0.03,0.02));
#17800=CARTESIAN_POINT('',(0.00699999999999995,0.03,0.02));
#17801=CARTESIAN_POINT('',(-0.00699999999999995,0.03,0.02));
#17802=CARTESIAN_POINT('',(0.625,0.03,0.02));
#17803=CARTESIAN_POINT('',(0.625,0.03,0.02));
#17804=CARTESIAN_POINT('',(-0.043,0.03,0.02));
#17805=CARTESIAN_POINT('',(-0.057,0.03,0.02));
#17806=CARTESIAN_POINT('',(-0.0430000000000001,0.03,0.02));
#17807=CARTESIAN_POINT('',(-0.057,0.03,0.02));
#17808=CARTESIAN_POINT('',(0.625,0.03,0.02));
#17809=CARTESIAN_POINT('',(0.625,0.03,0.02));
#17810=CARTESIAN_POINT('',(-0.093,0.03,0.02));
#17811=CARTESIAN_POINT('',(-0.107,0.03,0.02));
#17812=CARTESIAN_POINT('',(-0.0930000000000001,0.03,0.02));
#17813=CARTESIAN_POINT('',(-0.107,0.03,0.02));
#17814=CARTESIAN_POINT('',(0.625,0.03,0.02));
#17815=CARTESIAN_POINT('',(0.625,0.03,0.02));
#17816=CARTESIAN_POINT('',(-0.143,0.03,0.02));
#17817=CARTESIAN_POINT('',(-0.157,0.03,0.02));
#17818=CARTESIAN_POINT('',(-0.143,0.03,0.02));
#17819=CARTESIAN_POINT('',(-0.157,0.03,0.02));
#17820=CARTESIAN_POINT('',(0.625,0.03,0.02));
#17821=CARTESIAN_POINT('',(0.625,0.03,0.02));
#17822=CARTESIAN_POINT('',(-0.193,0.03,0.02));
#17823=CARTESIAN_POINT('',(-0.207,0.03,0.02));
#17824=CARTESIAN_POINT('',(-0.193,0.03,0.02));
#17825=CARTESIAN_POINT('',(-0.207,0.03,0.02));
#17826=CARTESIAN_POINT('',(0.625,0.03,0.02));
#17827=CARTESIAN_POINT('',(0.625,0.03,0.02));
#17828=CARTESIAN_POINT('',(-0.243,0.03,0.02));
#17829=CARTESIAN_POINT('',(-0.257,0.03,0.02));
#17830=CARTESIAN_POINT('',(-0.243,0.03,0.02));
#17831=CARTESIAN_POINT('',(-0.257,0.03,0.02));
#17832=CARTESIAN_POINT('',(0.625,0.03,0.02));
#17833=CARTESIAN_POINT('',(0.625,0.03,0.02));
#17834=CARTESIAN_POINT('',(-0.293,0.03,0.02));
#17835=CARTESIAN_POINT('',(-0.307,0.03,0.02));
#17836=CARTESIAN_POINT('',(-0.293,0.03,0.02));
#17837=CARTESIAN_POINT('',(-0.307,0.03,0.02));
#17838=CARTESIAN_POINT('',(0.625,0.03,0.02));
#17839=CARTESIAN_POINT('',(0.625,0.03,0.02));
#17840=CARTESIAN_POINT('',(-0.343,0.03,0.02));
#17841=CARTESIAN_POINT('',(-0.357,0.03,0.02));
#17842=CARTESIAN_POINT('',(-0.343,0.03,0.02));
#17843=CARTESIAN_POINT('',(-0.357,0.03,0.02));
#17844=CARTESIAN_POINT('',(0.625,0.03,0.02));
#17845=CARTESIAN_POINT('',(0.625,0.03,0.02));
#17846=CARTESIAN_POINT('',(-0.393,0.03,0.02));
#17847=CARTESIAN_POINT('',(-0.407,0.03,0.02));
#17848=CARTESIAN_POINT('',(-0.393,0.03,0.02));
#17849=CARTESIAN_POINT('',(-0.407,0.03,0.02));
#17850=CARTESIAN_POINT('',(0.625,0.03,0.02));
#17851=CARTESIAN_POINT('',(0.625,0.03,0.02));
#17852=CARTESIAN_POINT('',(-0.443,0.03,0.02));
#17853=CARTESIAN_POINT('',(-0.457,0.03,0.02));
#17854=CARTESIAN_POINT('',(-0.443,0.03,0.02));
#17855=CARTESIAN_POINT('',(-0.457,0.03,0.02));
#17856=CARTESIAN_POINT('',(0.625,0.03,0.02));
#17857=CARTESIAN_POINT('',(0.625,0.03,0.02));
#17858=CARTESIAN_POINT('',(-0.493,0.03,0.02));
#17859=CARTESIAN_POINT('',(-0.507,0.03,0.02));
#17860=CARTESIAN_POINT('',(-0.493,0.03,0.02));
#17861=CARTESIAN_POINT('',(-0.507,0.03,0.02));
#17862=CARTESIAN_POINT('',(0.625,0.03,0.02));
#17863=CARTESIAN_POINT('',(0.625,0.03,0.02));
#17864=CARTESIAN_POINT('',(-0.543,0.03,0.02));
#17865=CARTESIAN_POINT('',(-0.557,0.03,0.02));
#17866=CARTESIAN_POINT('',(-0.543,0.03,0.02));
#17867=CARTESIAN_POINT('',(-0.557,0.03,0.02));
#17868=CARTESIAN_POINT('',(0.625,0.03,0.02));
#17869=CARTESIAN_POINT('',(0.625,0.03,0.02));
#17870=CARTESIAN_POINT('',(-0.593,0.03,0.02));
#17871=CARTESIAN_POINT('',(-0.607,0.03,0.02));
#17872=CARTESIAN_POINT('',(-0.593,0.03,0.02));
#17873=CARTESIAN_POINT('',(-0.607,0.03,0.02));
#17874=CARTESIAN_POINT('',(0.625,-0.085,-0.02));
#17875=CARTESIAN_POINT('',(0.625,-0.085,-0.02));
#17876=CARTESIAN_POINT('',(0.607,-0.085,-0.02));
#17877=CARTESIAN_POINT('',(0.593,-0.085,-0.02));
#17878=CARTESIAN_POINT('',(0.607,-0.085,-0.02));
#17879=CARTESIAN_POINT('',(0.607,0.03,-0.02));
#17880=CARTESIAN_POINT('',(0.625,0.03,-0.02));
#17881=CARTESIAN_POINT('',(0.593,0.03,-0.02));
#17882=CARTESIAN_POINT('',(0.593,-0.085,-0.02));
#17883=CARTESIAN_POINT('',(0.625,-0.085,-0.02));
#17884=CARTESIAN_POINT('',(0.625,-0.085,-0.02));
#17885=CARTESIAN_POINT('',(0.557,-0.085,-0.02));
#17886=CARTESIAN_POINT('',(0.543,-0.085,-0.02));
#17887=CARTESIAN_POINT('',(0.557,-0.085,-0.02));
#17888=CARTESIAN_POINT('',(0.557,0.03,-0.02));
#17889=CARTESIAN_POINT('',(0.625,0.03,-0.02));
#17890=CARTESIAN_POINT('',(0.543,0.03,-0.02));
#17891=CARTESIAN_POINT('',(0.543,-0.085,-0.02));
#17892=CARTESIAN_POINT('',(0.625,-0.085,-0.02));
#17893=CARTESIAN_POINT('',(0.625,-0.085,-0.02));
#17894=CARTESIAN_POINT('',(0.507,-0.085,-0.02));
#17895=CARTESIAN_POINT('',(0.493,-0.085,-0.02));
#17896=CARTESIAN_POINT('',(0.507,-0.085,-0.02));
#17897=CARTESIAN_POINT('',(0.507,0.03,-0.02));
#17898=CARTESIAN_POINT('',(0.625,0.03,-0.02));
#17899=CARTESIAN_POINT('',(0.493,0.03,-0.02));
#17900=CARTESIAN_POINT('',(0.493,-0.085,-0.02));
#17901=CARTESIAN_POINT('',(0.625,-0.085,-0.02));
#17902=CARTESIAN_POINT('',(0.625,-0.085,-0.02));
#17903=CARTESIAN_POINT('',(0.457,-0.085,-0.02));
#17904=CARTESIAN_POINT('',(0.443,-0.085,-0.02));
#17905=CARTESIAN_POINT('',(0.457,-0.085,-0.02));
#17906=CARTESIAN_POINT('',(0.457,0.03,-0.02));
#17907=CARTESIAN_POINT('',(0.625,0.03,-0.02));
#17908=CARTESIAN_POINT('',(0.443,0.03,-0.02));
#17909=CARTESIAN_POINT('',(0.443,-0.085,-0.02));
#17910=CARTESIAN_POINT('',(0.625,-0.085,-0.02));
#17911=CARTESIAN_POINT('',(0.625,-0.085,-0.02));
#17912=CARTESIAN_POINT('',(0.407,-0.085,-0.02));
#17913=CARTESIAN_POINT('',(0.393,-0.085,-0.02));
#17914=CARTESIAN_POINT('',(0.407,-0.085,-0.02));
#17915=CARTESIAN_POINT('',(0.407,0.03,-0.02));
#17916=CARTESIAN_POINT('',(0.625,0.03,-0.02));
#17917=CARTESIAN_POINT('',(0.393,0.03,-0.02));
#17918=CARTESIAN_POINT('',(0.393,-0.085,-0.02));
#17919=CARTESIAN_POINT('',(0.625,-0.085,-0.02));
#17920=CARTESIAN_POINT('',(0.625,-0.085,-0.02));
#17921=CARTESIAN_POINT('',(0.357,-0.085,-0.02));
#17922=CARTESIAN_POINT('',(0.343,-0.085,-0.02));
#17923=CARTESIAN_POINT('',(0.357,-0.085,-0.02));
#17924=CARTESIAN_POINT('',(0.357,0.03,-0.02));
#17925=CARTESIAN_POINT('',(0.625,0.03,-0.02));
#17926=CARTESIAN_POINT('',(0.343,0.03,-0.02));
#17927=CARTESIAN_POINT('',(0.343,-0.085,-0.02));
#17928=CARTESIAN_POINT('',(0.625,-0.085,-0.02));
#17929=CARTESIAN_POINT('',(0.625,-0.085,-0.02));
#17930=CARTESIAN_POINT('',(0.307,-0.085,-0.02));
#17931=CARTESIAN_POINT('',(0.293,-0.085,-0.02));
#17932=CARTESIAN_POINT('',(0.307,-0.085,-0.02));
#17933=CARTESIAN_POINT('',(0.307,0.03,-0.02));
#17934=CARTESIAN_POINT('',(0.625,0.03,-0.02));
#17935=CARTESIAN_POINT('',(0.293,0.03,-0.02));
#17936=CARTESIAN_POINT('',(0.293,-0.085,-0.02));
#17937=CARTESIAN_POINT('',(0.625,-0.085,-0.02));
#17938=CARTESIAN_POINT('',(0.625,-0.085,-0.02));
#17939=CARTESIAN_POINT('',(0.257,-0.085,-0.02));
#17940=CARTESIAN_POINT('',(0.243,-0.085,-0.02));
#17941=CARTESIAN_POINT('',(0.257,-0.085,-0.02));
#17942=CARTESIAN_POINT('',(0.257,0.03,-0.02));
#17943=CARTESIAN_POINT('',(0.625,0.03,-0.02));
#17944=CARTESIAN_POINT('',(0.243,0.03,-0.02));
#17945=CARTESIAN_POINT('',(0.243,-0.085,-0.02));
#17946=CARTESIAN_POINT('',(0.625,-0.085,-0.02));
#17947=CARTESIAN_POINT('',(0.625,-0.085,-0.02));
#17948=CARTESIAN_POINT('',(0.207,-0.085,-0.02));
#17949=CARTESIAN_POINT('',(0.193,-0.085,-0.02));
#17950=CARTESIAN_POINT('',(0.207,-0.085,-0.02));
#17951=CARTESIAN_POINT('',(0.207,0.03,-0.02));
#17952=CARTESIAN_POINT('',(0.625,0.03,-0.02));
#17953=CARTESIAN_POINT('',(0.193,0.03,-0.02));
#17954=CARTESIAN_POINT('',(0.193,-0.085,-0.02));
#17955=CARTESIAN_POINT('',(0.625,-0.085,-0.02));
#17956=CARTESIAN_POINT('',(0.625,-0.085,-0.02));
#17957=CARTESIAN_POINT('',(0.157,-0.085,-0.02));
#17958=CARTESIAN_POINT('',(0.143,-0.085,-0.02));
#17959=CARTESIAN_POINT('',(0.157,-0.085,-0.02));
#17960=CARTESIAN_POINT('',(0.157,0.03,-0.02));
#17961=CARTESIAN_POINT('',(0.625,0.03,-0.02));
#17962=CARTESIAN_POINT('',(0.143,0.03,-0.02));
#17963=CARTESIAN_POINT('',(0.143,-0.085,-0.02));
#17964=CARTESIAN_POINT('',(0.625,-0.085,-0.02));
#17965=CARTESIAN_POINT('',(0.625,-0.085,-0.02));
#17966=CARTESIAN_POINT('',(0.107,-0.085,-0.02));
#17967=CARTESIAN_POINT('',(0.0930000000000001,-0.085,-0.02));
#17968=CARTESIAN_POINT('',(0.107,-0.085,-0.02));
#17969=CARTESIAN_POINT('',(0.107,0.03,-0.02));
#17970=CARTESIAN_POINT('',(0.625,0.03,-0.02));
#17971=CARTESIAN_POINT('',(0.093,0.03,-0.02));
#17972=CARTESIAN_POINT('',(0.0930000000000001,-0.085,-0.02));
#17973=CARTESIAN_POINT('',(0.625,-0.085,-0.02));
#17974=CARTESIAN_POINT('',(0.625,-0.085,-0.02));
#17975=CARTESIAN_POINT('',(0.057,-0.085,-0.02));
#17976=CARTESIAN_POINT('',(0.0430000000000001,-0.085,-0.02));
#17977=CARTESIAN_POINT('',(0.057,-0.085,-0.02));
#17978=CARTESIAN_POINT('',(0.057,0.03,-0.02));
#17979=CARTESIAN_POINT('',(0.625,0.03,-0.02));
#17980=CARTESIAN_POINT('',(0.043,0.03,-0.02));
#17981=CARTESIAN_POINT('',(0.0430000000000001,-0.085,-0.02));
#17982=CARTESIAN_POINT('',(0.625,-0.085,-0.02));
#17983=CARTESIAN_POINT('',(0.625,-0.085,-0.02));
#17984=CARTESIAN_POINT('',(0.00699999999999995,-0.085,-0.02));
#17985=CARTESIAN_POINT('',(-0.00699999999999995,-0.085,-0.02));
#17986=CARTESIAN_POINT('',(0.00699999999999995,-0.085,-0.02));
#17987=CARTESIAN_POINT('',(0.00699999999999999,0.03,-0.02));
#17988=CARTESIAN_POINT('',(0.625,0.03,-0.02));
#17989=CARTESIAN_POINT('',(-0.00699999999999996,0.03,-0.02));
#17990=CARTESIAN_POINT('',(-0.00699999999999995,-0.085,-0.02));
#17991=CARTESIAN_POINT('',(0.625,-0.085,-0.02));
#17992=CARTESIAN_POINT('',(0.625,-0.085,-0.02));
#17993=CARTESIAN_POINT('',(-0.0430000000000001,-0.085,-0.02));
#17994=CARTESIAN_POINT('',(-0.057,-0.085,-0.02));
#17995=CARTESIAN_POINT('',(-0.0430000000000001,-0.085,-0.02));
#17996=CARTESIAN_POINT('',(-0.043,0.03,-0.02));
#17997=CARTESIAN_POINT('',(0.625,0.03,-0.02));
#17998=CARTESIAN_POINT('',(-0.057,0.03,-0.02));
#17999=CARTESIAN_POINT('',(-0.057,-0.085,-0.02));
#18000=CARTESIAN_POINT('',(0.625,-0.085,-0.02));
#18001=CARTESIAN_POINT('',(0.625,-0.085,-0.02));
#18002=CARTESIAN_POINT('',(-0.0930000000000001,-0.085,-0.02));
#18003=CARTESIAN_POINT('',(-0.107,-0.085,-0.02));
#18004=CARTESIAN_POINT('',(-0.0930000000000001,-0.085,-0.02));
#18005=CARTESIAN_POINT('',(-0.093,0.03,-0.02));
#18006=CARTESIAN_POINT('',(0.625,0.03,-0.02));
#18007=CARTESIAN_POINT('',(-0.107,0.03,-0.02));
#18008=CARTESIAN_POINT('',(-0.107,-0.085,-0.02));
#18009=CARTESIAN_POINT('',(0.625,-0.085,-0.02));
#18010=CARTESIAN_POINT('',(0.625,-0.085,-0.02));
#18011=CARTESIAN_POINT('',(-0.143,-0.085,-0.02));
#18012=CARTESIAN_POINT('',(-0.157,-0.085,-0.02));
#18013=CARTESIAN_POINT('',(-0.143,-0.085,-0.02));
#18014=CARTESIAN_POINT('',(-0.143,0.03,-0.02));
#18015=CARTESIAN_POINT('',(0.625,0.03,-0.02));
#18016=CARTESIAN_POINT('',(-0.157,0.03,-0.02));
#18017=CARTESIAN_POINT('',(-0.157,-0.085,-0.02));
#18018=CARTESIAN_POINT('',(0.625,-0.085,-0.02));
#18019=CARTESIAN_POINT('',(0.625,-0.085,-0.02));
#18020=CARTESIAN_POINT('',(-0.193,-0.085,-0.02));
#18021=CARTESIAN_POINT('',(-0.207,-0.085,-0.02));
#18022=CARTESIAN_POINT('',(-0.193,-0.085,-0.02));
#18023=CARTESIAN_POINT('',(-0.193,0.03,-0.02));
#18024=CARTESIAN_POINT('',(0.625,0.03,-0.02));
#18025=CARTESIAN_POINT('',(-0.207,0.03,-0.02));
#18026=CARTESIAN_POINT('',(-0.207,-0.085,-0.02));
#18027=CARTESIAN_POINT('',(0.625,-0.085,-0.02));
#18028=CARTESIAN_POINT('',(0.625,-0.085,-0.02));
#18029=CARTESIAN_POINT('',(-0.243,-0.085,-0.02));
#18030=CARTESIAN_POINT('',(-0.257,-0.085,-0.02));
#18031=CARTESIAN_POINT('',(-0.243,-0.085,-0.02));
#18032=CARTESIAN_POINT('',(-0.243,0.03,-0.02));
#18033=CARTESIAN_POINT('',(0.625,0.03,-0.02));
#18034=CARTESIAN_POINT('',(-0.257,0.03,-0.02));
#18035=CARTESIAN_POINT('',(-0.257,-0.085,-0.02));
#18036=CARTESIAN_POINT('',(0.625,-0.085,-0.02));
#18037=CARTESIAN_POINT('',(0.625,-0.085,-0.02));
#18038=CARTESIAN_POINT('',(-0.293,-0.085,-0.02));
#18039=CARTESIAN_POINT('',(-0.307,-0.085,-0.02));
#18040=CARTESIAN_POINT('',(-0.293,-0.085,-0.02));
#18041=CARTESIAN_POINT('',(-0.293,0.03,-0.02));
#18042=CARTESIAN_POINT('',(0.625,0.03,-0.02));
#18043=CARTESIAN_POINT('',(-0.307,0.03,-0.02));
#18044=CARTESIAN_POINT('',(-0.307,-0.085,-0.02));
#18045=CARTESIAN_POINT('',(0.625,-0.085,-0.02));
#18046=CARTESIAN_POINT('',(0.625,-0.085,-0.02));
#18047=CARTESIAN_POINT('',(-0.343,-0.085,-0.02));
#18048=CARTESIAN_POINT('',(-0.357,-0.085,-0.02));
#18049=CARTESIAN_POINT('',(-0.343,-0.085,-0.02));
#18050=CARTESIAN_POINT('',(-0.343,0.03,-0.02));
#18051=CARTESIAN_POINT('',(0.625,0.03,-0.02));
#18052=CARTESIAN_POINT('',(-0.357,0.03,-0.02));
#18053=CARTESIAN_POINT('',(-0.357,-0.085,-0.02));
#18054=CARTESIAN_POINT('',(0.625,-0.085,-0.02));
#18055=CARTESIAN_POINT('',(0.625,-0.085,-0.02));
#18056=CARTESIAN_POINT('',(-0.393,-0.085,-0.02));
#18057=CARTESIAN_POINT('',(-0.407,-0.085,-0.02));
#18058=CARTESIAN_POINT('',(-0.393,-0.085,-0.02));
#18059=CARTESIAN_POINT('',(-0.393,0.03,-0.02));
#18060=CARTESIAN_POINT('',(0.625,0.03,-0.02));
#18061=CARTESIAN_POINT('',(-0.407,0.03,-0.02));
#18062=CARTESIAN_POINT('',(-0.407,-0.085,-0.02));
#18063=CARTESIAN_POINT('',(0.625,-0.085,-0.02));
#18064=CARTESIAN_POINT('',(0.625,-0.085,-0.02));
#18065=CARTESIAN_POINT('',(-0.443,-0.085,-0.02));
#18066=CARTESIAN_POINT('',(-0.457,-0.085,-0.02));
#18067=CARTESIAN_POINT('',(-0.443,-0.085,-0.02));
#18068=CARTESIAN_POINT('',(-0.443,0.03,-0.02));
#18069=CARTESIAN_POINT('',(0.625,0.03,-0.02));
#18070=CARTESIAN_POINT('',(-0.457,0.03,-0.02));
#18071=CARTESIAN_POINT('',(-0.457,-0.085,-0.02));
#18072=CARTESIAN_POINT('',(0.625,-0.085,-0.02));
#18073=CARTESIAN_POINT('',(0.625,-0.085,-0.02));
#18074=CARTESIAN_POINT('',(-0.493,-0.085,-0.02));
#18075=CARTESIAN_POINT('',(-0.507,-0.085,-0.02));
#18076=CARTESIAN_POINT('',(-0.493,-0.085,-0.02));
#18077=CARTESIAN_POINT('',(-0.493,0.03,-0.02));
#18078=CARTESIAN_POINT('',(0.625,0.03,-0.02));
#18079=CARTESIAN_POINT('',(-0.507,0.03,-0.02));
#18080=CARTESIAN_POINT('',(-0.507,-0.085,-0.02));
#18081=CARTESIAN_POINT('',(0.625,-0.085,-0.02));
#18082=CARTESIAN_POINT('',(0.625,-0.085,-0.02));
#18083=CARTESIAN_POINT('',(-0.543,-0.085,-0.02));
#18084=CARTESIAN_POINT('',(-0.557,-0.085,-0.02));
#18085=CARTESIAN_POINT('',(-0.543,-0.085,-0.02));
#18086=CARTESIAN_POINT('',(-0.543,0.03,-0.02));
#18087=CARTESIAN_POINT('',(0.625,0.03,-0.02));
#18088=CARTESIAN_POINT('',(-0.557,0.03,-0.02));
#18089=CARTESIAN_POINT('',(-0.557,-0.085,-0.02));
#18090=CARTESIAN_POINT('',(0.625,-0.085,-0.02));
#18091=CARTESIAN_POINT('',(0.625,-0.085,-0.02));
#18092=CARTESIAN_POINT('',(-0.593,-0.085,-0.02));
#18093=CARTESIAN_POINT('',(-0.607,-0.085,-0.02));
#18094=CARTESIAN_POINT('',(-0.593,-0.085,-0.02));
#18095=CARTESIAN_POINT('',(-0.593,0.03,-0.02));
#18096=CARTESIAN_POINT('',(0.625,0.03,-0.02));
#18097=CARTESIAN_POINT('',(-0.607,0.03,-0.02));
#18098=CARTESIAN_POINT('',(-0.607,-0.085,-0.02));
#18099=CARTESIAN_POINT('',(0.625,-0.085,-0.015));
#18100=CARTESIAN_POINT('',(0.607,-0.085,-0.015));
#18101=CARTESIAN_POINT('',(0.593,-0.085,-0.015));
#18102=CARTESIAN_POINT('',(0.625,-0.085,-0.015));
#18103=CARTESIAN_POINT('',(0.557,-0.085,-0.015));
#18104=CARTESIAN_POINT('',(0.543,-0.085,-0.015));
#18105=CARTESIAN_POINT('',(0.625,-0.085,-0.015));
#18106=CARTESIAN_POINT('',(0.507,-0.085,-0.015));
#18107=CARTESIAN_POINT('',(0.493,-0.085,-0.015));
#18108=CARTESIAN_POINT('',(0.625,-0.085,-0.015));
#18109=CARTESIAN_POINT('',(0.457,-0.085,-0.015));
#18110=CARTESIAN_POINT('',(0.443,-0.085,-0.015));
#18111=CARTESIAN_POINT('',(0.625,-0.085,-0.015));
#18112=CARTESIAN_POINT('',(0.407,-0.085,-0.015));
#18113=CARTESIAN_POINT('',(0.393,-0.085,-0.015));
#18114=CARTESIAN_POINT('',(0.625,-0.085,-0.015));
#18115=CARTESIAN_POINT('',(0.357,-0.085,-0.015));
#18116=CARTESIAN_POINT('',(0.343,-0.085,-0.015));
#18117=CARTESIAN_POINT('',(0.625,-0.085,-0.015));
#18118=CARTESIAN_POINT('',(0.307,-0.085,-0.015));
#18119=CARTESIAN_POINT('',(0.293,-0.085,-0.015));
#18120=CARTESIAN_POINT('',(0.625,-0.085,-0.015));
#18121=CARTESIAN_POINT('',(0.257,-0.085,-0.015));
#18122=CARTESIAN_POINT('',(0.243,-0.085,-0.015));
#18123=CARTESIAN_POINT('',(0.625,-0.085,-0.015));
#18124=CARTESIAN_POINT('',(0.207,-0.085,-0.015));
#18125=CARTESIAN_POINT('',(0.193,-0.085,-0.015));
#18126=CARTESIAN_POINT('',(0.625,-0.085,-0.015));
#18127=CARTESIAN_POINT('',(0.157,-0.085,-0.015));
#18128=CARTESIAN_POINT('',(0.143,-0.085,-0.015));
#18129=CARTESIAN_POINT('',(0.625,-0.085,-0.015));
#18130=CARTESIAN_POINT('',(0.107,-0.085,-0.015));
#18131=CARTESIAN_POINT('',(0.0930000000000001,-0.085,-0.015));
#18132=CARTESIAN_POINT('',(0.625,-0.085,-0.015));
#18133=CARTESIAN_POINT('',(0.057,-0.085,-0.015));
#18134=CARTESIAN_POINT('',(0.0430000000000001,-0.085,-0.015));
#18135=CARTESIAN_POINT('',(0.625,-0.085,-0.015));
#18136=CARTESIAN_POINT('',(0.00699999999999995,-0.085,-0.015));
#18137=CARTESIAN_POINT('',(-0.00699999999999995,-0.085,-0.015));
#18138=CARTESIAN_POINT('',(0.625,-0.085,-0.015));
#18139=CARTESIAN_POINT('',(-0.0430000000000001,-0.085,-0.015));
#18140=CARTESIAN_POINT('',(-0.057,-0.085,-0.015));
#18141=CARTESIAN_POINT('',(0.625,-0.085,-0.015));
#18142=CARTESIAN_POINT('',(-0.0930000000000001,-0.085,-0.015));
#18143=CARTESIAN_POINT('',(-0.107,-0.085,-0.015));
#18144=CARTESIAN_POINT('',(0.625,-0.085,-0.015));
#18145=CARTESIAN_POINT('',(-0.143,-0.085,-0.015));
#18146=CARTESIAN_POINT('',(-0.157,-0.085,-0.015));
#18147=CARTESIAN_POINT('',(0.625,-0.085,-0.015));
#18148=CARTESIAN_POINT('',(-0.193,-0.085,-0.015));
#18149=CARTESIAN_POINT('',(-0.207,-0.085,-0.015));
#18150=CARTESIAN_POINT('',(0.625,-0.085,-0.015));
#18151=CARTESIAN_POINT('',(-0.243,-0.085,-0.015));
#18152=CARTESIAN_POINT('',(-0.257,-0.085,-0.015));
#18153=CARTESIAN_POINT('',(0.625,-0.085,-0.015));
#18154=CARTESIAN_POINT('',(-0.293,-0.085,-0.015));
#18155=CARTESIAN_POINT('',(-0.307,-0.085,-0.015));
#18156=CARTESIAN_POINT('',(0.625,-0.085,-0.015));
#18157=CARTESIAN_POINT('',(-0.343,-0.085,-0.015));
#18158=CARTESIAN_POINT('',(-0.357,-0.085,-0.015));
#18159=CARTESIAN_POINT('',(0.625,-0.085,-0.015));
#18160=CARTESIAN_POINT('',(-0.393,-0.085,-0.015));
#18161=CARTESIAN_POINT('',(-0.407,-0.085,-0.015));
#18162=CARTESIAN_POINT('',(0.625,-0.085,-0.015));
#18163=CARTESIAN_POINT('',(-0.443,-0.085,-0.015));
#18164=CARTESIAN_POINT('',(-0.457,-0.085,-0.015));
#18165=CARTESIAN_POINT('',(0.625,-0.085,-0.015));
#18166=CARTESIAN_POINT('',(-0.493,-0.085,-0.015));
#18167=CARTESIAN_POINT('',(-0.507,-0.085,-0.015));
#18168=CARTESIAN_POINT('',(0.625,-0.085,-0.015));
#18169=CARTESIAN_POINT('',(-0.543,-0.085,-0.015));
#18170=CARTESIAN_POINT('',(-0.557,-0.085,-0.015));
#18171=CARTESIAN_POINT('',(0.625,-0.085,-0.015));
#18172=CARTESIAN_POINT('',(-0.593,-0.085,-0.015));
#18173=CARTESIAN_POINT('',(-0.607,-0.085,-0.015));
#18174=CARTESIAN_POINT('',(0.625,0.03,-0.03));
#18175=CARTESIAN_POINT('',(0.625,0.03,-0.03));
#18176=CARTESIAN_POINT('',(0.607,0.03,-0.03));
#18177=CARTESIAN_POINT('',(0.593,0.03,-0.03));
#18178=CARTESIAN_POINT('',(0.607,0.03,-0.03));
#18179=CARTESIAN_POINT('',(0.607,-0.09,-0.03));
#18180=CARTESIAN_POINT('',(0.625,-0.09,-0.03));
#18181=CARTESIAN_POINT('',(0.593,-0.09,-0.03));
#18182=CARTESIAN_POINT('',(0.593,0.03,-0.03));
#18183=CARTESIAN_POINT('',(0.625,0.03,-0.03));
#18184=CARTESIAN_POINT('',(0.625,0.03,-0.03));
#18185=CARTESIAN_POINT('',(0.557,0.03,-0.03));
#18186=CARTESIAN_POINT('',(0.543,0.03,-0.03));
#18187=CARTESIAN_POINT('',(0.557,0.03,-0.03));
#18188=CARTESIAN_POINT('',(0.557,-0.09,-0.03));
#18189=CARTESIAN_POINT('',(0.625,-0.09,-0.03));
#18190=CARTESIAN_POINT('',(0.543,-0.09,-0.03));
#18191=CARTESIAN_POINT('',(0.543,0.03,-0.03));
#18192=CARTESIAN_POINT('',(0.625,0.03,-0.03));
#18193=CARTESIAN_POINT('',(0.625,0.03,-0.03));
#18194=CARTESIAN_POINT('',(0.507,0.03,-0.03));
#18195=CARTESIAN_POINT('',(0.493,0.03,-0.03));
#18196=CARTESIAN_POINT('',(0.507,0.03,-0.03));
#18197=CARTESIAN_POINT('',(0.507,-0.09,-0.03));
#18198=CARTESIAN_POINT('',(0.625,-0.09,-0.03));
#18199=CARTESIAN_POINT('',(0.493,-0.09,-0.03));
#18200=CARTESIAN_POINT('',(0.493,0.03,-0.03));
#18201=CARTESIAN_POINT('',(0.625,0.03,-0.03));
#18202=CARTESIAN_POINT('',(0.625,0.03,-0.03));
#18203=CARTESIAN_POINT('',(0.457,0.03,-0.03));
#18204=CARTESIAN_POINT('',(0.443,0.03,-0.03));
#18205=CARTESIAN_POINT('',(0.457,0.03,-0.03));
#18206=CARTESIAN_POINT('',(0.457,-0.09,-0.03));
#18207=CARTESIAN_POINT('',(0.625,-0.09,-0.03));
#18208=CARTESIAN_POINT('',(0.443,-0.09,-0.03));
#18209=CARTESIAN_POINT('',(0.443,0.03,-0.03));
#18210=CARTESIAN_POINT('',(0.625,0.03,-0.03));
#18211=CARTESIAN_POINT('',(0.625,0.03,-0.03));
#18212=CARTESIAN_POINT('',(0.407,0.03,-0.03));
#18213=CARTESIAN_POINT('',(0.393,0.03,-0.03));
#18214=CARTESIAN_POINT('',(0.407,0.03,-0.03));
#18215=CARTESIAN_POINT('',(0.407,-0.09,-0.03));
#18216=CARTESIAN_POINT('',(0.625,-0.09,-0.03));
#18217=CARTESIAN_POINT('',(0.393,-0.09,-0.03));
#18218=CARTESIAN_POINT('',(0.393,0.03,-0.03));
#18219=CARTESIAN_POINT('',(0.625,0.03,-0.03));
#18220=CARTESIAN_POINT('',(0.625,0.03,-0.03));
#18221=CARTESIAN_POINT('',(0.357,0.03,-0.03));
#18222=CARTESIAN_POINT('',(0.343,0.03,-0.03));
#18223=CARTESIAN_POINT('',(0.357,0.03,-0.03));
#18224=CARTESIAN_POINT('',(0.357,-0.09,-0.03));
#18225=CARTESIAN_POINT('',(0.625,-0.09,-0.03));
#18226=CARTESIAN_POINT('',(0.343,-0.09,-0.03));
#18227=CARTESIAN_POINT('',(0.343,0.03,-0.03));
#18228=CARTESIAN_POINT('',(0.625,0.03,-0.03));
#18229=CARTESIAN_POINT('',(0.625,0.03,-0.03));
#18230=CARTESIAN_POINT('',(0.307,0.03,-0.03));
#18231=CARTESIAN_POINT('',(0.293,0.03,-0.03));
#18232=CARTESIAN_POINT('',(0.307,0.03,-0.03));
#18233=CARTESIAN_POINT('',(0.307,-0.09,-0.03));
#18234=CARTESIAN_POINT('',(0.625,-0.09,-0.03));
#18235=CARTESIAN_POINT('',(0.293,-0.09,-0.03));
#18236=CARTESIAN_POINT('',(0.293,0.03,-0.03));
#18237=CARTESIAN_POINT('',(0.625,0.03,-0.03));
#18238=CARTESIAN_POINT('',(0.625,0.03,-0.03));
#18239=CARTESIAN_POINT('',(0.257,0.03,-0.03));
#18240=CARTESIAN_POINT('',(0.243,0.03,-0.03));
#18241=CARTESIAN_POINT('',(0.257,0.03,-0.03));
#18242=CARTESIAN_POINT('',(0.257,-0.09,-0.03));
#18243=CARTESIAN_POINT('',(0.625,-0.09,-0.03));
#18244=CARTESIAN_POINT('',(0.243,-0.09,-0.03));
#18245=CARTESIAN_POINT('',(0.243,0.03,-0.03));
#18246=CARTESIAN_POINT('',(0.625,0.03,-0.03));
#18247=CARTESIAN_POINT('',(0.625,0.03,-0.03));
#18248=CARTESIAN_POINT('',(0.207,0.03,-0.03));
#18249=CARTESIAN_POINT('',(0.193,0.03,-0.03));
#18250=CARTESIAN_POINT('',(0.207,0.03,-0.03));
#18251=CARTESIAN_POINT('',(0.207,-0.09,-0.03));
#18252=CARTESIAN_POINT('',(0.625,-0.09,-0.03));
#18253=CARTESIAN_POINT('',(0.193,-0.09,-0.03));
#18254=CARTESIAN_POINT('',(0.193,0.03,-0.03));
#18255=CARTESIAN_POINT('',(0.625,0.03,-0.03));
#18256=CARTESIAN_POINT('',(0.625,0.03,-0.03));
#18257=CARTESIAN_POINT('',(0.157,0.03,-0.03));
#18258=CARTESIAN_POINT('',(0.143,0.03,-0.03));
#18259=CARTESIAN_POINT('',(0.157,0.03,-0.03));
#18260=CARTESIAN_POINT('',(0.157,-0.09,-0.03));
#18261=CARTESIAN_POINT('',(0.625,-0.09,-0.03));
#18262=CARTESIAN_POINT('',(0.143,-0.09,-0.03));
#18263=CARTESIAN_POINT('',(0.143,0.03,-0.03));
#18264=CARTESIAN_POINT('',(0.625,0.03,-0.03));
#18265=CARTESIAN_POINT('',(0.625,0.03,-0.03));
#18266=CARTESIAN_POINT('',(0.107,0.03,-0.03));
#18267=CARTESIAN_POINT('',(0.093,0.03,-0.03));
#18268=CARTESIAN_POINT('',(0.107,0.03,-0.03));
#18269=CARTESIAN_POINT('',(0.107,-0.09,-0.03));
#18270=CARTESIAN_POINT('',(0.625,-0.09,-0.03));
#18271=CARTESIAN_POINT('',(0.0930000000000001,-0.09,-0.03));
#18272=CARTESIAN_POINT('',(0.0930000000000001,0.03,-0.03));
#18273=CARTESIAN_POINT('',(0.625,0.03,-0.03));
#18274=CARTESIAN_POINT('',(0.625,0.03,-0.03));
#18275=CARTESIAN_POINT('',(0.057,0.03,-0.03));
#18276=CARTESIAN_POINT('',(0.043,0.03,-0.03));
#18277=CARTESIAN_POINT('',(0.057,0.03,-0.03));
#18278=CARTESIAN_POINT('',(0.057,-0.09,-0.03));
#18279=CARTESIAN_POINT('',(0.625,-0.09,-0.03));
#18280=CARTESIAN_POINT('',(0.0430000000000001,-0.09,-0.03));
#18281=CARTESIAN_POINT('',(0.0430000000000001,0.03,-0.03));
#18282=CARTESIAN_POINT('',(0.625,0.03,-0.03));
#18283=CARTESIAN_POINT('',(0.625,0.03,-0.03));
#18284=CARTESIAN_POINT('',(0.00699999999999999,0.03,-0.03));
#18285=CARTESIAN_POINT('',(-0.00699999999999996,0.03,-0.03));
#18286=CARTESIAN_POINT('',(0.00699999999999995,0.03,-0.03));
#18287=CARTESIAN_POINT('',(0.00699999999999995,-0.09,-0.03));
#18288=CARTESIAN_POINT('',(0.625,-0.09,-0.03));
#18289=CARTESIAN_POINT('',(-0.00699999999999995,-0.09,-0.03));
#18290=CARTESIAN_POINT('',(-0.00699999999999995,0.03,-0.03));
#18291=CARTESIAN_POINT('',(0.625,0.03,-0.03));
#18292=CARTESIAN_POINT('',(0.625,0.03,-0.03));
#18293=CARTESIAN_POINT('',(-0.043,0.03,-0.03));
#18294=CARTESIAN_POINT('',(-0.057,0.03,-0.03));
#18295=CARTESIAN_POINT('',(-0.0430000000000001,0.03,-0.03));
#18296=CARTESIAN_POINT('',(-0.0430000000000001,-0.09,-0.03));
#18297=CARTESIAN_POINT('',(0.625,-0.09,-0.03));
#18298=CARTESIAN_POINT('',(-0.057,-0.09,-0.03));
#18299=CARTESIAN_POINT('',(-0.057,0.03,-0.03));
#18300=CARTESIAN_POINT('',(0.625,0.03,-0.03));
#18301=CARTESIAN_POINT('',(0.625,0.03,-0.03));
#18302=CARTESIAN_POINT('',(-0.093,0.03,-0.03));
#18303=CARTESIAN_POINT('',(-0.107,0.03,-0.03));
#18304=CARTESIAN_POINT('',(-0.0930000000000001,0.03,-0.03));
#18305=CARTESIAN_POINT('',(-0.0930000000000001,-0.09,-0.03));
#18306=CARTESIAN_POINT('',(0.625,-0.09,-0.03));
#18307=CARTESIAN_POINT('',(-0.107,-0.09,-0.03));
#18308=CARTESIAN_POINT('',(-0.107,0.03,-0.03));
#18309=CARTESIAN_POINT('',(0.625,0.03,-0.03));
#18310=CARTESIAN_POINT('',(0.625,0.03,-0.03));
#18311=CARTESIAN_POINT('',(-0.143,0.03,-0.03));
#18312=CARTESIAN_POINT('',(-0.157,0.03,-0.03));
#18313=CARTESIAN_POINT('',(-0.143,0.03,-0.03));
#18314=CARTESIAN_POINT('',(-0.143,-0.09,-0.03));
#18315=CARTESIAN_POINT('',(0.625,-0.09,-0.03));
#18316=CARTESIAN_POINT('',(-0.157,-0.09,-0.03));
#18317=CARTESIAN_POINT('',(-0.157,0.03,-0.03));
#18318=CARTESIAN_POINT('',(0.625,0.03,-0.03));
#18319=CARTESIAN_POINT('',(0.625,0.03,-0.03));
#18320=CARTESIAN_POINT('',(-0.193,0.03,-0.03));
#18321=CARTESIAN_POINT('',(-0.207,0.03,-0.03));
#18322=CARTESIAN_POINT('',(-0.193,0.03,-0.03));
#18323=CARTESIAN_POINT('',(-0.193,-0.09,-0.03));
#18324=CARTESIAN_POINT('',(0.625,-0.09,-0.03));
#18325=CARTESIAN_POINT('',(-0.207,-0.09,-0.03));
#18326=CARTESIAN_POINT('',(-0.207,0.03,-0.03));
#18327=CARTESIAN_POINT('',(0.625,0.03,-0.03));
#18328=CARTESIAN_POINT('',(0.625,0.03,-0.03));
#18329=CARTESIAN_POINT('',(-0.243,0.03,-0.03));
#18330=CARTESIAN_POINT('',(-0.257,0.03,-0.03));
#18331=CARTESIAN_POINT('',(-0.243,0.03,-0.03));
#18332=CARTESIAN_POINT('',(-0.243,-0.09,-0.03));
#18333=CARTESIAN_POINT('',(0.625,-0.09,-0.03));
#18334=CARTESIAN_POINT('',(-0.257,-0.09,-0.03));
#18335=CARTESIAN_POINT('',(-0.257,0.03,-0.03));
#18336=CARTESIAN_POINT('',(0.625,0.03,-0.03));
#18337=CARTESIAN_POINT('',(0.625,0.03,-0.03));
#18338=CARTESIAN_POINT('',(-0.293,0.03,-0.03));
#18339=CARTESIAN_POINT('',(-0.307,0.03,-0.03));
#18340=CARTESIAN_POINT('',(-0.293,0.03,-0.03));
#18341=CARTESIAN_POINT('',(-0.293,-0.09,-0.03));
#18342=CARTESIAN_POINT('',(0.625,-0.09,-0.03));
#18343=CARTESIAN_POINT('',(-0.307,-0.09,-0.03));
#18344=CARTESIAN_POINT('',(-0.307,0.03,-0.03));
#18345=CARTESIAN_POINT('',(0.625,0.03,-0.03));
#18346=CARTESIAN_POINT('',(0.625,0.03,-0.03));
#18347=CARTESIAN_POINT('',(-0.343,0.03,-0.03));
#18348=CARTESIAN_POINT('',(-0.357,0.03,-0.03));
#18349=CARTESIAN_POINT('',(-0.343,0.03,-0.03));
#18350=CARTESIAN_POINT('',(-0.343,-0.09,-0.03));
#18351=CARTESIAN_POINT('',(0.625,-0.09,-0.03));
#18352=CARTESIAN_POINT('',(-0.357,-0.09,-0.03));
#18353=CARTESIAN_POINT('',(-0.357,0.03,-0.03));
#18354=CARTESIAN_POINT('',(0.625,0.03,-0.03));
#18355=CARTESIAN_POINT('',(0.625,0.03,-0.03));
#18356=CARTESIAN_POINT('',(-0.393,0.03,-0.03));
#18357=CARTESIAN_POINT('',(-0.407,0.03,-0.03));
#18358=CARTESIAN_POINT('',(-0.393,0.03,-0.03));
#18359=CARTESIAN_POINT('',(-0.393,-0.09,-0.03));
#18360=CARTESIAN_POINT('',(0.625,-0.09,-0.03));
#18361=CARTESIAN_POINT('',(-0.407,-0.09,-0.03));
#18362=CARTESIAN_POINT('',(-0.407,0.03,-0.03));
#18363=CARTESIAN_POINT('',(0.625,0.03,-0.03));
#18364=CARTESIAN_POINT('',(0.625,0.03,-0.03));
#18365=CARTESIAN_POINT('',(-0.443,0.03,-0.03));
#18366=CARTESIAN_POINT('',(-0.457,0.03,-0.03));
#18367=CARTESIAN_POINT('',(-0.443,0.03,-0.03));
#18368=CARTESIAN_POINT('',(-0.443,-0.09,-0.03));
#18369=CARTESIAN_POINT('',(0.625,-0.09,-0.03));
#18370=CARTESIAN_POINT('',(-0.457,-0.09,-0.03));
#18371=CARTESIAN_POINT('',(-0.457,0.03,-0.03));
#18372=CARTESIAN_POINT('',(0.625,0.03,-0.03));
#18373=CARTESIAN_POINT('',(0.625,0.03,-0.03));
#18374=CARTESIAN_POINT('',(-0.493,0.03,-0.03));
#18375=CARTESIAN_POINT('',(-0.507,0.03,-0.03));
#18376=CARTESIAN_POINT('',(-0.493,0.03,-0.03));
#18377=CARTESIAN_POINT('',(-0.493,-0.09,-0.03));
#18378=CARTESIAN_POINT('',(0.625,-0.09,-0.03));
#18379=CARTESIAN_POINT('',(-0.507,-0.09,-0.03));
#18380=CARTESIAN_POINT('',(-0.507,0.03,-0.03));
#18381=CARTESIAN_POINT('',(0.625,0.03,-0.03));
#18382=CARTESIAN_POINT('',(0.625,0.03,-0.03));
#18383=CARTESIAN_POINT('',(-0.543,0.03,-0.03));
#18384=CARTESIAN_POINT('',(-0.557,0.03,-0.03));
#18385=CARTESIAN_POINT('',(-0.543,0.03,-0.03));
#18386=CARTESIAN_POINT('',(-0.543,-0.09,-0.03));
#18387=CARTESIAN_POINT('',(0.625,-0.09,-0.03));
#18388=CARTESIAN_POINT('',(-0.557,-0.09,-0.03));
#18389=CARTESIAN_POINT('',(-0.557,0.03,-0.03));
#18390=CARTESIAN_POINT('',(0.625,0.03,-0.03));
#18391=CARTESIAN_POINT('',(0.625,0.03,-0.03));
#18392=CARTESIAN_POINT('',(-0.593,0.03,-0.03));
#18393=CARTESIAN_POINT('',(-0.607,0.03,-0.03));
#18394=CARTESIAN_POINT('',(-0.593,0.03,-0.03));
#18395=CARTESIAN_POINT('',(-0.593,-0.09,-0.03));
#18396=CARTESIAN_POINT('',(0.625,-0.09,-0.03));
#18397=CARTESIAN_POINT('',(-0.607,-0.09,-0.03));
#18398=CARTESIAN_POINT('',(-0.607,0.03,-0.03));
#18399=CARTESIAN_POINT('',(0.625,-0.09,-0.02));
#18400=CARTESIAN_POINT('',(0.607,-0.09,-0.02));
#18401=CARTESIAN_POINT('',(0.593,-0.09,-0.02));
#18402=CARTESIAN_POINT('',(0.625,-0.09,-0.02));
#18403=CARTESIAN_POINT('',(0.557,-0.09,-0.02));
#18404=CARTESIAN_POINT('',(0.543,-0.09,-0.02));
#18405=CARTESIAN_POINT('',(0.625,-0.09,-0.02));
#18406=CARTESIAN_POINT('',(0.507,-0.09,-0.02));
#18407=CARTESIAN_POINT('',(0.493,-0.09,-0.02));
#18408=CARTESIAN_POINT('',(0.625,-0.09,-0.02));
#18409=CARTESIAN_POINT('',(0.457,-0.09,-0.02));
#18410=CARTESIAN_POINT('',(0.443,-0.09,-0.02));
#18411=CARTESIAN_POINT('',(0.625,-0.09,-0.02));
#18412=CARTESIAN_POINT('',(0.407,-0.09,-0.02));
#18413=CARTESIAN_POINT('',(0.393,-0.09,-0.02));
#18414=CARTESIAN_POINT('',(0.625,-0.09,-0.02));
#18415=CARTESIAN_POINT('',(0.357,-0.09,-0.02));
#18416=CARTESIAN_POINT('',(0.343,-0.09,-0.02));
#18417=CARTESIAN_POINT('',(0.625,-0.09,-0.02));
#18418=CARTESIAN_POINT('',(0.307,-0.09,-0.02));
#18419=CARTESIAN_POINT('',(0.293,-0.09,-0.02));
#18420=CARTESIAN_POINT('',(0.625,-0.09,-0.02));
#18421=CARTESIAN_POINT('',(0.257,-0.09,-0.02));
#18422=CARTESIAN_POINT('',(0.243,-0.09,-0.02));
#18423=CARTESIAN_POINT('',(0.625,-0.09,-0.02));
#18424=CARTESIAN_POINT('',(0.207,-0.09,-0.02));
#18425=CARTESIAN_POINT('',(0.193,-0.09,-0.02));
#18426=CARTESIAN_POINT('',(0.625,-0.09,-0.02));
#18427=CARTESIAN_POINT('',(0.157,-0.09,-0.02));
#18428=CARTESIAN_POINT('',(0.143,-0.09,-0.02));
#18429=CARTESIAN_POINT('',(0.625,-0.09,-0.02));
#18430=CARTESIAN_POINT('',(0.107,-0.09,-0.02));
#18431=CARTESIAN_POINT('',(0.0930000000000001,-0.09,-0.02));
#18432=CARTESIAN_POINT('',(0.625,-0.09,-0.02));
#18433=CARTESIAN_POINT('',(0.057,-0.09,-0.02));
#18434=CARTESIAN_POINT('',(0.0430000000000001,-0.09,-0.02));
#18435=CARTESIAN_POINT('',(0.625,-0.09,-0.02));
#18436=CARTESIAN_POINT('',(0.00699999999999995,-0.09,-0.02));
#18437=CARTESIAN_POINT('',(-0.00699999999999995,-0.09,-0.02));
#18438=CARTESIAN_POINT('',(0.625,-0.09,-0.02));
#18439=CARTESIAN_POINT('',(-0.0430000000000001,-0.09,-0.02));
#18440=CARTESIAN_POINT('',(-0.057,-0.09,-0.02));
#18441=CARTESIAN_POINT('',(0.625,-0.09,-0.02));
#18442=CARTESIAN_POINT('',(-0.0930000000000001,-0.09,-0.02));
#18443=CARTESIAN_POINT('',(-0.107,-0.09,-0.02));
#18444=CARTESIAN_POINT('',(0.625,-0.09,-0.02));
#18445=CARTESIAN_POINT('',(-0.143,-0.09,-0.02));
#18446=CARTESIAN_POINT('',(-0.157,-0.09,-0.02));
#18447=CARTESIAN_POINT('',(0.625,-0.09,-0.02));
#18448=CARTESIAN_POINT('',(-0.193,-0.09,-0.02));
#18449=CARTESIAN_POINT('',(-0.207,-0.09,-0.02));
#18450=CARTESIAN_POINT('',(0.625,-0.09,-0.02));
#18451=CARTESIAN_POINT('',(-0.243,-0.09,-0.02));
#18452=CARTESIAN_POINT('',(-0.257,-0.09,-0.02));
#18453=CARTESIAN_POINT('',(0.625,-0.09,-0.02));
#18454=CARTESIAN_POINT('',(-0.293,-0.09,-0.02));
#18455=CARTESIAN_POINT('',(-0.307,-0.09,-0.02));
#18456=CARTESIAN_POINT('',(0.625,-0.09,-0.02));
#18457=CARTESIAN_POINT('',(-0.343,-0.09,-0.02));
#18458=CARTESIAN_POINT('',(-0.357,-0.09,-0.02));
#18459=CARTESIAN_POINT('',(0.625,-0.09,-0.02));
#18460=CARTESIAN_POINT('',(-0.393,-0.09,-0.02));
#18461=CARTESIAN_POINT('',(-0.407,-0.09,-0.02));
#18462=CARTESIAN_POINT('',(0.625,-0.09,-0.02));
#18463=CARTESIAN_POINT('',(-0.443,-0.09,-0.02));
#18464=CARTESIAN_POINT('',(-0.457,-0.09,-0.02));
#18465=CARTESIAN_POINT('',(0.625,-0.09,-0.02));
#18466=CARTESIAN_POINT('',(-0.493,-0.09,-0.02));
#18467=CARTESIAN_POINT('',(-0.507,-0.09,-0.02));
#18468=CARTESIAN_POINT('',(0.625,-0.09,-0.02));
#18469=CARTESIAN_POINT('',(-0.543,-0.09,-0.02));
#18470=CARTESIAN_POINT('',(-0.557,-0.09,-0.02));
#18471=CARTESIAN_POINT('',(0.625,-0.09,-0.02));
#18472=CARTESIAN_POINT('',(-0.593,-0.09,-0.02));
#18473=CARTESIAN_POINT('',(-0.607,-0.09,-0.02));
#18474=CARTESIAN_POINT('',(0.625,0.03,-0.05));
#18475=CARTESIAN_POINT('',(0.607,0.03,0.2205));
#18476=CARTESIAN_POINT('',(0.593,0.03,0.2205));
#18477=CARTESIAN_POINT('',(0.557,0.03,0.2205));
#18478=CARTESIAN_POINT('',(0.543,0.03,0.2205));
#18479=CARTESIAN_POINT('',(0.507,0.03,0.2205));
#18480=CARTESIAN_POINT('',(0.493,0.03,0.2205));
#18481=CARTESIAN_POINT('',(0.457,0.03,0.2205));
#18482=CARTESIAN_POINT('',(0.443,0.03,0.2205));
#18483=CARTESIAN_POINT('',(0.407,0.03,0.2205));
#18484=CARTESIAN_POINT('',(0.393,0.03,0.2205));
#18485=CARTESIAN_POINT('',(0.357,0.03,0.2205));
#18486=CARTESIAN_POINT('',(0.343,0.03,0.2205));
#18487=CARTESIAN_POINT('',(0.307,0.03,0.2205));
#18488=CARTESIAN_POINT('',(0.293,0.03,0.2205));
#18489=CARTESIAN_POINT('',(0.257,0.03,0.2205));
#18490=CARTESIAN_POINT('',(0.243,0.03,0.2205));
#18491=CARTESIAN_POINT('',(0.207,0.03,0.2205));
#18492=CARTESIAN_POINT('',(0.193,0.03,0.2205));
#18493=CARTESIAN_POINT('',(0.157,0.03,0.2205));
#18494=CARTESIAN_POINT('',(0.143,0.03,0.2205));
#18495=CARTESIAN_POINT('',(0.107,0.03,0.2205));
#18496=CARTESIAN_POINT('',(0.093,0.03,0.2205));
#18497=CARTESIAN_POINT('',(0.057,0.03,0.2205));
#18498=CARTESIAN_POINT('',(0.043,0.03,0.2205));
#18499=CARTESIAN_POINT('',(0.00699999999999999,0.03,0.2205));
#18500=CARTESIAN_POINT('',(-0.00699999999999996,0.03,0.2205));
#18501=CARTESIAN_POINT('',(-0.043,0.03,0.2205));
#18502=CARTESIAN_POINT('',(-0.057,0.03,0.2205));
#18503=CARTESIAN_POINT('',(-0.093,0.03,0.2205));
#18504=CARTESIAN_POINT('',(-0.107,0.03,0.2205));
#18505=CARTESIAN_POINT('',(-0.143,0.03,0.2205));
#18506=CARTESIAN_POINT('',(-0.157,0.03,0.2205));
#18507=CARTESIAN_POINT('',(-0.193,0.03,0.2205));
#18508=CARTESIAN_POINT('',(-0.207,0.03,0.2205));
#18509=CARTESIAN_POINT('',(-0.243,0.03,0.2205));
#18510=CARTESIAN_POINT('',(-0.257,0.03,0.2205));
#18511=CARTESIAN_POINT('',(-0.293,0.03,0.2205));
#18512=CARTESIAN_POINT('',(-0.307,0.03,0.2205));
#18513=CARTESIAN_POINT('',(-0.343,0.03,0.2205));
#18514=CARTESIAN_POINT('',(-0.357,0.03,0.2205));
#18515=CARTESIAN_POINT('',(-0.393,0.03,0.2205));
#18516=CARTESIAN_POINT('',(-0.407,0.03,0.2205));
#18517=CARTESIAN_POINT('',(-0.443,0.03,0.2205));
#18518=CARTESIAN_POINT('',(-0.457,0.03,0.2205));
#18519=CARTESIAN_POINT('',(-0.493,0.03,0.2205));
#18520=CARTESIAN_POINT('',(-0.507,0.03,0.2205));
#18521=CARTESIAN_POINT('',(-0.543,0.03,0.2205));
#18522=CARTESIAN_POINT('',(-0.557,0.03,0.2205));
#18523=CARTESIAN_POINT('',(-0.593,0.03,0.2205));
#18524=CARTESIAN_POINT('',(-0.607,0.03,0.2205));
#18525=CARTESIAN_POINT('',(0.607,0.03,0.2205));
#18526=CARTESIAN_POINT('',(0.593,0.03,0.2205));
#18527=CARTESIAN_POINT('',(0.557,0.03,0.2205));
#18528=CARTESIAN_POINT('',(0.543,0.03,0.2205));
#18529=CARTESIAN_POINT('',(0.507,0.03,0.2205));
#18530=CARTESIAN_POINT('',(0.493,0.03,0.2205));
#18531=CARTESIAN_POINT('',(0.457,0.03,0.2205));
#18532=CARTESIAN_POINT('',(0.443,0.03,0.2205));
#18533=CARTESIAN_POINT('',(0.407,0.03,0.2205));
#18534=CARTESIAN_POINT('',(0.393,0.03,0.2205));
#18535=CARTESIAN_POINT('',(0.357,0.03,0.2205));
#18536=CARTESIAN_POINT('',(0.343,0.03,0.2205));
#18537=CARTESIAN_POINT('',(0.307,0.03,0.2205));
#18538=CARTESIAN_POINT('',(0.293,0.03,0.2205));
#18539=CARTESIAN_POINT('',(0.257,0.03,0.2205));
#18540=CARTESIAN_POINT('',(0.243,0.03,0.2205));
#18541=CARTESIAN_POINT('',(0.207,0.03,0.2205));
#18542=CARTESIAN_POINT('',(0.193,0.03,0.2205));
#18543=CARTESIAN_POINT('',(0.157,0.03,0.2205));
#18544=CARTESIAN_POINT('',(0.143,0.03,0.2205));
#18545=CARTESIAN_POINT('',(0.107,0.03,0.2205));
#18546=CARTESIAN_POINT('',(0.093,0.03,0.2205));
#18547=CARTESIAN_POINT('',(0.057,0.03,0.2205));
#18548=CARTESIAN_POINT('',(0.043,0.03,0.2205));
#18549=CARTESIAN_POINT('',(0.00699999999999999,0.03,0.2205));
#18550=CARTESIAN_POINT('',(-0.00699999999999996,0.03,0.2205));
#18551=CARTESIAN_POINT('',(-0.043,0.03,0.2205));
#18552=CARTESIAN_POINT('',(-0.057,0.03,0.2205));
#18553=CARTESIAN_POINT('',(-0.093,0.03,0.2205));
#18554=CARTESIAN_POINT('',(-0.107,0.03,0.2205));
#18555=CARTESIAN_POINT('',(-0.143,0.03,0.2205));
#18556=CARTESIAN_POINT('',(-0.157,0.03,0.2205));
#18557=CARTESIAN_POINT('',(-0.193,0.03,0.2205));
#18558=CARTESIAN_POINT('',(-0.207,0.03,0.2205));
#18559=CARTESIAN_POINT('',(-0.243,0.03,0.2205));
#18560=CARTESIAN_POINT('',(-0.257,0.03,0.2205));
#18561=CARTESIAN_POINT('',(-0.293,0.03,0.2205));
#18562=CARTESIAN_POINT('',(-0.307,0.03,0.2205));
#18563=CARTESIAN_POINT('',(-0.343,0.03,0.2205));
#18564=CARTESIAN_POINT('',(-0.357,0.03,0.2205));
#18565=CARTESIAN_POINT('',(-0.393,0.03,0.2205));
#18566=CARTESIAN_POINT('',(-0.407,0.03,0.2205));
#18567=CARTESIAN_POINT('',(-0.443,0.03,0.2205));
#18568=CARTESIAN_POINT('',(-0.457,0.03,0.2205));
#18569=CARTESIAN_POINT('',(-0.493,0.03,0.2205));
#18570=CARTESIAN_POINT('',(-0.507,0.03,0.2205));
#18571=CARTESIAN_POINT('',(-0.543,0.03,0.2205));
#18572=CARTESIAN_POINT('',(-0.557,0.03,0.2205));
#18573=CARTESIAN_POINT('',(-0.593,0.03,0.2205));
#18574=CARTESIAN_POINT('',(-0.607,0.03,0.2205));
#18575=CARTESIAN_POINT('',(-0.607,-0.1,0.2205));
#18576=CARTESIAN_POINT('',(-0.557,-0.1,0.2205));
#18577=CARTESIAN_POINT('',(-0.593,0.03,0.2205));
#18578=CARTESIAN_POINT('',(-0.507,-0.1,0.2205));
#18579=CARTESIAN_POINT('',(-0.543,0.03,0.2205));
#18580=CARTESIAN_POINT('',(-0.457,-0.1,0.2205));
#18581=CARTESIAN_POINT('',(-0.493,0.03,0.2205));
#18582=CARTESIAN_POINT('',(-0.407,-0.1,0.2205));
#18583=CARTESIAN_POINT('',(-0.443,0.03,0.2205));
#18584=CARTESIAN_POINT('',(-0.357,-0.1,0.2205));
#18585=CARTESIAN_POINT('',(-0.393,0.03,0.2205));
#18586=CARTESIAN_POINT('',(-0.307,-0.1,0.2205));
#18587=CARTESIAN_POINT('',(-0.343,0.03,0.2205));
#18588=CARTESIAN_POINT('',(-0.257,-0.1,0.2205));
#18589=CARTESIAN_POINT('',(-0.293,0.03,0.2205));
#18590=CARTESIAN_POINT('',(-0.207,-0.1,0.2205));
#18591=CARTESIAN_POINT('',(-0.243,0.03,0.2205));
#18592=CARTESIAN_POINT('',(-0.157,-0.1,0.2205));
#18593=CARTESIAN_POINT('',(-0.193,0.03,0.2205));
#18594=CARTESIAN_POINT('',(-0.107,-0.1,0.2205));
#18595=CARTESIAN_POINT('',(-0.143,0.03,0.2205));
#18596=CARTESIAN_POINT('',(-0.057,-0.1,0.2205));
#18597=CARTESIAN_POINT('',(-0.093,0.03,0.2205));
#18598=CARTESIAN_POINT('',(-0.00699999999999996,-0.1,0.2205));
#18599=CARTESIAN_POINT('',(-0.043,0.03,0.2205));
#18600=CARTESIAN_POINT('',(0.043,-0.1,0.2205));
#18601=CARTESIAN_POINT('',(0.00699999999999999,0.03,0.2205));
#18602=CARTESIAN_POINT('',(0.093,-0.1,0.2205));
#18603=CARTESIAN_POINT('',(0.057,0.03,0.2205));
#18604=CARTESIAN_POINT('',(0.143,-0.1,0.2205));
#18605=CARTESIAN_POINT('',(0.107,0.03,0.2205));
#18606=CARTESIAN_POINT('',(0.193,-0.1,0.2205));
#18607=CARTESIAN_POINT('',(0.157,0.03,0.2205));
#18608=CARTESIAN_POINT('',(0.243,-0.1,0.2205));
#18609=CARTESIAN_POINT('',(0.207,0.03,0.2205));
#18610=CARTESIAN_POINT('',(0.293,-0.1,0.2205));
#18611=CARTESIAN_POINT('',(0.257,0.03,0.2205));
#18612=CARTESIAN_POINT('',(0.343,-0.1,0.2205));
#18613=CARTESIAN_POINT('',(0.307,0.03,0.2205));
#18614=CARTESIAN_POINT('',(0.393,-0.1,0.2205));
#18615=CARTESIAN_POINT('',(0.357,0.03,0.2205));
#18616=CARTESIAN_POINT('',(0.443,-0.1,0.2205));
#18617=CARTESIAN_POINT('',(0.407,0.03,0.2205));
#18618=CARTESIAN_POINT('',(0.493,-0.1,0.2205));
#18619=CARTESIAN_POINT('',(0.457,0.03,0.2205));
#18620=CARTESIAN_POINT('',(0.543,-0.1,0.2205));
#18621=CARTESIAN_POINT('',(0.507,0.03,0.2205));
#18622=CARTESIAN_POINT('',(0.593,-0.1,0.2205));
#18623=CARTESIAN_POINT('',(0.557,0.03,0.2205));
#18624=CARTESIAN_POINT('',(0.607,0.03,0.2205));
#18625=CARTESIAN_POINT('',(-0.607,-0.1,0.2205));
#18626=CARTESIAN_POINT('',(-0.593,0.03,0.2205));
#18627=CARTESIAN_POINT('',(-0.557,-0.1,0.2205));
#18628=CARTESIAN_POINT('',(-0.543,0.03,0.2205));
#18629=CARTESIAN_POINT('',(-0.507,-0.1,0.2205));
#18630=CARTESIAN_POINT('',(-0.493,0.03,0.2205));
#18631=CARTESIAN_POINT('',(-0.457,-0.1,0.2205));
#18632=CARTESIAN_POINT('',(-0.443,0.03,0.2205));
#18633=CARTESIAN_POINT('',(-0.407,-0.1,0.2205));
#18634=CARTESIAN_POINT('',(-0.393,0.03,0.2205));
#18635=CARTESIAN_POINT('',(-0.357,-0.1,0.2205));
#18636=CARTESIAN_POINT('',(-0.343,0.03,0.2205));
#18637=CARTESIAN_POINT('',(-0.307,-0.1,0.2205));
#18638=CARTESIAN_POINT('',(-0.293,0.03,0.2205));
#18639=CARTESIAN_POINT('',(-0.257,-0.1,0.2205));
#18640=CARTESIAN_POINT('',(-0.243,0.03,0.2205));
#18641=CARTESIAN_POINT('',(-0.207,-0.1,0.2205));
#18642=CARTESIAN_POINT('',(-0.193,0.03,0.2205));
#18643=CARTESIAN_POINT('',(-0.157,-0.1,0.2205));
#18644=CARTESIAN_POINT('',(-0.143,0.03,0.2205));
#18645=CARTESIAN_POINT('',(-0.107,-0.1,0.2205));
#18646=CARTESIAN_POINT('',(-0.093,0.03,0.2205));
#18647=CARTESIAN_POINT('',(-0.057,-0.1,0.2205));
#18648=CARTESIAN_POINT('',(-0.043,0.03,0.2205));
#18649=CARTESIAN_POINT('',(-0.00699999999999996,-0.1,0.2205));
#18650=CARTESIAN_POINT('',(0.00699999999999999,0.03,0.2205));
#18651=CARTESIAN_POINT('',(0.043,-0.1,0.2205));
#18652=CARTESIAN_POINT('',(0.057,0.03,0.2205));
#18653=CARTESIAN_POINT('',(0.093,-0.1,0.2205));
#18654=CARTESIAN_POINT('',(0.107,0.03,0.2205));
#18655=CARTESIAN_POINT('',(0.143,-0.1,0.2205));
#18656=CARTESIAN_POINT('',(0.157,0.03,0.2205));
#18657=CARTESIAN_POINT('',(0.193,-0.1,0.2205));
#18658=CARTESIAN_POINT('',(0.207,0.03,0.2205));
#18659=CARTESIAN_POINT('',(0.243,-0.1,0.2205));
#18660=CARTESIAN_POINT('',(0.257,0.03,0.2205));
#18661=CARTESIAN_POINT('',(0.293,-0.1,0.2205));
#18662=CARTESIAN_POINT('',(0.307,0.03,0.2205));
#18663=CARTESIAN_POINT('',(0.343,-0.1,0.2205));
#18664=CARTESIAN_POINT('',(0.357,0.03,0.2205));
#18665=CARTESIAN_POINT('',(0.393,-0.1,0.2205));
#18666=CARTESIAN_POINT('',(0.407,0.03,0.2205));
#18667=CARTESIAN_POINT('',(0.443,-0.1,0.2205));
#18668=CARTESIAN_POINT('',(0.457,0.03,0.2205));
#18669=CARTESIAN_POINT('',(0.493,-0.1,0.2205));
#18670=CARTESIAN_POINT('',(0.507,0.03,0.2205));
#18671=CARTESIAN_POINT('',(0.543,-0.1,0.2205));
#18672=CARTESIAN_POINT('',(0.557,0.03,0.2205));
#18673=CARTESIAN_POINT('',(0.593,-0.1,0.2205));
#18674=CARTESIAN_POINT('',(0.607,0.03,0.2205));
#18675=CARTESIAN_POINT('',(50.,0.0324999999999989,20.));
#18676=CARTESIAN_POINT('',(0.,0.,0.));
#18677=MECHANICAL_DESIGN_GEOMETRIC_PRESENTATION_REPRESENTATION('',(#11335,
#11336,#11337),#18678);
#18678=(
GEOMETRIC_REPRESENTATION_CONTEXT(3)
GLOBAL_UNCERTAINTY_ASSIGNED_CONTEXT((#18682))
GLOBAL_UNIT_ASSIGNED_CONTEXT((#18688,#18687,#18686))
REPRESENTATION_CONTEXT('TFM-125-01-L-D-RE1-WT',
'TOP_LEVEL_ASSEMBLY_PART')
);
#18679=(
GEOMETRIC_REPRESENTATION_CONTEXT(3)
GLOBAL_UNCERTAINTY_ASSIGNED_CONTEXT((#18683))
GLOBAL_UNIT_ASSIGNED_CONTEXT((#18688,#18687,#18686))
REPRESENTATION_CONTEXT('TFM-125-01-L-D-RE1-WT_terminal',
'COMPONENT_PART')
);
#18680=(
GEOMETRIC_REPRESENTATION_CONTEXT(3)
GLOBAL_UNCERTAINTY_ASSIGNED_CONTEXT((#18684))
GLOBAL_UNIT_ASSIGNED_CONTEXT((#18688,#18687,#18686))
REPRESENTATION_CONTEXT('TFM-125-01-L-D-RE1-L_pins','COMPONENT_PART')
);
#18681=(
GEOMETRIC_REPRESENTATION_CONTEXT(3)
GLOBAL_UNCERTAINTY_ASSIGNED_CONTEXT((#18685))
GLOBAL_UNIT_ASSIGNED_CONTEXT((#18688,#18687,#18686))
REPRESENTATION_CONTEXT('TFM-125-01-L-D-RE1-L-2_pins','COMPONENT_PART')
);
#18682=UNCERTAINTY_MEASURE_WITH_UNIT(LENGTH_MEASURE(3.93700787401575E-7),
#18688,'DISTANCE_ACCURACY_VALUE','Maximum Tolerance applied to model');
#18683=UNCERTAINTY_MEASURE_WITH_UNIT(LENGTH_MEASURE(3.93700787401575E-7),
#18688,'DISTANCE_ACCURACY_VALUE','Maximum Tolerance applied to model');
#18684=UNCERTAINTY_MEASURE_WITH_UNIT(LENGTH_MEASURE(3.93700787401575E-7),
#18688,'DISTANCE_ACCURACY_VALUE','Maximum Tolerance applied to model');
#18685=UNCERTAINTY_MEASURE_WITH_UNIT(LENGTH_MEASURE(3.93700787401575E-7),
#18688,'DISTANCE_ACCURACY_VALUE','Maximum Tolerance applied to model');
#18686=(
NAMED_UNIT(*)
SI_UNIT($,.STERADIAN.)
SOLID_ANGLE_UNIT()
);
#18687=(
NAMED_UNIT(*)
PLANE_ANGLE_UNIT()
SI_UNIT($,.RADIAN.)
);
#18688=(
CONVERSION_BASED_UNIT('INCH',#18690)
LENGTH_UNIT()
NAMED_UNIT(#18689)
);
#18689=DIMENSIONAL_EXPONENTS(1.,0.,0.,0.,0.,0.,0.);
#18690=LENGTH_MEASURE_WITH_UNIT(LENGTH_MEASURE(25.4),#18691);
#18691=(
LENGTH_UNIT()
NAMED_UNIT(*)
SI_UNIT(.MILLI.,.METRE.)
);
#18692=PRODUCT_DEFINITION_SHAPE('','',#18699);
#18693=PRODUCT_DEFINITION_SHAPE('','',#18700);
#18694=PRODUCT_DEFINITION_SHAPE(' ','NAUO PRDDFN',#463);
#18695=PRODUCT_DEFINITION_SHAPE('','',#18701);
#18696=PRODUCT_DEFINITION_SHAPE(' ','NAUO PRDDFN',#464);
#18697=PRODUCT_DEFINITION_SHAPE('','',#18702);
#18698=PRODUCT_DEFINITION_SHAPE(' ','NAUO PRDDFN',#465);
#18699=PRODUCT_DEFINITION('','',#18707,#18703);
#18700=PRODUCT_DEFINITION('','',#18708,#18704);
#18701=PRODUCT_DEFINITION('','',#18709,#18705);
#18702=PRODUCT_DEFINITION('','',#18710,#18706);
#18703=PRODUCT_DEFINITION_CONTEXT('',#18728,'design');
#18704=PRODUCT_DEFINITION_CONTEXT('',#18728,'design');
#18705=PRODUCT_DEFINITION_CONTEXT('',#18728,'design');
#18706=PRODUCT_DEFINITION_CONTEXT('',#18728,'design');
#18707=PRODUCT_DEFINITION_FORMATION_WITH_SPECIFIED_SOURCE('','',#18715,
 .NOT_KNOWN.);
#18708=PRODUCT_DEFINITION_FORMATION_WITH_SPECIFIED_SOURCE('','',#18716,
 .NOT_KNOWN.);
#18709=PRODUCT_DEFINITION_FORMATION_WITH_SPECIFIED_SOURCE('','',#18717,
 .NOT_KNOWN.);
#18710=PRODUCT_DEFINITION_FORMATION_WITH_SPECIFIED_SOURCE('','',#18718,
 .NOT_KNOWN.);
#18711=PRODUCT_RELATED_PRODUCT_CATEGORY('','',(#18715));
#18712=PRODUCT_RELATED_PRODUCT_CATEGORY('','',(#18716));
#18713=PRODUCT_RELATED_PRODUCT_CATEGORY('','',(#18717));
#18714=PRODUCT_RELATED_PRODUCT_CATEGORY('','',(#18718));
#18715=PRODUCT('TFM-125-01-L-D-RE1-WT','TFM-125-01-L-D-RE1-WT',
'TFM-125-01-L-D-RE1-WT',(#18723));
#18716=PRODUCT('TFM-125-01-L-D-RE1-WT_terminal',
'TFM-125-01-L-D-RE1-WT_terminal','TFM-125-01-L-D-RE1-WT_terminal',(#18724));
#18717=PRODUCT('TFM-125-01-L-D-RE1-L_pins','TFM-125-01-L-D-RE1-L_pins',
'TFM-125-01-L-D-RE1-L_pins',(#18725));
#18718=PRODUCT('TFM-125-01-L-D-RE1-L-2_pins',
'TFM-125-01-L-D-RE1-L-2_pins','TFM-125-01-L-D-RE1-L-2_pins',(#18726));
#18719=PRODUCT_CATEGORY('','');
#18720=PRODUCT_CATEGORY('','');
#18721=PRODUCT_CATEGORY('','');
#18722=PRODUCT_CATEGORY('','');
#18723=PRODUCT_CONTEXT('',#18728,'mechanical');
#18724=PRODUCT_CONTEXT('',#18728,'mechanical');
#18725=PRODUCT_CONTEXT('',#18728,'mechanical');
#18726=PRODUCT_CONTEXT('',#18728,'mechanical');
#18727=APPLICATION_PROTOCOL_DEFINITION('international standard',
'ap242_managed_model_based_3d_engineering',2011,#18728);
#18728=APPLICATION_CONTEXT('managed model based 3d engineering');
ENDSEC;
END-ISO-10303-21;
